/*******************************************************************************
 * Size: 28 px
 * Bpp: 2
 * Opts: --font E:\DESK\wps\dashcamv2.1\assets\fonts\pingfang_SC\pingfang_SC.ttf -r 0x20-0x7F --symbols  /0123456789ahkm --size 28 -o E:\DESK\wps\dashcamv2.1\beken_generated\fonts\lv_font_pingfang_SC_28.c --format lvgl --bpp 2 --no-compress --lv-include lvgl.h --font E:\DESK\tools\lvgl_ui_designer_2.0.1\resources\assets\fonts\FontAwesome5.woff -r 61441, 61448, 61451, 61452, 61453, 61457, 61459, 61461, 61465, 61468,                                61473, 61478, 61479, 61480, 61502, 61507, 61512, 61515, 61516, 61517,                                61521, 61522, 61523, 61524, 61543, 61544, 61550, 61552, 61553, 61556,                                61559, 61560, 61561, 61563, 61587, 61589, 61636, 61637, 61639, 61641,                                61664, 61671, 61674, 61683, 61724, 61732, 61787, 61931, 62016, 62017,                                62018, 62019, 62020, 62087, 62099, 62189, 62212, 62810, 63426, 63650
 ******************************************************************************/

#ifdef LV_LVGL_H_INCLUDE_SIMPLE
#include "lvgl.h"
#else
#include "lvgl.h"
#endif

#ifndef LV_FONT_PINGFANG_SC_28
#define LV_FONT_PINGFANG_SC_28 1
#endif

#if LV_FONT_PINGFANG_SC_28

/*-----------------
 *    BITMAPS
 *----------------*/

/*Store the image of the glyphs*/
static LV_ATTRIBUTE_LARGE_CONST const uint8_t glyph_bitmap[] = {
    /* U+0020 " " */

    /* U+0021 "!" */
    0x3f, 0x8f, 0xd3, 0xf4, 0xfd, 0x3f, 0x4f, 0xd3,
    0xf0, 0xfc, 0x3f, 0xf, 0xc2, 0xf0, 0xbc, 0x2f,
    0xb, 0xc0, 0x50, 0x0, 0x3f, 0x5f, 0xf7, 0xf8,
    0xbc,

    /* U+0022 "\"" */
    0xbe, 0xf, 0xdb, 0xe0, 0xfd, 0xbd, 0xf, 0xdb,
    0xd0, 0xfc, 0x7d, 0xb, 0xc7, 0xd0, 0xbc, 0x7c,
    0xb, 0xc0, 0x0, 0x0,

    /* U+0023 "#" */
    0x0, 0x1f, 0x1, 0xf4, 0x0, 0xb, 0xc0, 0x7c,
    0x0, 0x3, 0xf0, 0x2f, 0x0, 0x0, 0xf8, 0xf,
    0x80, 0xf, 0xff, 0xff, 0xff, 0x3, 0xff, 0xff,
    0xff, 0xc0, 0x5b, 0xd5, 0xbd, 0x40, 0x2, 0xf0,
    0x1f, 0x0, 0x0, 0xfc, 0xb, 0xc0, 0x0, 0x3e,
    0x3, 0xf0, 0x0, 0xf, 0x40, 0xf8, 0x0, 0x7,
    0xd0, 0x3d, 0x0, 0x1, 0xf0, 0x1f, 0x40, 0xf,
    0xff, 0xff, 0xff, 0x3, 0xff, 0xff, 0xff, 0xc0,
    0x5f, 0xd5, 0xfd, 0x40, 0x3, 0xe0, 0x3e, 0x0,
    0x0, 0xf4, 0xf, 0x80, 0x0, 0x7d, 0x3, 0xd0,
    0x0, 0x1f, 0x1, 0xf4, 0x0,

    /* U+0024 "$" */
    0x0, 0xb, 0x40, 0x0, 0x0, 0x2d, 0x0, 0x0,
    0x0, 0xb4, 0x0, 0x0, 0x7f, 0xfe, 0x40, 0xf,
    0xff, 0xff, 0x80, 0xff, 0xfe, 0xff, 0x47, 0xf4,
    0xb4, 0xbf, 0x2f, 0x82, 0xd0, 0xfc, 0xbe, 0xb,
    0x41, 0xa2, 0xfc, 0x2d, 0x0, 0x3, 0xfe, 0xb4,
    0x0, 0x7, 0xff, 0xd0, 0x0, 0x7, 0xff, 0xf8,
    0x0, 0x1, 0xbf, 0xfe, 0x0, 0x0, 0xbf, 0xfe,
    0x0, 0x2, 0xd3, 0xfd, 0x54, 0xb, 0x43, 0xfb,
    0xf4, 0x2d, 0xb, 0xeb, 0xe0, 0xb4, 0x2f, 0x9f,
    0xd2, 0xd1, 0xfd, 0x3f, 0xff, 0xff, 0xf0, 0x3f,
    0xff, 0xff, 0x0, 0x1f, 0xff, 0x90, 0x0, 0x2,
    0xd0, 0x0, 0x0, 0xb, 0x40, 0x0, 0x0, 0x18,
    0x0, 0x0,

    /* U+0025 "%" */
    0x0, 0x0, 0x0, 0x0, 0x3e, 0x0, 0x0, 0x7f,
    0x80, 0x0, 0x1f, 0x0, 0x0, 0xbf, 0xfc, 0x0,
    0xf, 0x40, 0x0, 0x7e, 0x1f, 0xc0, 0xb, 0xc0,
    0x0, 0x3f, 0x3, 0xf0, 0x3, 0xd0, 0x0, 0xf,
    0xc0, 0xbd, 0x2, 0xf0, 0x0, 0x3, 0xf0, 0x2f,
    0x40, 0xf4, 0x0, 0x0, 0xfc, 0xb, 0xd0, 0xbc,
    0x0, 0x0, 0x3f, 0x2, 0xf0, 0x3c, 0x0, 0x0,
    0x7, 0xe1, 0xfc, 0x2e, 0x0, 0x0, 0x0, 0xbf,
    0xfc, 0x1f, 0x0, 0xbf, 0x40, 0x7, 0xf8, 0xf,
    0x81, 0xff, 0xf8, 0x0, 0x0, 0x7, 0xc0, 0xfc,
    0x2f, 0x40, 0x0, 0x3, 0xe0, 0x7e, 0x7, 0xe0,
    0x0, 0x1, 0xf0, 0x2f, 0x40, 0xfc, 0x0, 0x0,
    0xf4, 0xb, 0xd0, 0x3f, 0x0, 0x0, 0x7c, 0x2,
    0xf4, 0xf, 0xc0, 0x0, 0x3d, 0x0, 0x7e, 0x7,
    0xe0, 0x0, 0x2f, 0x0, 0xf, 0xd3, 0xf4, 0x0,
    0xf, 0x40, 0x1, 0xff, 0xf8, 0x0, 0xb, 0xc0,
    0x0, 0xb, 0xf4, 0x0,

    /* U+0026 "&" */
    0x0, 0x2f, 0xf4, 0x0, 0x0, 0x1, 0xff, 0xff,
    0x0, 0x0, 0x3, 0xfe, 0xbf, 0x80, 0x0, 0x7,
    0xf0, 0x1f, 0xc0, 0x0, 0xb, 0xe0, 0xf, 0xc0,
    0x0, 0x7, 0xf0, 0x2f, 0xc0, 0x0, 0x3, 0xfc,
    0xbf, 0x0, 0x0, 0x0, 0xff, 0xfd, 0x0, 0x0,
    0x0, 0xbf, 0xe0, 0xf, 0xc0, 0x7, 0xff, 0xf0,
    0xf, 0xc0, 0x1f, 0xf7, 0xfc, 0x1f, 0xc0, 0x3f,
    0x81, 0xff, 0x2f, 0xc0, 0xbf, 0x0, 0x7f, 0xbf,
    0x80, 0xfd, 0x0, 0x1f, 0xff, 0x0, 0xfd, 0x0,
    0x7, 0xff, 0x0, 0xbf, 0x0, 0x3, 0xfe, 0x0,
    0x7f, 0x80, 0x1f, 0xff, 0x80, 0x3f, 0xff, 0xff,
    0xff, 0xd0, 0xf, 0xff, 0xff, 0x8b, 0xf4, 0x1,
    0xbf, 0xf4, 0x3, 0xfc,

    /* U+0027 "'" */
    0xbe, 0xbe, 0xbd, 0xbd, 0x7d, 0x7d, 0x7c, 0x0,

    /* U+0028 "(" */
    0x0, 0x14, 0x0, 0xf8, 0x2, 0xf0, 0x3, 0xe0,
    0xb, 0xc0, 0xf, 0xc0, 0x2f, 0x40, 0x3f, 0x0,
    0x3f, 0x0, 0x7e, 0x0, 0xbe, 0x0, 0xbd, 0x0,
    0xfd, 0x0, 0xfd, 0x0, 0xfd, 0x0, 0xfd, 0x0,
    0xbd, 0x0, 0xbe, 0x0, 0x7f, 0x0, 0x3f, 0x0,
    0x3f, 0x40, 0x1f, 0x80, 0xf, 0xc0, 0xb, 0xd0,
    0x3, 0xf0, 0x1, 0xf4, 0x0, 0xfc,

    /* U+0029 ")" */
    0x54, 0x0, 0x7d, 0x0, 0x3f, 0x0, 0x1f, 0x80,
    0xf, 0xc0, 0xb, 0xd0, 0x3, 0xf0, 0x3, 0xf0,
    0x2, 0xf4, 0x1, 0xf8, 0x0, 0xfc, 0x0, 0xfc,
    0x0, 0xfc, 0x0, 0xfc, 0x0, 0xfc, 0x0, 0xfc,
    0x0, 0xfc, 0x1, 0xfc, 0x1, 0xf8, 0x2, 0xf4,
    0x3, 0xf0, 0x7, 0xf0, 0xb, 0xd0, 0xf, 0xc0,
    0x2f, 0x40, 0x3e, 0x0, 0xbc, 0x0,

    /* U+002A "*" */
    0x0, 0xf, 0x80, 0x0, 0x0, 0xf4, 0x0, 0x0,
    0xf, 0x40, 0x1, 0x40, 0xf4, 0x8, 0x3f, 0x8f,
    0x5f, 0xd3, 0xff, 0xff, 0xfe, 0x6, 0xff, 0xf9,
    0x0, 0x3, 0xfd, 0x0, 0x0, 0xbe, 0xf0, 0x0,
    0x2f, 0x4f, 0xc0, 0x7, 0xe0, 0x7f, 0x0, 0x3c,
    0x2, 0xd0, 0x0, 0x0, 0x0, 0x0,

    /* U+002B "+" */
    0x0, 0xf, 0xc0, 0x0, 0x0, 0x3f, 0x0, 0x0,
    0x0, 0xfc, 0x0, 0x0, 0x3, 0xf0, 0x0, 0x0,
    0xf, 0xc0, 0x0, 0x0, 0x3f, 0x0, 0x6, 0xaa,
    0xfe, 0xaa, 0x6f, 0xff, 0xff, 0xfe, 0xbf, 0xff,
    0xff, 0xf8, 0x0, 0x3f, 0x0, 0x0, 0x0, 0xfc,
    0x0, 0x0, 0x3, 0xf0, 0x0, 0x0, 0xf, 0xc0,
    0x0, 0x0, 0x3f, 0x0, 0x0, 0x0, 0xfc, 0x0,
    0x0,

    /* U+002C "," */
    0x5, 0x3, 0xf8, 0x7f, 0xd7, 0xfd, 0x2f, 0xd0,
    0x2d, 0x3, 0xc0, 0xf4, 0x3d, 0x7, 0x40, 0x0,
    0x0,

    /* U+002D "-" */
    0x6a, 0xaa, 0xaa, 0xa6, 0xff, 0xff, 0xff, 0xeb,
    0xff, 0xff, 0xff, 0x80,

    /* U+002E "." */
    0x5, 0x3, 0xf8, 0x7f, 0xc3, 0xfc, 0x1f, 0x0,

    /* U+002F "/" */
    0x0, 0x0, 0xb, 0xc0, 0x0, 0x0, 0xf8, 0x0,
    0x0, 0x1f, 0x40, 0x0, 0x3, 0xf0, 0x0, 0x0,
    0x3e, 0x0, 0x0, 0xb, 0xc0, 0x0, 0x0, 0xfc,
    0x0, 0x0, 0x1f, 0x40, 0x0, 0x2, 0xf0, 0x0,
    0x0, 0x3e, 0x0, 0x0, 0x7, 0xd0, 0x0, 0x0,
    0xfc, 0x0, 0x0, 0xf, 0x80, 0x0, 0x2, 0xf0,
    0x0, 0x0, 0x3f, 0x0, 0x0, 0x7, 0xd0, 0x0,
    0x0, 0xbc, 0x0, 0x0, 0xf, 0x80, 0x0, 0x1,
    0xf4, 0x0, 0x0, 0x3f, 0x0, 0x0, 0x3, 0xe0,
    0x0, 0x0, 0xbc, 0x0, 0x0, 0xf, 0xc0, 0x0,
    0x1, 0xf4, 0x0, 0x0, 0x2f, 0x0, 0x0, 0x3,
    0xe0, 0x0, 0x0,

    /* U+0030 "0" */
    0x0, 0x6f, 0xe4, 0x0, 0xf, 0xff, 0xf8, 0x0,
    0xff, 0xff, 0xf8, 0x7, 0xf4, 0xb, 0xf0, 0x3f,
    0x40, 0xb, 0xe1, 0xfc, 0x0, 0xf, 0xcb, 0xe0,
    0x0, 0x3f, 0x6f, 0x80, 0x0, 0xbe, 0xfd, 0x0,
    0x2, 0xfb, 0xf4, 0x0, 0xb, 0xef, 0xd0, 0x0,
    0x2f, 0xbf, 0x40, 0x0, 0xbe, 0xbe, 0x0, 0x2,
    0xfa, 0xf8, 0x0, 0xf, 0xd7, 0xf0, 0x0, 0x3f,
    0xf, 0xd0, 0x2, 0xf8, 0x1f, 0xd0, 0x2f, 0xd0,
    0x3f, 0xff, 0xfe, 0x0, 0x3f, 0xff, 0xe0, 0x0,
    0x1b, 0xf9, 0x0,

    /* U+0031 "1" */
    0x0, 0x3f, 0x1, 0xff, 0x1f, 0xff, 0xff, 0xff,
    0xff, 0x7f, 0xf4, 0x7f, 0x0, 0x7f, 0x0, 0x7f,
    0x0, 0x7f, 0x0, 0x7f, 0x0, 0x7f, 0x0, 0x7f,
    0x0, 0x7f, 0x0, 0x7f, 0x0, 0x7f, 0x0, 0x7f,
    0x0, 0x7f, 0x0, 0x7f, 0x0, 0x7f, 0x0, 0x7f,

    /* U+0032 "2" */
    0x0, 0x6f, 0xf8, 0x0, 0xb, 0xff, 0xfd, 0x0,
    0xbf, 0xff, 0xfd, 0x7, 0xf4, 0x3, 0xfc, 0x3f,
    0x80, 0x3, 0xf0, 0xfc, 0x0, 0xf, 0xd7, 0xf0,
    0x0, 0x3f, 0x45, 0x40, 0x1, 0xfc, 0x0, 0x0,
    0xf, 0xe0, 0x0, 0x0, 0xbf, 0x0, 0x0, 0xf,
    0xf4, 0x0, 0x1, 0xff, 0x40, 0x0, 0x2f, 0xf0,
    0x0, 0x3, 0xfd, 0x0, 0x0, 0x7f, 0xc0, 0x0,
    0x3, 0xf8, 0x0, 0x0, 0x2f, 0xc0, 0x0, 0x0,
    0xff, 0xff, 0xff, 0xd7, 0xff, 0xff, 0xff, 0x6f,
    0xff, 0xff, 0xfd,

    /* U+0033 "3" */
    0x0, 0x7f, 0xf8, 0x0, 0xf, 0xff, 0xfe, 0x0,
    0xff, 0xff, 0xfe, 0xf, 0xf4, 0x3, 0xfc, 0x3f,
    0x0, 0x3, 0xf5, 0xfc, 0x0, 0xf, 0xc0, 0x0,
    0x0, 0x3f, 0x0, 0x0, 0x7, 0xf4, 0x0, 0xf,
    0xff, 0x40, 0x0, 0x3f, 0xf8, 0x0, 0x0, 0x6b,
    0xfd, 0x0, 0x0, 0x1, 0xfc, 0x0, 0x0, 0x3,
    0xfa, 0xa4, 0x0, 0xb, 0xeb, 0xe0, 0x0, 0x2f,
    0x9f, 0xc0, 0x0, 0xfd, 0x3f, 0xd0, 0xf, 0xf0,
    0x7f, 0xff, 0xff, 0x40, 0x7f, 0xff, 0xf4, 0x0,
    0x2f, 0xfd, 0x0,

    /* U+0034 "4" */
    0x0, 0x0, 0xf, 0xd0, 0x0, 0x0, 0xf, 0xf4,
    0x0, 0x0, 0xb, 0xfd, 0x0, 0x0, 0x7, 0xff,
    0x40, 0x0, 0x3, 0xff, 0xd0, 0x0, 0x3, 0xf3,
    0xf4, 0x0, 0x3, 0xf4, 0xfd, 0x0, 0x2, 0xf4,
    0x3f, 0x40, 0x1, 0xf8, 0xf, 0xd0, 0x0, 0xfc,
    0x3, 0xf4, 0x0, 0xfc, 0x0, 0xfd, 0x0, 0xbd,
    0x0, 0x3f, 0x40, 0x7e, 0x0, 0xf, 0xd0, 0x1f,
    0xff, 0xff, 0xff, 0xd7, 0xff, 0xff, 0xff, 0xf5,
    0xaa, 0xaa, 0xbf, 0xa8, 0x0, 0x0, 0xf, 0xd0,
    0x0, 0x0, 0x3, 0xf4, 0x0, 0x0, 0x0, 0xfd,
    0x0, 0x0, 0x0, 0x3f, 0x40,

    /* U+0035 "5" */
    0x1f, 0xff, 0xff, 0xf0, 0xbf, 0xff, 0xff, 0xc2,
    0xff, 0xff, 0xfe, 0xf, 0xc0, 0x0, 0x0, 0x3f,
    0x0, 0x0, 0x0, 0xfc, 0x0, 0x0, 0x3, 0xf1,
    0xff, 0x80, 0xf, 0xff, 0xff, 0xd0, 0x7f, 0xfe,
    0xff, 0xd1, 0xfe, 0x0, 0x3f, 0xc6, 0xa0, 0x0,
    0x3f, 0x40, 0x0, 0x0, 0xfe, 0x0, 0x0, 0x2,
    0xf8, 0x0, 0x0, 0xb, 0xef, 0xd0, 0x0, 0x3f,
    0xaf, 0xc0, 0x1, 0xfc, 0x3f, 0x80, 0x1f, 0xe0,
    0x7f, 0xff, 0xff, 0x0, 0x7f, 0xff, 0xf0, 0x0,
    0x2f, 0xf9, 0x0,

    /* U+0036 "6" */
    0x0, 0x2f, 0xf8, 0x0, 0xb, 0xff, 0xfe, 0x0,
    0x7f, 0xff, 0xfd, 0x3, 0xf4, 0x3, 0xfc, 0x2f,
    0x40, 0x3, 0xf0, 0xfc, 0x0, 0x0, 0x7, 0xe0,
    0x6a, 0x40, 0x2f, 0x5f, 0xff, 0xc0, 0xfe, 0xff,
    0xff, 0xc3, 0xff, 0x40, 0x7f, 0xcf, 0xf4, 0x0,
    0x7f, 0x7f, 0xc0, 0x0, 0xfe, 0xfe, 0x0, 0x2,
    0xfa, 0xf8, 0x0, 0xb, 0xe7, 0xf0, 0x0, 0x3f,
    0x8f, 0xc0, 0x0, 0xfd, 0x2f, 0xd0, 0xf, 0xf0,
    0x3f, 0xff, 0xff, 0x0, 0x3f, 0xff, 0xf0, 0x0,
    0x1b, 0xfd, 0x0,

    /* U+0037 "7" */
    0x3f, 0xff, 0xff, 0xf4, 0xff, 0xff, 0xff, 0xd3,
    0xff, 0xff, 0xff, 0x40, 0x0, 0x0, 0xfc, 0x0,
    0x0, 0xb, 0xe0, 0x0, 0x0, 0x3f, 0x0, 0x0,
    0x1, 0xfc, 0x0, 0x0, 0xf, 0xd0, 0x0, 0x0,
    0x7f, 0x0, 0x0, 0x2, 0xf8, 0x0, 0x0, 0xf,
    0xc0, 0x0, 0x0, 0xbf, 0x0, 0x0, 0x3, 0xf4,
    0x0, 0x0, 0x1f, 0xc0, 0x0, 0x0, 0xfe, 0x0,
    0x0, 0x3, 0xf0, 0x0, 0x0, 0x2f, 0xc0, 0x0,
    0x0, 0xfd, 0x0, 0x0, 0x7, 0xf0, 0x0, 0x0,
    0x3f, 0x80, 0x0,

    /* U+0038 "8" */
    0x0, 0x2f, 0xfe, 0x0, 0x2, 0xff, 0xff, 0xd0,
    0xb, 0xff, 0xbf, 0xf4, 0xf, 0xe0, 0x2, 0xfc,
    0x1f, 0xc0, 0x0, 0xfc, 0x1f, 0x80, 0x0, 0xfc,
    0xf, 0xc0, 0x0, 0xfc, 0xb, 0xf4, 0x7, 0xf4,
    0x2, 0xff, 0xff, 0xd0, 0x1, 0xff, 0xff, 0xd0,
    0xb, 0xfa, 0x6f, 0xf4, 0x1f, 0xd0, 0x1, 0xfc,
    0x3f, 0x40, 0x0, 0xbe, 0x3f, 0x0, 0x0, 0x7f,
    0x3f, 0x0, 0x0, 0x7f, 0x3f, 0x80, 0x0, 0xbe,
    0x2f, 0xd0, 0x2, 0xfd, 0xf, 0xff, 0xbf, 0xf8,
    0x3, 0xff, 0xff, 0xe0, 0x0, 0x6f, 0xfe, 0x0,

    /* U+0039 "9" */
    0x0, 0xbf, 0xe4, 0x0, 0x1f, 0xff, 0xf8, 0x1,
    0xff, 0xff, 0xf8, 0xf, 0xe0, 0x7, 0xf4, 0xbf,
    0x0, 0x7, 0xf3, 0xf4, 0x0, 0xf, 0xcf, 0xd0,
    0x0, 0x3f, 0x7f, 0x80, 0x0, 0xfe, 0xbf, 0x0,
    0x7, 0xf8, 0xff, 0x40, 0xbf, 0xe1, 0xff, 0xff,
    0xef, 0x81, 0xff, 0xfd, 0xbe, 0x0, 0x6a, 0x42,
    0xf4, 0x0, 0x0, 0xf, 0xc2, 0x90, 0x0, 0x3f,
    0x1f, 0xc0, 0x3, 0xf8, 0x3f, 0xc0, 0x2f, 0xc0,
    0x7f, 0xff, 0xfd, 0x0, 0xbf, 0xff, 0xd0, 0x0,
    0x2f, 0xf8, 0x0,

    /* U+003A ":" */
    0x1f, 0x3, 0xfc, 0x7f, 0xc3, 0xf8, 0x5, 0x0,
    0x0, 0x0, 0x0, 0x0, 0x0, 0x0, 0x0, 0x5,
    0x3, 0xf8, 0x7f, 0xc3, 0xfc, 0x1f, 0x0,

    /* U+003B ";" */
    0x1f, 0x3, 0xfc, 0x7f, 0xc3, 0xf8, 0x5, 0x0,
    0x0, 0x0, 0x0, 0x0, 0x0, 0x0, 0x0, 0x5,
    0x3, 0xf8, 0x7f, 0xd7, 0xfd, 0x2f, 0xd0, 0x2d,
    0x3, 0xc0, 0xf4, 0x3d, 0x7, 0x40, 0x0, 0x0,

    /* U+003C "<" */
    0x0, 0x0, 0x0, 0x4, 0x0, 0x0, 0x6, 0xe0,
    0x0, 0x1, 0xff, 0x80, 0x0, 0xbf, 0xf8, 0x0,
    0x2f, 0xfe, 0x0, 0x1f, 0xff, 0x40, 0x7, 0xff,
    0x90, 0x0, 0x2f, 0xe0, 0x0, 0x0, 0xbf, 0xe4,
    0x0, 0x0, 0x7f, 0xfd, 0x0, 0x0, 0x1b, 0xff,
    0x80, 0x0, 0x2, 0xff, 0xe4, 0x0, 0x0, 0x7f,
    0xf8, 0x0, 0x0, 0x1b, 0xe0, 0x0, 0x0, 0x2,
    0x80, 0x0, 0x0, 0x0,

    /* U+003D "=" */
    0x6a, 0xaa, 0xaa, 0xa6, 0xff, 0xff, 0xff, 0xeb,
    0xff, 0xff, 0xff, 0x80, 0x0, 0x0, 0x0, 0x0,
    0x0, 0x0, 0x0, 0x0, 0x0, 0x0, 0x6, 0xaa,
    0xaa, 0xaa, 0x6f, 0xff, 0xff, 0xfe, 0xbf, 0xff,
    0xff, 0xf8,

    /* U+003E ">" */
    0x40, 0x0, 0x0, 0x2, 0xe4, 0x0, 0x0, 0xb,
    0xfd, 0x0, 0x0, 0xf, 0xff, 0x80, 0x0, 0x2,
    0xff, 0xe0, 0x0, 0x0, 0x7f, 0xfd, 0x0, 0x0,
    0x1f, 0xff, 0x40, 0x0, 0x3, 0xfe, 0x0, 0x0,
    0x6f, 0xf8, 0x0, 0x1f, 0xff, 0x40, 0xb, 0xff,
    0x80, 0x7, 0xff, 0xe0, 0x0, 0xbf, 0xf4, 0x0,
    0x2, 0xf9, 0x0, 0x0, 0xa, 0x0, 0x0, 0x0,
    0x0, 0x0, 0x0, 0x0,

    /* U+003F "?" */
    0x0, 0xbf, 0xe0, 0x0, 0x7f, 0xff, 0xe0, 0x1f,
    0xff, 0xff, 0x43, 0xf8, 0x3, 0xfc, 0x7f, 0x0,
    0x1f, 0xcb, 0xe0, 0x0, 0xfc, 0x69, 0x0, 0xf,
    0xc0, 0x0, 0x3, 0xfc, 0x0, 0x0, 0xbf, 0x40,
    0x0, 0x3f, 0xd0, 0x0, 0xf, 0xf4, 0x0, 0x1,
    0xfc, 0x0, 0x0, 0x3f, 0x80, 0x0, 0x3, 0xf4,
    0x0, 0x0, 0x15, 0x0, 0x0, 0x0, 0x0, 0x0,
    0x0, 0x3f, 0x40, 0x0, 0x7, 0xf8, 0x0, 0x0,
    0x7f, 0x80, 0x0, 0x2, 0xf0, 0x0,

    /* U+0040 "@" */
    0x0, 0x1, 0xbf, 0xf9, 0x0, 0x0, 0x2, 0xff,
    0xff, 0xfd, 0x0, 0x0, 0xff, 0x90, 0x1b, 0xf4,
    0x0, 0x3f, 0x40, 0x50, 0xb, 0xd0, 0xf, 0xd0,
    0x7f, 0xdf, 0xaf, 0x1, 0xf4, 0x2f, 0xff, 0xf4,
    0xf4, 0x3f, 0x7, 0xf4, 0x3f, 0xb, 0x83, 0xe0,
    0xfd, 0x3, 0xf0, 0x7c, 0x7d, 0x1f, 0x80, 0x3e,
    0x7, 0xcb, 0xc2, 0xf0, 0x3, 0xd0, 0x7c, 0xbc,
    0x2f, 0x0, 0x7c, 0xb, 0x87, 0xc3, 0xf0, 0xb,
    0xc0, 0xf0, 0x7d, 0x2f, 0x0, 0xf8, 0x2e, 0x3,
    0xe1, 0xf8, 0x7f, 0x8b, 0xc0, 0x2f, 0xb, 0xff,
    0xbf, 0xf0, 0x0, 0xfc, 0x2f, 0xd2, 0xf8, 0x3d,
    0x7, 0xf0, 0x0, 0x0, 0x1f, 0xc0, 0x1f, 0xe4,
    0x0, 0x6f, 0xe0, 0x0, 0x2f, 0xff, 0xff, 0xf4,
    0x0, 0x0, 0x1b, 0xff, 0xe4, 0x0,

    /* U+0041 "A" */
    0x0, 0x2, 0xfe, 0x0, 0x0, 0x0, 0x3, 0xff,
    0x0, 0x0, 0x0, 0x7, 0xff, 0x40, 0x0, 0x0,
    0xb, 0xff, 0x80, 0x0, 0x0, 0xf, 0xcf, 0xc0,
    0x0, 0x0, 0x1f, 0xcb, 0xd0, 0x0, 0x0, 0x3f,
    0x47, 0xf0, 0x0, 0x0, 0x3f, 0x3, 0xf0, 0x0,
    0x0, 0xbe, 0x2, 0xf8, 0x0, 0x0, 0xfd, 0x1,
    0xfc, 0x0, 0x1, 0xfc, 0x0, 0xfd, 0x0, 0x3,
    0xf8, 0x0, 0xbf, 0x0, 0x3, 0xfe, 0xaa, 0xff,
    0x0, 0xb, 0xff, 0xff, 0xff, 0x80, 0xf, 0xff,
    0xff, 0xff, 0xc0, 0x1f, 0xc0, 0x0, 0xf, 0xd0,
    0x2f, 0xc0, 0x0, 0xf, 0xe0, 0x3f, 0x40, 0x0,
    0x7, 0xf0, 0x7f, 0x0, 0x0, 0x3, 0xf4, 0xfe,
    0x0, 0x0, 0x2, 0xfc,

    /* U+0042 "B" */
    0x3f, 0xff, 0xff, 0x90, 0x3, 0xff, 0xff, 0xff,
    0xc0, 0x3f, 0xea, 0xaf, 0xfe, 0x3, 0xf0, 0x0,
    0xb, 0xf0, 0x3f, 0x0, 0x0, 0x3f, 0x43, 0xf0,
    0x0, 0x3, 0xf4, 0x3f, 0x0, 0x0, 0x3f, 0x3,
    0xf0, 0x0, 0xb, 0xe0, 0x3f, 0xea, 0xaf, 0xfc,
    0x3, 0xff, 0xff, 0xff, 0x0, 0x3f, 0xff, 0xff,
    0xfe, 0x3, 0xf0, 0x0, 0xb, 0xf4, 0x3f, 0x0,
    0x0, 0x2f, 0xc3, 0xf0, 0x0, 0x0, 0xfc, 0x3f,
    0x0, 0x0, 0xf, 0xc3, 0xf0, 0x0, 0x1, 0xfc,
    0x3f, 0x0, 0x0, 0x7f, 0xc3, 0xfe, 0xaa, 0xff,
    0xf4, 0x3f, 0xff, 0xff, 0xfd, 0x3, 0xff, 0xff,
    0xfe, 0x0,

    /* U+0043 "C" */
    0x0, 0xb, 0xff, 0x90, 0x0, 0x2, 0xff, 0xff,
    0xf0, 0x0, 0x3f, 0xff, 0xff, 0xf0, 0x3, 0xfe,
    0x0, 0x2f, 0xf0, 0x2f, 0xd0, 0x0, 0xf, 0xd0,
    0xfe, 0x0, 0x0, 0x2f, 0xc7, 0xf0, 0x0, 0x0,
    0x29, 0x2f, 0x80, 0x0, 0x0, 0x0, 0xfd, 0x0,
    0x0, 0x0, 0x3, 0xf4, 0x0, 0x0, 0x0, 0xf,
    0xd0, 0x0, 0x0, 0x0, 0x3f, 0x40, 0x0, 0x0,
    0x0, 0xbe, 0x0, 0x0, 0x0, 0x1, 0xfc, 0x0,
    0x0, 0xf, 0xc3, 0xf4, 0x0, 0x0, 0x7f, 0xb,
    0xf0, 0x0, 0x3, 0xf4, 0xf, 0xf8, 0x0, 0xbf,
    0xc0, 0x1f, 0xff, 0xff, 0xfc, 0x0, 0xf, 0xff,
    0xff, 0x80, 0x0, 0x6, 0xff, 0xe0, 0x0,

    /* U+0044 "D" */
    0x3f, 0xff, 0xfe, 0x40, 0x0, 0xff, 0xff, 0xff,
    0xd0, 0x3, 0xff, 0xff, 0xff, 0xd0, 0xf, 0xc0,
    0x0, 0xbf, 0xc0, 0x3f, 0x0, 0x0, 0x3f, 0xc0,
    0xfc, 0x0, 0x0, 0x3f, 0x43, 0xf0, 0x0, 0x0,
    0xbe, 0xf, 0xc0, 0x0, 0x1, 0xfc, 0x3f, 0x0,
    0x0, 0x7, 0xf0, 0xfc, 0x0, 0x0, 0xf, 0xc3,
    0xf0, 0x0, 0x0, 0x3f, 0xf, 0xc0, 0x0, 0x1,
    0xfc, 0x3f, 0x0, 0x0, 0x7, 0xf0, 0xfc, 0x0,
    0x0, 0x3f, 0x83, 0xf0, 0x0, 0x0, 0xfd, 0xf,
    0xc0, 0x0, 0xf, 0xf0, 0x3f, 0x0, 0x2, 0xff,
    0x0, 0xff, 0xff, 0xff, 0xf4, 0x3, 0xff, 0xff,
    0xff, 0x40, 0xf, 0xff, 0xff, 0x90, 0x0,

    /* U+0045 "E" */
    0x3f, 0xff, 0xff, 0xfd, 0x3f, 0xff, 0xff, 0xfd,
    0x3f, 0xff, 0xff, 0xfd, 0x3f, 0x0, 0x0, 0x0,
    0x3f, 0x0, 0x0, 0x0, 0x3f, 0x0, 0x0, 0x0,
    0x3f, 0x0, 0x0, 0x0, 0x3f, 0x0, 0x0, 0x0,
    0x3f, 0xff, 0xff, 0xf8, 0x3f, 0xff, 0xff, 0xf8,
    0x3f, 0xff, 0xff, 0xf8, 0x3f, 0x0, 0x0, 0x0,
    0x3f, 0x0, 0x0, 0x0, 0x3f, 0x0, 0x0, 0x0,
    0x3f, 0x0, 0x0, 0x0, 0x3f, 0x0, 0x0, 0x0,
    0x3f, 0x0, 0x0, 0x0, 0x3f, 0xff, 0xff, 0xfe,
    0x3f, 0xff, 0xff, 0xff, 0x3f, 0xff, 0xff, 0xff,

    /* U+0046 "F" */
    0x3f, 0xff, 0xff, 0xf8, 0xff, 0xff, 0xff, 0xe3,
    0xff, 0xff, 0xff, 0x4f, 0xc0, 0x0, 0x0, 0x3f,
    0x0, 0x0, 0x0, 0xfc, 0x0, 0x0, 0x3, 0xf0,
    0x0, 0x0, 0xf, 0xc0, 0x0, 0x0, 0x3f, 0xff,
    0xff, 0xf0, 0xff, 0xff, 0xff, 0xc3, 0xff, 0xff,
    0xff, 0xf, 0xc0, 0x0, 0x0, 0x3f, 0x0, 0x0,
    0x0, 0xfc, 0x0, 0x0, 0x3, 0xf0, 0x0, 0x0,
    0xf, 0xc0, 0x0, 0x0, 0x3f, 0x0, 0x0, 0x0,
    0xfc, 0x0, 0x0, 0x3, 0xf0, 0x0, 0x0, 0xf,
    0xc0, 0x0, 0x0,

    /* U+0047 "G" */
    0x0, 0xb, 0xff, 0x90, 0x0, 0x2, 0xff, 0xff,
    0xf8, 0x0, 0x3f, 0xff, 0xff, 0xf8, 0x3, 0xfe,
    0x40, 0x1f, 0xf4, 0x1f, 0xd0, 0x0, 0xf, 0xf0,
    0xfe, 0x0, 0x0, 0x1f, 0xc7, 0xf0, 0x0, 0x0,
    0x15, 0x2f, 0x80, 0x0, 0x0, 0x0, 0xfe, 0x0,
    0x0, 0x0, 0x3, 0xf4, 0x0, 0x3f, 0xff, 0xdf,
    0xd0, 0x0, 0xff, 0xff, 0x7f, 0x40, 0x3, 0xff,
    0xfd, 0xbe, 0x0, 0x0, 0x3, 0xf5, 0xfc, 0x0,
    0x0, 0xf, 0xd3, 0xf4, 0x0, 0x0, 0x3f, 0x4b,
    0xf4, 0x0, 0x0, 0xfd, 0xf, 0xf9, 0x0, 0x1f,
    0xf4, 0xf, 0xff, 0xff, 0xff, 0xd0, 0xb, 0xff,
    0xff, 0xf8, 0x0, 0x1, 0xbf, 0xf9, 0x0,

    /* U+0048 "H" */
    0x3f, 0x0, 0x0, 0xb, 0xe3, 0xf0, 0x0, 0x0,
    0xbe, 0x3f, 0x0, 0x0, 0xb, 0xe3, 0xf0, 0x0,
    0x0, 0xbe, 0x3f, 0x0, 0x0, 0xb, 0xe3, 0xf0,
    0x0, 0x0, 0xbe, 0x3f, 0x0, 0x0, 0xb, 0xe3,
    0xf0, 0x0, 0x0, 0xbe, 0x3f, 0xff, 0xff, 0xff,
    0xe3, 0xff, 0xff, 0xff, 0xfe, 0x3f, 0xff, 0xff,
    0xff, 0xe3, 0xf0, 0x0, 0x0, 0xbe, 0x3f, 0x0,
    0x0, 0xb, 0xe3, 0xf0, 0x0, 0x0, 0xbe, 0x3f,
    0x0, 0x0, 0xb, 0xe3, 0xf0, 0x0, 0x0, 0xbe,
    0x3f, 0x0, 0x0, 0xb, 0xe3, 0xf0, 0x0, 0x0,
    0xbe, 0x3f, 0x0, 0x0, 0xb, 0xe3, 0xf0, 0x0,
    0x0, 0xbe,

    /* U+0049 "I" */
    0x3f, 0xf, 0xc3, 0xf0, 0xfc, 0x3f, 0xf, 0xc3,
    0xf0, 0xfc, 0x3f, 0xf, 0xc3, 0xf0, 0xfc, 0x3f,
    0xf, 0xc3, 0xf0, 0xfc, 0x3f, 0xf, 0xc3, 0xf0,
    0xfc,

    /* U+004A "J" */
    0x0, 0x0, 0xf, 0xc0, 0x0, 0x0, 0xfc, 0x0,
    0x0, 0xf, 0xc0, 0x0, 0x0, 0xfc, 0x0, 0x0,
    0xf, 0xc0, 0x0, 0x0, 0xfc, 0x0, 0x0, 0xf,
    0xc0, 0x0, 0x0, 0xfc, 0x0, 0x0, 0xf, 0xc0,
    0x0, 0x0, 0xfc, 0x0, 0x0, 0xf, 0xc0, 0x0,
    0x0, 0xfc, 0x0, 0x0, 0xf, 0xcb, 0xe0, 0x0,
    0xfc, 0xbf, 0x0, 0x1f, 0xc7, 0xf0, 0x2, 0xfc,
    0x3f, 0x80, 0x7f, 0x82, 0xff, 0xff, 0xf0, 0xb,
    0xff, 0xfd, 0x0, 0x1b, 0xfe, 0x0,

    /* U+004B "K" */
    0x3f, 0x0, 0x0, 0x3f, 0xc0, 0xfc, 0x0, 0x3,
    0xfc, 0x3, 0xf0, 0x0, 0x3f, 0xc0, 0xf, 0xc0,
    0x3, 0xfc, 0x0, 0x3f, 0x0, 0x3f, 0xc0, 0x0,
    0xfc, 0x3, 0xfc, 0x0, 0x3, 0xf0, 0x3f, 0xc0,
    0x0, 0xf, 0xc3, 0xfc, 0x0, 0x0, 0x3f, 0x7f,
    0xc0, 0x0, 0x0, 0xff, 0xff, 0x80, 0x0, 0x3,
    0xff, 0xff, 0x80, 0x0, 0xf, 0xfc, 0xbf, 0x40,
    0x0, 0x3f, 0xc0, 0xff, 0x40, 0x0, 0xfc, 0x0,
    0xff, 0x40, 0x3, 0xf0, 0x0, 0xff, 0x0, 0xf,
    0xc0, 0x1, 0xff, 0x0, 0x3f, 0x0, 0x1, 0xff,
    0x0, 0xfc, 0x0, 0x2, 0xfe, 0x3, 0xf0, 0x0,
    0x2, 0xfe, 0xf, 0xc0, 0x0, 0x3, 0xfe,

    /* U+004C "L" */
    0x3f, 0x0, 0x0, 0x0, 0x3f, 0x0, 0x0, 0x0,
    0x3f, 0x0, 0x0, 0x0, 0x3f, 0x0, 0x0, 0x0,
    0x3f, 0x0, 0x0, 0x0, 0x3f, 0x0, 0x0, 0x0,
    0x3f, 0x0, 0x0, 0x0, 0x3f, 0x0, 0x0, 0x0,
    0x3f, 0x0, 0x0, 0x0, 0x3f, 0x0, 0x0, 0x0,
    0x3f, 0x0, 0x0, 0x0, 0x3f, 0x0, 0x0, 0x0,
    0x3f, 0x0, 0x0, 0x0, 0x3f, 0x0, 0x0, 0x0,
    0x3f, 0x0, 0x0, 0x0, 0x3f, 0x0, 0x0, 0x0,
    0x3f, 0x0, 0x0, 0x0, 0x3f, 0xff, 0xff, 0xfc,
    0x3f, 0xff, 0xff, 0xfc, 0x3f, 0xff, 0xff, 0xfc,

    /* U+004D "M" */
    0x3f, 0xc0, 0x0, 0x0, 0xb, 0xf4, 0xff, 0x40,
    0x0, 0x0, 0x3f, 0xd3, 0xff, 0x0, 0x0, 0x2,
    0xff, 0x4f, 0xfd, 0x0, 0x0, 0xf, 0xfd, 0x3f,
    0xf8, 0x0, 0x0, 0x7f, 0xf4, 0xff, 0xf0, 0x0,
    0x3, 0xff, 0xd3, 0xff, 0xe0, 0x0, 0x1f, 0xff,
    0x4f, 0xdf, 0xc0, 0x0, 0xfd, 0xfd, 0x3f, 0x2f,
    0x40, 0x3, 0xf3, 0xf4, 0xfc, 0x7f, 0x0, 0x2f,
    0x8f, 0xd3, 0xf0, 0xfd, 0x0, 0xfc, 0x3f, 0x4f,
    0xc1, 0xfc, 0x7, 0xe0, 0xfd, 0x3f, 0x3, 0xf0,
    0x3f, 0x43, 0xf4, 0xfc, 0xb, 0xe1, 0xfc, 0xf,
    0xd3, 0xf0, 0xf, 0xcf, 0xd0, 0x3f, 0x4f, 0xc0,
    0x2f, 0xbf, 0x0, 0xfd, 0x3f, 0x0, 0x7f, 0xf8,
    0x3, 0xf4, 0xfc, 0x0, 0xff, 0xc0, 0xf, 0xd3,
    0xf0, 0x1, 0xfe, 0x0, 0x3f, 0x4f, 0xc0, 0x3,
    0xf4, 0x0, 0xfd,

    /* U+004E "N" */
    0x3f, 0x80, 0x0, 0xf, 0xe3, 0xfd, 0x0, 0x0,
    0xfe, 0x3f, 0xf0, 0x0, 0xf, 0xe3, 0xff, 0x80,
    0x0, 0xfe, 0x3f, 0xfd, 0x0, 0xf, 0xe3, 0xff,
    0xf0, 0x0, 0xfe, 0x3f, 0x7f, 0x80, 0xf, 0xe3,
    0xf0, 0xfd, 0x0, 0xfe, 0x3f, 0xb, 0xf0, 0xf,
    0xe3, 0xf0, 0x3f, 0x80, 0xfe, 0x3f, 0x0, 0xfd,
    0xf, 0xe3, 0xf0, 0x7, 0xf0, 0xfe, 0x3f, 0x0,
    0x3f, 0xcf, 0xe3, 0xf0, 0x0, 0xfd, 0xfe, 0x3f,
    0x0, 0x7, 0xff, 0xe3, 0xf0, 0x0, 0x2f, 0xfe,
    0x3f, 0x0, 0x0, 0xff, 0xe3, 0xf0, 0x0, 0x7,
    0xfe, 0x3f, 0x0, 0x0, 0x2f, 0xe3, 0xf0, 0x0,
    0x0, 0xfe,

    /* U+004F "O" */
    0x0, 0x7, 0xff, 0x90, 0x0, 0x0, 0xbf, 0xff,
    0xfd, 0x0, 0x3, 0xff, 0xff, 0xff, 0x80, 0xf,
    0xf9, 0x0, 0x7f, 0xe0, 0x2f, 0xd0, 0x0, 0xb,
    0xf0, 0x3f, 0x80, 0x0, 0x3, 0xf8, 0x7f, 0x0,
    0x0, 0x1, 0xfc, 0xbe, 0x0, 0x0, 0x0, 0xfd,
    0xfe, 0x0, 0x0, 0x0, 0xfd, 0xfd, 0x0, 0x0,
    0x0, 0xfe, 0xfd, 0x0, 0x0, 0x0, 0xfe, 0xfe,
    0x0, 0x0, 0x0, 0xfd, 0xbe, 0x0, 0x0, 0x0,
    0xfd, 0x7f, 0x0, 0x0, 0x1, 0xfc, 0x3f, 0x80,
    0x0, 0x3, 0xf8, 0x2f, 0xd0, 0x0, 0xb, 0xf4,
    0xf, 0xf9, 0x0, 0x7f, 0xe0, 0x3, 0xff, 0xff,
    0xff, 0x80, 0x0, 0xbf, 0xff, 0xfd, 0x0, 0x0,
    0xb, 0xff, 0x90, 0x0,

    /* U+0050 "P" */
    0x3f, 0xff, 0xff, 0x80, 0xf, 0xff, 0xff, 0xfe,
    0x3, 0xff, 0xff, 0xff, 0xe0, 0xfc, 0x0, 0x3,
    0xfc, 0x3f, 0x0, 0x0, 0x3f, 0x4f, 0xc0, 0x0,
    0xf, 0xd3, 0xf0, 0x0, 0x3, 0xf4, 0xfc, 0x0,
    0x0, 0xfd, 0x3f, 0x0, 0x0, 0xff, 0xf, 0xff,
    0xff, 0xff, 0x83, 0xff, 0xff, 0xff, 0x80, 0xff,
    0xff, 0xfe, 0x0, 0x3f, 0x0, 0x0, 0x0, 0xf,
    0xc0, 0x0, 0x0, 0x3, 0xf0, 0x0, 0x0, 0x0,
    0xfc, 0x0, 0x0, 0x0, 0x3f, 0x0, 0x0, 0x0,
    0xf, 0xc0, 0x0, 0x0, 0x3, 0xf0, 0x0, 0x0,
    0x0, 0xfc, 0x0, 0x0, 0x0,

    /* U+0051 "Q" */
    0x0, 0x7, 0xff, 0x90, 0x0, 0x0, 0xbf, 0xff,
    0xfd, 0x0, 0x3, 0xff, 0xff, 0xff, 0x80, 0xf,
    0xf9, 0x0, 0x7f, 0xe0, 0x2f, 0xd0, 0x0, 0xb,
    0xf0, 0x3f, 0x80, 0x0, 0x3, 0xf8, 0x7f, 0x0,
    0x0, 0x1, 0xfc, 0xbe, 0x0, 0x0, 0x0, 0xfd,
    0xfe, 0x0, 0x0, 0x0, 0xfd, 0xfd, 0x0, 0x0,
    0x0, 0xfe, 0xfd, 0x0, 0x0, 0x0, 0xbe, 0xfe,
    0x0, 0x0, 0x0, 0xfd, 0xbe, 0x0, 0x3, 0xd0,
    0xfd, 0x7f, 0x0, 0x7, 0xf1, 0xfc, 0x3f, 0x80,
    0x1, 0xff, 0xf8, 0x2f, 0xd0, 0x0, 0xbf, 0xf0,
    0xf, 0xf9, 0x0, 0x7f, 0xe0, 0x3, 0xff, 0xff,
    0xff, 0xe0, 0x0, 0xbf, 0xff, 0xff, 0xf4, 0x0,
    0xb, 0xff, 0x91, 0xfc, 0x0, 0x0, 0x0, 0x0,
    0xb8, 0x0, 0x0, 0x0, 0x0, 0x20,

    /* U+0052 "R" */
    0x3f, 0xff, 0xff, 0x90, 0x3, 0xff, 0xff, 0xff,
    0x80, 0x3f, 0xff, 0xff, 0xfe, 0x3, 0xf0, 0x0,
    0xb, 0xf0, 0x3f, 0x0, 0x0, 0x3f, 0x43, 0xf0,
    0x0, 0x3, 0xf8, 0x3f, 0x0, 0x0, 0x3f, 0x43,
    0xf0, 0x0, 0x3, 0xf0, 0x3f, 0x0, 0x1, 0xfe,
    0x3, 0xff, 0xff, 0xff, 0x80, 0x3f, 0xff, 0xff,
    0xe0, 0x3, 0xff, 0xff, 0xff, 0xc0, 0x3f, 0x0,
    0x1, 0xff, 0x3, 0xf0, 0x0, 0x7, 0xf0, 0x3f,
    0x0, 0x0, 0x3f, 0x3, 0xf0, 0x0, 0x3, 0xf4,
    0x3f, 0x0, 0x0, 0x3f, 0x43, 0xf0, 0x0, 0x2,
    0xf8, 0x3f, 0x0, 0x0, 0x2f, 0xc3, 0xf0, 0x0,
    0x0, 0xfd,

    /* U+0053 "S" */
    0x0, 0x1b, 0xff, 0x80, 0x0, 0x1f, 0xff, 0xff,
    0x80, 0xb, 0xff, 0xff, 0xfe, 0x0, 0xfe, 0x0,
    0x1f, 0xf0, 0x1f, 0xc0, 0x0, 0x3f, 0x82, 0xfc,
    0x0, 0x2, 0xfc, 0x1f, 0xc0, 0x0, 0x0, 0x0,
    0xff, 0x80, 0x0, 0x0, 0x7, 0xff, 0xe0, 0x0,
    0x0, 0xb, 0xff, 0xf8, 0x0, 0x0, 0x6, 0xff,
    0xfc, 0x0, 0x0, 0x0, 0x7f, 0xf0, 0x0, 0x0,
    0x0, 0x7f, 0xc3, 0xf0, 0x0, 0x0, 0xfd, 0x3f,
    0x40, 0x0, 0xf, 0xd2, 0xfc, 0x0, 0x0, 0xfd,
    0x1f, 0xf4, 0x0, 0x7f, 0xc0, 0xbf, 0xff, 0xff,
    0xf4, 0x2, 0xff, 0xff, 0xfd, 0x0, 0x1, 0xbf,
    0xf9, 0x0,

    /* U+0054 "T" */
    0xbf, 0xff, 0xff, 0xff, 0xef, 0xff, 0xff, 0xff,
    0xf7, 0xff, 0xff, 0xff, 0xf8, 0x0, 0xf, 0xd0,
    0x0, 0x0, 0x3, 0xf4, 0x0, 0x0, 0x0, 0xfd,
    0x0, 0x0, 0x0, 0x3f, 0x40, 0x0, 0x0, 0xf,
    0xd0, 0x0, 0x0, 0x3, 0xf4, 0x0, 0x0, 0x0,
    0xfd, 0x0, 0x0, 0x0, 0x3f, 0x40, 0x0, 0x0,
    0xf, 0xd0, 0x0, 0x0, 0x3, 0xf4, 0x0, 0x0,
    0x0, 0xfd, 0x0, 0x0, 0x0, 0x3f, 0x40, 0x0,
    0x0, 0xf, 0xd0, 0x0, 0x0, 0x3, 0xf4, 0x0,
    0x0, 0x0, 0xfd, 0x0, 0x0, 0x0, 0x3f, 0x40,
    0x0, 0x0, 0xf, 0xd0, 0x0,

    /* U+0055 "U" */
    0x3f, 0x0, 0x0, 0xb, 0xe3, 0xf0, 0x0, 0x0,
    0xbe, 0x3f, 0x0, 0x0, 0xb, 0xe3, 0xf0, 0x0,
    0x0, 0xbe, 0x3f, 0x0, 0x0, 0xb, 0xe3, 0xf0,
    0x0, 0x0, 0xbe, 0x3f, 0x0, 0x0, 0xb, 0xe3,
    0xf0, 0x0, 0x0, 0xbe, 0x3f, 0x0, 0x0, 0xb,
    0xe3, 0xf0, 0x0, 0x0, 0xbe, 0x3f, 0x0, 0x0,
    0xb, 0xe3, 0xf0, 0x0, 0x0, 0xbe, 0x3f, 0x40,
    0x0, 0xb, 0xe3, 0xf4, 0x0, 0x0, 0xfd, 0x3f,
    0x80, 0x0, 0xf, 0xd1, 0xfc, 0x0, 0x2, 0xfc,
    0xf, 0xf4, 0x0, 0xbf, 0x80, 0x7f, 0xff, 0xff,
    0xf0, 0x1, 0xff, 0xff, 0xf8, 0x0, 0x1, 0xbf,
    0xf8, 0x0,

    /* U+0056 "V" */
    0xbf, 0x0, 0x0, 0x7, 0xf1, 0xfc, 0x0, 0x0,
    0x3f, 0xc3, 0xf8, 0x0, 0x0, 0xfd, 0xb, 0xf0,
    0x0, 0x7, 0xf0, 0x1f, 0xc0, 0x0, 0x3f, 0x80,
    0x3f, 0x80, 0x0, 0xfd, 0x0, 0xbf, 0x0, 0x7,
    0xf0, 0x0, 0xfc, 0x0, 0x3f, 0x80, 0x3, 0xf8,
    0x0, 0xfd, 0x0, 0x7, 0xf0, 0x7, 0xf0, 0x0,
    0xf, 0xc0, 0x3f, 0x80, 0x0, 0x3f, 0x80, 0xfc,
    0x0, 0x0, 0x7f, 0x7, 0xf0, 0x0, 0x0, 0xfc,
    0x3f, 0x80, 0x0, 0x2, 0xf8, 0xfc, 0x0, 0x0,
    0x7, 0xf7, 0xf0, 0x0, 0x0, 0xf, 0xff, 0x40,
    0x0, 0x0, 0x2f, 0xfc, 0x0, 0x0, 0x0, 0x7f,
    0xe0, 0x0, 0x0, 0x0, 0xff, 0x40, 0x0,

    /* U+0057 "W" */
    0xbf, 0x0, 0x1, 0xfc, 0x0, 0x7, 0xf5, 0xfc,
    0x0, 0xf, 0xf4, 0x0, 0x2f, 0xc3, 0xf4, 0x0,
    0x3f, 0xe0, 0x0, 0xff, 0xf, 0xe0, 0x1, 0xff,
    0xc0, 0x3, 0xf8, 0x2f, 0xc0, 0xb, 0xff, 0x0,
    0x1f, 0xc0, 0x7f, 0x0, 0x3f, 0xbd, 0x0, 0xbf,
    0x0, 0xfd, 0x0, 0xfc, 0xf8, 0x3, 0xf8, 0x2,
    0xf8, 0x7, 0xe3, 0xf0, 0xf, 0xd0, 0x7, 0xf0,
    0x2f, 0x4b, 0xc0, 0x7f, 0x0, 0xf, 0xc0, 0xfc,
    0x1f, 0x82, 0xfc, 0x0, 0x3f, 0x43, 0xf0, 0x3f,
    0xb, 0xe0, 0x0, 0xbe, 0x1f, 0x80, 0xfc, 0x3f,
    0x0, 0x1, 0xfc, 0xbd, 0x2, 0xf4, 0xfc, 0x0,
    0x3, 0xf3, 0xf0, 0x7, 0xe7, 0xe0, 0x0, 0xb,
    0xef, 0xc0, 0xf, 0xef, 0x40, 0x0, 0x1f, 0xfe,
    0x0, 0x3f, 0xfc, 0x0, 0x0, 0x3f, 0xf4, 0x0,
    0xbf, 0xf0, 0x0, 0x0, 0xff, 0xc0, 0x1, 0xff,
    0x80, 0x0, 0x2, 0xff, 0x0, 0x3, 0xfc, 0x0,
    0x0, 0x7, 0xf8, 0x0, 0xf, 0xf0, 0x0,

    /* U+0058 "X" */
    0x3f, 0xc0, 0x0, 0x1f, 0xe0, 0x7f, 0x80, 0x0,
    0xff, 0x0, 0xbf, 0x40, 0xb, 0xf4, 0x0, 0xff,
    0x0, 0x7f, 0x80, 0x1, 0xfe, 0x3, 0xfc, 0x0,
    0x2, 0xfd, 0x2f, 0xc0, 0x0, 0x3, 0xfd, 0xfd,
    0x0, 0x0, 0x3, 0xff, 0xe0, 0x0, 0x0, 0xb,
    0xff, 0x0, 0x0, 0x0, 0xf, 0xf4, 0x0, 0x0,
    0x0, 0x7f, 0xf0, 0x0, 0x0, 0x3, 0xff, 0xe0,
    0x0, 0x0, 0x2f, 0xef, 0xc0, 0x0, 0x1, 0xfd,
    0x3f, 0xc0, 0x0, 0xf, 0xf0, 0x3f, 0x80, 0x0,
    0xbf, 0x0, 0xbf, 0x40, 0x7, 0xf4, 0x0, 0xff,
    0x0, 0x3f, 0xc0, 0x0, 0xfe, 0x3, 0xfc, 0x0,
    0x2, 0xfd, 0x2f, 0xd0, 0x0, 0x3, 0xfc,

    /* U+0059 "Y" */
    0xbf, 0x40, 0x0, 0x3, 0xfc, 0x3f, 0xc0, 0x0,
    0xb, 0xf0, 0xf, 0xe0, 0x0, 0x1f, 0xe0, 0xb,
    0xf4, 0x0, 0x3f, 0xc0, 0x3, 0xfc, 0x0, 0xbf,
    0x40, 0x1, 0xfe, 0x0, 0xfe, 0x0, 0x0, 0xbf,
    0x3, 0xfc, 0x0, 0x0, 0x3f, 0xc7, 0xf4, 0x0,
    0x0, 0x1f, 0xdf, 0xe0, 0x0, 0x0, 0xb, 0xff,
    0xc0, 0x0, 0x0, 0x3, 0xff, 0x40, 0x0, 0x0,
    0x1, 0xfe, 0x0, 0x0, 0x0, 0x0, 0xfd, 0x0,
    0x0, 0x0, 0x0, 0xfd, 0x0, 0x0, 0x0, 0x0,
    0xfd, 0x0, 0x0, 0x0, 0x0, 0xfd, 0x0, 0x0,
    0x0, 0x0, 0xfd, 0x0, 0x0, 0x0, 0x0, 0xfd,
    0x0, 0x0, 0x0, 0x0, 0xfd, 0x0, 0x0, 0x0,
    0x0, 0xfd, 0x0, 0x0,

    /* U+005A "Z" */
    0x1f, 0xff, 0xff, 0xff, 0x81, 0xff, 0xff, 0xff,
    0xf8, 0x1f, 0xff, 0xff, 0xff, 0x40, 0x0, 0x0,
    0x1f, 0xf0, 0x0, 0x0, 0x3, 0xfc, 0x0, 0x0,
    0x0, 0xff, 0x0, 0x0, 0x0, 0x2f, 0xd0, 0x0,
    0x0, 0x7, 0xf8, 0x0, 0x0, 0x1, 0xff, 0x0,
    0x0, 0x0, 0x3f, 0xc0, 0x0, 0x0, 0xf, 0xf4,
    0x0, 0x0, 0x2, 0xfd, 0x0, 0x0, 0x0, 0x7f,
    0x80, 0x0, 0x0, 0xf, 0xf0, 0x0, 0x0, 0x3,
    0xfc, 0x0, 0x0, 0x0, 0xff, 0x40, 0x0, 0x0,
    0x2f, 0xe0, 0x0, 0x0, 0x3, 0xff, 0xff, 0xff,
    0xfc, 0x7f, 0xff, 0xff, 0xff, 0xc7, 0xff, 0xff,
    0xff, 0xfc,

    /* U+005B "[" */
    0x2a, 0xaa, 0xf, 0xff, 0xd3, 0xff, 0xf4, 0xfc,
    0x0, 0x3f, 0x0, 0xf, 0xc0, 0x3, 0xf0, 0x0,
    0xfc, 0x0, 0x3f, 0x0, 0xf, 0xc0, 0x3, 0xf0,
    0x0, 0xfc, 0x0, 0x3f, 0x0, 0xf, 0xc0, 0x3,
    0xf0, 0x0, 0xfc, 0x0, 0x3f, 0x0, 0xf, 0xc0,
    0x3, 0xf0, 0x0, 0xfc, 0x0, 0x3f, 0x0, 0xf,
    0xc0, 0x3, 0xf0, 0x0, 0xfc, 0x0, 0x3f, 0xaa,
    0xf, 0xff, 0xd3, 0xff, 0xf4,

    /* U+005C "\\" */
    0x3e, 0x0, 0x0, 0x2, 0xf0, 0x0, 0x0, 0x1f,
    0x40, 0x0, 0x0, 0xfc, 0x0, 0x0, 0xb, 0xc0,
    0x0, 0x0, 0x3e, 0x0, 0x0, 0x3, 0xf0, 0x0,
    0x0, 0x1f, 0x40, 0x0, 0x0, 0xf8, 0x0, 0x0,
    0xb, 0xc0, 0x0, 0x0, 0x7d, 0x0, 0x0, 0x3,
    0xf0, 0x0, 0x0, 0x2f, 0x0, 0x0, 0x0, 0xf8,
    0x0, 0x0, 0xf, 0xc0, 0x0, 0x0, 0x7d, 0x0,
    0x0, 0x3, 0xe0, 0x0, 0x0, 0x2f, 0x0, 0x0,
    0x1, 0xf4, 0x0, 0x0, 0xf, 0xc0, 0x0, 0x0,
    0xbc, 0x0, 0x0, 0x3, 0xe0, 0x0, 0x0, 0x3f,
    0x0, 0x0, 0x1, 0xf4, 0x0, 0x0, 0xf, 0x80,
    0x0, 0x0, 0xbc,

    /* U+005D "]" */
    0x2a, 0xaa, 0xf, 0xff, 0xd3, 0xff, 0xf4, 0x0,
    0xbd, 0x0, 0x2f, 0x40, 0xb, 0xd0, 0x2, 0xf4,
    0x0, 0xbd, 0x0, 0x2f, 0x40, 0xb, 0xd0, 0x2,
    0xf4, 0x0, 0xbd, 0x0, 0x2f, 0x40, 0xb, 0xd0,
    0x2, 0xf4, 0x0, 0xbd, 0x0, 0x2f, 0x40, 0xb,
    0xd0, 0x2, 0xf4, 0x0, 0xbd, 0x0, 0x2f, 0x40,
    0xb, 0xd0, 0x2, 0xf4, 0x0, 0xbd, 0x2a, 0xbf,
    0x4f, 0xff, 0xd3, 0xff, 0xf4,

    /* U+005E "^" */
    0x0, 0x1a, 0x0, 0x0, 0x1f, 0xe0, 0x0, 0xf,
    0xfc, 0x0, 0x3, 0xef, 0x40, 0x2, 0xf2, 0xf0,
    0x0, 0xf4, 0x3d, 0x0, 0xbc, 0xb, 0xc0, 0x3d,
    0x0, 0xf4, 0x2f, 0x0, 0x2f, 0xf, 0x40, 0x3,
    0xd0,

    /* U+005F "_" */
    0xaa, 0xaa, 0xaa, 0xaf, 0xff, 0xff, 0xff, 0xff,
    0xff, 0xff, 0xf0,

    /* U+0060 "`" */
    0x3f, 0x40, 0x3f, 0x0, 0x3e, 0x0, 0x3d,

    /* U+0061 "a" */
    0x1, 0xbf, 0xe4, 0x0, 0xff, 0xff, 0xf0, 0x2f,
    0xfa, 0xff, 0x83, 0xf4, 0x1, 0xfc, 0x15, 0x0,
    0xf, 0xc0, 0x0, 0x55, 0xfd, 0x7, 0xff, 0xff,
    0xd2, 0xff, 0xff, 0xfd, 0x7f, 0x80, 0xf, 0xdb,
    0xe0, 0x0, 0xfd, 0xfd, 0x0, 0x1f, 0xdf, 0xe0,
    0x7, 0xfd, 0x7f, 0xdb, 0xff, 0xd3, 0xff, 0xfe,
    0xbd, 0x7, 0xfe, 0xb, 0xd0,

    /* U+0062 "b" */
    0x7f, 0x0, 0x0, 0x1, 0xfc, 0x0, 0x0, 0x7,
    0xf0, 0x0, 0x0, 0x1f, 0xc0, 0x0, 0x0, 0x7f,
    0x0, 0x0, 0x1, 0xfc, 0x0, 0x0, 0x7, 0xf0,
    0xbf, 0x80, 0x1f, 0xdf, 0xff, 0xd0, 0x7f, 0xfe,
    0xbf, 0xd1, 0xff, 0x40, 0x3f, 0xc7, 0xf4, 0x0,
    0x3f, 0x5f, 0xc0, 0x0, 0xfe, 0x7f, 0x0, 0x2,
    0xf9, 0xfc, 0x0, 0xb, 0xe7, 0xf0, 0x0, 0x2f,
    0x9f, 0xc0, 0x0, 0xfe, 0x7f, 0x40, 0x3, 0xf5,
    0xff, 0x0, 0x3f, 0xc7, 0xff, 0xeb, 0xfd, 0x1f,
    0xff, 0xff, 0xd0, 0x7e, 0x2f, 0xf8, 0x0,

    /* U+0063 "c" */
    0x0, 0xbf, 0xe4, 0x0, 0x7f, 0xff, 0xf0, 0x1f,
    0xfa, 0xff, 0xc3, 0xfc, 0x1, 0xfd, 0x7f, 0x0,
    0xb, 0xeb, 0xe0, 0x0, 0x14, 0xfd, 0x0, 0x0,
    0xf, 0xd0, 0x0, 0x0, 0xfd, 0x0, 0x0, 0xb,
    0xe0, 0x0, 0x6a, 0x7f, 0x0, 0xb, 0xe3, 0xf8,
    0x1, 0xfc, 0x1f, 0xfa, 0xff, 0x80, 0x7f, 0xff,
    0xe0, 0x0, 0xbf, 0xe4, 0x0,

    /* U+0064 "d" */
    0x0, 0x0, 0x3, 0xf0, 0x0, 0x0, 0xf, 0xc0,
    0x0, 0x0, 0x3f, 0x0, 0x0, 0x0, 0xfc, 0x0,
    0x0, 0x3, 0xf0, 0x0, 0x0, 0xf, 0xc0, 0xb,
    0xf8, 0x3f, 0x1, 0xff, 0xfc, 0xfc, 0x1f, 0xfa,
    0xff, 0xf0, 0xfe, 0x0, 0x7f, 0xc7, 0xf0, 0x0,
    0xbf, 0x2f, 0x80, 0x0, 0xfc, 0xfd, 0x0, 0x3,
    0xf3, 0xf4, 0x0, 0xf, 0xcf, 0xd0, 0x0, 0x3f,
    0x2f, 0x80, 0x0, 0xfc, 0x7f, 0x0, 0xb, 0xf0,
    0xfe, 0x0, 0x7f, 0xc1, 0xff, 0xaf, 0xff, 0x1,
    0xff, 0xff, 0xfc, 0x0, 0xbf, 0xd3, 0xf0,

    /* U+0065 "e" */
    0x0, 0x2f, 0xf8, 0x0, 0x2, 0xff, 0xff, 0x40,
    0x7, 0xfe, 0xbf, 0xd0, 0xf, 0xd0, 0x7, 0xf0,
    0x2f, 0x80, 0x2, 0xf4, 0x3f, 0x95, 0x56, 0xfc,
    0x3f, 0xff, 0xff, 0xfc, 0x3f, 0xff, 0xff, 0xfc,
    0x3f, 0x40, 0x0, 0x0, 0x3f, 0x40, 0x0, 0x0,
    0x2f, 0xc0, 0x3, 0xf8, 0xf, 0xe0, 0xb, 0xf0,
    0xb, 0xfe, 0xbf, 0xe0, 0x2, 0xff, 0xff, 0x80,
    0x0, 0x2f, 0xf8, 0x0,

    /* U+0066 "f" */
    0x0, 0x2f, 0xf4, 0x3, 0xff, 0xd0, 0x1f, 0xfa,
    0x40, 0xbe, 0x0, 0x2, 0xf8, 0x3, 0xff, 0xff,
    0xdf, 0xff, 0xff, 0x6a, 0xff, 0xa8, 0x2, 0xf8,
    0x0, 0xb, 0xe0, 0x0, 0x2f, 0x80, 0x0, 0xbe,
    0x0, 0x2, 0xf8, 0x0, 0xb, 0xe0, 0x0, 0x2f,
    0x80, 0x0, 0xbe, 0x0, 0x2, 0xf8, 0x0, 0xb,
    0xe0, 0x0, 0x2f, 0x80, 0x0, 0xbe, 0x0,

    /* U+0067 "g" */
    0x0, 0xbf, 0x83, 0xf0, 0x1f, 0xff, 0xdf, 0xc1,
    0xff, 0xaf, 0xff, 0xf, 0xf0, 0x7, 0xfc, 0x7f,
    0x0, 0xb, 0xf2, 0xf8, 0x0, 0x1f, 0xcf, 0xd0,
    0x0, 0x3f, 0x3f, 0x40, 0x0, 0xfc, 0xfd, 0x0,
    0x3, 0xf2, 0xf8, 0x0, 0x1f, 0xc7, 0xf0, 0x0,
    0xbf, 0xf, 0xe0, 0x7, 0xfc, 0x1f, 0xfa, 0xff,
    0xf0, 0x1f, 0xff, 0xdf, 0xc0, 0xb, 0xf8, 0x3f,
    0x0, 0x0, 0x0, 0xfc, 0x2a, 0x0, 0x7, 0xf0,
    0xfd, 0x0, 0x3f, 0x82, 0xff, 0xab, 0xfc, 0x2,
    0xff, 0xff, 0xc0, 0x1, 0xbf, 0xf4, 0x0,

    /* U+0068 "h" */
    0x7f, 0x0, 0x0, 0x7, 0xf0, 0x0, 0x0, 0x7f,
    0x0, 0x0, 0x7, 0xf0, 0x0, 0x0, 0x7f, 0x0,
    0x0, 0x7, 0xf0, 0x0, 0x0, 0x7f, 0xb, 0xf8,
    0x7, 0xf7, 0xff, 0xf0, 0x7f, 0xfa, 0xff, 0xc7,
    0xfc, 0x2, 0xfc, 0x7f, 0x40, 0xf, 0xd7, 0xf0,
    0x0, 0xfd, 0x7f, 0x0, 0xb, 0xd7, 0xf0, 0x0,
    0xbd, 0x7f, 0x0, 0xb, 0xd7, 0xf0, 0x0, 0xbd,
    0x7f, 0x0, 0xb, 0xd7, 0xf0, 0x0, 0xbd, 0x7f,
    0x0, 0xb, 0xd7, 0xf0, 0x0, 0xbd, 0x7f, 0x0,
    0xb, 0xd0,

    /* U+0069 "i" */
    0x1f, 0x43, 0xfc, 0x3f, 0xc3, 0xf4, 0x0, 0x3,
    0xf4, 0x3f, 0x43, 0xf4, 0x3f, 0x43, 0xf4, 0x3f,
    0x43, 0xf4, 0x3f, 0x43, 0xf4, 0x3f, 0x43, 0xf4,
    0x3f, 0x43, 0xf4, 0x3f, 0x43, 0xf4,

    /* U+006A "j" */
    0x1, 0xf4, 0x3, 0xfc, 0x3, 0xfc, 0x2, 0xf8,
    0x0, 0x0, 0x2, 0xf4, 0x2, 0xf4, 0x2, 0xf4,
    0x2, 0xf4, 0x2, 0xf4, 0x2, 0xf4, 0x2, 0xf4,
    0x2, 0xf4, 0x2, 0xf4, 0x2, 0xf4, 0x2, 0xf4,
    0x2, 0xf4, 0x2, 0xf4, 0x2, 0xf4, 0x2, 0xf4,
    0x2, 0xf4, 0x2, 0xf4, 0x3, 0xf4, 0x6f, 0xf0,
    0x7f, 0xe0, 0x7f, 0x40,

    /* U+006B "k" */
    0x7f, 0x0, 0x0, 0x1, 0xfc, 0x0, 0x0, 0x7,
    0xf0, 0x0, 0x0, 0x1f, 0xc0, 0x0, 0x0, 0x7f,
    0x0, 0x0, 0x1, 0xfc, 0x0, 0x0, 0x7, 0xf0,
    0x2, 0xfd, 0x1f, 0xc0, 0x2f, 0xd0, 0x7f, 0x2,
    0xfd, 0x1, 0xfc, 0x2f, 0xd0, 0x7, 0xf2, 0xfd,
    0x0, 0x1f, 0xef, 0xd0, 0x0, 0x7f, 0xff, 0x0,
    0x1, 0xff, 0xfe, 0x0, 0x7, 0xfe, 0xfd, 0x0,
    0x1f, 0xc3, 0xfc, 0x0, 0x7f, 0x3, 0xfc, 0x1,
    0xfc, 0x7, 0xf8, 0x7, 0xf0, 0xb, 0xf8, 0x1f,
    0xc0, 0xb, 0xf4, 0x7f, 0x0, 0xf, 0xf0,

    /* U+006C "l" */
    0x3f, 0xf, 0xc3, 0xf0, 0xfc, 0x3f, 0xf, 0xc3,
    0xf0, 0xfc, 0x3f, 0xf, 0xc3, 0xf0, 0xfc, 0x3f,
    0xf, 0xc3, 0xf0, 0xfc, 0x3f, 0xf, 0xc3, 0xf0,
    0xfc, 0x3f, 0x0,

    /* U+006D "m" */
    0x7f, 0x1f, 0xf4, 0x7, 0xfd, 0x1, 0xfe, 0xff,
    0xf8, 0xff, 0xfe, 0x7, 0xff, 0xbf, 0xff, 0xff,
    0xfd, 0x1f, 0xf0, 0xf, 0xfc, 0x3, 0xfc, 0x7f,
    0x40, 0x1f, 0xd0, 0x7, 0xf1, 0xfc, 0x0, 0x7f,
    0x0, 0xf, 0xc7, 0xf0, 0x0, 0xfc, 0x0, 0x3f,
    0x1f, 0xc0, 0x3, 0xf0, 0x0, 0xfc, 0x7f, 0x0,
    0xf, 0xc0, 0x3, 0xf1, 0xfc, 0x0, 0x3f, 0x0,
    0xf, 0xc7, 0xf0, 0x0, 0xfc, 0x0, 0x3f, 0x1f,
    0xc0, 0x3, 0xf0, 0x0, 0xfc, 0x7f, 0x0, 0xf,
    0xc0, 0x3, 0xf1, 0xfc, 0x0, 0x3f, 0x0, 0xf,
    0xc7, 0xf0, 0x0, 0xfc, 0x0, 0x3f, 0x0,

    /* U+006E "n" */
    0x7f, 0x1b, 0xf8, 0x7, 0xfb, 0xff, 0xf0, 0x7f,
    0xff, 0xff, 0xc7, 0xfc, 0x2, 0xfd, 0x7f, 0x40,
    0xf, 0xd7, 0xf0, 0x0, 0xbe, 0x7f, 0x0, 0xb,
    0xe7, 0xf0, 0x0, 0xbe, 0x7f, 0x0, 0xb, 0xe7,
    0xf0, 0x0, 0xbe, 0x7f, 0x0, 0xb, 0xe7, 0xf0,
    0x0, 0xbe, 0x7f, 0x0, 0xb, 0xe7, 0xf0, 0x0,
    0xbe, 0x7f, 0x0, 0xb, 0xe0,

    /* U+006F "o" */
    0x0, 0x7f, 0xe4, 0x0, 0xf, 0xff, 0xfc, 0x0,
    0xff, 0xef, 0xfc, 0xf, 0xf0, 0x3, 0xf8, 0x7f,
    0x0, 0x7, 0xf2, 0xf8, 0x0, 0xf, 0xdf, 0xe0,
    0x0, 0x2f, 0xbf, 0x40, 0x0, 0xbe, 0xfe, 0x0,
    0x2, 0xfa, 0xf8, 0x0, 0xf, 0xd7, 0xf0, 0x0,
    0x7f, 0xf, 0xf0, 0x3, 0xf8, 0xf, 0xfa, 0xff,
    0xc0, 0xf, 0xff, 0xfc, 0x0, 0x7, 0xfe, 0x40,
    0x0,

    /* U+0070 "p" */
    0x7e, 0x2f, 0xf8, 0x1, 0xff, 0xff, 0xfd, 0x7,
    0xff, 0xeb, 0xfc, 0x1f, 0xf0, 0x3, 0xfc, 0x7f,
    0x40, 0x3, 0xf5, 0xfc, 0x0, 0xf, 0xe7, 0xf0,
    0x0, 0x2f, 0x9f, 0xc0, 0x0, 0xbe, 0x7f, 0x0,
    0x2, 0xf9, 0xfc, 0x0, 0xf, 0xe7, 0xf4, 0x0,
    0x3f, 0x5f, 0xf4, 0x3, 0xfc, 0x7f, 0xfa, 0xbf,
    0xd1, 0xfd, 0xff, 0xfd, 0x7, 0xf0, 0xbf, 0x80,
    0x1f, 0xc0, 0x0, 0x0, 0x7f, 0x0, 0x0, 0x1,
    0xfc, 0x0, 0x0, 0x7, 0xf0, 0x0, 0x0, 0x1f,
    0xc0, 0x0, 0x0, 0x7f, 0x0, 0x0, 0x0,

    /* U+0071 "q" */
    0x0, 0xbf, 0xd3, 0xf0, 0x1f, 0xff, 0xff, 0xc1,
    0xff, 0xaf, 0xff, 0xf, 0xe0, 0x7, 0xfc, 0x7f,
    0x0, 0xb, 0xf2, 0xf8, 0x0, 0xf, 0xcf, 0xd0,
    0x0, 0x3f, 0x3f, 0x40, 0x0, 0xfc, 0xfd, 0x0,
    0x3, 0xf2, 0xf8, 0x0, 0xf, 0xc7, 0xf0, 0x0,
    0xbf, 0xf, 0xe0, 0x7, 0xfc, 0x1f, 0xfa, 0xff,
    0xf0, 0x2f, 0xff, 0xcf, 0xc0, 0xb, 0xf8, 0x3f,
    0x0, 0x0, 0x0, 0xfc, 0x0, 0x0, 0x3, 0xf0,
    0x0, 0x0, 0xf, 0xc0, 0x0, 0x0, 0x3f, 0x0,
    0x0, 0x0, 0xfc, 0x0, 0x0, 0x3, 0xf0,

    /* U+0072 "r" */
    0x7f, 0x1f, 0xd7, 0xfb, 0xfd, 0x7f, 0xff, 0xd7,
    0xff, 0x54, 0x7f, 0xc0, 0x7, 0xf0, 0x0, 0x7f,
    0x0, 0x7, 0xf0, 0x0, 0x7f, 0x0, 0x7, 0xf0,
    0x0, 0x7f, 0x0, 0x7, 0xf0, 0x0, 0x7f, 0x0,
    0x7, 0xf0, 0x0, 0x7f, 0x0, 0x0,

    /* U+0073 "s" */
    0x0, 0xbf, 0xe4, 0x0, 0xbf, 0xff, 0xf0, 0x1f,
    0xfa, 0xff, 0x82, 0xf8, 0x1, 0xfc, 0x3f, 0x80,
    0x6, 0x82, 0xfe, 0x40, 0x0, 0xf, 0xff, 0xe0,
    0x0, 0x1b, 0xff, 0xf0, 0x0, 0x6, 0xff, 0xc0,
    0x0, 0x0, 0xfe, 0x3f, 0x0, 0x7, 0xf3, 0xf8,
    0x0, 0xfe, 0x1f, 0xfa, 0xbf, 0xd0, 0xbf, 0xff,
    0xf8, 0x0, 0xbf, 0xf9, 0x0,

    /* U+0074 "t" */
    0x0, 0x10, 0x0, 0x2f, 0x0, 0x3, 0xf0, 0x0,
    0x3f, 0x0, 0x3, 0xf0, 0xb, 0xff, 0xfd, 0xbf,
    0xff, 0xd6, 0xbf, 0xa9, 0x3, 0xf0, 0x0, 0x3f,
    0x0, 0x3, 0xf0, 0x0, 0x3f, 0x0, 0x3, 0xf0,
    0x0, 0x3f, 0x0, 0x3, 0xf0, 0x0, 0x3f, 0x0,
    0x3, 0xf4, 0x0, 0x3f, 0xe8, 0x1, 0xff, 0xc0,
    0x7, 0xfc,

    /* U+0075 "u" */
    0x7f, 0x0, 0xb, 0xe7, 0xf0, 0x0, 0xbe, 0x7f,
    0x0, 0xb, 0xe7, 0xf0, 0x0, 0xbe, 0x7f, 0x0,
    0xb, 0xe7, 0xf0, 0x0, 0xbe, 0x7f, 0x0, 0xb,
    0xe7, 0xf0, 0x0, 0xbe, 0x7f, 0x0, 0xb, 0xe7,
    0xf0, 0x0, 0xfe, 0x3f, 0x0, 0x1f, 0xe3, 0xf8,
    0x3, 0xfe, 0x2f, 0xfb, 0xff, 0xe0, 0xff, 0xfe,
    0xbe, 0x2, 0xfe, 0x4b, 0xe0,

    /* U+0076 "v" */
    0xbf, 0x0, 0xb, 0xf1, 0xfc, 0x0, 0x3f, 0x43,
    0xf4, 0x0, 0xfc, 0xb, 0xe0, 0xb, 0xf0, 0x1f,
    0xc0, 0x3f, 0x40, 0x3f, 0x40, 0xfc, 0x0, 0xbe,
    0xb, 0xe0, 0x0, 0xfc, 0x3f, 0x40, 0x3, 0xf4,
    0xfc, 0x0, 0x7, 0xe7, 0xe0, 0x0, 0xf, 0xff,
    0x40, 0x0, 0x3f, 0xfc, 0x0, 0x0, 0x7f, 0xe0,
    0x0, 0x0, 0xff, 0x0, 0x0, 0x2, 0xfc, 0x0,
    0x0,

    /* U+0077 "w" */
    0xbf, 0x0, 0x2f, 0x40, 0xf, 0xd7, 0xf0, 0x3,
    0xf8, 0x1, 0xfc, 0x3f, 0x40, 0x3f, 0xc0, 0x2f,
    0xc2, 0xf8, 0xb, 0xfc, 0x3, 0xf4, 0x1f, 0xc0,
    0xff, 0xe0, 0x3f, 0x0, 0xfc, 0xf, 0xaf, 0x7,
    0xf0, 0xb, 0xd1, 0xf1, 0xf0, 0xbe, 0x0, 0x7e,
    0x2f, 0xf, 0x4f, 0xc0, 0x3, 0xf3, 0xe0, 0xf8,
    0xfc, 0x0, 0x3f, 0x3d, 0xb, 0xdf, 0x80, 0x1,
    0xfb, 0xc0, 0x7e, 0xf0, 0x0, 0xf, 0xfc, 0x3,
    0xff, 0x0, 0x0, 0xff, 0x80, 0x3f, 0xe0, 0x0,
    0x7, 0xf4, 0x2, 0xfc, 0x0, 0x0, 0x3f, 0x0,
    0x1f, 0xc0, 0x0,

    /* U+0078 "x" */
    0x3f, 0xc0, 0xf, 0xf0, 0x3f, 0x80, 0x7f, 0x0,
    0x7f, 0x3, 0xf4, 0x0, 0xbf, 0x3f, 0xc0, 0x0,
    0xff, 0xfc, 0x0, 0x1, 0xff, 0xd0, 0x0, 0x2,
    0xfe, 0x0, 0x0, 0xb, 0xf8, 0x0, 0x0, 0x7f,
    0xf4, 0x0, 0x3, 0xff, 0xf0, 0x0, 0x2f, 0xcf,
    0xe0, 0x1, 0xfc, 0xf, 0xd0, 0xf, 0xe0, 0x1f,
    0xc0, 0xff, 0x0, 0x3f, 0xcb, 0xf0, 0x0, 0x3f,
    0x80,

    /* U+0079 "y" */
    0xbf, 0x0, 0x3, 0xf5, 0xfc, 0x0, 0x1f, 0xc3,
    0xf4, 0x0, 0xbe, 0xb, 0xf0, 0x3, 0xf4, 0xf,
    0xc0, 0x1f, 0xc0, 0x2f, 0x80, 0xfe, 0x0, 0x7f,
    0x3, 0xf0, 0x0, 0xfd, 0x1f, 0xc0, 0x2, 0xf8,
    0xfd, 0x0, 0x3, 0xf3, 0xf0, 0x0, 0xf, 0xff,
    0x80, 0x0, 0x1f, 0xfd, 0x0, 0x0, 0x3f, 0xf0,
    0x0, 0x0, 0xbf, 0x80, 0x0, 0x1, 0xfc, 0x0,
    0x0, 0x7, 0xf0, 0x0, 0x0, 0x3f, 0x40, 0x0,
    0x0, 0xfc, 0x0, 0x0, 0xb, 0xe0, 0x0, 0x0,
    0x3f, 0x40, 0x0, 0x1, 0xfc, 0x0, 0x0,

    /* U+007A "z" */
    0x3f, 0xff, 0xff, 0xc3, 0xff, 0xff, 0xfc, 0x2a,
    0xaa, 0xff, 0x80, 0x0, 0xf, 0xf0, 0x0, 0x2,
    0xfc, 0x0, 0x0, 0xbf, 0x40, 0x0, 0x1f, 0xe0,
    0x0, 0x3, 0xf8, 0x0, 0x0, 0xff, 0x0, 0x0,
    0x2f, 0xc0, 0x0, 0x7, 0xf4, 0x0, 0x1, 0xfe,
    0x0, 0x0, 0x3f, 0xea, 0xaa, 0x97, 0xff, 0xff,
    0xfd, 0x7f, 0xff, 0xff, 0xd0,

    /* U+007B "{" */
    0x0, 0x15, 0x40, 0x3f, 0xf0, 0x2f, 0xfc, 0xf,
    0xd0, 0x3, 0xf0, 0x0, 0xfc, 0x0, 0x3f, 0x0,
    0xf, 0xc0, 0x3, 0xf0, 0x0, 0xfc, 0x0, 0x3f,
    0x0, 0x1f, 0x80, 0x6f, 0xc0, 0x2f, 0xc0, 0xb,
    0xf8, 0x0, 0x3f, 0x40, 0x3, 0xe0, 0x0, 0xfc,
    0x0, 0x3f, 0x0, 0xf, 0xc0, 0x3, 0xf0, 0x0,
    0xfc, 0x0, 0x3f, 0x0, 0xf, 0xc0, 0x3, 0xf9,
    0x40, 0x7f, 0xf0, 0x7, 0xfc,

    /* U+007C "|" */
    0x7d, 0x7d, 0x7d, 0x7d, 0x7d, 0x7d, 0x7d, 0x7d,
    0x7d, 0x7d, 0x7d, 0x7d, 0x7d, 0x7d, 0x7d, 0x7d,
    0x7d, 0x7d, 0x7d, 0x7d, 0x7d, 0x7d, 0x7d, 0x7d,
    0x7d, 0x7d, 0x7d, 0x7d,

    /* U+007D "}" */
    0x55, 0x0, 0x2f, 0xf0, 0xb, 0xff, 0x0, 0xf,
    0xc0, 0x2, 0xf4, 0x0, 0xbd, 0x0, 0x2f, 0x40,
    0xb, 0xd0, 0x2, 0xf4, 0x0, 0xbd, 0x0, 0x1f,
    0x40, 0x7, 0xf0, 0x0, 0xff, 0x80, 0xb, 0xf0,
    0x7, 0xfc, 0x3, 0xf4, 0x1, 0xf8, 0x0, 0x7d,
    0x0, 0x2f, 0x40, 0xb, 0xd0, 0x2, 0xf4, 0x0,
    0xbd, 0x0, 0x2f, 0x40, 0xb, 0xd0, 0x5b, 0xf0,
    0x2f, 0xf8, 0xb, 0xf8, 0x0,

    /* U+007E "~" */
    0x1, 0x50, 0x0, 0x0, 0xff, 0xd0, 0x28, 0x3f,
    0xff, 0xef, 0xd7, 0xd1, 0xff, 0xf8, 0x4, 0x1,
    0xfd, 0x0,

    /* U+007F "" */

    /* U+F001 "" */
    0x0, 0x0, 0x0, 0x0, 0x0, 0x0, 0x0, 0x0,
    0x0, 0x0, 0x0, 0x0, 0x2, 0xfe, 0x0, 0x0,
    0x0, 0x0, 0x1, 0xbf, 0xff, 0x0, 0x0, 0x0,
    0x0, 0x7f, 0xff, 0xff, 0x0, 0x0, 0x0, 0x6f,
    0xff, 0xff, 0xff, 0x0, 0x0, 0x1b, 0xff, 0xff,
    0xff, 0xff, 0x0, 0x2, 0xff, 0xff, 0xff, 0xff,
    0xff, 0x0, 0x3, 0xff, 0xff, 0xff, 0xff, 0xff,
    0x0, 0x3, 0xff, 0xff, 0xff, 0xfe, 0xbf, 0x0,
    0x3, 0xff, 0xff, 0xff, 0x40, 0xbf, 0x0, 0x3,
    0xff, 0xff, 0x90, 0x0, 0xbf, 0x0, 0x3, 0xff,
    0xe4, 0x0, 0x0, 0xbf, 0x0, 0x3, 0xf8, 0x0,
    0x0, 0x0, 0xbf, 0x0, 0x3, 0xf8, 0x0, 0x0,
    0x0, 0xbf, 0x0, 0x3, 0xf8, 0x0, 0x0, 0x0,
    0xbf, 0x0, 0x3, 0xf8, 0x0, 0x0, 0x0, 0xbf,
    0x0, 0x3, 0xf8, 0x0, 0x0, 0x0, 0xbf, 0x0,
    0x3, 0xf8, 0x0, 0x0, 0x0, 0xbf, 0x0, 0x3,
    0xf8, 0x0, 0x0, 0x6e, 0xff, 0x0, 0x3, 0xf8,
    0x0, 0x7, 0xff, 0xff, 0x0, 0x3, 0xf8, 0x0,
    0xf, 0xff, 0xff, 0x0, 0x3, 0xf8, 0x0, 0x1f,
    0xff, 0xff, 0xf, 0xff, 0xf8, 0x0, 0x1f, 0xff,
    0xff, 0x7f, 0xff, 0xf8, 0x0, 0xb, 0xff, 0xfd,
    0xff, 0xff, 0xf8, 0x0, 0x1, 0xff, 0xe0, 0xff,
    0xff, 0xf4, 0x0, 0x0, 0x0, 0x0, 0xbf, 0xff,
    0xf0, 0x0, 0x0, 0x0, 0x0, 0x2f, 0xff, 0xd0,
    0x0, 0x0, 0x0, 0x0, 0x1, 0xa9, 0x0, 0x0,
    0x0, 0x0, 0x0,

    /* U+F008 "" */
    0xa0, 0x3f, 0xff, 0xff, 0xff, 0xf8, 0xa, 0xf5,
    0x7f, 0xff, 0xff, 0xff, 0xfd, 0x5f, 0xff, 0xff,
    0xaa, 0xaa, 0xaa, 0xff, 0xff, 0xfa, 0xbf, 0x0,
    0x0, 0x0, 0xfe, 0xaf, 0xf0, 0x3f, 0x0, 0x0,
    0x0, 0xf8, 0xf, 0xf0, 0x3f, 0x0, 0x0, 0x0,
    0xf8, 0xf, 0xf0, 0x3f, 0x0, 0x0, 0x0, 0xfc,
    0xf, 0xff, 0xff, 0x0, 0x0, 0x0, 0xff, 0xff,
    0xff, 0xff, 0x0, 0x0, 0x0, 0xff, 0xff, 0xf0,
    0x3f, 0xff, 0xff, 0xff, 0xfc, 0xf, 0xf0, 0x3f,
    0xff, 0xff, 0xff, 0xf8, 0xf, 0xf0, 0x3f, 0xff,
    0xff, 0xff, 0xfc, 0xf, 0xff, 0xff, 0x0, 0x0,
    0x0, 0xff, 0xff, 0xff, 0xff, 0x0, 0x0, 0x0,
    0xff, 0xff, 0xf0, 0x3f, 0x0, 0x0, 0x0, 0xfc,
    0xf, 0xf0, 0x3f, 0x0, 0x0, 0x0, 0xf8, 0xf,
    0xf0, 0x3f, 0x0, 0x0, 0x0, 0xf8, 0xf, 0xfa,
    0xbf, 0x0, 0x0, 0x0, 0xfe, 0xaf, 0xff, 0xff,
    0xaa, 0xaa, 0xaa, 0xff, 0xff, 0xf5, 0x7f, 0xff,
    0xff, 0xff, 0xfd, 0x5f, 0xa0, 0x3f, 0xff, 0xff,
    0xff, 0xf8, 0xa,

    /* U+F00B "" */
    0xbf, 0xfe, 0xb, 0xff, 0xff, 0xff, 0xfe, 0xff,
    0xff, 0xf, 0xff, 0xff, 0xff, 0xff, 0xff, 0xff,
    0xf, 0xff, 0xff, 0xff, 0xff, 0xff, 0xff, 0xf,
    0xff, 0xff, 0xff, 0xff, 0xff, 0xff, 0xf, 0xff,
    0xff, 0xff, 0xff, 0xff, 0xff, 0xf, 0xff, 0xff,
    0xff, 0xff, 0xbf, 0xff, 0xf, 0xff, 0xff, 0xff,
    0xfe, 0x0, 0x0, 0x0, 0x0, 0x0, 0x0, 0x0,
    0x0, 0x0, 0x0, 0x0, 0x0, 0x0, 0x0, 0xbf,
    0xfe, 0xb, 0xff, 0xff, 0xff, 0xfe, 0xff, 0xff,
    0xf, 0xff, 0xff, 0xff, 0xff, 0xff, 0xff, 0xf,
    0xff, 0xff, 0xff, 0xff, 0xff, 0xff, 0xf, 0xff,
    0xff, 0xff, 0xff, 0xff, 0xff, 0xf, 0xff, 0xff,
    0xff, 0xff, 0xff, 0xff, 0xf, 0xff, 0xff, 0xff,
    0xff, 0xbf, 0xff, 0xb, 0xff, 0xff, 0xff, 0xfe,
    0x0, 0x0, 0x0, 0x0, 0x0, 0x0, 0x0, 0x0,
    0x0, 0x0, 0x0, 0x0, 0x0, 0x0, 0xbf, 0xff,
    0xf, 0xff, 0xff, 0xff, 0xfe, 0xff, 0xff, 0xf,
    0xff, 0xff, 0xff, 0xff, 0xff, 0xff, 0xf, 0xff,
    0xff, 0xff, 0xff, 0xff, 0xff, 0xf, 0xff, 0xff,
    0xff, 0xff, 0xff, 0xff, 0xf, 0xff, 0xff, 0xff,
    0xff, 0xff, 0xff, 0xf, 0xff, 0xff, 0xff, 0xff,
    0xbf, 0xfe, 0xb, 0xff, 0xff, 0xff, 0xfe,

    /* U+F00C "" */
    0x0, 0x0, 0x0, 0x0, 0x0, 0x1, 0xe0, 0x0,
    0x0, 0x0, 0x0, 0x0, 0x7, 0xf8, 0x0, 0x0,
    0x0, 0x0, 0x0, 0x1f, 0xfe, 0x0, 0x0, 0x0,
    0x0, 0x0, 0x7f, 0xff, 0x0, 0x0, 0x0, 0x0,
    0x1, 0xff, 0xfe, 0x0, 0x0, 0x0, 0x0, 0x7,
    0xff, 0xf8, 0x0, 0x0, 0x0, 0x0, 0x1f, 0xff,
    0xe0, 0xb, 0x40, 0x0, 0x0, 0x7f, 0xff, 0x80,
    0x2f, 0xd0, 0x0, 0x1, 0xff, 0xfe, 0x0, 0xbf,
    0xf4, 0x0, 0x7, 0xff, 0xf8, 0x0, 0xff, 0xfd,
    0x0, 0x1f, 0xff, 0xe0, 0x0, 0xbf, 0xff, 0x40,
    0x7f, 0xff, 0x80, 0x0, 0x2f, 0xff, 0xd1, 0xff,
    0xfe, 0x0, 0x0, 0xb, 0xff, 0xfb, 0xff, 0xf8,
    0x0, 0x0, 0x2, 0xff, 0xff, 0xff, 0xe0, 0x0,
    0x0, 0x0, 0xbf, 0xff, 0xff, 0x80, 0x0, 0x0,
    0x0, 0x2f, 0xff, 0xfe, 0x0, 0x0, 0x0, 0x0,
    0xb, 0xff, 0xf4, 0x0, 0x0, 0x0, 0x0, 0x1,
    0xff, 0xd0, 0x0, 0x0, 0x0, 0x0, 0x0, 0x7f,
    0x40, 0x0, 0x0, 0x0, 0x0, 0x0, 0x1d, 0x0,
    0x0, 0x0, 0x0,

    /* U+F00D "" */
    0x0, 0x0, 0x0, 0x0, 0x0, 0x1f, 0x40, 0x0,
    0x3, 0xe0, 0x7f, 0xd0, 0x0, 0xf, 0xf8, 0xff,
    0xf4, 0x0, 0x3f, 0xfc, 0xff, 0xfd, 0x0, 0xff,
    0xfc, 0x3f, 0xff, 0x43, 0xff, 0xf4, 0xf, 0xff,
    0xdf, 0xff, 0xd0, 0x3, 0xff, 0xff, 0xff, 0x40,
    0x0, 0xff, 0xff, 0xfd, 0x0, 0x0, 0x3f, 0xff,
    0xf4, 0x0, 0x0, 0x1f, 0xff, 0xe0, 0x0, 0x0,
    0x3f, 0xff, 0xf4, 0x0, 0x0, 0xff, 0xff, 0xfd,
    0x0, 0x3, 0xff, 0xff, 0xff, 0x40, 0xf, 0xff,
    0xdf, 0xff, 0xd0, 0x3f, 0xff, 0x43, 0xff, 0xf4,
    0xff, 0xfd, 0x0, 0xff, 0xfc, 0xff, 0xf4, 0x0,
    0x3f, 0xfc, 0x7f, 0xd0, 0x0, 0xf, 0xf8, 0x1f,
    0x40, 0x0, 0x3, 0xe0, 0x0, 0x0, 0x0, 0x0,
    0x0,

    /* U+F011 "" */
    0x0, 0x0, 0x0, 0x69, 0x0, 0x0, 0x0, 0x0,
    0x0, 0x0, 0xff, 0x0, 0x0, 0x0, 0x0, 0x0,
    0x0, 0xff, 0x0, 0x0, 0x0, 0x0, 0xa, 0x0,
    0xff, 0x0, 0xa0, 0x0, 0x0, 0x3f, 0x40, 0xff,
    0x1, 0xfc, 0x0, 0x0, 0xff, 0xc0, 0xff, 0x3,
    0xff, 0x0, 0x3, 0xff, 0xc0, 0xff, 0x3, 0xff,
    0xc0, 0xb, 0xff, 0x0, 0xff, 0x0, 0xff, 0xe0,
    0xf, 0xfc, 0x0, 0xff, 0x0, 0x3f, 0xf0, 0x2f,
    0xf4, 0x0, 0xff, 0x0, 0x1f, 0xf8, 0x3f, 0xf0,
    0x0, 0xff, 0x0, 0xf, 0xfc, 0x3f, 0xd0, 0x0,
    0xff, 0x0, 0x7, 0xfc, 0x7f, 0xc0, 0x0, 0xff,
    0x0, 0x3, 0xfd, 0x7f, 0xc0, 0x0, 0xff, 0x0,
    0x3, 0xfe, 0xbf, 0xc0, 0x0, 0xff, 0x0, 0x3,
    0xfe, 0xbf, 0xc0, 0x0, 0xff, 0x0, 0x3, 0xfd,
    0x7f, 0xc0, 0x0, 0x0, 0x0, 0x3, 0xfd, 0x3f,
    0xd0, 0x0, 0x0, 0x0, 0x7, 0xfc, 0x3f, 0xe0,
    0x0, 0x0, 0x0, 0xb, 0xfc, 0x2f, 0xf4, 0x0,
    0x0, 0x0, 0x1f, 0xf8, 0xf, 0xfc, 0x0, 0x0,
    0x0, 0x3f, 0xf0, 0xb, 0xff, 0x0, 0x0, 0x0,
    0xff, 0xe0, 0x3, 0xff, 0xe0, 0x0, 0xb, 0xff,
    0xc0, 0x0, 0xff, 0xfe, 0x55, 0xbf, 0xff, 0x0,
    0x0, 0x3f, 0xff, 0xff, 0xff, 0xfc, 0x0, 0x0,
    0xf, 0xff, 0xff, 0xff, 0xf0, 0x0, 0x0, 0x1,
    0xff, 0xff, 0xff, 0x40, 0x0, 0x0, 0x0, 0x1b,
    0xff, 0xe4, 0x0, 0x0, 0x0, 0x0, 0x0, 0x0,
    0x0, 0x0, 0x0,

    /* U+F013 "" */
    0x0, 0x0, 0x0, 0x0, 0x0, 0x0, 0x0, 0x0,
    0x0, 0x3f, 0xfd, 0x0, 0x0, 0x0, 0x0, 0x1,
    0xff, 0xf8, 0x0, 0x0, 0x0, 0x0, 0x7, 0xff,
    0xe0, 0x0, 0x0, 0x0, 0x0, 0x2f, 0xff, 0xc0,
    0x0, 0x0, 0xe, 0x7, 0xff, 0xff, 0xe0, 0x74,
    0x0, 0xff, 0xbf, 0xff, 0xff, 0xff, 0xf0, 0x7,
    0xff, 0xff, 0xff, 0xff, 0xff, 0xe0, 0x3f, 0xff,
    0xff, 0xff, 0xff, 0xff, 0xd1, 0xff, 0xff, 0xff,
    0xff, 0xff, 0xff, 0x8f, 0xff, 0xff, 0xd0, 0x7f,
    0xff, 0xff, 0xf, 0xff, 0xfc, 0x0, 0x2f, 0xff,
    0xf4, 0x7, 0xff, 0xd0, 0x0, 0x3f, 0xfe, 0x0,
    0x1f, 0xff, 0x0, 0x0, 0xbf, 0xf8, 0x0, 0x7f,
    0xfc, 0x0, 0x2, 0xff, 0xe0, 0x1, 0xff, 0xf0,
    0x0, 0xb, 0xff, 0x80, 0x7, 0xff, 0xd0, 0x0,
    0x3f, 0xfe, 0x0, 0xff, 0xff, 0xc0, 0x2, 0xff,
    0xff, 0x4f, 0xff, 0xff, 0xd0, 0x7f, 0xff, 0xff,
    0x1f, 0xff, 0xff, 0xff, 0xff, 0xff, 0xf8, 0x3f,
    0xff, 0xff, 0xff, 0xff, 0xff, 0xd0, 0x7f, 0xff,
    0xff, 0xff, 0xff, 0xfe, 0x0, 0xff, 0xbf, 0xff,
    0xff, 0xff, 0xf0, 0x0, 0xe0, 0x7f, 0xff, 0xfe,
    0x7, 0x40, 0x0, 0x0, 0x2f, 0xff, 0xc0, 0x0,
    0x0, 0x0, 0x0, 0x7f, 0xfe, 0x0, 0x0, 0x0,
    0x0, 0x1, 0xff, 0xf8, 0x0, 0x0, 0x0, 0x0,
    0x3, 0xff, 0xd0, 0x0, 0x0, 0x0, 0x0, 0x0,
    0x0, 0x0, 0x0, 0x0,

    /* U+F015 "" */
    0x0, 0x0, 0x0, 0x1, 0x40, 0x6, 0xa4, 0x0,
    0x0, 0x0, 0x0, 0x1f, 0xf0, 0xb, 0xf8, 0x0,
    0x0, 0x0, 0x0, 0xbf, 0xfc, 0xb, 0xf8, 0x0,
    0x0, 0x0, 0x3, 0xff, 0xff, 0x4b, 0xf8, 0x0,
    0x0, 0x0, 0xf, 0xfe, 0xff, 0xeb, 0xf8, 0x0,
    0x0, 0x0, 0x7f, 0xf0, 0x2f, 0xff, 0xf8, 0x0,
    0x0, 0x2, 0xff, 0xc0, 0x7, 0xff, 0xf8, 0x0,
    0x0, 0xb, 0xfe, 0xb, 0xc1, 0xff, 0xf8, 0x0,
    0x0, 0x3f, 0xf8, 0x2f, 0xf4, 0x3f, 0xf8, 0x0,
    0x1, 0xff, 0xd0, 0xff, 0xfd, 0xb, 0xfe, 0x0,
    0x7, 0xff, 0x3, 0xff, 0xff, 0x82, 0xff, 0xc0,
    0x2f, 0xfc, 0x1f, 0xff, 0xff, 0xf0, 0x7f, 0xf0,
    0xbf, 0xe0, 0xbf, 0xff, 0xff, 0xfc, 0x1f, 0xfd,
    0xbf, 0x42, 0xff, 0xff, 0xff, 0xff, 0x43, 0xfc,
    0x3d, 0xf, 0xff, 0xff, 0xff, 0xff, 0xe0, 0xb4,
    0x0, 0x2f, 0xff, 0xff, 0xff, 0xff, 0xf0, 0x0,
    0x0, 0x3f, 0xff, 0xff, 0xff, 0xff, 0xf4, 0x0,
    0x0, 0x3f, 0xff, 0xff, 0xff, 0xff, 0xf4, 0x0,
    0x0, 0x3f, 0xff, 0xd0, 0xf, 0xff, 0xf4, 0x0,
    0x0, 0x3f, 0xff, 0xc0, 0xb, 0xff, 0xf4, 0x0,
    0x0, 0x3f, 0xff, 0xc0, 0xb, 0xff, 0xf4, 0x0,
    0x0, 0x3f, 0xff, 0xc0, 0xb, 0xff, 0xf4, 0x0,
    0x0, 0x3f, 0xff, 0xc0, 0xb, 0xff, 0xf4, 0x0,
    0x0, 0x3f, 0xff, 0xc0, 0xb, 0xff, 0xf4, 0x0,
    0x0, 0x2f, 0xff, 0xc0, 0x7, 0xff, 0xf0, 0x0,

    /* U+F019 "" */
    0x0, 0x0, 0x0, 0x55, 0x0, 0x0, 0x0, 0x0,
    0x0, 0x7, 0xff, 0xd0, 0x0, 0x0, 0x0, 0x0,
    0xb, 0xff, 0xe0, 0x0, 0x0, 0x0, 0x0, 0xb,
    0xff, 0xe0, 0x0, 0x0, 0x0, 0x0, 0xb, 0xff,
    0xe0, 0x0, 0x0, 0x0, 0x0, 0xb, 0xff, 0xe0,
    0x0, 0x0, 0x0, 0x0, 0xb, 0xff, 0xe0, 0x0,
    0x0, 0x0, 0x0, 0xb, 0xff, 0xe0, 0x0, 0x0,
    0x0, 0x0, 0xb, 0xff, 0xe0, 0x0, 0x0, 0x0,
    0x0, 0xb, 0xff, 0xe0, 0x0, 0x0, 0x0, 0x0,
    0xb, 0xff, 0xe0, 0x0, 0x0, 0x0, 0x3f, 0xff,
    0xff, 0xff, 0xfc, 0x0, 0x0, 0x7f, 0xff, 0xff,
    0xff, 0xfd, 0x0, 0x0, 0x2f, 0xff, 0xff, 0xff,
    0xf8, 0x0, 0x0, 0xb, 0xff, 0xff, 0xff, 0xe0,
    0x0, 0x0, 0x2, 0xff, 0xff, 0xff, 0x80, 0x0,
    0x0, 0x0, 0xbf, 0xff, 0xfe, 0x0, 0x0, 0x0,
    0x0, 0x2f, 0xff, 0xf8, 0x0, 0x0, 0x0, 0x0,
    0xb, 0xff, 0xe0, 0x0, 0x0, 0x0, 0x0, 0x2,
    0xff, 0x80, 0x0, 0x0, 0xbf, 0xff, 0xf0, 0xbe,
    0xf, 0xff, 0xfe, 0xff, 0xff, 0xfc, 0x14, 0x3f,
    0xff, 0xff, 0xff, 0xff, 0xff, 0x0, 0xff, 0xff,
    0xff, 0xff, 0xff, 0xff, 0xff, 0xff, 0xff, 0xff,
    0xff, 0xff, 0xff, 0xff, 0xff, 0xff, 0xff, 0xff,
    0xff, 0xff, 0xff, 0xfd, 0x38, 0xbf, 0xff, 0xff,
    0xff, 0xff, 0xfd, 0x3c, 0xbf, 0xff, 0xff, 0xff,
    0xff, 0xff, 0xff, 0xff, 0x1a, 0xaa, 0xaa, 0xaa,
    0xaa, 0xaa, 0xa4,

    /* U+F01C "" */
    0x0, 0x2, 0xff, 0xff, 0xff, 0xff, 0x80, 0x0,
    0x0, 0xf, 0xff, 0xff, 0xff, 0xff, 0xe0, 0x0,
    0x0, 0x2f, 0xff, 0xff, 0xff, 0xff, 0xf0, 0x0,
    0x0, 0x7f, 0xea, 0xaa, 0xaa, 0xab, 0xfc, 0x0,
    0x0, 0xff, 0x0, 0x0, 0x0, 0x2, 0xfe, 0x0,
    0x2, 0xfe, 0x0, 0x0, 0x0, 0x0, 0xff, 0x0,
    0x7, 0xfc, 0x0, 0x0, 0x0, 0x0, 0x7f, 0xc0,
    0xf, 0xf0, 0x0, 0x0, 0x0, 0x0, 0x2f, 0xe0,
    0x2f, 0xe0, 0x0, 0x0, 0x0, 0x0, 0xf, 0xf0,
    0x7f, 0xc0, 0x0, 0x0, 0x0, 0x0, 0x7, 0xfc,
    0xff, 0xaa, 0xa4, 0x0, 0x0, 0x6a, 0xab, 0xfd,
    0xff, 0xff, 0xfd, 0x0, 0x0, 0xff, 0xff, 0xfd,
    0xff, 0xff, 0xff, 0x0, 0x1, 0xff, 0xff, 0xfe,
    0xff, 0xff, 0xff, 0x40, 0x3, 0xff, 0xff, 0xfe,
    0xff, 0xff, 0xff, 0xff, 0xff, 0xff, 0xff, 0xfe,
    0xff, 0xff, 0xff, 0xff, 0xff, 0xff, 0xff, 0xfe,
    0xff, 0xff, 0xff, 0xff, 0xff, 0xff, 0xff, 0xfe,
    0xff, 0xff, 0xff, 0xff, 0xff, 0xff, 0xff, 0xfe,
    0xff, 0xff, 0xff, 0xff, 0xff, 0xff, 0xff, 0xfd,
    0xbf, 0xff, 0xff, 0xff, 0xff, 0xff, 0xff, 0xfc,
    0x2f, 0xff, 0xff, 0xff, 0xff, 0xff, 0xff, 0xf4,

    /* U+F021 "" */
    0x0, 0x0, 0x0, 0x0, 0x0, 0x0, 0x69, 0x0,
    0x0, 0x1b, 0xff, 0x90, 0x0, 0xff, 0x0, 0x1,
    0xff, 0xff, 0xfe, 0x0, 0xff, 0x0, 0xb, 0xff,
    0xff, 0xff, 0xe0, 0xff, 0x0, 0x3f, 0xff, 0xff,
    0xff, 0xfc, 0xbf, 0x0, 0xff, 0xf9, 0x0, 0x6f,
    0xff, 0xff, 0x3, 0xff, 0xc0, 0x0, 0x3, 0xff,
    0xff, 0xb, 0xfe, 0x0, 0x0, 0x0, 0xbf, 0xff,
    0xf, 0xf8, 0x0, 0x0, 0x0, 0x2f, 0xff, 0x2f,
    0xf0, 0x0, 0x0, 0xff, 0xff, 0xff, 0x3f, 0xd0,
    0x0, 0x1, 0xff, 0xff, 0xff, 0x3f, 0xc0, 0x0,
    0x1, 0xff, 0xff, 0xff, 0x2f, 0x40, 0x0, 0x0,
    0xbf, 0xff, 0xfe, 0x0, 0x0, 0x0, 0x0, 0x0,
    0x0, 0x0, 0x0, 0x0, 0x0, 0x0, 0x0, 0x0,
    0x0, 0x0, 0x0, 0x0, 0x0, 0x0, 0x0, 0x0,
    0xbf, 0xff, 0xfe, 0x0, 0x0, 0x1, 0xb8, 0xff,
    0xff, 0xff, 0x40, 0x0, 0x3, 0xfc, 0xff, 0xff,
    0xff, 0x40, 0x0, 0x7, 0xfc, 0xff, 0xff, 0xff,
    0x0, 0x0, 0xf, 0xf8, 0xff, 0xf8, 0x0, 0x0,
    0x0, 0x2f, 0xf0, 0xff, 0xfe, 0x0, 0x0, 0x0,
    0xbf, 0xe0, 0xff, 0xff, 0x80, 0x0, 0x3, 0xff,
    0xc0, 0xff, 0xff, 0xf9, 0x0, 0x6f, 0xff, 0x0,
    0xfe, 0x3f, 0xff, 0xff, 0xff, 0xfc, 0x0, 0xff,
    0xb, 0xff, 0xff, 0xff, 0xe0, 0x0, 0xff, 0x0,
    0xbf, 0xff, 0xff, 0x40, 0x0, 0xff, 0x0, 0x7,
    0xff, 0xe4, 0x0, 0x0, 0x69, 0x0, 0x0, 0x0,
    0x0, 0x0, 0x0,

    /* U+F026 "" */
    0x0, 0x0, 0x0, 0x0, 0x0, 0x0, 0x9, 0x0,
    0x0, 0x3, 0xf0, 0x0, 0x0, 0xff, 0x0, 0x0,
    0x3f, 0xf0, 0x0, 0xf, 0xff, 0x2a, 0xab, 0xff,
    0xff, 0xff, 0xff, 0xff, 0xff, 0xff, 0xff, 0xff,
    0xff, 0xff, 0xff, 0xff, 0xff, 0xff, 0xff, 0xff,
    0xff, 0xff, 0xff, 0xff, 0xff, 0xff, 0xff, 0xff,
    0xff, 0xff, 0xff, 0xff, 0xff, 0xff, 0xff, 0xff,
    0xbf, 0xff, 0xff, 0xf0, 0x0, 0x2f, 0xff, 0x0,
    0x0, 0xbf, 0xf0, 0x0, 0x2, 0xff, 0x0, 0x0,
    0xb, 0xf0, 0x0, 0x0, 0x2f, 0x0, 0x0, 0x0,
    0x0,

    /* U+F027 "" */
    0x0, 0x0, 0x0, 0x0, 0x0, 0x0, 0x0, 0x0,
    0x24, 0x0, 0x0, 0x0, 0x0, 0x3f, 0x0, 0x0,
    0x0, 0x0, 0x3f, 0xc0, 0x0, 0x0, 0x0, 0x3f,
    0xf0, 0x0, 0x0, 0x0, 0x3f, 0xfc, 0x0, 0x2,
    0xaa, 0xbf, 0xff, 0x0, 0x3, 0xff, 0xff, 0xff,
    0xc0, 0xa0, 0xff, 0xff, 0xff, 0xf0, 0x7f, 0x3f,
    0xff, 0xff, 0xfc, 0xf, 0xdf, 0xff, 0xff, 0xff,
    0x0, 0xff, 0xff, 0xff, 0xff, 0xc0, 0x2f, 0xff,
    0xff, 0xff, 0xf0, 0xf, 0xff, 0xff, 0xff, 0xfc,
    0xb, 0xef, 0xff, 0xff, 0xff, 0x7, 0xf3, 0xff,
    0xff, 0xff, 0xc0, 0xe0, 0xbf, 0xff, 0xff, 0xf0,
    0x0, 0x0, 0x0, 0xbf, 0xfc, 0x0, 0x0, 0x0,
    0xb, 0xff, 0x0, 0x0, 0x0, 0x0, 0xbf, 0xc0,
    0x0, 0x0, 0x0, 0xb, 0xf0, 0x0, 0x0, 0x0,
    0x0, 0xbc, 0x0, 0x0, 0x0, 0x0, 0x0, 0x0,
    0x0,

    /* U+F028 "" */
    0x0, 0x0, 0x0, 0x0, 0x0, 0x2, 0x40, 0x0,
    0x0, 0x0, 0x0, 0x0, 0x0, 0x7, 0xe0, 0x0,
    0x0, 0x0, 0x0, 0x0, 0x0, 0x3, 0xfc, 0x0,
    0x0, 0x0, 0x0, 0x90, 0x0, 0x0, 0xff, 0x0,
    0x0, 0x0, 0x3, 0xf0, 0x0, 0x0, 0x3f, 0x80,
    0x0, 0x0, 0xf, 0xf0, 0x1, 0xf4, 0xf, 0xc0,
    0x0, 0x0, 0x3f, 0xf0, 0x1, 0xfd, 0x7, 0xf0,
    0x0, 0x0, 0xff, 0xf0, 0x0, 0x7f, 0x42, 0xf4,
    0x2a, 0xab, 0xff, 0xf0, 0x0, 0x1f, 0xc0, 0xf8,
    0xff, 0xff, 0xff, 0xf0, 0x38, 0xb, 0xd0, 0xfc,
    0xff, 0xff, 0xff, 0xf0, 0x7f, 0x3, 0xf0, 0xbc,
    0xff, 0xff, 0xff, 0xf0, 0x3f, 0x82, 0xf0, 0x7d,
    0xff, 0xff, 0xff, 0xf0, 0xf, 0xc1, 0xf0, 0x3d,
    0xff, 0xff, 0xff, 0xf0, 0xb, 0xc1, 0xf0, 0x3d,
    0xff, 0xff, 0xff, 0xf0, 0xf, 0xc1, 0xf0, 0x3d,
    0xff, 0xff, 0xff, 0xf0, 0x3f, 0x82, 0xf0, 0x7d,
    0xff, 0xff, 0xff, 0xf0, 0x7f, 0x3, 0xf0, 0xbc,
    0xff, 0xff, 0xff, 0xf0, 0x38, 0xb, 0xd0, 0xfc,
    0xbf, 0xff, 0xff, 0xf0, 0x0, 0x1f, 0xc0, 0xf8,
    0x0, 0x2, 0xff, 0xf0, 0x0, 0x7f, 0x42, 0xf4,
    0x0, 0x0, 0xbf, 0xf0, 0x1, 0xfd, 0x7, 0xf0,
    0x0, 0x0, 0x2f, 0xf0, 0x1, 0xf4, 0xf, 0xc0,
    0x0, 0x0, 0xb, 0xf0, 0x0, 0x0, 0x3f, 0x80,
    0x0, 0x0, 0x2, 0xf0, 0x0, 0x0, 0xff, 0x0,
    0x0, 0x0, 0x0, 0x0, 0x0, 0x3, 0xfc, 0x0,
    0x0, 0x0, 0x0, 0x0, 0x0, 0x7, 0xe0, 0x0,
    0x0, 0x0, 0x0, 0x0, 0x0, 0x2, 0x40, 0x0,

    /* U+F03E "" */
    0x2f, 0xff, 0xff, 0xff, 0xff, 0xff, 0xf8, 0xbf,
    0xff, 0xff, 0xff, 0xff, 0xff, 0xfe, 0xff, 0xff,
    0xff, 0xff, 0xff, 0xff, 0xff, 0xff, 0x81, 0xff,
    0xff, 0xff, 0xff, 0xff, 0xfe, 0x0, 0x7f, 0xff,
    0xff, 0xff, 0xff, 0xfc, 0x0, 0x3f, 0xff, 0xff,
    0xff, 0xff, 0xfc, 0x0, 0x3f, 0xff, 0xfe, 0xff,
    0xff, 0xfd, 0x0, 0x3f, 0xff, 0xf0, 0x7f, 0xff,
    0xff, 0x40, 0xff, 0xff, 0xc0, 0x1f, 0xff, 0xff,
    0xff, 0xff, 0xff, 0x0, 0x7, 0xff, 0xff, 0xff,
    0xff, 0xfc, 0x0, 0x1, 0xff, 0xff, 0xfc, 0x3f,
    0xf0, 0x0, 0x0, 0xbf, 0xff, 0xf0, 0xf, 0xc0,
    0x0, 0x0, 0xbf, 0xff, 0xc0, 0x2, 0x0, 0x0,
    0x0, 0xbf, 0xff, 0x0, 0x0, 0x0, 0x0, 0x0,
    0xbf, 0xfe, 0x0, 0x0, 0x0, 0x0, 0x0, 0xbf,
    0xfe, 0x0, 0x0, 0x0, 0x0, 0x0, 0xbf, 0xff,
    0xaa, 0xaa, 0xaa, 0xaa, 0xaa, 0xff, 0xff, 0xff,
    0xff, 0xff, 0xff, 0xff, 0xff, 0xbf, 0xff, 0xff,
    0xff, 0xff, 0xff, 0xfe, 0x2f, 0xff, 0xff, 0xff,
    0xff, 0xff, 0xf8,

    /* U+F043 "" */
    0x0, 0x0, 0x24, 0x0, 0x0, 0x0, 0x0, 0xfc,
    0x0, 0x0, 0x0, 0x1, 0xfe, 0x0, 0x0, 0x0,
    0x2, 0xff, 0x0, 0x0, 0x0, 0x3, 0xff, 0x40,
    0x0, 0x0, 0xb, 0xff, 0xc0, 0x0, 0x0, 0xf,
    0xff, 0xd0, 0x0, 0x0, 0x2f, 0xff, 0xf0, 0x0,
    0x0, 0x3f, 0xff, 0xf4, 0x0, 0x0, 0xff, 0xff,
    0xfc, 0x0, 0x1, 0xff, 0xff, 0xfe, 0x0, 0x3,
    0xff, 0xff, 0xff, 0x40, 0xf, 0xff, 0xff, 0xff,
    0xc0, 0x1f, 0xff, 0xff, 0xff, 0xe0, 0x3f, 0xff,
    0xff, 0xff, 0xf0, 0x7f, 0xff, 0xff, 0xff, 0xf8,
    0xbf, 0xff, 0xff, 0xff, 0xfc, 0xff, 0xff, 0xff,
    0xff, 0xfc, 0xfe, 0x3f, 0xff, 0xff, 0xfc, 0xfe,
    0x2f, 0xff, 0xff, 0xfc, 0xff, 0x1f, 0xff, 0xff,
    0xfc, 0xbf, 0xf, 0xff, 0xff, 0xfc, 0x7f, 0x82,
    0xff, 0xff, 0xf4, 0x3f, 0xe0, 0xf, 0xff, 0xf0,
    0xf, 0xfd, 0xb, 0xff, 0xd0, 0x7, 0xff, 0xff,
    0xff, 0x80, 0x1, 0xff, 0xff, 0xfd, 0x0, 0x0,
    0x2f, 0xff, 0xe0, 0x0, 0x0, 0x1, 0x55, 0x0,
    0x0,

    /* U+F048 "" */
    0x6a, 0x0, 0x0, 0x1, 0x4b, 0xf0, 0x0, 0x0,
    0xbe, 0xbf, 0x0, 0x0, 0x3f, 0xfb, 0xf0, 0x0,
    0xf, 0xff, 0xbf, 0x0, 0x3, 0xff, 0xfb, 0xf0,
    0x0, 0xff, 0xff, 0xbf, 0x0, 0x7f, 0xff, 0xfb,
    0xf0, 0x1f, 0xff, 0xff, 0xbf, 0x7, 0xff, 0xff,
    0xfb, 0xf1, 0xff, 0xff, 0xff, 0xbf, 0xbf, 0xff,
    0xff, 0xfb, 0xff, 0xff, 0xff, 0xff, 0xbf, 0xff,
    0xff, 0xff, 0xfb, 0xff, 0xff, 0xff, 0xff, 0xbf,
    0xff, 0xff, 0xff, 0xfb, 0xf7, 0xff, 0xff, 0xff,
    0xbf, 0xf, 0xff, 0xff, 0xfb, 0xf0, 0x2f, 0xff,
    0xff, 0xbf, 0x0, 0xbf, 0xff, 0xfb, 0xf0, 0x2,
    0xff, 0xff, 0xbf, 0x0, 0x7, 0xff, 0xfb, 0xf0,
    0x0, 0x1f, 0xff, 0xbf, 0x0, 0x0, 0x7f, 0xfb,
    0xf0, 0x0, 0x1, 0xfe, 0xbf, 0x0, 0x0, 0x3,
    0xc0, 0x0, 0x0, 0x0, 0x0,

    /* U+F04B "" */
    0x5, 0x0, 0x0, 0x0, 0x0, 0x0, 0x1f, 0xf0,
    0x0, 0x0, 0x0, 0x0, 0xf, 0xff, 0x80, 0x0,
    0x0, 0x0, 0x3, 0xff, 0xfd, 0x0, 0x0, 0x0,
    0x0, 0xff, 0xff, 0xf0, 0x0, 0x0, 0x0, 0x3f,
    0xff, 0xff, 0x80, 0x0, 0x0, 0xf, 0xff, 0xff,
    0xfd, 0x0, 0x0, 0x3, 0xff, 0xff, 0xff, 0xf4,
    0x0, 0x0, 0xff, 0xff, 0xff, 0xff, 0x80, 0x0,
    0x3f, 0xff, 0xff, 0xff, 0xfe, 0x0, 0xf, 0xff,
    0xff, 0xff, 0xff, 0xf4, 0x3, 0xff, 0xff, 0xff,
    0xff, 0xff, 0x80, 0xff, 0xff, 0xff, 0xff, 0xff,
    0xfd, 0x3f, 0xff, 0xff, 0xff, 0xff, 0xff, 0xdf,
    0xff, 0xff, 0xff, 0xff, 0xff, 0xf7, 0xff, 0xff,
    0xff, 0xff, 0xff, 0xfd, 0xff, 0xff, 0xff, 0xff,
    0xff, 0xfd, 0x3f, 0xff, 0xff, 0xff, 0xff, 0xf8,
    0xf, 0xff, 0xff, 0xff, 0xff, 0xf4, 0x3, 0xff,
    0xff, 0xff, 0xff, 0xe0, 0x0, 0xff, 0xff, 0xff,
    0xff, 0x80, 0x0, 0x3f, 0xff, 0xff, 0xff, 0x40,
    0x0, 0xf, 0xff, 0xff, 0xfd, 0x0, 0x0, 0x3,
    0xff, 0xff, 0xf8, 0x0, 0x0, 0x0, 0xff, 0xff,
    0xf0, 0x0, 0x0, 0x0, 0x3f, 0xff, 0xd0, 0x0,
    0x0, 0x0, 0xf, 0xff, 0x80, 0x0, 0x0, 0x0,
    0x1, 0xff, 0x0, 0x0, 0x0, 0x0, 0x0, 0x5,
    0x0, 0x0, 0x0, 0x0, 0x0, 0x0,

    /* U+F04C "" */
    0x2f, 0xff, 0xd0, 0x2, 0xff, 0xfd, 0x2f, 0xff,
    0xfc, 0x2, 0xff, 0xff, 0xcf, 0xff, 0xff, 0x40,
    0xff, 0xff, 0xf7, 0xff, 0xff, 0xe0, 0x3f, 0xff,
    0xfe, 0xff, 0xff, 0xf8, 0xf, 0xff, 0xff, 0xbf,
    0xff, 0xfe, 0x3, 0xff, 0xff, 0xef, 0xff, 0xff,
    0x80, 0xff, 0xff, 0xfb, 0xff, 0xff, 0xe0, 0x3f,
    0xff, 0xfe, 0xff, 0xff, 0xf8, 0xf, 0xff, 0xff,
    0xbf, 0xff, 0xfe, 0x3, 0xff, 0xff, 0xef, 0xff,
    0xff, 0x80, 0xff, 0xff, 0xfb, 0xff, 0xff, 0xe0,
    0x3f, 0xff, 0xfe, 0xff, 0xff, 0xf8, 0xf, 0xff,
    0xff, 0xbf, 0xff, 0xfe, 0x3, 0xff, 0xff, 0xef,
    0xff, 0xff, 0x80, 0xff, 0xff, 0xfb, 0xff, 0xff,
    0xe0, 0x3f, 0xff, 0xfe, 0xff, 0xff, 0xf8, 0xf,
    0xff, 0xff, 0xbf, 0xff, 0xfe, 0x3, 0xff, 0xff,
    0xef, 0xff, 0xff, 0x80, 0xff, 0xff, 0xfb, 0xff,
    0xff, 0xe0, 0x3f, 0xff, 0xfe, 0xff, 0xff, 0xf8,
    0xf, 0xff, 0xff, 0xbf, 0xff, 0xfd, 0x3, 0xff,
    0xff, 0xdf, 0xff, 0xff, 0x40, 0xff, 0xff, 0xf5,
    0xff, 0xff, 0xc0, 0x1f, 0xff, 0xfc, 0x1a, 0xaa,
    0x40, 0x1, 0xaa, 0xa4, 0x0,

    /* U+F04D "" */
    0xa, 0xaa, 0xaa, 0xaa, 0xaa, 0xa4, 0x1f, 0xff,
    0xff, 0xff, 0xff, 0xff, 0xcf, 0xff, 0xff, 0xff,
    0xff, 0xff, 0xf7, 0xff, 0xff, 0xff, 0xff, 0xff,
    0xfd, 0xff, 0xff, 0xff, 0xff, 0xff, 0xff, 0xbf,
    0xff, 0xff, 0xff, 0xff, 0xff, 0xef, 0xff, 0xff,
    0xff, 0xff, 0xff, 0xfb, 0xff, 0xff, 0xff, 0xff,
    0xff, 0xfe, 0xff, 0xff, 0xff, 0xff, 0xff, 0xff,
    0xbf, 0xff, 0xff, 0xff, 0xff, 0xff, 0xef, 0xff,
    0xff, 0xff, 0xff, 0xff, 0xfb, 0xff, 0xff, 0xff,
    0xff, 0xff, 0xfe, 0xff, 0xff, 0xff, 0xff, 0xff,
    0xff, 0xbf, 0xff, 0xff, 0xff, 0xff, 0xff, 0xef,
    0xff, 0xff, 0xff, 0xff, 0xff, 0xfb, 0xff, 0xff,
    0xff, 0xff, 0xff, 0xfe, 0xff, 0xff, 0xff, 0xff,
    0xff, 0xff, 0xbf, 0xff, 0xff, 0xff, 0xff, 0xff,
    0xef, 0xff, 0xff, 0xff, 0xff, 0xff, 0xfb, 0xff,
    0xff, 0xff, 0xff, 0xff, 0xfe, 0xff, 0xff, 0xff,
    0xff, 0xff, 0xff, 0xbf, 0xff, 0xff, 0xff, 0xff,
    0xff, 0xef, 0xff, 0xff, 0xff, 0xff, 0xff, 0xf6,
    0xff, 0xff, 0xff, 0xff, 0xff, 0xfc, 0x2f, 0xff,
    0xff, 0xff, 0xff, 0xfd, 0x0,

    /* U+F051 "" */
    0x18, 0x0, 0x0, 0x6, 0x97, 0xf0, 0x0, 0x0,
    0xff, 0x7f, 0xc0, 0x0, 0xf, 0xfb, 0xff, 0x40,
    0x0, 0xff, 0xbf, 0xfd, 0x0, 0xf, 0xfb, 0xff,
    0xf4, 0x0, 0xff, 0xbf, 0xff, 0xe0, 0xf, 0xfb,
    0xff, 0xff, 0x80, 0xff, 0xbf, 0xff, 0xfe, 0xf,
    0xfb, 0xff, 0xff, 0xf8, 0xff, 0xbf, 0xff, 0xff,
    0xff, 0xfb, 0xff, 0xff, 0xff, 0xff, 0xbf, 0xff,
    0xff, 0xff, 0xfb, 0xff, 0xff, 0xff, 0xff, 0xbf,
    0xff, 0xff, 0xff, 0xfb, 0xff, 0xff, 0xfc, 0xff,
    0xbf, 0xff, 0xff, 0xf, 0xfb, 0xff, 0xff, 0xc0,
    0xff, 0xbf, 0xff, 0xf0, 0xf, 0xfb, 0xff, 0xfc,
    0x0, 0xff, 0xbf, 0xfe, 0x0, 0xf, 0xfb, 0xff,
    0x80, 0x0, 0xff, 0xbf, 0xe0, 0x0, 0xf, 0xf7,
    0xf8, 0x0, 0x0, 0xff, 0x3d, 0x0, 0x0, 0xf,
    0xf0, 0x0, 0x0, 0x0, 0x0,

    /* U+F052 "" */
    0x0, 0x0, 0x0, 0xa4, 0x0, 0x0, 0x0, 0x0,
    0x0, 0x3f, 0xe0, 0x0, 0x0, 0x0, 0x0, 0xf,
    0xff, 0x40, 0x0, 0x0, 0x0, 0x3, 0xff, 0xfd,
    0x0, 0x0, 0x0, 0x0, 0xbf, 0xff, 0xf4, 0x0,
    0x0, 0x0, 0x2f, 0xff, 0xff, 0xc0, 0x0, 0x0,
    0xb, 0xff, 0xff, 0xff, 0x0, 0x0, 0x2, 0xff,
    0xff, 0xff, 0xfc, 0x0, 0x0, 0x7f, 0xff, 0xff,
    0xff, 0xf0, 0x0, 0x1f, 0xff, 0xff, 0xff, 0xff,
    0xc0, 0x7, 0xff, 0xff, 0xff, 0xff, 0xfe, 0x0,
    0xff, 0xff, 0xff, 0xff, 0xff, 0xf8, 0x3f, 0xff,
    0xff, 0xff, 0xff, 0xff, 0xd3, 0xff, 0xff, 0xff,
    0xff, 0xff, 0xfd, 0x2f, 0xff, 0xff, 0xff, 0xff,
    0xff, 0xc0, 0xbf, 0xff, 0xff, 0xff, 0xff, 0xf4,
    0x0, 0x0, 0x0, 0x0, 0x0, 0x0, 0x0, 0x0,
    0x0, 0x0, 0x0, 0x0, 0x0, 0x1f, 0xff, 0xff,
    0xff, 0xff, 0xff, 0xc3, 0xff, 0xff, 0xff, 0xff,
    0xff, 0xfd, 0x3f, 0xff, 0xff, 0xff, 0xff, 0xff,
    0xe3, 0xff, 0xff, 0xff, 0xff, 0xff, 0xfe, 0x3f,
    0xff, 0xff, 0xff, 0xff, 0xff, 0xe3, 0xff, 0xff,
    0xff, 0xff, 0xff, 0xfd, 0x1f, 0xff, 0xff, 0xff,
    0xff, 0xff, 0x80,

    /* U+F053 "" */
    0x0, 0x0, 0x0, 0x80, 0x0, 0x0, 0x7, 0xf0,
    0x0, 0x0, 0x1f, 0xfc, 0x0, 0x0, 0x7f, 0xfc,
    0x0, 0x1, 0xff, 0xf0, 0x0, 0x7, 0xff, 0xc0,
    0x0, 0x1f, 0xff, 0x0, 0x0, 0x7f, 0xfc, 0x0,
    0x1, 0xff, 0xf0, 0x0, 0x7, 0xff, 0xc0, 0x0,
    0x1f, 0xff, 0x0, 0x0, 0x3f, 0xfc, 0x0, 0x0,
    0x7f, 0xf4, 0x0, 0x0, 0x2f, 0xfd, 0x0, 0x0,
    0xb, 0xff, 0x40, 0x0, 0x2, 0xff, 0xd0, 0x0,
    0x0, 0xbf, 0xf4, 0x0, 0x0, 0x2f, 0xfd, 0x0,
    0x0, 0xb, 0xff, 0x40, 0x0, 0x3, 0xff, 0xd0,
    0x0, 0x0, 0xff, 0xf4, 0x0, 0x0, 0x3f, 0xfc,
    0x0, 0x0, 0xf, 0xf8, 0x0, 0x0, 0x2, 0xe0,
    0x0, 0x0, 0x0, 0x0,

    /* U+F054 "" */
    0x6, 0x0, 0x0, 0x0, 0x2f, 0x80, 0x0, 0x0,
    0x7f, 0xe0, 0x0, 0x0, 0x7f, 0xf8, 0x0, 0x0,
    0x1f, 0xfe, 0x0, 0x0, 0x7, 0xff, 0x80, 0x0,
    0x1, 0xff, 0xe0, 0x0, 0x0, 0x7f, 0xf8, 0x0,
    0x0, 0x1f, 0xfe, 0x0, 0x0, 0x7, 0xff, 0x80,
    0x0, 0x1, 0xff, 0xe0, 0x0, 0x0, 0x7f, 0xf8,
    0x0, 0x0, 0x3f, 0xfc, 0x0, 0x0, 0xff, 0xf4,
    0x0, 0x3, 0xff, 0xd0, 0x0, 0xf, 0xff, 0x40,
    0x0, 0x3f, 0xfd, 0x0, 0x0, 0xff, 0xf4, 0x0,
    0x3, 0xff, 0xd0, 0x0, 0xf, 0xff, 0x40, 0x0,
    0x3f, 0xfd, 0x0, 0x0, 0x7f, 0xf4, 0x0, 0x0,
    0x3f, 0xd0, 0x0, 0x0, 0xf, 0x40, 0x0, 0x0,
    0x0, 0x0, 0x0, 0x0,

    /* U+F067 "" */
    0x0, 0x0, 0x6, 0xa0, 0x0, 0x0, 0x0, 0x0,
    0x3, 0xfe, 0x0, 0x0, 0x0, 0x0, 0x1, 0xff,
    0xc0, 0x0, 0x0, 0x0, 0x0, 0x7f, 0xf0, 0x0,
    0x0, 0x0, 0x0, 0x1f, 0xfc, 0x0, 0x0, 0x0,
    0x0, 0x7, 0xff, 0x0, 0x0, 0x0, 0x0, 0x1,
    0xff, 0xc0, 0x0, 0x0, 0x0, 0x0, 0x7f, 0xf0,
    0x0, 0x0, 0x0, 0x0, 0x1f, 0xfc, 0x0, 0x0,
    0x0, 0x0, 0x7, 0xff, 0x0, 0x0, 0x7, 0xff,
    0xff, 0xff, 0xff, 0xff, 0xf3, 0xff, 0xff, 0xff,
    0xff, 0xff, 0xfd, 0xff, 0xff, 0xff, 0xff, 0xff,
    0xff, 0xbf, 0xff, 0xff, 0xff, 0xff, 0xff, 0xdb,
    0xff, 0xff, 0xff, 0xff, 0xff, 0xf0, 0x0, 0x0,
    0xbf, 0xf0, 0x0, 0x0, 0x0, 0x0, 0x1f, 0xfc,
    0x0, 0x0, 0x0, 0x0, 0x7, 0xff, 0x0, 0x0,
    0x0, 0x0, 0x1, 0xff, 0xc0, 0x0, 0x0, 0x0,
    0x0, 0x7f, 0xf0, 0x0, 0x0, 0x0, 0x0, 0x1f,
    0xfc, 0x0, 0x0, 0x0, 0x0, 0x7, 0xff, 0x0,
    0x0, 0x0, 0x0, 0x1, 0xff, 0xc0, 0x0, 0x0,
    0x0, 0x0, 0x7f, 0xf0, 0x0, 0x0, 0x0, 0x0,
    0xb, 0xf0, 0x0, 0x0, 0x0,

    /* U+F068 "" */
    0x0, 0x0, 0x0, 0x0, 0x0, 0x0, 0x2f, 0xff,
    0xff, 0xff, 0xff, 0xff, 0xcf, 0xff, 0xff, 0xff,
    0xff, 0xff, 0xf7, 0xff, 0xff, 0xff, 0xff, 0xff,
    0xfe, 0xff, 0xff, 0xff, 0xff, 0xff, 0xff, 0x5f,
    0xff, 0xff, 0xff, 0xff, 0xff, 0xc0, 0x0, 0x0,
    0x0, 0x0, 0x0, 0x0,

    /* U+F06E "" */
    0x0, 0x0, 0x1, 0xbf, 0xfe, 0x40, 0x0, 0x0,
    0x0, 0x0, 0x7f, 0xff, 0xff, 0xf8, 0x0, 0x0,
    0x0, 0x3, 0xff, 0xfa, 0xbf, 0xff, 0x80, 0x0,
    0x0, 0x2f, 0xff, 0x40, 0x2, 0xff, 0xf4, 0x0,
    0x0, 0xbf, 0xf8, 0x0, 0x0, 0x3f, 0xfd, 0x0,
    0x3, 0xff, 0xe0, 0x2, 0x90, 0xf, 0xff, 0x40,
    0xb, 0xff, 0xc0, 0x3, 0xfc, 0x7, 0xff, 0xd0,
    0x1f, 0xff, 0x40, 0x3, 0xff, 0x3, 0xff, 0xf0,
    0x3f, 0xff, 0x0, 0xb, 0xff, 0x82, 0xff, 0xfc,
    0xbf, 0xff, 0x6, 0x6f, 0xff, 0xc1, 0xff, 0xfd,
    0xff, 0xff, 0x7, 0xff, 0xff, 0xc1, 0xff, 0xfe,
    0xbf, 0xff, 0x7, 0xff, 0xff, 0xc1, 0xff, 0xfd,
    0x3f, 0xff, 0x3, 0xff, 0xff, 0x82, 0xff, 0xfc,
    0x1f, 0xff, 0x42, 0xff, 0xff, 0x3, 0xff, 0xf0,
    0xb, 0xff, 0xc0, 0xbf, 0xfd, 0x7, 0xff, 0xd0,
    0x2, 0xff, 0xe0, 0x1b, 0xe0, 0xf, 0xff, 0x40,
    0x0, 0xbf, 0xf8, 0x0, 0x0, 0x3f, 0xfd, 0x0,
    0x0, 0x1f, 0xff, 0x40, 0x2, 0xff, 0xf4, 0x0,
    0x0, 0x3, 0xff, 0xfa, 0xbf, 0xff, 0x80, 0x0,
    0x0, 0x0, 0x7f, 0xff, 0xff, 0xf8, 0x0, 0x0,
    0x0, 0x0, 0x1, 0xbf, 0xfe, 0x40, 0x0, 0x0,

    /* U+F070 "" */
    0x14, 0x0, 0x0, 0x0, 0x0, 0x0, 0x0, 0x0,
    0x1, 0xf8, 0x0, 0x0, 0x0, 0x0, 0x0, 0x0,
    0x0, 0xf, 0xfc, 0x0, 0x0, 0x0, 0x0, 0x0,
    0x0, 0x0, 0x2f, 0xfc, 0x0, 0x0, 0x0, 0x0,
    0x0, 0x0, 0x0, 0x1f, 0xfd, 0x0, 0x1b, 0xff,
    0x90, 0x0, 0x0, 0x0, 0xf, 0xfe, 0x1f, 0xff,
    0xff, 0xfd, 0x0, 0x0, 0x0, 0xb, 0xff, 0xff,
    0xfa, 0xbf, 0xff, 0x40, 0x0, 0x0, 0x7, 0xff,
    0xfd, 0x0, 0xb, 0xff, 0x80, 0x0, 0x0, 0x3,
    0xff, 0xc0, 0x0, 0x7, 0xff, 0xc0, 0x0, 0x0,
    0x2, 0xff, 0xc1, 0xa4, 0x7, 0xff, 0xc0, 0x0,
    0x0, 0x2, 0xff, 0xd7, 0xfc, 0xb, 0xff, 0xc0,
    0x0, 0xb0, 0x1, 0xff, 0xff, 0xfc, 0xf, 0xff,
    0x80, 0x7, 0xf4, 0x0, 0xff, 0xff, 0xf4, 0x3f,
    0xff, 0x40, 0x3f, 0xf8, 0x0, 0xbf, 0xff, 0xe0,
    0xbf, 0xff, 0x0, 0xff, 0xfc, 0x0, 0x7f, 0xff,
    0x82, 0xff, 0xfc, 0x3, 0xff, 0xfc, 0x0, 0x3f,
    0xfe, 0xf, 0xff, 0xf0, 0x7, 0xff, 0xf0, 0x0,
    0x2f, 0xfc, 0x3f, 0xff, 0x40, 0xb, 0xff, 0xd0,
    0x0, 0x1f, 0xfe, 0xff, 0xf8, 0x0, 0xf, 0xff,
    0xc0, 0x0, 0x1f, 0xff, 0xff, 0xc0, 0x0, 0xf,
    0xff, 0x80, 0x0, 0xf, 0xff, 0xfc, 0x0, 0x0,
    0xf, 0xff, 0x40, 0x0, 0xb, 0xff, 0xc0, 0x0,
    0x0, 0xb, 0xff, 0xd0, 0x0, 0x7, 0xff, 0x40,
    0x0, 0x0, 0x7, 0xff, 0xfa, 0x90, 0x3, 0xff,
    0x80, 0x0, 0x0, 0x1, 0xff, 0xff, 0xe0, 0x2,
    0xff, 0xc0, 0x0, 0x0, 0x0, 0x1b, 0xff, 0x90,
    0x1, 0xff, 0xd0, 0x0, 0x0, 0x0, 0x0, 0x0,
    0x0, 0x0, 0xff, 0xe0, 0x0, 0x0, 0x0, 0x0,
    0x0, 0x0, 0x0, 0xff, 0xc0, 0x0, 0x0, 0x0,
    0x0, 0x0, 0x0, 0x0, 0xbd, 0x0, 0x0, 0x0,
    0x0, 0x0, 0x0, 0x0, 0x0, 0x50,

    /* U+F071 "" */
    0x0, 0x0, 0x0, 0x1, 0x90, 0x0, 0x0, 0x0,
    0x0, 0x0, 0x0, 0x1, 0xff, 0x0, 0x0, 0x0,
    0x0, 0x0, 0x0, 0x0, 0xff, 0xd0, 0x0, 0x0,
    0x0, 0x0, 0x0, 0x0, 0xbf, 0xfc, 0x0, 0x0,
    0x0, 0x0, 0x0, 0x0, 0x3f, 0xff, 0x80, 0x0,
    0x0, 0x0, 0x0, 0x0, 0x2f, 0xff, 0xf0, 0x0,
    0x0, 0x0, 0x0, 0x0, 0x1f, 0xff, 0xff, 0x0,
    0x0, 0x0, 0x0, 0x0, 0xf, 0xff, 0xff, 0xd0,
    0x0, 0x0, 0x0, 0x0, 0x7, 0xff, 0xff, 0xfc,
    0x0, 0x0, 0x0, 0x0, 0x3, 0xff, 0xff, 0xff,
    0x80, 0x0, 0x0, 0x0, 0x2, 0xff, 0x80, 0x3f,
    0xf0, 0x0, 0x0, 0x0, 0x0, 0xff, 0xd0, 0xf,
    0xfe, 0x0, 0x0, 0x0, 0x0, 0xbf, 0xf4, 0x3,
    0xff, 0xc0, 0x0, 0x0, 0x0, 0x7f, 0xfe, 0x0,
    0xff, 0xfc, 0x0, 0x0, 0x0, 0x3f, 0xff, 0x80,
    0x3f, 0xff, 0x40, 0x0, 0x0, 0x1f, 0xff, 0xe0,
    0xf, 0xff, 0xf0, 0x0, 0x0, 0xf, 0xff, 0xf8,
    0x3, 0xff, 0xfe, 0x0, 0x0, 0xb, 0xff, 0xfe,
    0x0, 0xff, 0xff, 0xc0, 0x0, 0x3, 0xff, 0xff,
    0xc0, 0x7f, 0xff, 0xf8, 0x0, 0x2, 0xff, 0xff,
    0xff, 0xff, 0xff, 0xff, 0x0, 0x1, 0xff, 0xff,
    0xfd, 0xb, 0xff, 0xff, 0xf0, 0x0, 0xff, 0xff,
    0xfd, 0x0, 0xff, 0xff, 0xfd, 0x0, 0x7f, 0xff,
    0xff, 0x40, 0x3f, 0xff, 0xff, 0xc0, 0x3f, 0xff,
    0xff, 0xe0, 0xf, 0xff, 0xff, 0xf8, 0x2f, 0xff,
    0xff, 0xfd, 0xf, 0xff, 0xff, 0xff, 0xf, 0xff,
    0xff, 0xff, 0xff, 0xff, 0xff, 0xff, 0xd3, 0xff,
    0xff, 0xff, 0xff, 0xff, 0xff, 0xff, 0xf4, 0x7f,
    0xff, 0xff, 0xff, 0xff, 0xff, 0xff, 0xfc, 0x6,
    0xaa, 0xaa, 0xaa, 0xaa, 0xaa, 0xaa, 0xa4, 0x0,

    /* U+F074 "" */
    0x0, 0x0, 0x0, 0x0, 0x0, 0x18, 0x0, 0x0,
    0x0, 0x0, 0x0, 0x0, 0x3f, 0x0, 0x0, 0x0,
    0x0, 0x0, 0x0, 0x3f, 0xc0, 0x15, 0x50, 0x0,
    0x0, 0x5, 0x7f, 0xf0, 0xff, 0xfe, 0x0, 0x0,
    0x3f, 0xff, 0xfc, 0xff, 0xff, 0x80, 0x0, 0xff,
    0xff, 0xff, 0xff, 0xff, 0xe0, 0x3, 0xff, 0xff,
    0xff, 0xff, 0xff, 0xf8, 0xf, 0xff, 0xff, 0xfc,
    0x0, 0x1f, 0xf8, 0x3f, 0xfc, 0x3f, 0xf0, 0x0,
    0x7, 0xe0, 0xff, 0xf0, 0x3f, 0xc0, 0x0, 0x2,
    0xc3, 0xff, 0xc0, 0x3f, 0x0, 0x0, 0x0, 0xb,
    0xff, 0x0, 0x18, 0x0, 0x0, 0x0, 0x2f, 0xfc,
    0x0, 0x0, 0x0, 0x0, 0x0, 0xbf, 0xf4, 0x0,
    0x18, 0x0, 0x0, 0x2, 0xff, 0xd1, 0xc0, 0x3f,
    0x0, 0x0, 0x7, 0xff, 0x47, 0xf0, 0x3f, 0xc0,
    0x0, 0x1f, 0xfd, 0xf, 0xfc, 0x3f, 0xf0, 0xff,
    0xff, 0xf8, 0xf, 0xff, 0xff, 0xfc, 0xff, 0xff,
    0xe0, 0x3, 0xff, 0xff, 0xff, 0xff, 0xff, 0x80,
    0x0, 0xff, 0xff, 0xff, 0xff, 0xfe, 0x0, 0x0,
    0x3f, 0xff, 0xfc, 0x15, 0x50, 0x0, 0x0, 0x5,
    0x7f, 0xf0, 0x0, 0x0, 0x0, 0x0, 0x0, 0x3f,
    0xc0, 0x0, 0x0, 0x0, 0x0, 0x0, 0x3f, 0x0,
    0x0, 0x0, 0x0, 0x0, 0x0, 0x18, 0x0,

    /* U+F077 "" */
    0x0, 0x0, 0x1, 0x80, 0x0, 0x0, 0x0, 0x0,
    0x2, 0xfc, 0x0, 0x0, 0x0, 0x0, 0x2, 0xff,
    0xc0, 0x0, 0x0, 0x0, 0x2, 0xff, 0xfc, 0x0,
    0x0, 0x0, 0x2, 0xff, 0xff, 0xc0, 0x0, 0x0,
    0x2, 0xff, 0xff, 0xfc, 0x0, 0x0, 0x2, 0xff,
    0xe3, 0xff, 0xc0, 0x0, 0x2, 0xff, 0xe0, 0x3f,
    0xfc, 0x0, 0x2, 0xff, 0xe0, 0x3, 0xff, 0xc0,
    0x2, 0xff, 0xe0, 0x0, 0x3f, 0xfc, 0x2, 0xff,
    0xe0, 0x0, 0x3, 0xff, 0xc1, 0xff, 0xe0, 0x0,
    0x0, 0x3f, 0xfc, 0xbf, 0xe0, 0x0, 0x0, 0x3,
    0xff, 0xf, 0xe0, 0x0, 0x0, 0x0, 0x3f, 0x40,
    0xa0, 0x0, 0x0, 0x0, 0x2, 0x40,

    /* U+F078 "" */
    0xa, 0x0, 0x0, 0x0, 0x0, 0x24, 0xf, 0xe0,
    0x0, 0x0, 0x0, 0x3f, 0x4b, 0xfe, 0x0, 0x0,
    0x0, 0x3f, 0xf1, 0xff, 0xe0, 0x0, 0x0, 0x3f,
    0xfc, 0x2f, 0xfe, 0x0, 0x0, 0x3f, 0xfc, 0x2,
    0xff, 0xe0, 0x0, 0x3f, 0xfc, 0x0, 0x2f, 0xfe,
    0x0, 0x3f, 0xfc, 0x0, 0x2, 0xff, 0xe0, 0x3f,
    0xfc, 0x0, 0x0, 0x2f, 0xfe, 0x3f, 0xfc, 0x0,
    0x0, 0x2, 0xff, 0xff, 0xfc, 0x0, 0x0, 0x0,
    0x2f, 0xff, 0xfc, 0x0, 0x0, 0x0, 0x2, 0xff,
    0xfc, 0x0, 0x0, 0x0, 0x0, 0x2f, 0xfc, 0x0,
    0x0, 0x0, 0x0, 0x2, 0xfc, 0x0, 0x0, 0x0,
    0x0, 0x0, 0x18, 0x0, 0x0, 0x0,

    /* U+F079 "" */
    0x0, 0x4, 0x0, 0x0, 0x0, 0x0, 0x0, 0x0,
    0x0, 0x0, 0xbd, 0x0, 0x0, 0x0, 0x0, 0x0,
    0x0, 0x0, 0xb, 0xfd, 0x0, 0x55, 0x55, 0x55,
    0x54, 0x0, 0x0, 0xbf, 0xfd, 0x7, 0xff, 0xff,
    0xff, 0xf4, 0x0, 0xb, 0xff, 0xfd, 0xf, 0xff,
    0xff, 0xff, 0xe0, 0x0, 0xbf, 0xff, 0xfd, 0x1f,
    0xff, 0xff, 0xff, 0x80, 0xb, 0xff, 0xff, 0xfd,
    0x0, 0x0, 0x0, 0xfe, 0x0, 0x3f, 0xdf, 0xeb,
    0xf8, 0x0, 0x0, 0x3, 0xf8, 0x0, 0x7d, 0x3f,
    0x8b, 0xc0, 0x0, 0x0, 0xf, 0xe0, 0x0, 0x0,
    0xfe, 0x4, 0x0, 0x0, 0x0, 0x3f, 0x80, 0x0,
    0x3, 0xf8, 0x0, 0x0, 0x0, 0x0, 0xfe, 0x0,
    0x0, 0xf, 0xe0, 0x0, 0x0, 0x0, 0x3, 0xf8,
    0x0, 0x0, 0x3f, 0x80, 0x0, 0x0, 0x0, 0xf,
    0xe0, 0x0, 0x0, 0xfe, 0x0, 0x0, 0x0, 0x28,
    0x3f, 0x82, 0x40, 0x3, 0xf8, 0x0, 0x0, 0x3,
    0xf8, 0xfe, 0x3f, 0x40, 0xf, 0xe0, 0x0, 0x0,
    0xf, 0xfb, 0xfb, 0xfe, 0x0, 0x3f, 0xd5, 0x55,
    0x54, 0x1f, 0xff, 0xff, 0xf0, 0x0, 0xff, 0xff,
    0xff, 0xfd, 0x1f, 0xff, 0xff, 0x0, 0x3, 0xff,
    0xff, 0xff, 0xfc, 0x1f, 0xff, 0xf0, 0x0, 0xb,
    0xff, 0xff, 0xff, 0xe0, 0xf, 0xff, 0x0, 0x0,
    0x0, 0x0, 0x0, 0x0, 0x0, 0xf, 0xf0, 0x0,
    0x0, 0x0, 0x0, 0x0, 0x0, 0x0, 0xe, 0x0,
    0x0,

    /* U+F07B "" */
    0x2f, 0xff, 0xff, 0x0, 0x0, 0x0, 0x0, 0xbf,
    0xff, 0xff, 0xc0, 0x0, 0x0, 0x0, 0xff, 0xff,
    0xff, 0xf0, 0x0, 0x0, 0x0, 0xff, 0xff, 0xff,
    0xfe, 0xaa, 0xaa, 0x90, 0xff, 0xff, 0xff, 0xff,
    0xff, 0xff, 0xfd, 0xff, 0xff, 0xff, 0xff, 0xff,
    0xff, 0xff, 0xff, 0xff, 0xff, 0xff, 0xff, 0xff,
    0xff, 0xff, 0xff, 0xff, 0xff, 0xff, 0xff, 0xff,
    0xff, 0xff, 0xff, 0xff, 0xff, 0xff, 0xff, 0xff,
    0xff, 0xff, 0xff, 0xff, 0xff, 0xff, 0xff, 0xff,
    0xff, 0xff, 0xff, 0xff, 0xff, 0xff, 0xff, 0xff,
    0xff, 0xff, 0xff, 0xff, 0xff, 0xff, 0xff, 0xff,
    0xff, 0xff, 0xff, 0xff, 0xff, 0xff, 0xff, 0xff,
    0xff, 0xff, 0xff, 0xff, 0xff, 0xff, 0xff, 0xff,
    0xff, 0xff, 0xff, 0xff, 0xff, 0xff, 0xff, 0xff,
    0xff, 0xff, 0xff, 0xff, 0xff, 0xff, 0xff, 0xff,
    0xff, 0xff, 0xff, 0xff, 0xff, 0xff, 0xff, 0xff,
    0xff, 0xff, 0xff, 0xff, 0xff, 0xbf, 0xff, 0xff,
    0xff, 0xff, 0xff, 0xfe, 0x2f, 0xff, 0xff, 0xff,
    0xff, 0xff, 0xf8,

    /* U+F093 "" */
    0x0, 0x0, 0x0, 0x0, 0x0, 0x0, 0x0, 0x0,
    0x0, 0x0, 0x7c, 0x0, 0x0, 0x0, 0x0, 0x0,
    0x1, 0xff, 0x0, 0x0, 0x0, 0x0, 0x0, 0x7,
    0xff, 0xc0, 0x0, 0x0, 0x0, 0x0, 0x1f, 0xff,
    0xf0, 0x0, 0x0, 0x0, 0x0, 0x7f, 0xff, 0xfc,
    0x0, 0x0, 0x0, 0x1, 0xff, 0xff, 0xff, 0x0,
    0x0, 0x0, 0x7, 0xff, 0xff, 0xff, 0xc0, 0x0,
    0x0, 0x1f, 0xff, 0xff, 0xff, 0xf0, 0x0, 0x0,
    0x7f, 0xff, 0xff, 0xff, 0xfc, 0x0, 0x0, 0x7f,
    0xff, 0xff, 0xff, 0xfc, 0x0, 0x0, 0x0, 0xf,
    0xff, 0xd0, 0x0, 0x0, 0x0, 0x0, 0xb, 0xff,
    0xd0, 0x0, 0x0, 0x0, 0x0, 0xb, 0xff, 0xd0,
    0x0, 0x0, 0x0, 0x0, 0xb, 0xff, 0xd0, 0x0,
    0x0, 0x0, 0x0, 0xb, 0xff, 0xd0, 0x0, 0x0,
    0x0, 0x0, 0xb, 0xff, 0xd0, 0x0, 0x0, 0x0,
    0x0, 0xb, 0xff, 0xd0, 0x0, 0x0, 0x0, 0x0,
    0xb, 0xff, 0xd0, 0x0, 0x0, 0x0, 0x0, 0xb,
    0xff, 0xd0, 0x0, 0x0, 0xbf, 0xff, 0xcb, 0xff,
    0xc3, 0xff, 0xfe, 0xff, 0xff, 0xc2, 0xaa, 0x43,
    0xff, 0xff, 0xff, 0xff, 0xf0, 0x0, 0xf, 0xff,
    0xff, 0xff, 0xff, 0xff, 0xff, 0xff, 0xff, 0xff,
    0xff, 0xff, 0xff, 0xff, 0xff, 0xff, 0xff, 0xff,
    0xff, 0xff, 0xff, 0xfd, 0x38, 0xbf, 0xff, 0xff,
    0xff, 0xff, 0xfd, 0x3c, 0xbf, 0xff, 0xff, 0xff,
    0xff, 0xff, 0xff, 0xff, 0x1a, 0xaa, 0xaa, 0xaa,
    0xaa, 0xaa, 0xa4,

    /* U+F095 "" */
    0x0, 0x0, 0x0, 0x0, 0x0, 0x14, 0x0, 0x0,
    0x0, 0x0, 0x0, 0x0, 0x1f, 0xf9, 0x0, 0x0,
    0x0, 0x0, 0x0, 0xb, 0xff, 0xfc, 0x0, 0x0,
    0x0, 0x0, 0x3, 0xff, 0xff, 0x0, 0x0, 0x0,
    0x0, 0x2, 0xff, 0xff, 0xc0, 0x0, 0x0, 0x0,
    0x0, 0xff, 0xff, 0xf0, 0x0, 0x0, 0x0, 0x0,
    0x7f, 0xff, 0xfc, 0x0, 0x0, 0x0, 0x0, 0x3f,
    0xff, 0xfe, 0x0, 0x0, 0x0, 0x0, 0xb, 0xff,
    0xff, 0x40, 0x0, 0x0, 0x0, 0x0, 0xbf, 0xff,
    0xc0, 0x0, 0x0, 0x0, 0x0, 0xb, 0xff, 0xf0,
    0x0, 0x0, 0x0, 0x0, 0x0, 0x7f, 0xf8, 0x0,
    0x0, 0x0, 0x0, 0x0, 0x2f, 0xfd, 0x0, 0x0,
    0x0, 0x0, 0x0, 0xf, 0xff, 0x0, 0x0, 0x0,
    0x0, 0x0, 0xf, 0xff, 0x40, 0x0, 0x0, 0x0,
    0x0, 0xb, 0xff, 0xc0, 0x0, 0x0, 0x0, 0x0,
    0x7, 0xff, 0xc0, 0x0, 0x0, 0x10, 0x0, 0x7,
    0xff, 0xe0, 0x0, 0x1, 0xbf, 0x0, 0x7, 0xff,
    0xf0, 0x0, 0x7, 0xff, 0xe0, 0xb, 0xff, 0xf0,
    0x0, 0x1f, 0xff, 0xfd, 0x1f, 0xff, 0xf0, 0x0,
    0xf, 0xff, 0xff, 0xff, 0xff, 0xf0, 0x0, 0x3,
    0xff, 0xff, 0xff, 0xff, 0xf0, 0x0, 0x0, 0xbf,
    0xff, 0xff, 0xff, 0xe0, 0x0, 0x0, 0x1f, 0xff,
    0xff, 0xff, 0xd0, 0x0, 0x0, 0x3, 0xff, 0xff,
    0xff, 0x80, 0x0, 0x0, 0x0, 0xff, 0xff, 0xfe,
    0x0, 0x0, 0x0, 0x0, 0x2f, 0xff, 0xe4, 0x0,
    0x0, 0x0, 0x0, 0x1, 0x54, 0x0, 0x0, 0x0,
    0x0, 0x0, 0x0,

    /* U+F0C4 "" */
    0x1, 0xa4, 0x0, 0x0, 0x0, 0x0, 0x3, 0xff,
    0xd0, 0x0, 0x0, 0x6a, 0x3, 0xff, 0xfd, 0x0,
    0x0, 0xff, 0xf2, 0xff, 0xff, 0xc0, 0x0, 0xff,
    0xfd, 0xff, 0x7, 0xf4, 0x0, 0xff, 0xfd, 0x3f,
    0x80, 0xfd, 0x0, 0xff, 0xfd, 0xf, 0xf0, 0x7f,
    0x40, 0xff, 0xfd, 0x2, 0xff, 0xbf, 0xd0, 0xff,
    0xfd, 0x0, 0x3f, 0xff, 0xfd, 0xff, 0xfd, 0x0,
    0x7, 0xff, 0xff, 0xff, 0xfd, 0x0, 0x0, 0x2f,
    0xff, 0xff, 0xfd, 0x0, 0x0, 0x0, 0x1f, 0xff,
    0xfd, 0x0, 0x0, 0x0, 0x1, 0xff, 0xfd, 0x0,
    0x0, 0x0, 0x0, 0xff, 0xff, 0xc0, 0x0, 0x0,
    0x1a, 0xff, 0xff, 0xfc, 0x0, 0x0, 0x3f, 0xff,
    0xff, 0xff, 0xc0, 0x0, 0x3f, 0xff, 0xfe, 0xff,
    0xfc, 0x0, 0x2f, 0xff, 0xfd, 0x1f, 0xff, 0xc0,
    0xf, 0xf0, 0x7f, 0x41, 0xff, 0xfc, 0x3, 0xf8,
    0xf, 0xd0, 0x1f, 0xff, 0xc0, 0xff, 0x7, 0xf4,
    0x1, 0xff, 0xfc, 0x2f, 0xfb, 0xfc, 0x0, 0x1f,
    0xff, 0xc3, 0xff, 0xfe, 0x0, 0x1, 0xff, 0xf4,
    0x7f, 0xfe, 0x0, 0x0, 0xb, 0xe0, 0x2, 0xf9,
    0x0, 0x0, 0x0, 0x0, 0x0,

    /* U+F0C5 "" */
    0x0, 0x0, 0x55, 0x55, 0x40, 0x0, 0x0, 0x0,
    0xff, 0xff, 0xf8, 0xe0, 0x0, 0x0, 0x3f, 0xff,
    0xfe, 0x3e, 0x0, 0x0, 0xf, 0xff, 0xff, 0x8f,
    0xe0, 0x0, 0x3, 0xff, 0xff, 0xe3, 0xfe, 0x0,
    0x0, 0xff, 0xff, 0xf8, 0xff, 0xdb, 0xfd, 0x3f,
    0xff, 0xfe, 0x0, 0x3, 0xff, 0x4f, 0xff, 0xff,
    0xfa, 0xa8, 0xff, 0xd3, 0xff, 0xff, 0xff, 0xff,
    0x7f, 0xf4, 0xff, 0xff, 0xff, 0xff, 0xdf, 0xfd,
    0x3f, 0xff, 0xff, 0xff, 0xf7, 0xff, 0x4f, 0xff,
    0xff, 0xff, 0xfd, 0xff, 0xd3, 0xff, 0xff, 0xff,
    0xff, 0x7f, 0xf4, 0xff, 0xff, 0xff, 0xff, 0xdf,
    0xfd, 0x3f, 0xff, 0xff, 0xff, 0xf7, 0xff, 0x4f,
    0xff, 0xff, 0xff, 0xfd, 0xff, 0xd3, 0xff, 0xff,
    0xff, 0xff, 0x7f, 0xf4, 0xff, 0xff, 0xff, 0xff,
    0xdf, 0xfd, 0x3f, 0xff, 0xff, 0xff, 0xf7, 0xff,
    0x4f, 0xff, 0xff, 0xff, 0xfd, 0xff, 0xd3, 0xff,
    0xff, 0xff, 0xff, 0x7f, 0xf4, 0xff, 0xff, 0xff,
    0xff, 0xdf, 0xfd, 0x2f, 0xff, 0xff, 0xff, 0xf3,
    0xff, 0x80, 0x0, 0x0, 0x0, 0x0, 0xff, 0xf8,
    0x0, 0x0, 0x0, 0x0, 0x3f, 0xff, 0xff, 0xff,
    0xf8, 0x0, 0xf, 0xff, 0xff, 0xff, 0xfe, 0x0,
    0x3, 0xff, 0xff, 0xff, 0xff, 0x40, 0x0, 0x1a,
    0xaa, 0xaa, 0xaa, 0x40, 0x0, 0x0,

    /* U+F0C7 "" */
    0x1a, 0xaa, 0xaa, 0xaa, 0x90, 0x0, 0x1f, 0xff,
    0xff, 0xff, 0xff, 0x40, 0xf, 0xff, 0xff, 0xff,
    0xff, 0xf4, 0x3, 0xff, 0xff, 0xff, 0xff, 0xff,
    0x40, 0xfe, 0x0, 0x0, 0x0, 0x3f, 0xf4, 0x3f,
    0x80, 0x0, 0x0, 0xb, 0xff, 0xf, 0xe0, 0x0,
    0x0, 0x2, 0xff, 0xf3, 0xf8, 0x0, 0x0, 0x0,
    0xbf, 0xfc, 0xfe, 0x0, 0x0, 0x0, 0x2f, 0xff,
    0x7f, 0x80, 0x0, 0x0, 0xb, 0xff, 0xdf, 0xf5,
    0x55, 0x55, 0x57, 0xff, 0xf7, 0xff, 0xff, 0xff,
    0xff, 0xff, 0xfd, 0xff, 0xff, 0xff, 0xff, 0xff,
    0xff, 0x7f, 0xff, 0xff, 0xff, 0xff, 0xff, 0xdf,
    0xff, 0xff, 0x81, 0xff, 0xff, 0xf7, 0xff, 0xff,
    0x40, 0xf, 0xff, 0xfd, 0xff, 0xff, 0xc0, 0x2,
    0xff, 0xff, 0x7f, 0xff, 0xf0, 0x0, 0xbf, 0xff,
    0xdf, 0xff, 0xfc, 0x0, 0x2f, 0xff, 0xf7, 0xff,
    0xff, 0x0, 0xf, 0xff, 0xfd, 0xff, 0xff, 0xf0,
    0xb, 0xff, 0xff, 0x7f, 0xff, 0xff, 0xaf, 0xff,
    0xff, 0xdf, 0xff, 0xff, 0xff, 0xff, 0xff, 0xf2,
    0xff, 0xff, 0xff, 0xff, 0xff, 0xfc, 0x2f, 0xff,
    0xff, 0xff, 0xff, 0xfc, 0x0,

    /* U+F0C9 "" */
    0x0, 0x0, 0x0, 0x0, 0x0, 0x0, 0x3f, 0xff,
    0xff, 0xff, 0xff, 0xff, 0xdf, 0xff, 0xff, 0xff,
    0xff, 0xff, 0xfb, 0xff, 0xff, 0xff, 0xff, 0xff,
    0xfe, 0xbf, 0xff, 0xff, 0xff, 0xff, 0xff, 0x40,
    0x0, 0x0, 0x0, 0x0, 0x0, 0x0, 0x0, 0x0,
    0x0, 0x0, 0x0, 0x0, 0x0, 0x0, 0x0, 0x0,
    0x0, 0x0, 0x0, 0x0, 0x0, 0x0, 0x0, 0x0,
    0x1a, 0xaa, 0xaa, 0xaa, 0xaa, 0xaa, 0x8f, 0xff,
    0xff, 0xff, 0xff, 0xff, 0xf7, 0xff, 0xff, 0xff,
    0xff, 0xff, 0xfe, 0xff, 0xff, 0xff, 0xff, 0xff,
    0xff, 0x45, 0x55, 0x55, 0x55, 0x55, 0x55, 0x0,
    0x0, 0x0, 0x0, 0x0, 0x0, 0x0, 0x0, 0x0,
    0x0, 0x0, 0x0, 0x0, 0x0, 0x0, 0x0, 0x0,
    0x0, 0x0, 0x0, 0x0, 0x0, 0x0, 0x0, 0x0,
    0xb, 0xff, 0xff, 0xff, 0xff, 0xff, 0xf7, 0xff,
    0xff, 0xff, 0xff, 0xff, 0xfe, 0xff, 0xff, 0xff,
    0xff, 0xff, 0xff, 0xbf, 0xff, 0xff, 0xff, 0xff,
    0xff, 0xd0, 0x0, 0x0, 0x0, 0x0, 0x0, 0x0,

    /* U+F0E0 "" */
    0x2f, 0xff, 0xff, 0xff, 0xff, 0xff, 0xf8, 0xbf,
    0xff, 0xff, 0xff, 0xff, 0xff, 0xfe, 0xff, 0xff,
    0xff, 0xff, 0xff, 0xff, 0xff, 0xff, 0xff, 0xff,
    0xff, 0xff, 0xff, 0xff, 0xbf, 0xff, 0xff, 0xff,
    0xff, 0xff, 0xfe, 0x1f, 0xff, 0xff, 0xff, 0xff,
    0xff, 0xf4, 0x3, 0xff, 0xff, 0xff, 0xff, 0xff,
    0xc0, 0xd0, 0xbf, 0xff, 0xff, 0xff, 0xfe, 0x7,
    0xf8, 0x1f, 0xff, 0xff, 0xff, 0xf4, 0x2f, 0xff,
    0x3, 0xff, 0xff, 0xff, 0xc0, 0xff, 0xff, 0xd0,
    0xbf, 0xff, 0xfe, 0x7, 0xff, 0xff, 0xf8, 0x1f,
    0xff, 0xf4, 0x2f, 0xff, 0xff, 0xff, 0x3, 0xff,
    0xc0, 0xff, 0xff, 0xff, 0xff, 0xd0, 0x7d, 0x7,
    0xff, 0xff, 0xff, 0xff, 0xf8, 0x0, 0x2f, 0xff,
    0xff, 0xff, 0xff, 0xff, 0x96, 0xff, 0xff, 0xff,
    0xff, 0xff, 0xff, 0xff, 0xff, 0xff, 0xff, 0xff,
    0xff, 0xff, 0xff, 0xff, 0xff, 0xff, 0xff, 0xff,
    0xff, 0xff, 0xff, 0xff, 0xff, 0xbf, 0xff, 0xff,
    0xff, 0xff, 0xff, 0xfe, 0x2f, 0xff, 0xff, 0xff,
    0xff, 0xff, 0xf8,

    /* U+F0E7 "" */
    0x2, 0xaa, 0xaa, 0x80, 0x0, 0xf, 0xff, 0xff,
    0x0, 0x0, 0x7f, 0xff, 0xfc, 0x0, 0x2, 0xff,
    0xff, 0xe0, 0x0, 0xb, 0xff, 0xff, 0x40, 0x0,
    0x3f, 0xff, 0xfc, 0x0, 0x0, 0xff, 0xff, 0xe0,
    0x0, 0x3, 0xff, 0xff, 0x40, 0x0, 0xf, 0xff,
    0xfc, 0x0, 0x0, 0x7f, 0xff, 0xff, 0xff, 0xc1,
    0xff, 0xff, 0xff, 0xff, 0x4b, 0xff, 0xff, 0xff,
    0xfc, 0x2f, 0xff, 0xff, 0xff, 0xd0, 0xff, 0xff,
    0xff, 0xff, 0x3, 0xff, 0xff, 0xff, 0xf4, 0xb,
    0xff, 0xff, 0xff, 0x80, 0x0, 0x0, 0x7f, 0xfc,
    0x0, 0x0, 0x2, 0xff, 0xe0, 0x0, 0x0, 0xf,
    0xff, 0x0, 0x0, 0x0, 0x3f, 0xf4, 0x0, 0x0,
    0x0, 0xff, 0xc0, 0x0, 0x0, 0x7, 0xfd, 0x0,
    0x0, 0x0, 0x2f, 0xe0, 0x0, 0x0, 0x0, 0xff,
    0x0, 0x0, 0x0, 0x3, 0xf8, 0x0, 0x0, 0x0,
    0x1f, 0xc0, 0x0, 0x0, 0x0, 0xbd, 0x0, 0x0,
    0x0, 0x2, 0xf0, 0x0, 0x0, 0x0, 0x0, 0x0,
    0x0, 0x0,

    /* U+F0EA "" */
    0x0, 0x0, 0x40, 0x0, 0x0, 0x0, 0x0, 0x1,
    0xff, 0x0, 0x0, 0x0, 0x6, 0xaa, 0xff, 0xfa,
    0xa8, 0x0, 0x3, 0xff, 0xf8, 0x3f, 0xff, 0x80,
    0x0, 0xff, 0xfe, 0xf, 0xff, 0xe0, 0x0, 0x3f,
    0xff, 0xff, 0xff, 0xf8, 0x0, 0xf, 0xff, 0xff,
    0xff, 0xfe, 0x0, 0x3, 0xff, 0xff, 0x55, 0x55,
    0x0, 0x0, 0xff, 0xfe, 0x0, 0x0, 0x0, 0x0,
    0x3f, 0xff, 0xb, 0xff, 0xf8, 0xd0, 0xf, 0xff,
    0xc3, 0xff, 0xfe, 0x3d, 0x3, 0xff, 0xf0, 0xff,
    0xff, 0x8f, 0xd0, 0xff, 0xfc, 0x3f, 0xff, 0xe3,
    0xfd, 0x3f, 0xff, 0xf, 0xff, 0xf8, 0xff, 0xcf,
    0xff, 0xc3, 0xff, 0xfe, 0x15, 0x53, 0xff, 0xf0,
    0xff, 0xff, 0xc0, 0x0, 0xff, 0xfc, 0x3f, 0xff,
    0xff, 0xff, 0x7f, 0xff, 0xf, 0xff, 0xff, 0xff,
    0xdf, 0xff, 0xc3, 0xff, 0xff, 0xff, 0xf7, 0xff,
    0xf0, 0xff, 0xff, 0xff, 0xfd, 0xff, 0xfc, 0x3f,
    0xff, 0xff, 0xff, 0x7f, 0xff, 0xf, 0xff, 0xff,
    0xff, 0xdb, 0xff, 0xc3, 0xff, 0xff, 0xff, 0xf4,
    0x0, 0x0, 0xff, 0xff, 0xff, 0xfd, 0x0, 0x0,
    0x3f, 0xff, 0xff, 0xff, 0x40, 0x0, 0xf, 0xff,
    0xff, 0xff, 0xd0, 0x0, 0x3, 0xff, 0xff, 0xff,
    0xf4, 0x0, 0x0, 0xff, 0xff, 0xff, 0xfc, 0x0,
    0x0, 0x5, 0x55, 0x55, 0x54, 0x0,

    /* U+F0F3 "" */
    0x0, 0x0, 0x1, 0x80, 0x0, 0x0, 0x0, 0x0,
    0x1, 0xfc, 0x0, 0x0, 0x0, 0x0, 0x0, 0x7f,
    0x0, 0x0, 0x0, 0x0, 0x0, 0xbf, 0xe4, 0x0,
    0x0, 0x0, 0x2, 0xff, 0xff, 0xd0, 0x0, 0x0,
    0x3, 0xff, 0xff, 0xfd, 0x0, 0x0, 0x3, 0xff,
    0xff, 0xff, 0xd0, 0x0, 0x1, 0xff, 0xff, 0xff,
    0xfc, 0x0, 0x0, 0xff, 0xff, 0xff, 0xff, 0x40,
    0x0, 0x3f, 0xff, 0xff, 0xff, 0xe0, 0x0, 0x1f,
    0xff, 0xff, 0xff, 0xfc, 0x0, 0x7, 0xff, 0xff,
    0xff, 0xff, 0x0, 0x2, 0xff, 0xff, 0xff, 0xff,
    0xc0, 0x0, 0xbf, 0xff, 0xff, 0xff, 0xf0, 0x0,
    0x3f, 0xff, 0xff, 0xff, 0xfd, 0x0, 0xf, 0xff,
    0xff, 0xff, 0xff, 0x40, 0x3, 0xff, 0xff, 0xff,
    0xff, 0xe0, 0x2, 0xff, 0xff, 0xff, 0xff, 0xfc,
    0x0, 0xff, 0xff, 0xff, 0xff, 0xff, 0x80, 0xff,
    0xff, 0xff, 0xff, 0xff, 0xf4, 0xbf, 0xff, 0xff,
    0xff, 0xff, 0xff, 0x3f, 0xff, 0xff, 0xff, 0xff,
    0xff, 0xd7, 0xff, 0xff, 0xff, 0xff, 0xff, 0xf0,
    0x0, 0x0, 0x0, 0x0, 0x0, 0x0, 0x0, 0x0,
    0x0, 0x0, 0x0, 0x0, 0x0, 0x0, 0xf, 0xff,
    0x80, 0x0, 0x0, 0x0, 0x3, 0xff, 0xd0, 0x0,
    0x0, 0x0, 0x0, 0x3f, 0xe0, 0x0, 0x0, 0x0,
    0x0, 0x1, 0x40, 0x0, 0x0, 0x0,

    /* U+F11C "" */
    0x2f, 0xff, 0xff, 0xff, 0xff, 0xff, 0xff, 0xf4,
    0xbf, 0xff, 0xff, 0xff, 0xff, 0xff, 0xff, 0xfc,
    0xff, 0xff, 0xff, 0xff, 0xff, 0xff, 0xff, 0xfd,
    0xff, 0xab, 0xea, 0xfa, 0xbe, 0xab, 0xea, 0xfe,
    0xfe, 0x3, 0xc0, 0xf0, 0x2c, 0x7, 0x40, 0xfe,
    0xfe, 0x3, 0xc0, 0xf0, 0x2c, 0x7, 0x40, 0xfe,
    0xfe, 0x3, 0xc0, 0xf0, 0x3c, 0x7, 0x80, 0xfe,
    0xff, 0xff, 0xff, 0xff, 0xff, 0xff, 0xff, 0xfe,
    0xff, 0xff, 0xff, 0xff, 0xff, 0xff, 0xff, 0xfe,
    0xff, 0xf0, 0x1d, 0x3, 0x80, 0xf0, 0x2f, 0xfe,
    0xff, 0xf0, 0x1d, 0x3, 0x80, 0xf0, 0x2f, 0xfe,
    0xff, 0xf0, 0x1d, 0x3, 0x80, 0xf0, 0x2f, 0xfe,
    0xff, 0xff, 0xff, 0xff, 0xff, 0xff, 0xff, 0xfe,
    0xff, 0xff, 0xff, 0xff, 0xff, 0xff, 0xff, 0xfe,
    0xfe, 0x3, 0xc0, 0x0, 0x0, 0x7, 0x80, 0xfe,
    0xfe, 0x3, 0xc0, 0x0, 0x0, 0x7, 0x40, 0xfe,
    0xfe, 0x3, 0xc0, 0x0, 0x0, 0x7, 0x40, 0xfe,
    0xff, 0xab, 0xea, 0xaa, 0xaa, 0xab, 0xea, 0xfe,
    0xff, 0xff, 0xff, 0xff, 0xff, 0xff, 0xff, 0xfd,
    0xbf, 0xff, 0xff, 0xff, 0xff, 0xff, 0xff, 0xfc,
    0x2f, 0xff, 0xff, 0xff, 0xff, 0xff, 0xff, 0xf4,

    /* U+F124 "" */
    0x0, 0x0, 0x0, 0x0, 0x0, 0x0, 0x14, 0x0,
    0x0, 0x0, 0x0, 0x0, 0x0, 0x1f, 0xf4, 0x0,
    0x0, 0x0, 0x0, 0x0, 0x2f, 0xff, 0xc0, 0x0,
    0x0, 0x0, 0x0, 0x2f, 0xff, 0xfc, 0x0, 0x0,
    0x0, 0x0, 0x2f, 0xff, 0xff, 0x80, 0x0, 0x0,
    0x0, 0x7f, 0xff, 0xff, 0xf0, 0x0, 0x0, 0x0,
    0x7f, 0xff, 0xff, 0xfe, 0x0, 0x0, 0x0, 0x7f,
    0xff, 0xff, 0xff, 0xc0, 0x0, 0x0, 0xbf, 0xff,
    0xff, 0xff, 0xfc, 0x0, 0x0, 0xbf, 0xff, 0xff,
    0xff, 0xff, 0x40, 0x1, 0xbf, 0xff, 0xff, 0xff,
    0xff, 0xf0, 0x0, 0xbf, 0xff, 0xff, 0xff, 0xff,
    0xfd, 0x0, 0x2f, 0xff, 0xff, 0xff, 0xff, 0xff,
    0xc0, 0x3, 0xff, 0xff, 0xff, 0xff, 0xff, 0xf4,
    0x0, 0x3f, 0xff, 0xff, 0xff, 0xff, 0xff, 0x0,
    0x1, 0xff, 0xff, 0xff, 0xff, 0xff, 0xe0, 0x0,
    0x0, 0x55, 0x55, 0x7f, 0xff, 0xfc, 0x0, 0x0,
    0x0, 0x0, 0x3, 0xff, 0xff, 0x80, 0x0, 0x0,
    0x0, 0x0, 0x3f, 0xff, 0xf0, 0x0, 0x0, 0x0,
    0x0, 0x3, 0xff, 0xfe, 0x0, 0x0, 0x0, 0x0,
    0x0, 0x3f, 0xff, 0xd0, 0x0, 0x0, 0x0, 0x0,
    0x3, 0xff, 0xfc, 0x0, 0x0, 0x0, 0x0, 0x0,
    0x3f, 0xff, 0x40, 0x0, 0x0, 0x0, 0x0, 0x3,
    0xff, 0xf0, 0x0, 0x0, 0x0, 0x0, 0x0, 0x3f,
    0xfd, 0x0, 0x0, 0x0, 0x0, 0x0, 0x2, 0xff,
    0xc0, 0x0, 0x0, 0x0, 0x0, 0x0, 0x2f, 0xf8,
    0x0, 0x0, 0x0, 0x0, 0x0, 0x0, 0xff, 0x0,
    0x0, 0x0, 0x0, 0x0, 0x0, 0x1, 0x40, 0x0,
    0x0, 0x0,

    /* U+F15B "" */
    0x15, 0x55, 0x55, 0x0, 0x0, 0x3f, 0xff, 0xff,
    0xd3, 0x80, 0xf, 0xff, 0xff, 0xf4, 0xf8, 0x3,
    0xff, 0xff, 0xfd, 0x3f, 0x80, 0xff, 0xff, 0xff,
    0x4f, 0xf8, 0x3f, 0xff, 0xff, 0xd3, 0xff, 0x8f,
    0xff, 0xff, 0xf4, 0xff, 0xfb, 0xff, 0xff, 0xfd,
    0x2a, 0xaa, 0xff, 0xff, 0xff, 0x80, 0x0, 0x3f,
    0xff, 0xff, 0xff, 0xff, 0xff, 0xff, 0xff, 0xff,
    0xff, 0xff, 0xff, 0xff, 0xff, 0xff, 0xff, 0xff,
    0xff, 0xff, 0xff, 0xff, 0xff, 0xff, 0xff, 0xff,
    0xff, 0xff, 0xff, 0xff, 0xff, 0xff, 0xff, 0xff,
    0xff, 0xff, 0xff, 0xff, 0xff, 0xff, 0xff, 0xff,
    0xff, 0xff, 0xff, 0xff, 0xff, 0xff, 0xff, 0xff,
    0xff, 0xff, 0xff, 0xff, 0xff, 0xff, 0xff, 0xff,
    0xff, 0xff, 0xff, 0xff, 0xff, 0xff, 0xff, 0xff,
    0xff, 0xff, 0xff, 0xff, 0xff, 0xff, 0xff, 0xff,
    0xff, 0xff, 0xff, 0xff, 0xff, 0xff, 0xff, 0xff,
    0xff, 0xff, 0xff, 0xff, 0xff, 0xff, 0xff, 0xff,
    0xff, 0xff, 0xff, 0xff, 0xff, 0xff, 0xff, 0xff,
    0xff, 0xff, 0xff, 0x15, 0x55, 0x55, 0x55, 0x55,
    0x0,

    /* U+F1EB "" */
    0x0, 0x0, 0x0, 0x0, 0x0, 0x0, 0x0, 0x0,
    0x0, 0x0, 0x0, 0x0, 0x6a, 0xea, 0x40, 0x0,
    0x0, 0x0, 0x0, 0x1, 0xff, 0xff, 0xff, 0xfd,
    0x0, 0x0, 0x0, 0x0, 0xbf, 0xff, 0xff, 0xff,
    0xff, 0x80, 0x0, 0x0, 0x3f, 0xff, 0xff, 0xff,
    0xff, 0xff, 0xf0, 0x0, 0xb, 0xff, 0xff, 0xfa,
    0xab, 0xff, 0xff, 0xf8, 0x0, 0xff, 0xff, 0xd0,
    0x0, 0x0, 0x1f, 0xff, 0xfc, 0xf, 0xff, 0xe0,
    0x0, 0x0, 0x0, 0x2, 0xff, 0xfc, 0xff, 0xf8,
    0x0, 0x0, 0x0, 0x0, 0x0, 0xbf, 0xfd, 0xff,
    0x40, 0x0, 0x0, 0x0, 0x0, 0x0, 0x7f, 0xd1,
    0xf0, 0x0, 0x6, 0xbf, 0xfa, 0x40, 0x0, 0x3d,
    0x1, 0x0, 0x2, 0xff, 0xff, 0xff, 0xe0, 0x0,
    0x10, 0x0, 0x0, 0x7f, 0xff, 0xff, 0xff, 0xf4,
    0x0, 0x0, 0x0, 0xb, 0xff, 0xff, 0xff, 0xff,
    0xf8, 0x0, 0x0, 0x0, 0xbf, 0xff, 0xe5, 0x6f,
    0xff, 0xfc, 0x0, 0x0, 0x2, 0xff, 0xd0, 0x0,
    0x1, 0xff, 0xe0, 0x0, 0x0, 0x2, 0xf8, 0x0,
    0x0, 0x0, 0xbe, 0x0, 0x0, 0x0, 0x1, 0x40,
    0x0, 0x0, 0x0, 0x50, 0x0, 0x0, 0x0, 0x0,
    0x0, 0x0, 0x0, 0x0, 0x0, 0x0, 0x0, 0x0,
    0x0, 0x0, 0x7f, 0x40, 0x0, 0x0, 0x0, 0x0,
    0x0, 0x0, 0x7, 0xff, 0x40, 0x0, 0x0, 0x0,
    0x0, 0x0, 0x0, 0x3f, 0xff, 0x0, 0x0, 0x0,
    0x0, 0x0, 0x0, 0x0, 0xff, 0xfc, 0x0, 0x0,
    0x0, 0x0, 0x0, 0x0, 0x3, 0xff, 0xf0, 0x0,
    0x0, 0x0, 0x0, 0x0, 0x0, 0x7, 0xff, 0x40,
    0x0, 0x0, 0x0, 0x0, 0x0, 0x0, 0x2, 0xe0,
    0x0, 0x0, 0x0, 0x0,

    /* U+F240 "" */
    0x5, 0x55, 0x55, 0x55, 0x55, 0x55, 0x55, 0x55,
    0x1, 0xff, 0xff, 0xff, 0xff, 0xff, 0xff, 0xff,
    0xfe, 0xf, 0xff, 0xff, 0xff, 0xff, 0xff, 0xff,
    0xff, 0xfc, 0x3f, 0xff, 0xff, 0xff, 0xff, 0xff,
    0xff, 0xff, 0xf0, 0xfe, 0x0, 0x0, 0x0, 0x0,
    0x0, 0x0, 0x1f, 0xfb, 0xf8, 0x0, 0x0, 0x0,
    0x0, 0x0, 0x0, 0x7f, 0xff, 0xe3, 0xff, 0xff,
    0xff, 0xff, 0xff, 0xf1, 0xff, 0xff, 0x8f, 0xff,
    0xff, 0xff, 0xff, 0xff, 0xc2, 0xff, 0xfe, 0x3f,
    0xff, 0xff, 0xff, 0xff, 0xff, 0x2, 0xff, 0xf8,
    0xff, 0xff, 0xff, 0xff, 0xff, 0xfc, 0xb, 0xff,
    0xe3, 0xff, 0xff, 0xff, 0xff, 0xff, 0xf0, 0x2f,
    0xff, 0x8f, 0xff, 0xff, 0xff, 0xff, 0xff, 0xc3,
    0xff, 0xfe, 0x3f, 0xff, 0xff, 0xff, 0xff, 0xff,
    0x1f, 0xff, 0xf8, 0x0, 0x0, 0x0, 0x0, 0x0,
    0x0, 0x7f, 0xff, 0xe5, 0x55, 0x55, 0x55, 0x55,
    0x55, 0x56, 0xfe, 0x3f, 0xff, 0xff, 0xff, 0xff,
    0xff, 0xff, 0xff, 0xf0, 0xbf, 0xff, 0xff, 0xff,
    0xff, 0xff, 0xff, 0xff, 0xc0, 0xbf, 0xff, 0xff,
    0xff, 0xff, 0xff, 0xff, 0xfc, 0x0, 0x0, 0x0,
    0x0, 0x0, 0x0, 0x0, 0x0, 0x0, 0x0,

    /* U+F241 "" */
    0x5, 0x55, 0x55, 0x55, 0x55, 0x55, 0x55, 0x55,
    0x1, 0xff, 0xff, 0xff, 0xff, 0xff, 0xff, 0xff,
    0xfe, 0xf, 0xff, 0xff, 0xff, 0xff, 0xff, 0xff,
    0xff, 0xfc, 0x3f, 0xff, 0xff, 0xff, 0xff, 0xff,
    0xff, 0xff, 0xf0, 0xfe, 0x0, 0x0, 0x0, 0x0,
    0x0, 0x0, 0x1f, 0xfb, 0xf8, 0x0, 0x0, 0x0,
    0x0, 0x0, 0x0, 0x7f, 0xff, 0xe3, 0xff, 0xff,
    0xff, 0xff, 0x80, 0x1, 0xff, 0xff, 0x8f, 0xff,
    0xff, 0xff, 0xfe, 0x0, 0x2, 0xff, 0xfe, 0x3f,
    0xff, 0xff, 0xff, 0xf8, 0x0, 0x2, 0xff, 0xf8,
    0xff, 0xff, 0xff, 0xff, 0xe0, 0x0, 0xb, 0xff,
    0xe3, 0xff, 0xff, 0xff, 0xff, 0x80, 0x0, 0x2f,
    0xff, 0x8f, 0xff, 0xff, 0xff, 0xfe, 0x0, 0x3,
    0xff, 0xfe, 0x3f, 0xff, 0xff, 0xff, 0xf8, 0x0,
    0x1f, 0xff, 0xf8, 0x0, 0x0, 0x0, 0x0, 0x0,
    0x0, 0x7f, 0xff, 0xe5, 0x55, 0x55, 0x55, 0x55,
    0x55, 0x56, 0xfe, 0x3f, 0xff, 0xff, 0xff, 0xff,
    0xff, 0xff, 0xff, 0xf0, 0xbf, 0xff, 0xff, 0xff,
    0xff, 0xff, 0xff, 0xff, 0xc0, 0xbf, 0xff, 0xff,
    0xff, 0xff, 0xff, 0xff, 0xfc, 0x0, 0x0, 0x0,
    0x0, 0x0, 0x0, 0x0, 0x0, 0x0, 0x0,

    /* U+F242 "" */
    0x5, 0x55, 0x55, 0x55, 0x55, 0x55, 0x55, 0x55,
    0x1, 0xff, 0xff, 0xff, 0xff, 0xff, 0xff, 0xff,
    0xfe, 0xf, 0xff, 0xff, 0xff, 0xff, 0xff, 0xff,
    0xff, 0xfc, 0x3f, 0xff, 0xff, 0xff, 0xff, 0xff,
    0xff, 0xff, 0xf0, 0xfe, 0x0, 0x0, 0x0, 0x0,
    0x0, 0x0, 0x1f, 0xfb, 0xf8, 0x0, 0x0, 0x0,
    0x0, 0x0, 0x0, 0x7f, 0xff, 0xe3, 0xff, 0xff,
    0xfd, 0x0, 0x0, 0x1, 0xff, 0xff, 0x8f, 0xff,
    0xff, 0xf4, 0x0, 0x0, 0x2, 0xff, 0xfe, 0x3f,
    0xff, 0xff, 0xd0, 0x0, 0x0, 0x2, 0xff, 0xf8,
    0xff, 0xff, 0xff, 0x40, 0x0, 0x0, 0xb, 0xff,
    0xe3, 0xff, 0xff, 0xfd, 0x0, 0x0, 0x0, 0x2f,
    0xff, 0x8f, 0xff, 0xff, 0xf4, 0x0, 0x0, 0x3,
    0xff, 0xfe, 0x3f, 0xff, 0xff, 0xd0, 0x0, 0x0,
    0x1f, 0xff, 0xf8, 0x0, 0x0, 0x0, 0x0, 0x0,
    0x0, 0x7f, 0xff, 0xe5, 0x55, 0x55, 0x55, 0x55,
    0x55, 0x56, 0xfe, 0x3f, 0xff, 0xff, 0xff, 0xff,
    0xff, 0xff, 0xff, 0xf0, 0xbf, 0xff, 0xff, 0xff,
    0xff, 0xff, 0xff, 0xff, 0xc0, 0xbf, 0xff, 0xff,
    0xff, 0xff, 0xff, 0xff, 0xfc, 0x0, 0x0, 0x0,
    0x0, 0x0, 0x0, 0x0, 0x0, 0x0, 0x0,

    /* U+F243 "" */
    0x5, 0x55, 0x55, 0x55, 0x55, 0x55, 0x55, 0x55,
    0x1, 0xff, 0xff, 0xff, 0xff, 0xff, 0xff, 0xff,
    0xfe, 0xf, 0xff, 0xff, 0xff, 0xff, 0xff, 0xff,
    0xff, 0xfc, 0x3f, 0xff, 0xff, 0xff, 0xff, 0xff,
    0xff, 0xff, 0xf0, 0xfe, 0x0, 0x0, 0x0, 0x0,
    0x0, 0x0, 0x1f, 0xfb, 0xf8, 0x0, 0x0, 0x0,
    0x0, 0x0, 0x0, 0x7f, 0xff, 0xe3, 0xff, 0xf0,
    0x0, 0x0, 0x0, 0x1, 0xff, 0xff, 0x8f, 0xff,
    0xc0, 0x0, 0x0, 0x0, 0x2, 0xff, 0xfe, 0x3f,
    0xff, 0x0, 0x0, 0x0, 0x0, 0x2, 0xff, 0xf8,
    0xff, 0xfc, 0x0, 0x0, 0x0, 0x0, 0xb, 0xff,
    0xe3, 0xff, 0xf0, 0x0, 0x0, 0x0, 0x0, 0x2f,
    0xff, 0x8f, 0xff, 0xc0, 0x0, 0x0, 0x0, 0x3,
    0xff, 0xfe, 0x3f, 0xff, 0x0, 0x0, 0x0, 0x0,
    0x1f, 0xff, 0xf8, 0x0, 0x0, 0x0, 0x0, 0x0,
    0x0, 0x7f, 0xff, 0xe5, 0x55, 0x55, 0x55, 0x55,
    0x55, 0x56, 0xfe, 0x3f, 0xff, 0xff, 0xff, 0xff,
    0xff, 0xff, 0xff, 0xf0, 0xbf, 0xff, 0xff, 0xff,
    0xff, 0xff, 0xff, 0xff, 0xc0, 0xbf, 0xff, 0xff,
    0xff, 0xff, 0xff, 0xff, 0xfc, 0x0, 0x0, 0x0,
    0x0, 0x0, 0x0, 0x0, 0x0, 0x0, 0x0,

    /* U+F244 "" */
    0x5, 0x55, 0x55, 0x55, 0x55, 0x55, 0x55, 0x55,
    0x1, 0xff, 0xff, 0xff, 0xff, 0xff, 0xff, 0xff,
    0xfe, 0xf, 0xff, 0xff, 0xff, 0xff, 0xff, 0xff,
    0xff, 0xfc, 0x3f, 0xff, 0xff, 0xff, 0xff, 0xff,
    0xff, 0xff, 0xf0, 0xfe, 0x0, 0x0, 0x0, 0x0,
    0x0, 0x0, 0x1f, 0xfb, 0xf8, 0x0, 0x0, 0x0,
    0x0, 0x0, 0x0, 0x7f, 0xff, 0xe0, 0x0, 0x0,
    0x0, 0x0, 0x0, 0x1, 0xff, 0xff, 0x80, 0x0,
    0x0, 0x0, 0x0, 0x0, 0x2, 0xff, 0xfe, 0x0,
    0x0, 0x0, 0x0, 0x0, 0x0, 0x2, 0xff, 0xf8,
    0x0, 0x0, 0x0, 0x0, 0x0, 0x0, 0xb, 0xff,
    0xe0, 0x0, 0x0, 0x0, 0x0, 0x0, 0x0, 0x2f,
    0xff, 0x80, 0x0, 0x0, 0x0, 0x0, 0x0, 0x3,
    0xff, 0xfe, 0x0, 0x0, 0x0, 0x0, 0x0, 0x0,
    0x1f, 0xff, 0xf8, 0x0, 0x0, 0x0, 0x0, 0x0,
    0x0, 0x7f, 0xff, 0xe5, 0x55, 0x55, 0x55, 0x55,
    0x55, 0x56, 0xfe, 0x3f, 0xff, 0xff, 0xff, 0xff,
    0xff, 0xff, 0xff, 0xf0, 0xbf, 0xff, 0xff, 0xff,
    0xff, 0xff, 0xff, 0xff, 0xc0, 0xbf, 0xff, 0xff,
    0xff, 0xff, 0xff, 0xff, 0xfc, 0x0, 0x0, 0x0,
    0x0, 0x0, 0x0, 0x0, 0x0, 0x0, 0x0,

    /* U+F287 "" */
    0x0, 0x0, 0x0, 0x0, 0x0, 0x0, 0x0, 0x0,
    0x0, 0x0, 0x0, 0x0, 0x0, 0x7, 0xf4, 0x0,
    0x0, 0x0, 0x0, 0x0, 0x0, 0x0, 0xf, 0xfc,
    0x0, 0x0, 0x0, 0x0, 0x0, 0x0, 0xb, 0xff,
    0xfd, 0x0, 0x0, 0x0, 0x0, 0x0, 0x0, 0x2f,
    0xff, 0xfd, 0x0, 0x0, 0x0, 0x0, 0x0, 0x0,
    0x7c, 0xf, 0xfc, 0x0, 0x0, 0x0, 0x0, 0x0,
    0x0, 0xf4, 0x1, 0x90, 0x0, 0x0, 0x0, 0x0,
    0x0, 0x1, 0xf0, 0x0, 0x0, 0x0, 0x0, 0x0,
    0x1f, 0xf0, 0x3, 0xd0, 0x0, 0x0, 0x0, 0x14,
    0x0, 0x7f, 0xfc, 0x7, 0xc0, 0x0, 0x0, 0x0,
    0x3e, 0x0, 0xff, 0xfe, 0x1f, 0x95, 0x55, 0x55,
    0x55, 0x7f, 0xd0, 0xff, 0xff, 0xff, 0xff, 0xff,
    0xff, 0xff, 0xff, 0xfc, 0xff, 0xff, 0xaa, 0xbf,
    0xea, 0xaa, 0xaa, 0xbf, 0xf4, 0xbf, 0xfd, 0x0,
    0xb, 0x80, 0x0, 0x0, 0x3f, 0x80, 0x2f, 0xf8,
    0x0, 0x3, 0xc0, 0x0, 0x0, 0x38, 0x0, 0x6,
    0x40, 0x0, 0x1, 0xe0, 0x0, 0x0, 0x0, 0x0,
    0x0, 0x0, 0x0, 0x0, 0xf0, 0x1f, 0xfc, 0x0,
    0x0, 0x0, 0x0, 0x0, 0x0, 0xbc, 0x2f, 0xfd,
    0x0, 0x0, 0x0, 0x0, 0x0, 0x0, 0x3f, 0xff,
    0xfd, 0x0, 0x0, 0x0, 0x0, 0x0, 0x0, 0xb,
    0xff, 0xfd, 0x0, 0x0, 0x0, 0x0, 0x0, 0x0,
    0x0, 0x2f, 0xfd, 0x0, 0x0, 0x0, 0x0, 0x0,
    0x0, 0x0, 0x2f, 0xfd, 0x0, 0x0, 0x0, 0x0,
    0x0, 0x0, 0x0, 0x0, 0x0, 0x0, 0x0,

    /* U+F293 "" */
    0x0, 0x0, 0x1, 0x0, 0x0, 0x0, 0x0, 0x2f,
    0xff, 0xe4, 0x0, 0x0, 0x2f, 0xff, 0xff, 0xf0,
    0x0, 0xf, 0xff, 0xdf, 0xff, 0xc0, 0x2, 0xff,
    0xfc, 0xbf, 0xff, 0x0, 0x7f, 0xff, 0xc2, 0xff,
    0xf4, 0xf, 0xff, 0xfc, 0xb, 0xff, 0x80, 0xff,
    0xff, 0xc0, 0x2f, 0xfc, 0x1f, 0xfb, 0xfc, 0x20,
    0xff, 0xd2, 0xfe, 0xf, 0xc3, 0x83, 0xfe, 0x3f,
    0xf0, 0x3c, 0x38, 0x3f, 0xe3, 0xff, 0xc0, 0x82,
    0xb, 0xff, 0x3f, 0xff, 0x0, 0x2, 0xff, 0xf3,
    0xff, 0xfc, 0x0, 0x7f, 0xff, 0x3f, 0xff, 0xf0,
    0x1f, 0xff, 0xf3, 0xff, 0xfe, 0x0, 0xff, 0xff,
    0x3f, 0xff, 0x80, 0x3, 0xff, 0xf3, 0xff, 0xe0,
    0x0, 0x1f, 0xff, 0x3f, 0xf8, 0x1c, 0x30, 0x7f,
    0xf3, 0xfe, 0x7, 0xc3, 0xc1, 0xfe, 0x2f, 0xe1,
    0xfc, 0x34, 0x3f, 0xd1, 0xff, 0xff, 0xc1, 0xf,
    0xfd, 0xf, 0xff, 0xfc, 0x3, 0xff, 0xc0, 0xbf,
    0xff, 0xc0, 0xff, 0xf8, 0x3, 0xff, 0xfc, 0x3f,
    0xff, 0x0, 0x1f, 0xff, 0xcf, 0xff, 0xe0, 0x0,
    0x7f, 0xff, 0xff, 0xf8, 0x0, 0x0, 0xbf, 0xff,
    0xfd, 0x0, 0x0, 0x0, 0x6a, 0xa9, 0x0, 0x0,

    /* U+F2ED "" */
    0x0, 0x0, 0x15, 0x54, 0x0, 0x0, 0x0, 0x0,
    0x3f, 0xff, 0xe0, 0x0, 0x6, 0xaa, 0xbf, 0xff,
    0xfe, 0xaa, 0xa3, 0xff, 0xff, 0xff, 0xff, 0xff,
    0xfd, 0xff, 0xff, 0xff, 0xff, 0xff, 0xff, 0xaf,
    0xff, 0xff, 0xff, 0xff, 0xff, 0xd0, 0x0, 0x0,
    0x0, 0x0, 0x0, 0x0, 0x2a, 0xaa, 0xaa, 0xaa,
    0xaa, 0x90, 0x1f, 0xff, 0xff, 0xff, 0xff, 0xfc,
    0x7, 0xff, 0xff, 0xff, 0xff, 0xff, 0x1, 0xff,
    0xff, 0xff, 0xff, 0xff, 0xc0, 0x7f, 0xd7, 0xf8,
    0xff, 0x3f, 0xf0, 0x1f, 0xf0, 0xfd, 0x3f, 0x8b,
    0xfc, 0x7, 0xfc, 0x3f, 0x4f, 0xe2, 0xff, 0x1,
    0xff, 0xf, 0xd3, 0xf8, 0xbf, 0xc0, 0x7f, 0xc3,
    0xf4, 0xfe, 0x2f, 0xf0, 0x1f, 0xf0, 0xfd, 0x3f,
    0x8b, 0xfc, 0x7, 0xfc, 0x3f, 0x4f, 0xe2, 0xff,
    0x1, 0xff, 0xf, 0xd3, 0xf8, 0xbf, 0xc0, 0x7f,
    0xc3, 0xf4, 0xfe, 0x2f, 0xf0, 0x1f, 0xf0, 0xfd,
    0x3f, 0x8b, 0xfc, 0x7, 0xfc, 0x3f, 0x4f, 0xe2,
    0xff, 0x1, 0xff, 0xf, 0xd3, 0xf8, 0xbf, 0xc0,
    0x7f, 0xc3, 0xf4, 0xfe, 0x2f, 0xf0, 0x1f, 0xf5,
    0xfe, 0x3f, 0xcf, 0xfc, 0x3, 0xff, 0xff, 0xff,
    0xff, 0xfe, 0x0, 0xff, 0xff, 0xff, 0xff, 0xff,
    0x80, 0x2f, 0xff, 0xff, 0xff, 0xff, 0xc0, 0x1,
    0x6a, 0xaa, 0xaa, 0xaa, 0x40, 0x0,

    /* U+F304 "" */
    0x0, 0x0, 0x0, 0x0, 0x0, 0x5, 0x0, 0x0,
    0x0, 0x0, 0x0, 0x0, 0xf, 0xf0, 0x0, 0x0,
    0x0, 0x0, 0x0, 0xf, 0xff, 0x0, 0x0, 0x0,
    0x0, 0x0, 0xf, 0xff, 0xf0, 0x0, 0x0, 0x0,
    0x0, 0xb, 0xff, 0xff, 0x0, 0x0, 0x0, 0x0,
    0x0, 0xbf, 0xff, 0xf0, 0x0, 0x0, 0x0, 0xf,
    0xb, 0xff, 0xfc, 0x0, 0x0, 0x0, 0xf, 0xf0,
    0xbf, 0xfe, 0x0, 0x0, 0x0, 0xf, 0xff, 0xb,
    0xff, 0x0, 0x0, 0x0, 0xf, 0xff, 0xf0, 0xbf,
    0x0, 0x0, 0x0, 0xf, 0xff, 0xff, 0xb, 0x0,
    0x0, 0x0, 0xf, 0xff, 0xff, 0xf0, 0x0, 0x0,
    0x0, 0xf, 0xff, 0xff, 0xfe, 0x0, 0x0, 0x0,
    0xf, 0xff, 0xff, 0xff, 0x0, 0x0, 0x0, 0xf,
    0xff, 0xff, 0xff, 0x0, 0x0, 0x0, 0xf, 0xff,
    0xff, 0xff, 0x0, 0x0, 0x0, 0xf, 0xff, 0xff,
    0xff, 0x0, 0x0, 0x0, 0xf, 0xff, 0xff, 0xff,
    0x0, 0x0, 0x0, 0xf, 0xff, 0xff, 0xff, 0x0,
    0x0, 0x0, 0xf, 0xff, 0xff, 0xff, 0x0, 0x0,
    0x0, 0xf, 0xff, 0xff, 0xff, 0x0, 0x0, 0x0,
    0x7, 0xff, 0xff, 0xff, 0x0, 0x0, 0x0, 0x1,
    0xff, 0xff, 0xff, 0x0, 0x0, 0x0, 0x0, 0xbf,
    0xff, 0xff, 0x0, 0x0, 0x0, 0x0, 0x2f, 0xff,
    0xff, 0x0, 0x0, 0x0, 0x0, 0xf, 0xff, 0xff,
    0x0, 0x0, 0x0, 0x0, 0x3, 0xff, 0xff, 0x0,
    0x0, 0x0, 0x0, 0x0, 0xff, 0xff, 0x0, 0x0,
    0x0, 0x0, 0x0, 0x5, 0x40, 0x0, 0x0, 0x0,
    0x0, 0x0, 0x0,

    /* U+F55A "" */
    0x0, 0x0, 0x2f, 0xff, 0xff, 0xff, 0xff, 0xff,
    0xd0, 0x0, 0x2, 0xff, 0xff, 0xff, 0xff, 0xff,
    0xff, 0xd0, 0x0, 0x2f, 0xff, 0xff, 0xff, 0xff,
    0xff, 0xff, 0xc0, 0x2, 0xff, 0xff, 0xff, 0xff,
    0xff, 0xff, 0xff, 0x0, 0x2f, 0xff, 0xff, 0xaf,
    0xff, 0xaf, 0xff, 0xfc, 0x2, 0xff, 0xff, 0xf8,
    0x2f, 0xf8, 0x1f, 0xff, 0xf0, 0x2f, 0xff, 0xff,
    0xc0, 0x2f, 0x80, 0x3f, 0xff, 0xc2, 0xff, 0xff,
    0xff, 0x80, 0x28, 0x2, 0xff, 0xff, 0x2f, 0xff,
    0xff, 0xff, 0x80, 0x0, 0x2f, 0xff, 0xfe, 0xff,
    0xff, 0xff, 0xff, 0x80, 0x2, 0xff, 0xff, 0xff,
    0xff, 0xff, 0xff, 0xff, 0x40, 0x1f, 0xff, 0xff,
    0xef, 0xff, 0xff, 0xff, 0xf8, 0x0, 0x2f, 0xff,
    0xff, 0x2f, 0xff, 0xff, 0xff, 0x80, 0x0, 0x2f,
    0xff, 0xfc, 0x2f, 0xff, 0xff, 0xf8, 0x2, 0x80,
    0x2f, 0xff, 0xf0, 0x2f, 0xff, 0xff, 0xc0, 0x2f,
    0x80, 0x3f, 0xff, 0xc0, 0x2f, 0xff, 0xff, 0x82,
    0xff, 0x82, 0xff, 0xff, 0x0, 0x2f, 0xff, 0xff,
    0xaf, 0xff, 0xaf, 0xff, 0xfc, 0x0, 0x2f, 0xff,
    0xff, 0xff, 0xff, 0xff, 0xff, 0xf0, 0x0, 0x2f,
    0xff, 0xff, 0xff, 0xff, 0xff, 0xff, 0xc0, 0x0,
    0x2f, 0xff, 0xff, 0xff, 0xff, 0xff, 0xfd, 0x0,
    0x0, 0x2f, 0xff, 0xff, 0xff, 0xff, 0xff, 0xd0,

    /* U+F7C2 "" */
    0x0, 0x1, 0xaa, 0xaa, 0x94, 0x0, 0x3, 0xff,
    0xff, 0xff, 0xc0, 0x3, 0xff, 0xff, 0xff, 0xf8,
    0x3, 0xff, 0xff, 0xff, 0xff, 0x3, 0xf0, 0x38,
    0x3c, 0x2f, 0xc3, 0xfc, 0xe, 0xf, 0xb, 0xf3,
    0xff, 0x3, 0x83, 0xc2, 0xff, 0xff, 0xc0, 0xe0,
    0xf0, 0xbf, 0xff, 0xf0, 0x38, 0x3c, 0x2f, 0xff,
    0xff, 0xff, 0xff, 0xff, 0xff, 0xff, 0xff, 0xff,
    0xff, 0xff, 0xff, 0xff, 0xff, 0xff, 0xff, 0xff,
    0xff, 0xff, 0xff, 0xff, 0xff, 0xff, 0xff, 0xff,
    0xff, 0xff, 0xff, 0xff, 0xff, 0xff, 0xff, 0xff,
    0xff, 0xff, 0xff, 0xff, 0xff, 0xff, 0xff, 0xff,
    0xff, 0xff, 0xff, 0xff, 0xff, 0xff, 0xff, 0xff,
    0xff, 0xff, 0xff, 0xff, 0xff, 0xff, 0xff, 0xff,
    0xff, 0xff, 0xff, 0xff, 0xff, 0xff, 0xff, 0xff,
    0xff, 0xff, 0xff, 0xff, 0xff, 0xff, 0xff, 0xff,
    0xff, 0xff, 0xff, 0xff, 0xff, 0xff, 0xff, 0xff,
    0xff, 0xff, 0xff, 0xff, 0xff, 0xff, 0xff, 0xff,
    0xfb, 0xff, 0xff, 0xff, 0xff, 0xf8, 0xbf, 0xff,
    0xff, 0xff, 0xf8, 0x1, 0x55, 0x55, 0x55, 0x50,
    0x0,

    /* U+F8A2 "" */
    0x0, 0x0, 0x0, 0x0, 0x0, 0x0, 0x1, 0x0,
    0x0, 0x0, 0x0, 0x0, 0x0, 0x2, 0xc0, 0x0,
    0x0, 0x0, 0x0, 0x0, 0x2, 0xf0, 0x0, 0x0,
    0x0, 0x0, 0x0, 0x2, 0xfc, 0x0, 0x7, 0x40,
    0x0, 0x0, 0x0, 0xff, 0x0, 0x7, 0xf0, 0x0,
    0x0, 0x0, 0x7f, 0xc0, 0xb, 0xfc, 0x0, 0x0,
    0x0, 0x1f, 0xf0, 0xb, 0xff, 0x0, 0x0, 0x0,
    0x7, 0xfc, 0xb, 0xff, 0xc0, 0x0, 0x0, 0x1,
    0xff, 0xb, 0xff, 0xff, 0xff, 0xff, 0xff, 0xff,
    0xcb, 0xff, 0xff, 0xff, 0xff, 0xff, 0xff, 0xf3,
    0xff, 0xff, 0xff, 0xff, 0xff, 0xff, 0xfc, 0x3f,
    0xff, 0xff, 0xff, 0xff, 0xff, 0xff, 0x3, 0xff,
    0xf5, 0x55, 0x55, 0x55, 0x55, 0x0, 0x3f, 0xfc,
    0x0, 0x0, 0x0, 0x0, 0x0, 0x3, 0xff, 0x0,
    0x0, 0x0, 0x0, 0x0, 0x0, 0x2f, 0xc0, 0x0,
    0x0, 0x0, 0x0, 0x0, 0x2, 0xe0, 0x0, 0x0,
    0x0, 0x0, 0x0, 0x0, 0x0, 0x0, 0x0, 0x0,
    0x0, 0x0
};


/*---------------------
 *  GLYPH DESCRIPTION
 *--------------------*/

static const lv_font_fmt_txt_glyph_dsc_t glyph_dsc[] = {
    {.bitmap_index = 0, .adv_w = 0, .box_w = 0, .box_h = 0, .ofs_x = 0, .ofs_y = 0} /* id = 0 reserved */,
    {.bitmap_index = 0, .adv_w = 149, .box_w = 0, .box_h = 0, .ofs_x = 0, .ofs_y = 0},
    {.bitmap_index = 0, .adv_w = 149, .box_w = 5, .box_h = 20, .ofs_x = 2, .ofs_y = 0},
    {.bitmap_index = 25, .adv_w = 219, .box_w = 10, .box_h = 8, .ofs_x = 2, .ofs_y = 12},
    {.bitmap_index = 45, .adv_w = 269, .box_w = 17, .box_h = 20, .ofs_x = 0, .ofs_y = 0},
    {.bitmap_index = 130, .adv_w = 269, .box_w = 15, .box_h = 26, .ofs_x = 1, .ofs_y = -3},
    {.bitmap_index = 228, .adv_w = 446, .box_w = 25, .box_h = 21, .ofs_x = 1, .ofs_y = 0},
    {.bitmap_index = 360, .adv_w = 336, .box_w = 20, .box_h = 20, .ofs_x = 1, .ofs_y = 0},
    {.bitmap_index = 460, .adv_w = 126, .box_w = 4, .box_h = 8, .ofs_x = 2, .ofs_y = 12},
    {.bitmap_index = 468, .adv_w = 149, .box_w = 8, .box_h = 27, .ofs_x = 1, .ofs_y = -3},
    {.bitmap_index = 522, .adv_w = 149, .box_w = 8, .box_h = 27, .ofs_x = 1, .ofs_y = -3},
    {.bitmap_index = 576, .adv_w = 231, .box_w = 14, .box_h = 13, .ofs_x = 0, .ofs_y = 7},
    {.bitmap_index = 622, .adv_w = 271, .box_w = 15, .box_h = 15, .ofs_x = 1, .ofs_y = 0},
    {.bitmap_index = 679, .adv_w = 123, .box_w = 6, .box_h = 11, .ofs_x = 1, .ofs_y = -6},
    {.bitmap_index = 696, .adv_w = 271, .box_w = 15, .box_h = 3, .ofs_x = 1, .ofs_y = 6},
    {.bitmap_index = 708, .adv_w = 123, .box_w = 6, .box_h = 5, .ofs_x = 1, .ofs_y = 0},
    {.bitmap_index = 716, .adv_w = 224, .box_w = 14, .box_h = 26, .ofs_x = 0, .ofs_y = -3},
    {.bitmap_index = 807, .adv_w = 269, .box_w = 15, .box_h = 20, .ofs_x = 1, .ofs_y = 0},
    {.bitmap_index = 882, .adv_w = 184, .box_w = 8, .box_h = 20, .ofs_x = 1, .ofs_y = 0},
    {.bitmap_index = 922, .adv_w = 269, .box_w = 15, .box_h = 20, .ofs_x = 1, .ofs_y = 0},
    {.bitmap_index = 997, .adv_w = 269, .box_w = 15, .box_h = 20, .ofs_x = 1, .ofs_y = 0},
    {.bitmap_index = 1072, .adv_w = 269, .box_w = 17, .box_h = 20, .ofs_x = 0, .ofs_y = 0},
    {.bitmap_index = 1157, .adv_w = 269, .box_w = 15, .box_h = 20, .ofs_x = 1, .ofs_y = 0},
    {.bitmap_index = 1232, .adv_w = 269, .box_w = 15, .box_h = 20, .ofs_x = 1, .ofs_y = 0},
    {.bitmap_index = 1307, .adv_w = 248, .box_w = 15, .box_h = 20, .ofs_x = 0, .ofs_y = 0},
    {.bitmap_index = 1382, .adv_w = 269, .box_w = 16, .box_h = 20, .ofs_x = 0, .ofs_y = 0},
    {.bitmap_index = 1462, .adv_w = 269, .box_w = 15, .box_h = 20, .ofs_x = 1, .ofs_y = 0},
    {.bitmap_index = 1537, .adv_w = 123, .box_w = 6, .box_h = 15, .ofs_x = 1, .ofs_y = 0},
    {.bitmap_index = 1560, .adv_w = 123, .box_w = 6, .box_h = 21, .ofs_x = 1, .ofs_y = -6},
    {.bitmap_index = 1592, .adv_w = 271, .box_w = 15, .box_h = 16, .ofs_x = 1, .ofs_y = -1},
    {.bitmap_index = 1652, .adv_w = 271, .box_w = 15, .box_h = 9, .ofs_x = 1, .ofs_y = 3},
    {.bitmap_index = 1686, .adv_w = 271, .box_w = 15, .box_h = 16, .ofs_x = 1, .ofs_y = -1},
    {.bitmap_index = 1746, .adv_w = 250, .box_w = 14, .box_h = 20, .ofs_x = 1, .ofs_y = 0},
    {.bitmap_index = 1816, .adv_w = 388, .box_w = 22, .box_h = 20, .ofs_x = 1, .ofs_y = 0},
    {.bitmap_index = 1926, .adv_w = 304, .box_w = 20, .box_h = 20, .ofs_x = 0, .ofs_y = 0},
    {.bitmap_index = 2026, .adv_w = 309, .box_w = 18, .box_h = 20, .ofs_x = 1, .ofs_y = 0},
    {.bitmap_index = 2116, .adv_w = 328, .box_w = 19, .box_h = 20, .ofs_x = 1, .ofs_y = 0},
    {.bitmap_index = 2211, .adv_w = 323, .box_w = 19, .box_h = 20, .ofs_x = 1, .ofs_y = 0},
    {.bitmap_index = 2306, .adv_w = 288, .box_w = 16, .box_h = 20, .ofs_x = 1, .ofs_y = 0},
    {.bitmap_index = 2386, .adv_w = 261, .box_w = 15, .box_h = 20, .ofs_x = 1, .ofs_y = 0},
    {.bitmap_index = 2461, .adv_w = 339, .box_w = 19, .box_h = 20, .ofs_x = 1, .ofs_y = 0},
    {.bitmap_index = 2556, .adv_w = 330, .box_w = 18, .box_h = 20, .ofs_x = 1, .ofs_y = 0},
    {.bitmap_index = 2646, .adv_w = 115, .box_w = 5, .box_h = 20, .ofs_x = 1, .ofs_y = 0},
    {.bitmap_index = 2671, .adv_w = 241, .box_w = 14, .box_h = 20, .ofs_x = 0, .ofs_y = 0},
    {.bitmap_index = 2741, .adv_w = 320, .box_w = 19, .box_h = 20, .ofs_x = 1, .ofs_y = 0},
    {.bitmap_index = 2836, .adv_w = 265, .box_w = 16, .box_h = 20, .ofs_x = 1, .ofs_y = 0},
    {.bitmap_index = 2916, .adv_w = 405, .box_w = 23, .box_h = 20, .ofs_x = 1, .ofs_y = 0},
    {.bitmap_index = 3031, .adv_w = 328, .box_w = 18, .box_h = 20, .ofs_x = 1, .ofs_y = 0},
    {.bitmap_index = 3121, .adv_w = 347, .box_w = 20, .box_h = 20, .ofs_x = 1, .ofs_y = 0},
    {.bitmap_index = 3221, .adv_w = 293, .box_w = 17, .box_h = 20, .ofs_x = 1, .ofs_y = 0},
    {.bitmap_index = 3306, .adv_w = 347, .box_w = 20, .box_h = 22, .ofs_x = 1, .ofs_y = -2},
    {.bitmap_index = 3416, .adv_w = 312, .box_w = 18, .box_h = 20, .ofs_x = 1, .ofs_y = 0},
    {.bitmap_index = 3506, .adv_w = 292, .box_w = 18, .box_h = 20, .ofs_x = 0, .ofs_y = 0},
    {.bitmap_index = 3596, .adv_w = 276, .box_w = 17, .box_h = 20, .ofs_x = 0, .ofs_y = 0},
    {.bitmap_index = 3681, .adv_w = 329, .box_w = 18, .box_h = 20, .ofs_x = 1, .ofs_y = 0},
    {.bitmap_index = 3771, .adv_w = 295, .box_w = 19, .box_h = 20, .ofs_x = 0, .ofs_y = 0},
    {.bitmap_index = 3866, .adv_w = 427, .box_w = 27, .box_h = 20, .ofs_x = 0, .ofs_y = 0},
    {.bitmap_index = 4001, .adv_w = 297, .box_w = 19, .box_h = 20, .ofs_x = 0, .ofs_y = 0},
    {.bitmap_index = 4096, .adv_w = 310, .box_w = 20, .box_h = 20, .ofs_x = 0, .ofs_y = 0},
    {.bitmap_index = 4196, .adv_w = 286, .box_w = 18, .box_h = 20, .ofs_x = 0, .ofs_y = 0},
    {.bitmap_index = 4286, .adv_w = 149, .box_w = 9, .box_h = 27, .ofs_x = 0, .ofs_y = -3},
    {.bitmap_index = 4347, .adv_w = 224, .box_w = 14, .box_h = 26, .ofs_x = 0, .ofs_y = -3},
    {.bitmap_index = 4438, .adv_w = 149, .box_w = 9, .box_h = 27, .ofs_x = 0, .ofs_y = -3},
    {.bitmap_index = 4499, .adv_w = 244, .box_w = 13, .box_h = 10, .ofs_x = 1, .ofs_y = 10},
    {.bitmap_index = 4532, .adv_w = 224, .box_w = 14, .box_h = 3, .ofs_x = 0, .ofs_y = -4},
    {.bitmap_index = 4543, .adv_w = 149, .box_w = 7, .box_h = 4, .ofs_x = 1, .ofs_y = 16},
    {.bitmap_index = 4550, .adv_w = 256, .box_w = 14, .box_h = 15, .ofs_x = 1, .ofs_y = 0},
    {.bitmap_index = 4603, .adv_w = 270, .box_w = 15, .box_h = 21, .ofs_x = 1, .ofs_y = 0},
    {.bitmap_index = 4682, .adv_w = 251, .box_w = 14, .box_h = 15, .ofs_x = 1, .ofs_y = 0},
    {.bitmap_index = 4735, .adv_w = 270, .box_w = 15, .box_h = 21, .ofs_x = 1, .ofs_y = 0},
    {.bitmap_index = 4814, .adv_w = 254, .box_w = 16, .box_h = 15, .ofs_x = 0, .ofs_y = 0},
    {.bitmap_index = 4874, .adv_w = 169, .box_w = 11, .box_h = 20, .ofs_x = 0, .ofs_y = 0},
    {.bitmap_index = 4929, .adv_w = 270, .box_w = 15, .box_h = 21, .ofs_x = 1, .ofs_y = -6},
    {.bitmap_index = 5008, .adv_w = 258, .box_w = 14, .box_h = 21, .ofs_x = 1, .ofs_y = 0},
    {.bitmap_index = 5082, .adv_w = 123, .box_w = 6, .box_h = 20, .ofs_x = 1, .ofs_y = 0},
    {.bitmap_index = 5112, .adv_w = 124, .box_w = 8, .box_h = 26, .ofs_x = -1, .ofs_y = -6},
    {.bitmap_index = 5164, .adv_w = 248, .box_w = 15, .box_h = 21, .ofs_x = 1, .ofs_y = 0},
    {.bitmap_index = 5243, .adv_w = 114, .box_w = 5, .box_h = 21, .ofs_x = 1, .ofs_y = 0},
    {.bitmap_index = 5270, .adv_w = 396, .box_w = 23, .box_h = 15, .ofs_x = 1, .ofs_y = 0},
    {.bitmap_index = 5357, .adv_w = 260, .box_w = 14, .box_h = 15, .ofs_x = 1, .ofs_y = 0},
    {.bitmap_index = 5410, .adv_w = 269, .box_w = 15, .box_h = 15, .ofs_x = 1, .ofs_y = 0},
    {.bitmap_index = 5467, .adv_w = 270, .box_w = 15, .box_h = 21, .ofs_x = 1, .ofs_y = -6},
    {.bitmap_index = 5546, .adv_w = 270, .box_w = 15, .box_h = 21, .ofs_x = 1, .ofs_y = -6},
    {.bitmap_index = 5625, .adv_w = 168, .box_w = 10, .box_h = 15, .ofs_x = 1, .ofs_y = 0},
    {.bitmap_index = 5663, .adv_w = 235, .box_w = 14, .box_h = 15, .ofs_x = 0, .ofs_y = 0},
    {.bitmap_index = 5716, .adv_w = 162, .box_w = 10, .box_h = 20, .ofs_x = 0, .ofs_y = 0},
    {.bitmap_index = 5766, .adv_w = 261, .box_w = 14, .box_h = 15, .ofs_x = 1, .ofs_y = 0},
    {.bitmap_index = 5819, .adv_w = 227, .box_w = 15, .box_h = 15, .ofs_x = 0, .ofs_y = 0},
    {.bitmap_index = 5876, .adv_w = 348, .box_w = 22, .box_h = 15, .ofs_x = 0, .ofs_y = 0},
    {.bitmap_index = 5959, .adv_w = 241, .box_w = 15, .box_h = 15, .ofs_x = 0, .ofs_y = 0},
    {.bitmap_index = 6016, .adv_w = 236, .box_w = 15, .box_h = 21, .ofs_x = 0, .ofs_y = -6},
    {.bitmap_index = 6095, .adv_w = 227, .box_w = 14, .box_h = 15, .ofs_x = 0, .ofs_y = 0},
    {.bitmap_index = 6148, .adv_w = 149, .box_w = 9, .box_h = 27, .ofs_x = 0, .ofs_y = -3},
    {.bitmap_index = 6209, .adv_w = 96, .box_w = 4, .box_h = 28, .ofs_x = 1, .ofs_y = -4},
    {.bitmap_index = 6237, .adv_w = 149, .box_w = 9, .box_h = 27, .ofs_x = 0, .ofs_y = -3},
    {.bitmap_index = 6298, .adv_w = 224, .box_w = 14, .box_h = 5, .ofs_x = 0, .ofs_y = 8},
    {.bitmap_index = 6316, .adv_w = 0, .box_w = 0, .box_h = 0, .ofs_x = 0, .ofs_y = 0},
    {.bitmap_index = 6316, .adv_w = 448, .box_w = 28, .box_h = 29, .ofs_x = 0, .ofs_y = -4},
    {.bitmap_index = 6519, .adv_w = 448, .box_w = 28, .box_h = 21, .ofs_x = 0, .ofs_y = 0},
    {.bitmap_index = 6666, .adv_w = 448, .box_w = 28, .box_h = 25, .ofs_x = 0, .ofs_y = -2},
    {.bitmap_index = 6841, .adv_w = 448, .box_w = 28, .box_h = 21, .ofs_x = 0, .ofs_y = 0},
    {.bitmap_index = 6988, .adv_w = 308, .box_w = 20, .box_h = 21, .ofs_x = 0, .ofs_y = 0},
    {.bitmap_index = 7093, .adv_w = 448, .box_w = 28, .box_h = 29, .ofs_x = 0, .ofs_y = -4},
    {.bitmap_index = 7296, .adv_w = 448, .box_w = 27, .box_h = 29, .ofs_x = 1, .ofs_y = -4},
    {.bitmap_index = 7492, .adv_w = 504, .box_w = 32, .box_h = 25, .ofs_x = 0, .ofs_y = -2},
    {.bitmap_index = 7692, .adv_w = 448, .box_w = 28, .box_h = 29, .ofs_x = 0, .ofs_y = -4},
    {.bitmap_index = 7895, .adv_w = 504, .box_w = 32, .box_h = 21, .ofs_x = 0, .ofs_y = 0},
    {.bitmap_index = 8063, .adv_w = 448, .box_w = 28, .box_h = 29, .ofs_x = 0, .ofs_y = -4},
    {.bitmap_index = 8266, .adv_w = 224, .box_w = 14, .box_h = 23, .ofs_x = 0, .ofs_y = -1},
    {.bitmap_index = 8347, .adv_w = 336, .box_w = 21, .box_h = 23, .ofs_x = 0, .ofs_y = -1},
    {.bitmap_index = 8468, .adv_w = 504, .box_w = 32, .box_h = 27, .ofs_x = 0, .ofs_y = -3},
    {.bitmap_index = 8684, .adv_w = 448, .box_w = 28, .box_h = 21, .ofs_x = 0, .ofs_y = 0},
    {.bitmap_index = 8831, .adv_w = 308, .box_w = 20, .box_h = 29, .ofs_x = 0, .ofs_y = -4},
    {.bitmap_index = 8976, .adv_w = 392, .box_w = 18, .box_h = 26, .ofs_x = 3, .ofs_y = -3},
    {.bitmap_index = 9093, .adv_w = 392, .box_w = 25, .box_h = 29, .ofs_x = 0, .ofs_y = -4},
    {.bitmap_index = 9275, .adv_w = 392, .box_w = 25, .box_h = 25, .ofs_x = 0, .ofs_y = -2},
    {.bitmap_index = 9432, .adv_w = 392, .box_w = 25, .box_h = 25, .ofs_x = 0, .ofs_y = -2},
    {.bitmap_index = 9589, .adv_w = 392, .box_w = 18, .box_h = 26, .ofs_x = 3, .ofs_y = -3},
    {.bitmap_index = 9706, .adv_w = 392, .box_w = 26, .box_h = 25, .ofs_x = -1, .ofs_y = -2},
    {.bitmap_index = 9869, .adv_w = 280, .box_w = 16, .box_h = 25, .ofs_x = 1, .ofs_y = -2},
    {.bitmap_index = 9969, .adv_w = 280, .box_w = 16, .box_h = 25, .ofs_x = 1, .ofs_y = -2},
    {.bitmap_index = 10069, .adv_w = 392, .box_w = 25, .box_h = 25, .ofs_x = 0, .ofs_y = -2},
    {.bitmap_index = 10226, .adv_w = 392, .box_w = 25, .box_h = 7, .ofs_x = 0, .ofs_y = 7},
    {.bitmap_index = 10270, .adv_w = 504, .box_w = 32, .box_h = 21, .ofs_x = 0, .ofs_y = 0},
    {.bitmap_index = 10438, .adv_w = 560, .box_w = 35, .box_h = 29, .ofs_x = 0, .ofs_y = -4},
    {.bitmap_index = 10692, .adv_w = 504, .box_w = 33, .box_h = 29, .ofs_x = -1, .ofs_y = -4},
    {.bitmap_index = 10932, .adv_w = 448, .box_w = 28, .box_h = 25, .ofs_x = 0, .ofs_y = -2},
    {.bitmap_index = 11107, .adv_w = 392, .box_w = 25, .box_h = 15, .ofs_x = 0, .ofs_y = 3},
    {.bitmap_index = 11201, .adv_w = 392, .box_w = 25, .box_h = 15, .ofs_x = 0, .ofs_y = 3},
    {.bitmap_index = 11295, .adv_w = 560, .box_w = 35, .box_h = 22, .ofs_x = 0, .ofs_y = 0},
    {.bitmap_index = 11488, .adv_w = 448, .box_w = 28, .box_h = 21, .ofs_x = 0, .ofs_y = 0},
    {.bitmap_index = 11635, .adv_w = 448, .box_w = 28, .box_h = 29, .ofs_x = 0, .ofs_y = -4},
    {.bitmap_index = 11838, .adv_w = 448, .box_w = 29, .box_h = 29, .ofs_x = -1, .ofs_y = -4},
    {.bitmap_index = 12049, .adv_w = 392, .box_w = 25, .box_h = 25, .ofs_x = 0, .ofs_y = -2},
    {.bitmap_index = 12206, .adv_w = 392, .box_w = 25, .box_h = 29, .ofs_x = 0, .ofs_y = -4},
    {.bitmap_index = 12388, .adv_w = 392, .box_w = 25, .box_h = 25, .ofs_x = 0, .ofs_y = -2},
    {.bitmap_index = 12545, .adv_w = 392, .box_w = 25, .box_h = 23, .ofs_x = 0, .ofs_y = -1},
    {.bitmap_index = 12689, .adv_w = 448, .box_w = 28, .box_h = 21, .ofs_x = 0, .ofs_y = 0},
    {.bitmap_index = 12836, .adv_w = 280, .box_w = 19, .box_h = 29, .ofs_x = -1, .ofs_y = -4},
    {.bitmap_index = 12974, .adv_w = 392, .box_w = 25, .box_h = 29, .ofs_x = 0, .ofs_y = -4},
    {.bitmap_index = 13156, .adv_w = 392, .box_w = 25, .box_h = 29, .ofs_x = 0, .ofs_y = -4},
    {.bitmap_index = 13338, .adv_w = 504, .box_w = 32, .box_h = 21, .ofs_x = 0, .ofs_y = 0},
    {.bitmap_index = 13506, .adv_w = 448, .box_w = 30, .box_h = 29, .ofs_x = -1, .ofs_y = -4},
    {.bitmap_index = 13724, .adv_w = 336, .box_w = 21, .box_h = 29, .ofs_x = 0, .ofs_y = -4},
    {.bitmap_index = 13877, .adv_w = 560, .box_w = 35, .box_h = 26, .ofs_x = 0, .ofs_y = -2},
    {.bitmap_index = 14105, .adv_w = 560, .box_w = 35, .box_h = 19, .ofs_x = 0, .ofs_y = 1},
    {.bitmap_index = 14272, .adv_w = 560, .box_w = 35, .box_h = 19, .ofs_x = 0, .ofs_y = 1},
    {.bitmap_index = 14439, .adv_w = 560, .box_w = 35, .box_h = 19, .ofs_x = 0, .ofs_y = 1},
    {.bitmap_index = 14606, .adv_w = 560, .box_w = 35, .box_h = 19, .ofs_x = 0, .ofs_y = 1},
    {.bitmap_index = 14773, .adv_w = 560, .box_w = 35, .box_h = 19, .ofs_x = 0, .ofs_y = 1},
    {.bitmap_index = 14940, .adv_w = 560, .box_w = 36, .box_h = 23, .ofs_x = 0, .ofs_y = -1},
    {.bitmap_index = 15147, .adv_w = 392, .box_w = 22, .box_h = 29, .ofs_x = 1, .ofs_y = -4},
    {.bitmap_index = 15307, .adv_w = 392, .box_w = 25, .box_h = 29, .ofs_x = 0, .ofs_y = -4},
    {.bitmap_index = 15489, .adv_w = 448, .box_w = 29, .box_h = 29, .ofs_x = -1, .ofs_y = -4},
    {.bitmap_index = 15700, .adv_w = 560, .box_w = 35, .box_h = 21, .ofs_x = 0, .ofs_y = 0},
    {.bitmap_index = 15884, .adv_w = 336, .box_w = 21, .box_h = 29, .ofs_x = 0, .ofs_y = -4},
    {.bitmap_index = 16037, .adv_w = 451, .box_w = 29, .box_h = 19, .ofs_x = 0, .ofs_y = 1}
};

/*---------------------
 *  CHARACTER MAPPING
 *--------------------*/

static const uint16_t unicode_list_1[] = {
    0x0, 0x7, 0xa, 0xb, 0xc, 0x10, 0x12, 0x14,
    0x18, 0x1b, 0x20, 0x25, 0x26, 0x27, 0x3d, 0x42,
    0x47, 0x4a, 0x4b, 0x4c, 0x50, 0x51, 0x52, 0x53,
    0x66, 0x67, 0x6d, 0x6f, 0x70, 0x73, 0x76, 0x77,
    0x78, 0x7a, 0x92, 0x94, 0xc3, 0xc4, 0xc6, 0xc8,
    0xdf, 0xe6, 0xe9, 0xf2, 0x11b, 0x123, 0x15a, 0x1ea,
    0x23f, 0x240, 0x241, 0x242, 0x243, 0x286, 0x292, 0x2ec,
    0x303, 0x559, 0x7c1, 0x8a1
};

/*Collect the unicode lists and glyph_id offsets*/
static const lv_font_fmt_txt_cmap_t cmaps[] =
{
    {
        .range_start = 32, .range_length = 96, .glyph_id_start = 1,
        .unicode_list = NULL, .glyph_id_ofs_list = NULL, .list_length = 0, .type = LV_FONT_FMT_TXT_CMAP_FORMAT0_TINY
    },
    {
        .range_start = 61441, .range_length = 2210, .glyph_id_start = 97,
        .unicode_list = unicode_list_1, .glyph_id_ofs_list = NULL, .list_length = 60, .type = LV_FONT_FMT_TXT_CMAP_SPARSE_TINY
    }
};



/*--------------------
 *  ALL CUSTOM DATA
 *--------------------*/

#if LVGL_VERSION_MAJOR == 8
/*Store all the custom data of the font*/
static  lv_font_fmt_txt_glyph_cache_t cache;
#endif

#if LVGL_VERSION_MAJOR >= 8
static const lv_font_fmt_txt_dsc_t font_dsc = {
#else
static lv_font_fmt_txt_dsc_t font_dsc = {
#endif
    .glyph_bitmap = glyph_bitmap,
    .glyph_dsc = glyph_dsc,
    .cmaps = cmaps,
    .kern_dsc = NULL,
    .kern_scale = 0,
    .cmap_num = 2,
    .bpp = 2,
    .kern_classes = 0,
    .bitmap_format = 0,
#if LVGL_VERSION_MAJOR == 8
    .cache = &cache
#endif
};



/*-----------------
 *  PUBLIC FONT
 *----------------*/

/*Initialize a public general font descriptor*/
#if LVGL_VERSION_MAJOR >= 8
const lv_font_t lv_font_pingfang_SC_28 = {
#else
lv_font_t lv_font_pingfang_SC_28 = {
#endif
    .get_glyph_dsc = lv_font_get_glyph_dsc_fmt_txt,    /*Function pointer to get glyph's data*/
    .get_glyph_bitmap = lv_font_get_bitmap_fmt_txt,    /*Function pointer to get glyph's bitmap*/
    .line_height = 31,          /*The maximum line height required by the font*/
    .base_line = 6,             /*Baseline measured from the bottom of the line*/
#if !(LVGL_VERSION_MAJOR == 6 && LVGL_VERSION_MINOR == 0)
    .subpx = LV_FONT_SUBPX_NONE,
#endif
#if LV_VERSION_CHECK(7, 4, 0) || LVGL_VERSION_MAJOR >= 8
    .underline_position = -4,
    .underline_thickness = 2,
#endif
    .dsc = &font_dsc,          /*The custom font data. Will be accessed by `get_glyph_bitmap/dsc` */
#if LV_VERSION_CHECK(8, 2, 0) || LVGL_VERSION_MAJOR >= 9
    .fallback = NULL,
#endif
    .user_data = NULL,
};



#endif /*#if LV_FONT_PINGFANG_SC_28*/

