/*******************************************************************************
 * Size: 19 px
 * Bpp: 4
 * Opts: --font D:\test\ktv_demo\assets\fonts\Alibaba_PuHuiTi_2_0_75_SemiBold_75_SemiBold\Alibaba_PuHuiTi_2_0_75_SemiBold_75_SemiBold.ttf -r 0x20-0x7F --symbols 0123456789a义册定相自 --size 19 -o \\192.168.30.245\weichao.lian\klok\projects\multimedia\ktv_example\ap\ui\beken_generated\fonts\lv_font_Alibaba_PuHuiTi_2_0_75_SemiBold_75_SemiBold_19.c --format lvgl --bpp 4 --no-compress --lv-include lvgl.h --font C:\Users\weichao.lian\Downloads\lvgl_ui_designer_2.0.2\resources\assets\fonts\FontAwesome5.woff -r 61441, 61448, 61451, 61452, 61453, 61457, 61459, 61461, 61465, 61468,                                61473, 61478, 61479, 61480, 61502, 61507, 61512, 61515, 61516, 61517,                                61521, 61522, 61523, 61524, 61543, 61544, 61550, 61552, 61553, 61556,                                61559, 61560, 61561, 61563, 61587, 61589, 61636, 61637, 61639, 61641,                                61664, 61671, 61674, 61683, 61724, 61732, 61787, 61931, 62016, 62017,                                62018, 62019, 62020, 62087, 62099, 62189, 62212, 62810, 63426, 63650
 ******************************************************************************/

#ifdef LV_LVGL_H_INCLUDE_SIMPLE
#include "lvgl.h"
#else
#include "lvgl.h"
#endif

#ifndef LV_FONT_ALIBABA_PUHUITI_2_0_75_SEMIBOLD_75_SEMIBOLD_19
#define LV_FONT_ALIBABA_PUHUITI_2_0_75_SEMIBOLD_75_SEMIBOLD_19 1
#endif

#if LV_FONT_ALIBABA_PUHUITI_2_0_75_SEMIBOLD_75_SEMIBOLD_19

/*-----------------
 *    BITMAPS
 *----------------*/

/*Store the image of the glyphs*/
static LV_ATTRIBUTE_LARGE_CONST const uint8_t glyph_bitmap[] = {
    /* U+0020 " " */

    /* U+0021 "!" */
    0xdf, 0xcc, 0xfc, 0xbf, 0xbb, 0xfa, 0xaf, 0xaa,
    0xf9, 0x9f, 0x98, 0xf8, 0x8f, 0x71, 0x21, 0x0,
    0xc, 0xfb, 0xff, 0xeb, 0xfa,

    /* U+0022 "\"" */
    0xef, 0x69, 0xfb, 0xdf, 0x58, 0xfa, 0xcf, 0x47,
    0xf9, 0xaf, 0x25, 0xf8, 0x9f, 0x14, 0xf6, 0x7e,
    0x2, 0xe5,

    /* U+0023 "#" */
    0x0, 0x9, 0xf6, 0x0, 0xdf, 0x30, 0x0, 0xd,
    0xf3, 0x0, 0xff, 0x0, 0x0, 0xf, 0xf0, 0x3,
    0xfc, 0x0, 0xbf, 0xff, 0xff, 0xff, 0xff, 0xf1,
    0x9d, 0xef, 0xed, 0xdf, 0xfe, 0xd1, 0x0, 0x8f,
    0x70, 0xb, 0xf4, 0x0, 0x0, 0xbf, 0x50, 0xe,
    0xf2, 0x0, 0x0, 0xdf, 0x20, 0xf, 0xf0, 0x0,
    0x9d, 0xff, 0xdd, 0xdf, 0xfd, 0xd1, 0xbf, 0xff,
    0xff, 0xff, 0xff, 0xf1, 0x5, 0xfa, 0x0, 0x8f,
    0x70, 0x0, 0x7, 0xf8, 0x0, 0xaf, 0x40, 0x0,
    0xa, 0xf5, 0x0, 0xdf, 0x20, 0x0, 0xc, 0xf3,
    0x0, 0xff, 0x0, 0x0,

    /* U+0024 "$" */
    0x0, 0x1, 0x81, 0x0, 0x0, 0x0, 0x3f, 0x20,
    0x0, 0x5, 0xcf, 0xff, 0xec, 0x15, 0xff, 0xff,
    0xff, 0xf2, 0xbf, 0xa4, 0xf2, 0x15, 0x1d, 0xf5,
    0x3f, 0x20, 0x0, 0xcf, 0x73, 0xf2, 0x0, 0x8,
    0xff, 0xbf, 0x20, 0x0, 0x1d, 0xff, 0xff, 0xb3,
    0x0, 0x5, 0xbf, 0xff, 0xf4, 0x0, 0x3, 0xf5,
    0xdf, 0xb0, 0x0, 0x3f, 0x24, 0xfd, 0x0, 0x3,
    0xf2, 0x4f, 0xd8, 0x53, 0x5f, 0x5c, 0xfb, 0xff,
    0xff, 0xff, 0xff, 0x39, 0xde, 0xff, 0xfb, 0x40,
    0x0, 0x3, 0xf2, 0x0, 0x0, 0x0, 0x3f, 0x20,
    0x0, 0x0, 0x3, 0xf2, 0x0, 0x0,

    /* U+0025 "%" */
    0x9, 0xee, 0x90, 0x0, 0x8, 0xf2, 0x0, 0x7f,
    0x88, 0xf6, 0x0, 0x1f, 0x90, 0x0, 0xbe, 0x0,
    0xea, 0x0, 0x9f, 0x10, 0x0, 0xcd, 0x0, 0xdc,
    0x2, 0xf8, 0x0, 0x0, 0xbd, 0x0, 0xeb, 0xa,
    0xe1, 0x0, 0x0, 0x8f, 0x34, 0xf8, 0x2f, 0x70,
    0x0, 0x0, 0x1d, 0xff, 0xd1, 0xbe, 0x0, 0x0,
    0x0, 0x0, 0x33, 0x3, 0xf6, 0x2c, 0xff, 0x70,
    0x0, 0x0, 0xb, 0xd0, 0xbe, 0x59, 0xf3, 0x0,
    0x0, 0x4f, 0x50, 0xfa, 0x2, 0xf7, 0x0, 0x0,
    0xcd, 0x0, 0xf9, 0x1, 0xf8, 0x0, 0x5, 0xf4,
    0x0, 0xfa, 0x2, 0xf7, 0x0, 0xd, 0xc0, 0x0,
    0xbe, 0x38, 0xf3, 0x0, 0x6f, 0x30, 0x0, 0x2b,
    0xfe, 0x60,

    /* U+0026 "&" */
    0x0, 0x3, 0xbe, 0xea, 0x10, 0x0, 0x0, 0x2,
    0xff, 0xff, 0xfb, 0x0, 0x0, 0x0, 0x8f, 0xd0,
    0x4f, 0xf0, 0x0, 0x0, 0x9, 0xfb, 0x1, 0xff,
    0x0, 0x0, 0x0, 0x7f, 0xe1, 0xaf, 0xc0, 0x0,
    0x0, 0x2, 0xff, 0xff, 0xe2, 0x0, 0x0, 0x0,
    0x2e, 0xff, 0xc1, 0x4, 0x74, 0x0, 0x4f, 0xff,
    0xfe, 0x10, 0xbf, 0x80, 0x1f, 0xfa, 0x1e, 0xfc,
    0xe, 0xf4, 0x5, 0xff, 0x0, 0x3f, 0xfc, 0xfe,
    0x0, 0x7f, 0xf0, 0x0, 0x6f, 0xff, 0x70, 0x3,
    0xff, 0x91, 0x16, 0xff, 0xf6, 0x0, 0xa, 0xff,
    0xff, 0xff, 0xef, 0xff, 0x0, 0x7, 0xdf, 0xeb,
    0x41, 0x9e, 0xf0,

    /* U+0027 "'" */
    0xef, 0x6d, 0xf5, 0xcf, 0x4a, 0xf2, 0x9f, 0x17,
    0xe0,

    /* U+0028 "(" */
    0x0, 0x1f, 0xf5, 0x0, 0xaf, 0xc0, 0x2, 0xff,
    0x40, 0x9, 0xfd, 0x0, 0xf, 0xf7, 0x0, 0x4f,
    0xf2, 0x0, 0x8f, 0xe0, 0x0, 0xbf, 0xc0, 0x0,
    0xcf, 0xa0, 0x0, 0xdf, 0xa0, 0x0, 0xcf, 0xa0,
    0x0, 0xbf, 0xc0, 0x0, 0x9f, 0xe0, 0x0, 0x5f,
    0xf2, 0x0, 0x1f, 0xf6, 0x0, 0xa, 0xfc, 0x0,
    0x3, 0xff, 0x30, 0x0, 0xbf, 0xb0, 0x0, 0x2f,
    0xf3,

    /* U+0029 ")" */
    0xe, 0xf6, 0x0, 0x0, 0x7f, 0xe0, 0x0, 0x0,
    0xef, 0x80, 0x0, 0x8, 0xfe, 0x0, 0x0, 0x2f,
    0xf5, 0x0, 0x0, 0xef, 0x90, 0x0, 0xa, 0xfd,
    0x0, 0x0, 0x7f, 0xf0, 0x0, 0x6, 0xff, 0x10,
    0x0, 0x5f, 0xf1, 0x0, 0x6, 0xff, 0x0, 0x0,
    0x7f, 0xf0, 0x0, 0xa, 0xfc, 0x0, 0x0, 0xef,
    0x80, 0x0, 0x3f, 0xf4, 0x0, 0x9, 0xfd, 0x0,
    0x0, 0xff, 0x70, 0x0, 0x8f, 0xe0, 0x0, 0x1f,
    0xf5, 0x0, 0x0,

    /* U+002A "*" */
    0x0, 0xb, 0xf4, 0x0, 0x3, 0x9, 0xf2, 0x12,
    0x1f, 0xcb, 0xf9, 0xfa, 0x3d, 0xff, 0xff, 0xfa,
    0x0, 0x4f, 0xfc, 0x0, 0x2, 0xef, 0x9f, 0xa0,
    0x4, 0xe8, 0xe, 0xb0, 0x0, 0x11, 0x2, 0x0,

    /* U+002B "+" */
    0x0, 0x0, 0x9f, 0x60, 0x0, 0x0, 0x0, 0x9,
    0xf6, 0x0, 0x0, 0x0, 0x0, 0x9f, 0x60, 0x0,
    0x0, 0x0, 0x9, 0xf6, 0x0, 0x0, 0x6f, 0xff,
    0xff, 0xff, 0xff, 0x36, 0xff, 0xff, 0xff, 0xff,
    0xf3, 0x2, 0x22, 0xaf, 0x82, 0x22, 0x0, 0x0,
    0x9, 0xf6, 0x0, 0x0, 0x0, 0x0, 0x9f, 0x60,
    0x0, 0x0, 0x0, 0x9, 0xf6, 0x0, 0x0, 0x0,
    0x0, 0x12, 0x10, 0x0, 0x0,

    /* U+002C "," */
    0x0, 0x7b, 0x60, 0xc, 0xf7, 0x0, 0xff, 0x20,
    0x5f, 0xd0, 0xa, 0xf5, 0x2, 0xfd, 0x0,

    /* U+002D "-" */
    0x0, 0x0, 0x0, 0xb, 0xff, 0xff, 0xf0, 0xbf,
    0xff, 0xff, 0x0,

    /* U+002E "." */
    0x2, 0x20, 0x5f, 0xf6, 0x7f, 0xf8, 0x4f, 0xf4,

    /* U+002F "/" */
    0x0, 0x0, 0xc, 0xf1, 0x0, 0x0, 0x1f, 0xb0,
    0x0, 0x0, 0x7f, 0x60, 0x0, 0x0, 0xcf, 0x0,
    0x0, 0x2, 0xfb, 0x0, 0x0, 0x7, 0xf5, 0x0,
    0x0, 0xd, 0xf0, 0x0, 0x0, 0x2f, 0xa0, 0x0,
    0x0, 0x8f, 0x50, 0x0, 0x0, 0xdf, 0x0, 0x0,
    0x3, 0xfa, 0x0, 0x0, 0x8, 0xf4, 0x0, 0x0,
    0xd, 0xe0, 0x0, 0x0, 0x3f, 0x90, 0x0, 0x0,
    0x9f, 0x40, 0x0, 0x0,

    /* U+0030 "0" */
    0x0, 0x19, 0xef, 0xea, 0x20, 0x0, 0xd, 0xff,
    0xff, 0xfe, 0x10, 0x6, 0xff, 0x73, 0x6f, 0xf8,
    0x0, 0xcf, 0xa0, 0x0, 0x9f, 0xd0, 0xf, 0xf6,
    0x0, 0x5, 0xff, 0x0, 0xff, 0x50, 0x0, 0x3f,
    0xf2, 0x1f, 0xf4, 0x0, 0x2, 0xff, 0x31, 0xff,
    0x40, 0x0, 0x3f, 0xf3, 0xf, 0xf5, 0x0, 0x3,
    0xff, 0x20, 0xff, 0x60, 0x0, 0x5f, 0xf0, 0xc,
    0xfa, 0x0, 0x9, 0xfd, 0x0, 0x7f, 0xf7, 0x36,
    0xff, 0x80, 0x0, 0xdf, 0xff, 0xff, 0xe1, 0x0,
    0x1, 0x9e, 0xfe, 0xa2, 0x0,

    /* U+0031 "1" */
    0x4, 0x8b, 0xef, 0x82, 0xff, 0xff, 0xf8, 0x2d,
    0xa6, 0xef, 0x80, 0x0, 0xe, 0xf8, 0x0, 0x0,
    0xef, 0x80, 0x0, 0xe, 0xf8, 0x0, 0x0, 0xef,
    0x80, 0x0, 0xe, 0xf8, 0x0, 0x0, 0xef, 0x80,
    0x0, 0xe, 0xf8, 0x0, 0x0, 0xef, 0x80, 0x0,
    0xe, 0xf8, 0x0, 0x0, 0xef, 0x80, 0x0, 0xe,
    0xf8,

    /* U+0032 "2" */
    0x1b, 0xef, 0xfd, 0x81, 0x0, 0x2f, 0xff, 0xff,
    0xfd, 0x0, 0x16, 0x32, 0x3a, 0xff, 0x60, 0x0,
    0x0, 0x0, 0xef, 0x90, 0x0, 0x0, 0x0, 0xdf,
    0x90, 0x0, 0x0, 0x1, 0xff, 0x60, 0x0, 0x0,
    0xa, 0xff, 0x10, 0x0, 0x0, 0x7f, 0xf7, 0x0,
    0x0, 0x6, 0xff, 0x90, 0x0, 0x0, 0x7f, 0xf9,
    0x0, 0x0, 0x9, 0xff, 0x80, 0x0, 0x0, 0xbf,
    0xf8, 0x22, 0x22, 0x20, 0xff, 0xff, 0xff, 0xff,
    0xf0, 0xff, 0xff, 0xff, 0xff, 0xf0,

    /* U+0033 "3" */
    0x1c, 0xef, 0xec, 0x70, 0x2, 0xff, 0xff, 0xff,
    0xa0, 0x15, 0x21, 0x3b, 0xff, 0x20, 0x0, 0x0,
    0x1f, 0xf5, 0x0, 0x0, 0x2, 0xff, 0x30, 0x0,
    0x4, 0xcf, 0xd0, 0x3, 0xff, 0xff, 0xb1, 0x0,
    0x3f, 0xff, 0xfe, 0x60, 0x0, 0x0, 0x28, 0xff,
    0x40, 0x0, 0x0, 0xd, 0xf9, 0x0, 0x0, 0x0,
    0xef, 0xa4, 0x32, 0x23, 0xaf, 0xf7, 0xbf, 0xff,
    0xff, 0xfc, 0x8, 0xef, 0xfe, 0xc7, 0x0,

    /* U+0034 "4" */
    0x0, 0x0, 0x4, 0xff, 0xd0, 0x0, 0x0, 0x0,
    0xef, 0xfd, 0x0, 0x0, 0x0, 0x9f, 0xef, 0xd0,
    0x0, 0x0, 0x4f, 0xd8, 0xfd, 0x0, 0x0, 0xd,
    0xf4, 0x7f, 0xd0, 0x0, 0x8, 0xfa, 0x7, 0xfd,
    0x0, 0x3, 0xff, 0x10, 0x7f, 0xd0, 0x0, 0xdf,
    0x60, 0x7, 0xfd, 0x0, 0x6f, 0xd2, 0x22, 0x8f,
    0xd2, 0x7, 0xff, 0xff, 0xff, 0xff, 0xf5, 0x7f,
    0xff, 0xff, 0xff, 0xff, 0x50, 0x0, 0x0, 0x7,
    0xfd, 0x0, 0x0, 0x0, 0x0, 0x7f, 0xd0, 0x0,
    0x0, 0x0, 0x7, 0xfd, 0x0,

    /* U+0035 "5" */
    0x9, 0xff, 0xff, 0xff, 0x10, 0xbf, 0xff, 0xff,
    0xf1, 0xd, 0xf6, 0x22, 0x22, 0x0, 0xff, 0x20,
    0x0, 0x0, 0x1f, 0xf0, 0x0, 0x0, 0x3, 0xff,
    0xdd, 0xc8, 0x10, 0x5f, 0xff, 0xff, 0xfe, 0x21,
    0x20, 0x2, 0x8f, 0xf9, 0x0, 0x0, 0x0, 0xbf,
    0xd0, 0x0, 0x0, 0x9, 0xfe, 0x0, 0x0, 0x0,
    0xcf, 0xc2, 0x42, 0x23, 0xaf, 0xf7, 0x6f, 0xff,
    0xff, 0xfc, 0x5, 0xef, 0xfe, 0xc6, 0x0,

    /* U+0036 "6" */
    0x0, 0x0, 0x28, 0xce, 0x60, 0x0, 0x0, 0x6f,
    0xff, 0xf6, 0x0, 0x0, 0x6f, 0xfc, 0x63, 0x10,
    0x0, 0x1e, 0xf9, 0x0, 0x0, 0x0, 0x6, 0xfd,
    0x0, 0x0, 0x0, 0x0, 0xbf, 0xaa, 0xef, 0xc5,
    0x0, 0xe, 0xff, 0xfe, 0xff, 0xf5, 0x0, 0xff,
    0xd2, 0x1, 0xbf, 0xd0, 0xf, 0xf5, 0x0, 0x3,
    0xff, 0x0, 0xff, 0x40, 0x0, 0x2f, 0xf1, 0xd,
    0xf7, 0x0, 0x4, 0xff, 0x0, 0x8f, 0xe4, 0x3,
    0xdf, 0xb0, 0x1, 0xef, 0xff, 0xff, 0xf3, 0x0,
    0x1, 0x9e, 0xfe, 0xa2, 0x0,

    /* U+0037 "7" */
    0xff, 0xff, 0xff, 0xff, 0xdf, 0xff, 0xff, 0xff,
    0xfd, 0x22, 0x22, 0x22, 0xaf, 0xc0, 0x0, 0x0,
    0xe, 0xf6, 0x0, 0x0, 0x6, 0xfe, 0x0, 0x0,
    0x0, 0xdf, 0x80, 0x0, 0x0, 0x4f, 0xf1, 0x0,
    0x0, 0xb, 0xfa, 0x0, 0x0, 0x3, 0xff, 0x30,
    0x0, 0x0, 0xaf, 0xd0, 0x0, 0x0, 0x1f, 0xf6,
    0x0, 0x0, 0x8, 0xfe, 0x0, 0x0, 0x0, 0xef,
    0x80, 0x0, 0x0, 0x6f, 0xf1, 0x0, 0x0,

    /* U+0038 "8" */
    0x0, 0x2a, 0xef, 0xeb, 0x30, 0x0, 0x2f, 0xff,
    0xff, 0xff, 0x30, 0x9, 0xfd, 0x20, 0x2c, 0xfa,
    0x0, 0xbf, 0x70, 0x0, 0x5f, 0xd0, 0xa, 0xf7,
    0x0, 0x6, 0xfc, 0x0, 0x5f, 0xe3, 0x3, 0xdf,
    0x70, 0x0, 0x7f, 0xff, 0xff, 0x80, 0x0, 0x1c,
    0xff, 0xef, 0xfc, 0x20, 0xb, 0xfa, 0x10, 0x9,
    0xfd, 0x0, 0xff, 0x20, 0x0, 0x1f, 0xf2, 0x2f,
    0xf2, 0x0, 0x0, 0xff, 0x30, 0xff, 0xb2, 0x2,
    0xaf, 0xf1, 0x7, 0xff, 0xff, 0xff, 0xf9, 0x0,
    0x4, 0xbe, 0xff, 0xc6, 0x0,

    /* U+0039 "9" */
    0x0, 0x1a, 0xef, 0xe9, 0x10, 0x0, 0x2e, 0xff,
    0xff, 0xfe, 0x10, 0xa, 0xfe, 0x41, 0x4e, 0xf8,
    0x0, 0xef, 0x50, 0x0, 0x6f, 0xd0, 0xf, 0xf2,
    0x0, 0x3, 0xff, 0x0, 0xff, 0x40, 0x0, 0x4f,
    0xf1, 0xc, 0xfc, 0x10, 0x1c, 0xff, 0x0, 0x5f,
    0xff, 0xef, 0xff, 0xf0, 0x0, 0x4c, 0xff, 0xb9,
    0xfd, 0x0, 0x0, 0x0, 0x0, 0xbf, 0x90, 0x0,
    0x0, 0x0, 0x6f, 0xf3, 0x0, 0x0, 0x46, 0xcf,
    0xf9, 0x0, 0x0, 0x5f, 0xff, 0xfa, 0x0, 0x0,
    0x5, 0xfd, 0x93, 0x0, 0x0,

    /* U+003A ":" */
    0x8f, 0xe1, 0xbf, 0xf3, 0xaf, 0xf2, 0x2, 0x10,
    0x0, 0x0, 0x0, 0x0, 0x0, 0x0, 0x2, 0x10,
    0xaf, 0xf2, 0xbf, 0xf3, 0x7f, 0xe1,

    /* U+003B ";" */
    0x8, 0xfe, 0x10, 0xbf, 0xf3, 0xa, 0xff, 0x20,
    0x2, 0x10, 0x0, 0x0, 0x0, 0x0, 0x0, 0x0,
    0x0, 0x0, 0x0, 0x0, 0x4, 0xff, 0x0, 0x6f,
    0xd0, 0xa, 0xf8, 0x0, 0xff, 0x20, 0x5f, 0xa0,
    0x8, 0xb2, 0x0,

    /* U+003C "<" */
    0x0, 0x0, 0x0, 0x0, 0x3, 0x10, 0x0, 0x0,
    0x0, 0x6d, 0xf3, 0x0, 0x0, 0x18, 0xef, 0xfe,
    0x20, 0x3, 0xaf, 0xff, 0xb5, 0x0, 0x3c, 0xff,
    0xf9, 0x20, 0x0, 0x6, 0xfd, 0x60, 0x0, 0x0,
    0x0, 0x6f, 0xd6, 0x0, 0x0, 0x0, 0x3, 0xcf,
    0xff, 0x92, 0x0, 0x0, 0x0, 0x3a, 0xff, 0xfb,
    0x50, 0x0, 0x0, 0x1, 0x8e, 0xff, 0xe2, 0x0,
    0x0, 0x0, 0x6, 0xdf, 0x30, 0x0, 0x0, 0x0,
    0x0, 0x41,

    /* U+003D "=" */
    0x12, 0x22, 0x22, 0x22, 0x22, 0x6, 0xff, 0xff,
    0xff, 0xff, 0xf3, 0x6f, 0xff, 0xff, 0xff, 0xff,
    0x30, 0x0, 0x0, 0x0, 0x0, 0x0, 0x0, 0x0,
    0x0, 0x0, 0x0, 0x1, 0x22, 0x22, 0x22, 0x22,
    0x20, 0x6f, 0xff, 0xff, 0xff, 0xff, 0x36, 0xff,
    0xff, 0xff, 0xff, 0xf3,

    /* U+003E ">" */
    0x32, 0x0, 0x0, 0x0, 0x0, 0x6, 0xfb, 0x50,
    0x0, 0x0, 0x0, 0x4f, 0xff, 0xd7, 0x10, 0x0,
    0x0, 0x6, 0xdf, 0xff, 0x92, 0x0, 0x0, 0x0,
    0x3a, 0xff, 0xfb, 0x10, 0x0, 0x0, 0x1, 0x7e,
    0xf3, 0x0, 0x0, 0x0, 0x17, 0xef, 0x30, 0x0,
    0x3, 0xaf, 0xff, 0xb1, 0x0, 0x6c, 0xff, 0xf9,
    0x20, 0x4, 0xef, 0xfd, 0x71, 0x0, 0x0, 0x6f,
    0xb5, 0x0, 0x0, 0x0, 0x3, 0x20, 0x0, 0x0,
    0x0, 0x0,

    /* U+003F "?" */
    0x2c, 0xef, 0xfd, 0x70, 0x4f, 0xff, 0xff, 0xf8,
    0x26, 0x33, 0x5f, 0xfd, 0x0, 0x0, 0xa, 0xfe,
    0x0, 0x0, 0xb, 0xfd, 0x0, 0x0, 0x5f, 0xf7,
    0x0, 0x5, 0xff, 0xb0, 0x0, 0x1f, 0xf9, 0x0,
    0x0, 0x4f, 0xd0, 0x0, 0x0, 0x28, 0x60, 0x0,
    0x0, 0x0, 0x0, 0x0, 0x0, 0x9f, 0xe1, 0x0,
    0x0, 0xbf, 0xf2, 0x0, 0x0, 0x8f, 0xd0, 0x0,

    /* U+0040 "@" */
    0x0, 0x0, 0x3, 0x9d, 0xff, 0xd9, 0x30, 0x0,
    0x0, 0x0, 0xaf, 0xff, 0xdd, 0xff, 0xf9, 0x0,
    0x0, 0xd, 0xfd, 0x50, 0x0, 0x5, 0xef, 0x80,
    0x0, 0xaf, 0xb0, 0x0, 0x0, 0x0, 0x1e, 0xf2,
    0x3, 0xfd, 0x0, 0x4d, 0xfb, 0xaf, 0x28, 0xf7,
    0xa, 0xf5, 0x5, 0xff, 0xcf, 0xff, 0x4, 0xf9,
    0xf, 0xf0, 0xe, 0xf4, 0x5, 0xfc, 0x3, 0xfa,
    0x1f, 0xd0, 0x3f, 0xc0, 0x3, 0xf9, 0x4, 0xf9,
    0x2f, 0xb0, 0x5f, 0x80, 0x7, 0xf6, 0x6, 0xf6,
    0x2f, 0xc0, 0x5f, 0x90, 0x1d, 0xf7, 0xc, 0xf1,
    0xf, 0xe0, 0x1f, 0xfc, 0xef, 0xfe, 0xdf, 0x90,
    0xc, 0xf4, 0x5, 0xdf, 0xc3, 0x6e, 0xe8, 0x0,
    0x5, 0xfd, 0x10, 0x0, 0x0, 0x0, 0x0, 0x0,
    0x0, 0xbf, 0xe6, 0x10, 0x0, 0x2, 0x30, 0x0,
    0x0, 0xa, 0xff, 0xfe, 0xde, 0xff, 0x90, 0x0,
    0x0, 0x0, 0x39, 0xde, 0xfe, 0xd9, 0x30, 0x0,

    /* U+0041 "A" */
    0x0, 0x0, 0x2f, 0xff, 0x90, 0x0, 0x0, 0x0,
    0x0, 0x7f, 0xff, 0xe0, 0x0, 0x0, 0x0, 0x0,
    0xdf, 0xbf, 0xf4, 0x0, 0x0, 0x0, 0x3, 0xff,
    0x3c, 0xf9, 0x0, 0x0, 0x0, 0x8, 0xfd, 0x7,
    0xfe, 0x0, 0x0, 0x0, 0xe, 0xf8, 0x2, 0xff,
    0x50, 0x0, 0x0, 0x3f, 0xf2, 0x0, 0xcf, 0xa0,
    0x0, 0x0, 0x9f, 0xd0, 0x0, 0x7f, 0xf0, 0x0,
    0x0, 0xef, 0xff, 0xff, 0xff, 0xf5, 0x0, 0x4,
    0xff, 0xff, 0xff, 0xff, 0xfb, 0x0, 0xa, 0xfd,
    0x33, 0x33, 0x38, 0xff, 0x10, 0xf, 0xf8, 0x0,
    0x0, 0x2, 0xff, 0x60, 0x5f, 0xf2, 0x0, 0x0,
    0x0, 0xdf, 0xc0, 0xbf, 0xd0, 0x0, 0x0, 0x0,
    0x8f, 0xf2,

    /* U+0042 "B" */
    0x7f, 0xff, 0xff, 0xd9, 0x20, 0x7f, 0xff, 0xff,
    0xff, 0xe1, 0x7f, 0xf2, 0x23, 0x9f, 0xf5, 0x7f,
    0xf0, 0x0, 0xf, 0xf8, 0x7f, 0xf0, 0x0, 0xf,
    0xf7, 0x7f, 0xf0, 0x1, 0x9f, 0xf2, 0x7f, 0xff,
    0xff, 0xfe, 0x40, 0x7f, 0xff, 0xff, 0xff, 0xc1,
    0x7f, 0xf0, 0x0, 0x4f, 0xfa, 0x7f, 0xf0, 0x0,
    0xa, 0xfd, 0x7f, 0xf0, 0x0, 0xa, 0xfe, 0x7f,
    0xf2, 0x22, 0x6f, 0xfb, 0x7f, 0xff, 0xff, 0xff,
    0xf4, 0x7f, 0xff, 0xff, 0xeb, 0x40,

    /* U+0043 "C" */
    0x0, 0x7, 0xce, 0xfe, 0xc4, 0x2, 0xdf, 0xff,
    0xff, 0xf8, 0xc, 0xff, 0xb6, 0x45, 0x75, 0x4f,
    0xfa, 0x0, 0x0, 0x0, 0x8f, 0xf2, 0x0, 0x0,
    0x0, 0xbf, 0xf0, 0x0, 0x0, 0x0, 0xcf, 0xe0,
    0x0, 0x0, 0x0, 0xcf, 0xe0, 0x0, 0x0, 0x0,
    0xbf, 0xf0, 0x0, 0x0, 0x0, 0x9f, 0xf2, 0x0,
    0x0, 0x0, 0x5f, 0xf9, 0x0, 0x0, 0x0, 0xe,
    0xff, 0xb6, 0x55, 0x87, 0x3, 0xff, 0xff, 0xff,
    0xfa, 0x0, 0x18, 0xdf, 0xfe, 0xb5,

    /* U+0044 "D" */
    0x7f, 0xff, 0xff, 0xeb, 0x50, 0x0, 0x7f, 0xff,
    0xff, 0xff, 0xf9, 0x0, 0x7f, 0xf4, 0x34, 0x7e,
    0xff, 0x50, 0x7f, 0xf0, 0x0, 0x2, 0xff, 0xc0,
    0x7f, 0xf0, 0x0, 0x0, 0xaf, 0xf0, 0x7f, 0xf0,
    0x0, 0x0, 0x6f, 0xf2, 0x7f, 0xf0, 0x0, 0x0,
    0x5f, 0xf3, 0x7f, 0xf0, 0x0, 0x0, 0x5f, 0xf3,
    0x7f, 0xf0, 0x0, 0x0, 0x7f, 0xf2, 0x7f, 0xf0,
    0x0, 0x0, 0xaf, 0xf0, 0x7f, 0xf0, 0x0, 0x3,
    0xff, 0xb0, 0x7f, 0xf4, 0x45, 0x8f, 0xff, 0x30,
    0x7f, 0xff, 0xff, 0xff, 0xf7, 0x0, 0x7f, 0xff,
    0xff, 0xda, 0x30, 0x0,

    /* U+0045 "E" */
    0x7f, 0xff, 0xff, 0xff, 0x57, 0xff, 0xff, 0xff,
    0xf5, 0x7f, 0xf5, 0x44, 0x44, 0x17, 0xff, 0x0,
    0x0, 0x0, 0x7f, 0xf0, 0x0, 0x0, 0x7, 0xff,
    0x32, 0x22, 0x20, 0x7f, 0xff, 0xff, 0xff, 0x7,
    0xff, 0xff, 0xff, 0xf0, 0x7f, 0xf0, 0x0, 0x0,
    0x7, 0xff, 0x0, 0x0, 0x0, 0x7f, 0xf0, 0x0,
    0x0, 0x7, 0xff, 0x54, 0x44, 0x43, 0x7f, 0xff,
    0xff, 0xff, 0xb7, 0xff, 0xff, 0xff, 0xfb,

    /* U+0046 "F" */
    0x7f, 0xff, 0xff, 0xff, 0x57, 0xff, 0xff, 0xff,
    0xf5, 0x7f, 0xf5, 0x44, 0x44, 0x17, 0xff, 0x0,
    0x0, 0x0, 0x7f, 0xf0, 0x0, 0x0, 0x7, 0xff,
    0x0, 0x0, 0x0, 0x7f, 0xff, 0xff, 0xff, 0x7,
    0xff, 0xff, 0xff, 0xf0, 0x7f, 0xf5, 0x44, 0x44,
    0x7, 0xff, 0x0, 0x0, 0x0, 0x7f, 0xf0, 0x0,
    0x0, 0x7, 0xff, 0x0, 0x0, 0x0, 0x7f, 0xf0,
    0x0, 0x0, 0x7, 0xff, 0x0, 0x0, 0x0,

    /* U+0047 "G" */
    0x0, 0x6, 0xbe, 0xff, 0xdb, 0x10, 0x1d, 0xff,
    0xff, 0xff, 0xf3, 0xc, 0xff, 0xc6, 0x45, 0x69,
    0x24, 0xff, 0xb0, 0x0, 0x0, 0x0, 0x8f, 0xf3,
    0x0, 0x0, 0x0, 0xb, 0xff, 0x0, 0x0, 0x0,
    0x0, 0xcf, 0xe0, 0x0, 0xff, 0xff, 0xcc, 0xfe,
    0x0, 0xf, 0xff, 0xfc, 0xbf, 0xf0, 0x0, 0x23,
    0xaf, 0xc9, 0xff, 0x20, 0x0, 0x9, 0xfc, 0x5f,
    0xf9, 0x0, 0x0, 0x9f, 0xc0, 0xef, 0xfa, 0x54,
    0x4b, 0xfc, 0x3, 0xff, 0xff, 0xff, 0xff, 0xc0,
    0x1, 0x8c, 0xff, 0xed, 0xb6,

    /* U+0048 "H" */
    0x7f, 0xf0, 0x0, 0x0, 0x5f, 0xf2, 0x7f, 0xf0,
    0x0, 0x0, 0x5f, 0xf2, 0x7f, 0xf0, 0x0, 0x0,
    0x5f, 0xf2, 0x7f, 0xf0, 0x0, 0x0, 0x5f, 0xf2,
    0x7f, 0xf0, 0x0, 0x0, 0x5f, 0xf2, 0x7f, 0xf3,
    0x22, 0x22, 0x6f, 0xf2, 0x7f, 0xff, 0xff, 0xff,
    0xff, 0xf2, 0x7f, 0xff, 0xff, 0xff, 0xff, 0xf2,
    0x7f, 0xf0, 0x0, 0x0, 0x5f, 0xf2, 0x7f, 0xf0,
    0x0, 0x0, 0x5f, 0xf2, 0x7f, 0xf0, 0x0, 0x0,
    0x5f, 0xf2, 0x7f, 0xf0, 0x0, 0x0, 0x5f, 0xf2,
    0x7f, 0xf0, 0x0, 0x0, 0x5f, 0xf2, 0x7f, 0xf0,
    0x0, 0x0, 0x5f, 0xf2,

    /* U+0049 "I" */
    0x7f, 0xf0, 0x7f, 0xf0, 0x7f, 0xf0, 0x7f, 0xf0,
    0x7f, 0xf0, 0x7f, 0xf0, 0x7f, 0xf0, 0x7f, 0xf0,
    0x7f, 0xf0, 0x7f, 0xf0, 0x7f, 0xf0, 0x7f, 0xf0,
    0x7f, 0xf0, 0x7f, 0xf0,

    /* U+004A "J" */
    0x0, 0x6, 0xff, 0x0, 0x0, 0x6f, 0xf0, 0x0,
    0x6, 0xff, 0x0, 0x0, 0x6f, 0xf0, 0x0, 0x6,
    0xff, 0x0, 0x0, 0x6f, 0xf0, 0x0, 0x6, 0xff,
    0x0, 0x0, 0x6f, 0xf0, 0x0, 0x6, 0xff, 0x0,
    0x0, 0x6f, 0xf0, 0x0, 0x6, 0xff, 0x0, 0x0,
    0x6f, 0xf0, 0x0, 0x6, 0xff, 0x0, 0x0, 0x7f,
    0xf0, 0x0, 0x9, 0xff, 0x1, 0x25, 0xff, 0xb0,
    0x9f, 0xff, 0xf3, 0x8, 0xff, 0xb3, 0x0,

    /* U+004B "K" */
    0x7f, 0xf0, 0x0, 0x7, 0xff, 0x80, 0x7f, 0xf0,
    0x0, 0x2f, 0xfc, 0x0, 0x7f, 0xf0, 0x0, 0xdf,
    0xe1, 0x0, 0x7f, 0xf0, 0x8, 0xff, 0x40, 0x0,
    0x7f, 0xf0, 0x4f, 0xf8, 0x0, 0x0, 0x7f, 0xf3,
    0xef, 0xc0, 0x0, 0x0, 0x7f, 0xff, 0xff, 0x20,
    0x0, 0x0, 0x7f, 0xff, 0xff, 0x60, 0x0, 0x0,
    0x7f, 0xf1, 0xcf, 0xf2, 0x0, 0x0, 0x7f, 0xf0,
    0x2f, 0xfc, 0x0, 0x0, 0x7f, 0xf0, 0x7, 0xff,
    0x80, 0x0, 0x7f, 0xf0, 0x0, 0xbf, 0xf4, 0x0,
    0x7f, 0xf0, 0x0, 0x1f, 0xfe, 0x10, 0x7f, 0xf0,
    0x0, 0x5, 0xff, 0xa0,

    /* U+004C "L" */
    0x7f, 0xf0, 0x0, 0x0, 0x7, 0xff, 0x0, 0x0,
    0x0, 0x7f, 0xf0, 0x0, 0x0, 0x7, 0xff, 0x0,
    0x0, 0x0, 0x7f, 0xf0, 0x0, 0x0, 0x7, 0xff,
    0x0, 0x0, 0x0, 0x7f, 0xf0, 0x0, 0x0, 0x7,
    0xff, 0x0, 0x0, 0x0, 0x7f, 0xf0, 0x0, 0x0,
    0x7, 0xff, 0x0, 0x0, 0x0, 0x7f, 0xf0, 0x0,
    0x0, 0x7, 0xff, 0x54, 0x44, 0x42, 0x7f, 0xff,
    0xff, 0xff, 0x77, 0xff, 0xff, 0xff, 0xf7,

    /* U+004D "M" */
    0x7f, 0xff, 0xb0, 0x0, 0x3, 0xff, 0xfd, 0x7f,
    0xff, 0xf1, 0x0, 0x8, 0xff, 0xfd, 0x7f, 0xfe,
    0xf5, 0x0, 0xd, 0xfe, 0xfd, 0x7f, 0xf9, 0xfa,
    0x0, 0x3f, 0xfa, 0xfd, 0x7f, 0xf4, 0xff, 0x0,
    0x8f, 0xa9, 0xfd, 0x7f, 0xf0, 0xef, 0x40, 0xdf,
    0x59, 0xfd, 0x7f, 0xf0, 0x9f, 0x92, 0xff, 0x9,
    0xfd, 0x7f, 0xf0, 0x4f, 0xe7, 0xfa, 0x9, 0xfd,
    0x7f, 0xf0, 0xe, 0xff, 0xf5, 0x9, 0xfd, 0x7f,
    0xf0, 0xa, 0xff, 0xf0, 0x9, 0xfd, 0x7f, 0xf0,
    0x4, 0xff, 0xb0, 0x9, 0xfd, 0x7f, 0xf0, 0x0,
    0x22, 0x10, 0x9, 0xfd, 0x7f, 0xf0, 0x0, 0x0,
    0x0, 0x9, 0xfd, 0x7f, 0xf0, 0x0, 0x0, 0x0,
    0x9, 0xfd,

    /* U+004E "N" */
    0x7f, 0xff, 0x90, 0x0, 0xb, 0xfb, 0x7f, 0xff,
    0xf1, 0x0, 0xb, 0xfb, 0x7f, 0xff, 0xf8, 0x0,
    0xb, 0xfb, 0x7f, 0xf8, 0xfe, 0x0, 0xb, 0xfb,
    0x7f, 0xf1, 0xff, 0x60, 0xb, 0xfb, 0x7f, 0xf0,
    0x9f, 0xd0, 0xb, 0xfb, 0x7f, 0xf0, 0x2f, 0xf5,
    0xb, 0xfb, 0x7f, 0xf0, 0xb, 0xfc, 0xb, 0xfb,
    0x7f, 0xf0, 0x3, 0xff, 0x3b, 0xfb, 0x7f, 0xf0,
    0x0, 0xcf, 0xbb, 0xfb, 0x7f, 0xf0, 0x0, 0x4f,
    0xfe, 0xfb, 0x7f, 0xf0, 0x0, 0xd, 0xff, 0xfb,
    0x7f, 0xf0, 0x0, 0x5, 0xff, 0xfb, 0x7f, 0xf0,
    0x0, 0x0, 0xef, 0xfb,

    /* U+004F "O" */
    0x0, 0x3a, 0xdf, 0xfe, 0xa4, 0x0, 0x4, 0xff,
    0xff, 0xff, 0xff, 0x70, 0xe, 0xff, 0x73, 0x36,
    0xef, 0xf2, 0x5f, 0xf5, 0x0, 0x0, 0x3f, 0xf8,
    0x9f, 0xf0, 0x0, 0x0, 0xd, 0xfb, 0xbf, 0xd0,
    0x0, 0x0, 0xb, 0xfe, 0xcf, 0xc0, 0x0, 0x0,
    0xa, 0xfe, 0xcf, 0xc0, 0x0, 0x0, 0xa, 0xfe,
    0xbf, 0xd0, 0x0, 0x0, 0xb, 0xfe, 0x9f, 0xf0,
    0x0, 0x0, 0xd, 0xfb, 0x6f, 0xf5, 0x0, 0x0,
    0x3f, 0xf8, 0xe, 0xff, 0x73, 0x36, 0xef, 0xf2,
    0x5, 0xff, 0xff, 0xff, 0xff, 0x70, 0x0, 0x3a,
    0xdf, 0xfe, 0xb4, 0x0,

    /* U+0050 "P" */
    0x7f, 0xff, 0xff, 0xda, 0x20, 0x7f, 0xff, 0xff,
    0xff, 0xf2, 0x7f, 0xf2, 0x23, 0xaf, 0xf9, 0x7f,
    0xf0, 0x0, 0xd, 0xfc, 0x7f, 0xf0, 0x0, 0xb,
    0xfd, 0x7f, 0xf0, 0x0, 0xd, 0xfc, 0x7f, 0xf0,
    0x1, 0x7f, 0xf9, 0x7f, 0xff, 0xff, 0xff, 0xf2,
    0x7f, 0xff, 0xff, 0xfb, 0x30, 0x7f, 0xf2, 0x11,
    0x0, 0x0, 0x7f, 0xf0, 0x0, 0x0, 0x0, 0x7f,
    0xf0, 0x0, 0x0, 0x0, 0x7f, 0xf0, 0x0, 0x0,
    0x0, 0x7f, 0xf0, 0x0, 0x0, 0x0,

    /* U+0051 "Q" */
    0x0, 0x3a, 0xdf, 0xfe, 0xa4, 0x0, 0x4, 0xff,
    0xff, 0xff, 0xff, 0x70, 0xe, 0xff, 0x73, 0x36,
    0xef, 0xf2, 0x5f, 0xf5, 0x0, 0x0, 0x3f, 0xf8,
    0x9f, 0xf0, 0x0, 0x0, 0xd, 0xfb, 0xbf, 0xd0,
    0x0, 0x0, 0xb, 0xfe, 0xcf, 0xc0, 0x0, 0x0,
    0xa, 0xfe, 0xcf, 0xc0, 0x0, 0x0, 0xa, 0xfe,
    0xbf, 0xd0, 0x0, 0x0, 0xb, 0xfe, 0x9f, 0xf0,
    0x0, 0x0, 0xd, 0xfc, 0x5f, 0xf5, 0x0, 0x0,
    0x3f, 0xf8, 0xe, 0xff, 0x73, 0x36, 0xef, 0xf2,
    0x5, 0xff, 0xff, 0xff, 0xff, 0x70, 0x0, 0x3a,
    0xef, 0xff, 0xc3, 0x0, 0x0, 0x0, 0x0, 0x9f,
    0xe2, 0x0, 0x0, 0x0, 0x0, 0xd, 0xfd, 0x0,
    0x0, 0x0, 0x0, 0x3, 0x88, 0x30,

    /* U+0052 "R" */
    0x7f, 0xff, 0xff, 0xd9, 0x10, 0x7, 0xff, 0xff,
    0xff, 0xfd, 0x0, 0x7f, 0xf2, 0x23, 0xaf, 0xf7,
    0x7, 0xff, 0x0, 0x0, 0xef, 0xa0, 0x7f, 0xf0,
    0x0, 0xc, 0xfb, 0x7, 0xff, 0x0, 0x0, 0xdf,
    0xa0, 0x7f, 0xf0, 0x1, 0x8f, 0xf6, 0x7, 0xff,
    0xff, 0xff, 0xfd, 0x0, 0x7f, 0xff, 0xff, 0xfa,
    0x10, 0x7, 0xff, 0x0, 0xdf, 0xb0, 0x0, 0x7f,
    0xf0, 0x4, 0xff, 0x70, 0x7, 0xff, 0x0, 0x9,
    0xff, 0x30, 0x7f, 0xf0, 0x0, 0xe, 0xfd, 0x7,
    0xff, 0x0, 0x0, 0x4f, 0xf9,

    /* U+0053 "S" */
    0x3, 0xae, 0xff, 0xdb, 0x13, 0xff, 0xff, 0xff,
    0xf2, 0xaf, 0xf6, 0x33, 0x58, 0x1d, 0xfa, 0x0,
    0x0, 0x0, 0xcf, 0xb0, 0x0, 0x0, 0x9, 0xff,
    0xb5, 0x10, 0x0, 0x1d, 0xff, 0xff, 0xc4, 0x0,
    0x6, 0xaf, 0xff, 0xf4, 0x0, 0x0, 0x6, 0xff,
    0xa0, 0x0, 0x0, 0xa, 0xfc, 0x0, 0x0, 0x0,
    0xbf, 0xd9, 0x64, 0x34, 0x8f, 0xf9, 0xff, 0xff,
    0xff, 0xff, 0x2a, 0xdf, 0xff, 0xd9, 0x20,

    /* U+0054 "T" */
    0xaf, 0xff, 0xff, 0xff, 0xff, 0xaf, 0xff, 0xff,
    0xff, 0xff, 0x34, 0x45, 0xff, 0x94, 0x44, 0x0,
    0x1, 0xff, 0x60, 0x0, 0x0, 0x1, 0xff, 0x60,
    0x0, 0x0, 0x1, 0xff, 0x60, 0x0, 0x0, 0x1,
    0xff, 0x60, 0x0, 0x0, 0x1, 0xff, 0x60, 0x0,
    0x0, 0x1, 0xff, 0x60, 0x0, 0x0, 0x1, 0xff,
    0x60, 0x0, 0x0, 0x1, 0xff, 0x60, 0x0, 0x0,
    0x1, 0xff, 0x60, 0x0, 0x0, 0x1, 0xff, 0x60,
    0x0, 0x0, 0x1, 0xff, 0x60, 0x0,

    /* U+0055 "U" */
    0x8f, 0xf0, 0x0, 0x0, 0x4f, 0xf2, 0x8f, 0xf0,
    0x0, 0x0, 0x4f, 0xf2, 0x8f, 0xf0, 0x0, 0x0,
    0x4f, 0xf2, 0x8f, 0xf0, 0x0, 0x0, 0x4f, 0xf2,
    0x8f, 0xf0, 0x0, 0x0, 0x4f, 0xf2, 0x8f, 0xf0,
    0x0, 0x0, 0x4f, 0xf2, 0x8f, 0xf0, 0x0, 0x0,
    0x4f, 0xf2, 0x8f, 0xf0, 0x0, 0x0, 0x4f, 0xf2,
    0x8f, 0xf0, 0x0, 0x0, 0x4f, 0xf2, 0x7f, 0xf0,
    0x0, 0x0, 0x5f, 0xf2, 0x6f, 0xf4, 0x0, 0x0,
    0x9f, 0xf0, 0x2f, 0xfe, 0x74, 0x49, 0xff, 0xc0,
    0x8, 0xff, 0xff, 0xff, 0xff, 0x30, 0x0, 0x5b,
    0xef, 0xfd, 0x92, 0x0,

    /* U+0056 "V" */
    0x9f, 0xf2, 0x0, 0x0, 0x3, 0xff, 0x54, 0xff,
    0x60, 0x0, 0x0, 0x8f, 0xf0, 0xe, 0xfb, 0x0,
    0x0, 0xd, 0xfa, 0x0, 0x9f, 0xf0, 0x0, 0x2,
    0xff, 0x50, 0x4, 0xff, 0x50, 0x0, 0x7f, 0xf0,
    0x0, 0xf, 0xfa, 0x0, 0xc, 0xfa, 0x0, 0x0,
    0xaf, 0xe0, 0x1, 0xff, 0x50, 0x0, 0x5, 0xff,
    0x30, 0x6f, 0xf0, 0x0, 0x0, 0xf, 0xf8, 0xb,
    0xfb, 0x0, 0x0, 0x0, 0xaf, 0xd0, 0xff, 0x50,
    0x0, 0x0, 0x5, 0xff, 0x7f, 0xf0, 0x0, 0x0,
    0x0, 0xf, 0xff, 0xfb, 0x0, 0x0, 0x0, 0x0,
    0xbf, 0xff, 0x60, 0x0, 0x0, 0x0, 0x6, 0xff,
    0xf1, 0x0, 0x0,

    /* U+0057 "W" */
    0x7f, 0xf1, 0x0, 0x0, 0x0, 0x0, 0x0, 0x5f,
    0xf3, 0x4f, 0xf4, 0x0, 0x5, 0x88, 0x30, 0x0,
    0x8f, 0xf0, 0x1f, 0xf7, 0x0, 0xc, 0xff, 0x90,
    0x0, 0xbf, 0xc0, 0xd, 0xfa, 0x0, 0xf, 0xff,
    0xd0, 0x0, 0xef, 0x80, 0xa, 0xfd, 0x0, 0x4f,
    0xef, 0xf0, 0x2, 0xff, 0x50, 0x7, 0xff, 0x0,
    0x8f, 0x8e, 0xf4, 0x5, 0xff, 0x10, 0x3, 0xff,
    0x40, 0xcf, 0x4a, 0xf8, 0x8, 0xfe, 0x0, 0x0,
    0xff, 0x70, 0xff, 0x7, 0xfb, 0xb, 0xfa, 0x0,
    0x0, 0xdf, 0xa3, 0xfc, 0x3, 0xff, 0xe, 0xf7,
    0x0, 0x0, 0x9f, 0xd7, 0xf8, 0x0, 0xff, 0x4f,
    0xf3, 0x0, 0x0, 0x6f, 0xfc, 0xf4, 0x0, 0xbf,
    0xbf, 0xf0, 0x0, 0x0, 0x3f, 0xff, 0xf1, 0x0,
    0x7f, 0xff, 0xc0, 0x0, 0x0, 0xf, 0xff, 0xc0,
    0x0, 0x4f, 0xff, 0x90, 0x0, 0x0, 0xc, 0xff,
    0x80, 0x0, 0xf, 0xff, 0x50, 0x0,

    /* U+0058 "X" */
    0x1f, 0xfc, 0x0, 0x0, 0xe, 0xfd, 0x0, 0x8f,
    0xf5, 0x0, 0x8, 0xff, 0x40, 0x0, 0xef, 0xd0,
    0x1, 0xff, 0xa0, 0x0, 0x5, 0xff, 0x60, 0x9f,
    0xf1, 0x0, 0x0, 0xc, 0xfe, 0x3f, 0xf7, 0x0,
    0x0, 0x0, 0x3f, 0xfe, 0xfd, 0x0, 0x0, 0x0,
    0x0, 0xaf, 0xff, 0x50, 0x0, 0x0, 0x0, 0xc,
    0xff, 0xf9, 0x0, 0x0, 0x0, 0x6, 0xff, 0xcf,
    0xf2, 0x0, 0x0, 0x1, 0xef, 0xb1, 0xff, 0xb0,
    0x0, 0x0, 0x9f, 0xf2, 0x8, 0xff, 0x40, 0x0,
    0x3f, 0xf9, 0x0, 0x1e, 0xfd, 0x0, 0xc, 0xff,
    0x10, 0x0, 0x7f, 0xf6, 0x5, 0xff, 0x70, 0x0,
    0x0, 0xef, 0xe1,

    /* U+0059 "Y" */
    0xaf, 0xf3, 0x0, 0x0, 0xe, 0xfc, 0x1, 0xff,
    0xc0, 0x0, 0x8, 0xff, 0x30, 0x7, 0xff, 0x40,
    0x1, 0xff, 0xa0, 0x0, 0xe, 0xfd, 0x0, 0x9f,
    0xf1, 0x0, 0x0, 0x5f, 0xf5, 0x2f, 0xf7, 0x0,
    0x0, 0x0, 0xcf, 0xda, 0xfd, 0x0, 0x0, 0x0,
    0x3, 0xff, 0xff, 0x50, 0x0, 0x0, 0x0, 0xa,
    0xff, 0xb0, 0x0, 0x0, 0x0, 0x0, 0x3f, 0xf5,
    0x0, 0x0, 0x0, 0x0, 0x3, 0xff, 0x50, 0x0,
    0x0, 0x0, 0x0, 0x3f, 0xf5, 0x0, 0x0, 0x0,
    0x0, 0x3, 0xff, 0x50, 0x0, 0x0, 0x0, 0x0,
    0x3f, 0xf5, 0x0, 0x0, 0x0, 0x0, 0x3, 0xff,
    0x50, 0x0, 0x0,

    /* U+005A "Z" */
    0x9f, 0xff, 0xff, 0xff, 0xfe, 0x9, 0xff, 0xff,
    0xff, 0xff, 0xe0, 0x35, 0x55, 0x55, 0x9f, 0xfc,
    0x0, 0x0, 0x0, 0x1e, 0xfe, 0x10, 0x0, 0x0,
    0xb, 0xff, 0x40, 0x0, 0x0, 0x7, 0xff, 0x80,
    0x0, 0x0, 0x3, 0xff, 0xc0, 0x0, 0x0, 0x1,
    0xdf, 0xe2, 0x0, 0x0, 0x0, 0xaf, 0xf5, 0x0,
    0x0, 0x0, 0x6f, 0xf9, 0x0, 0x0, 0x0, 0x3f,
    0xfc, 0x0, 0x0, 0x0, 0xd, 0xff, 0x75, 0x55,
    0x55, 0x52, 0xff, 0xff, 0xff, 0xff, 0xff, 0x6f,
    0xff, 0xff, 0xff, 0xff, 0xf6,

    /* U+005B "[" */
    0xaf, 0xff, 0x8a, 0xff, 0xf8, 0xaf, 0xb0, 0xa,
    0xfb, 0x0, 0xaf, 0xb0, 0xa, 0xfb, 0x0, 0xaf,
    0xb0, 0xa, 0xfb, 0x0, 0xaf, 0xb0, 0xa, 0xfb,
    0x0, 0xaf, 0xb0, 0xa, 0xfb, 0x0, 0xaf, 0xb0,
    0xa, 0xfb, 0x0, 0xaf, 0xb0, 0xa, 0xfb, 0x0,
    0xaf, 0xb0, 0xa, 0xff, 0xf8, 0xaf, 0xff, 0x80,

    /* U+005C "\\" */
    0x7f, 0x60, 0x0, 0x0, 0x0, 0x1f, 0xd0, 0x0,
    0x0, 0x0, 0xa, 0xf4, 0x0, 0x0, 0x0, 0x3,
    0xfa, 0x0, 0x0, 0x0, 0x0, 0xcf, 0x10, 0x0,
    0x0, 0x0, 0x6f, 0x80, 0x0, 0x0, 0x0, 0xe,
    0xe0, 0x0, 0x0, 0x0, 0x8, 0xf5, 0x0, 0x0,
    0x0, 0x2, 0xfc, 0x0, 0x0, 0x0, 0x0, 0xbf,
    0x20, 0x0, 0x0, 0x0, 0x4f, 0x90, 0x0, 0x0,
    0x0, 0xd, 0xf0, 0x0, 0x0, 0x0, 0x7, 0xf6,
    0x0, 0x0, 0x0, 0x1, 0xfd, 0x0, 0x0, 0x0,
    0x0, 0x9f, 0x40, 0x0, 0x0, 0x0, 0x3f, 0xa0,
    0x0, 0x0, 0x0, 0xc, 0xf1,

    /* U+005D "]" */
    0x8f, 0xff, 0xb8, 0xff, 0xfb, 0x0, 0xbf, 0xb0,
    0xb, 0xfb, 0x0, 0xbf, 0xb0, 0xb, 0xfb, 0x0,
    0xbf, 0xb0, 0xb, 0xfb, 0x0, 0xbf, 0xb0, 0xb,
    0xfb, 0x0, 0xbf, 0xb0, 0xb, 0xfb, 0x0, 0xbf,
    0xb0, 0xb, 0xfb, 0x0, 0xbf, 0xb0, 0xb, 0xfb,
    0x0, 0xbf, 0xb8, 0xff, 0xfb, 0x8f, 0xff, 0xb0,

    /* U+005E "^" */
    0x0, 0x7, 0x86, 0x0, 0x0, 0x5, 0xff, 0xf2,
    0x0, 0x0, 0xbf, 0xaf, 0x80, 0x0, 0x1f, 0xd1,
    0xfe, 0x0, 0x7, 0xf7, 0xa, 0xf5, 0x0, 0xef,
    0x10, 0x4f, 0xb0, 0x4f, 0xb0, 0x0, 0xef, 0x1a,
    0xf5, 0x0, 0x8, 0xf7,

    /* U+005F "_" */
    0xcc, 0xcc, 0xcc, 0xcc, 0xc6, 0xff, 0xff, 0xff,
    0xff, 0xf8,

    /* U+0060 "`" */
    0x6f, 0xf2, 0x0, 0x8f, 0xa0, 0x0, 0xaf, 0x30,

    /* U+0061 "a" */
    0x0, 0xa, 0xff, 0xfc, 0x70, 0x0, 0x0, 0xbf,
    0xff, 0xff, 0xa0, 0x0, 0x2, 0x11, 0x2b, 0xff,
    0x0, 0x0, 0x0, 0x0, 0x3f, 0xf2, 0x0, 0x39,
    0xbc, 0xcd, 0xff, 0x20, 0x7f, 0xff, 0xff, 0xff,
    0xf2, 0xf, 0xfa, 0x10, 0x3, 0xff, 0x21, 0xff,
    0x40, 0x0, 0x4f, 0xf2, 0xf, 0xf7, 0x0, 0x2d,
    0xff, 0x20, 0xaf, 0xfd, 0xdf, 0xef, 0xf2, 0x1,
    0x9e, 0xfe, 0x91, 0xff, 0x20,

    /* U+0062 "b" */
    0x8f, 0xe0, 0x0, 0x0, 0x0, 0x8, 0xfe, 0x0,
    0x0, 0x0, 0x0, 0x8f, 0xe0, 0x0, 0x0, 0x0,
    0x8, 0xfe, 0x0, 0x0, 0x0, 0x0, 0x8f, 0xe2,
    0xbf, 0xfc, 0x50, 0x8, 0xfe, 0xef, 0xff, 0xff,
    0x50, 0x8f, 0xfa, 0x10, 0x3e, 0xfc, 0x8, 0xff,
    0x10, 0x0, 0x8f, 0xf0, 0x8f, 0xd0, 0x0, 0x5,
    0xff, 0x18, 0xfc, 0x0, 0x0, 0x4f, 0xf2, 0x8f,
    0xd0, 0x0, 0x5, 0xff, 0x18, 0xff, 0x10, 0x0,
    0x8f, 0xf0, 0x8f, 0xfb, 0x10, 0x3f, 0xfc, 0x8,
    0xfd, 0xef, 0xff, 0xff, 0x40, 0x8f, 0xb3, 0xcf,
    0xfc, 0x40, 0x0,

    /* U+0063 "c" */
    0x0, 0x19, 0xdf, 0xfd, 0x60, 0x1e, 0xff, 0xff,
    0xf9, 0x9, 0xff, 0x82, 0x13, 0x30, 0xdf, 0xa0,
    0x0, 0x0, 0xf, 0xf7, 0x0, 0x0, 0x0, 0xff,
    0x60, 0x0, 0x0, 0xf, 0xf7, 0x0, 0x0, 0x0,
    0xdf, 0xb0, 0x0, 0x0, 0x9, 0xff, 0x82, 0x23,
    0x40, 0x1e, 0xff, 0xff, 0xfa, 0x0, 0x29, 0xdf,
    0xfd, 0x70,

    /* U+0064 "d" */
    0x0, 0x0, 0x0, 0x0, 0xbf, 0xa0, 0x0, 0x0,
    0x0, 0xb, 0xfa, 0x0, 0x0, 0x0, 0x0, 0xbf,
    0xa0, 0x0, 0x0, 0x0, 0xb, 0xfa, 0x0, 0x2b,
    0xff, 0xc4, 0xbf, 0xa0, 0x2f, 0xff, 0xff, 0xfd,
    0xfa, 0x9, 0xff, 0x50, 0xa, 0xff, 0xa0, 0xdf,
    0xa0, 0x0, 0xe, 0xfa, 0xf, 0xf7, 0x0, 0x0,
    0xbf, 0xa0, 0xff, 0x60, 0x0, 0xa, 0xfa, 0xf,
    0xf7, 0x0, 0x0, 0xbf, 0xa0, 0xef, 0x90, 0x0,
    0xd, 0xfa, 0xa, 0xfe, 0x20, 0x6, 0xff, 0xa0,
    0x3f, 0xff, 0xcd, 0xfd, 0xfa, 0x0, 0x4c, 0xff,
    0xd5, 0x8f, 0xa0,

    /* U+0065 "e" */
    0x0, 0x2a, 0xef, 0xfc, 0x50, 0x0, 0x1e, 0xff,
    0xff, 0xff, 0x50, 0x9, 0xfe, 0x30, 0x9, 0xfd,
    0x0, 0xdf, 0x80, 0x0, 0x2f, 0xf0, 0xf, 0xf9,
    0x67, 0x8a, 0xff, 0x20, 0xff, 0xff, 0xff, 0xff,
    0xf2, 0xf, 0xf8, 0x33, 0x33, 0x33, 0x0, 0xdf,
    0x90, 0x0, 0x0, 0x0, 0x9, 0xff, 0x71, 0x2,
    0x56, 0x0, 0x1e, 0xff, 0xff, 0xff, 0xa0, 0x0,
    0x2a, 0xef, 0xfd, 0xa4, 0x0,

    /* U+0066 "f" */
    0x0, 0x9, 0xdf, 0xe0, 0x9, 0xff, 0xed, 0x0,
    0xff, 0x90, 0x0, 0xf, 0xf5, 0x0, 0xbf, 0xff,
    0xff, 0x7b, 0xff, 0xff, 0xf6, 0x1, 0xff, 0x40,
    0x0, 0x1f, 0xf4, 0x0, 0x1, 0xff, 0x40, 0x0,
    0x1f, 0xf4, 0x0, 0x1, 0xff, 0x40, 0x0, 0x1f,
    0xf4, 0x0, 0x1, 0xff, 0x40, 0x0, 0x1f, 0xf4,
    0x0, 0x1, 0xff, 0x40, 0x0,

    /* U+0067 "g" */
    0x0, 0x2b, 0xef, 0xc4, 0xaf, 0xa0, 0x2f, 0xff,
    0xff, 0xfd, 0xfa, 0x9, 0xff, 0x40, 0x8, 0xff,
    0xa0, 0xdf, 0xa0, 0x0, 0xd, 0xfa, 0xf, 0xf7,
    0x0, 0x0, 0xaf, 0xa0, 0xff, 0x60, 0x0, 0x9,
    0xfa, 0xf, 0xf7, 0x0, 0x0, 0xaf, 0xa0, 0xef,
    0xa0, 0x0, 0xd, 0xfa, 0xa, 0xff, 0x40, 0x7,
    0xff, 0xa0, 0x3f, 0xff, 0xef, 0xfd, 0xfa, 0x0,
    0x3b, 0xff, 0xd5, 0xbf, 0xa0, 0x0, 0x0, 0x0,
    0xe, 0xf8, 0x0, 0x21, 0x0, 0x2a, 0xff, 0x30,
    0x8, 0xff, 0xff, 0xff, 0x80, 0x0, 0x6e, 0xff,
    0xeb, 0x50, 0x0,

    /* U+0068 "h" */
    0x8f, 0xe0, 0x0, 0x0, 0x0, 0x8f, 0xe0, 0x0,
    0x0, 0x0, 0x8f, 0xe0, 0x0, 0x0, 0x0, 0x8f,
    0xe0, 0x0, 0x0, 0x0, 0x8f, 0xe3, 0xbf, 0xfc,
    0x40, 0x8f, 0xee, 0xff, 0xff, 0xf1, 0x8f, 0xfb,
    0x31, 0x7f, 0xf6, 0x8f, 0xf1, 0x0, 0xe, 0xf8,
    0x8f, 0xe0, 0x0, 0xd, 0xf8, 0x8f, 0xe0, 0x0,
    0xd, 0xf8, 0x8f, 0xe0, 0x0, 0xd, 0xf8, 0x8f,
    0xe0, 0x0, 0xd, 0xf8, 0x8f, 0xe0, 0x0, 0xd,
    0xf8, 0x8f, 0xe0, 0x0, 0xd, 0xf8, 0x8f, 0xe0,
    0x0, 0xd, 0xf8,

    /* U+0069 "i" */
    0x7f, 0xc0, 0xaf, 0xf0, 0x4b, 0x80, 0x0, 0x0,
    0x8f, 0xd0, 0x8f, 0xd0, 0x8f, 0xd0, 0x8f, 0xd0,
    0x8f, 0xd0, 0x8f, 0xd0, 0x8f, 0xd0, 0x8f, 0xd0,
    0x8f, 0xd0, 0x8f, 0xd0, 0x8f, 0xd0,

    /* U+006A "j" */
    0x0, 0x7, 0xfc, 0x0, 0x0, 0xaf, 0xf0, 0x0,
    0x4, 0xb8, 0x0, 0x0, 0x0, 0x0, 0x0, 0x8,
    0xfd, 0x0, 0x0, 0x8f, 0xd0, 0x0, 0x8, 0xfd,
    0x0, 0x0, 0x8f, 0xd0, 0x0, 0x8, 0xfd, 0x0,
    0x0, 0x8f, 0xd0, 0x0, 0x8, 0xfd, 0x0, 0x0,
    0x8f, 0xd0, 0x0, 0x8, 0xfd, 0x0, 0x0, 0x8f,
    0xd0, 0x0, 0x8, 0xfd, 0x0, 0x0, 0x9f, 0xc0,
    0x0, 0xd, 0xfb, 0x1, 0xff, 0xff, 0x50, 0x1f,
    0xfd, 0x70, 0x0,

    /* U+006B "k" */
    0x8f, 0xe0, 0x0, 0x0, 0x0, 0x8f, 0xe0, 0x0,
    0x0, 0x0, 0x8f, 0xe0, 0x0, 0x0, 0x0, 0x8f,
    0xe0, 0x0, 0x0, 0x0, 0x8f, 0xe0, 0x1, 0xef,
    0xc0, 0x8f, 0xe0, 0xa, 0xfe, 0x20, 0x8f, 0xe0,
    0x6f, 0xf4, 0x0, 0x8f, 0xe2, 0xff, 0x80, 0x0,
    0x8f, 0xff, 0xfb, 0x0, 0x0, 0x8f, 0xff, 0xfb,
    0x0, 0x0, 0x8f, 0xe5, 0xff, 0x60, 0x0, 0x8f,
    0xe0, 0xbf, 0xf1, 0x0, 0x8f, 0xe0, 0x1f, 0xfb,
    0x0, 0x8f, 0xe0, 0x7, 0xff, 0x60, 0x8f, 0xe0,
    0x0, 0xcf, 0xf1,

    /* U+006C "l" */
    0x8f, 0xd0, 0x8, 0xfd, 0x0, 0x8f, 0xd0, 0x8,
    0xfd, 0x0, 0x8f, 0xd0, 0x8, 0xfd, 0x0, 0x8f,
    0xd0, 0x8, 0xfd, 0x0, 0x8f, 0xd0, 0x8, 0xfd,
    0x0, 0x8f, 0xd0, 0x8, 0xfd, 0x0, 0x7f, 0xf1,
    0x5, 0xff, 0xf6, 0x9, 0xef, 0x50,

    /* U+006D "m" */
    0x8f, 0xe4, 0xcf, 0xea, 0x14, 0xcf, 0xea, 0x10,
    0x8f, 0xff, 0xff, 0xff, 0xcf, 0xff, 0xff, 0xc0,
    0x8f, 0xf9, 0x22, 0xcf, 0xfc, 0x32, 0x9f, 0xf2,
    0x8f, 0xf0, 0x0, 0x6f, 0xf2, 0x0, 0x1f, 0xf4,
    0x8f, 0xe0, 0x0, 0x5f, 0xf1, 0x0, 0xf, 0xf5,
    0x8f, 0xe0, 0x0, 0x5f, 0xf1, 0x0, 0xf, 0xf5,
    0x8f, 0xe0, 0x0, 0x5f, 0xf1, 0x0, 0xf, 0xf5,
    0x8f, 0xe0, 0x0, 0x5f, 0xf1, 0x0, 0xf, 0xf5,
    0x8f, 0xe0, 0x0, 0x5f, 0xf1, 0x0, 0xf, 0xf5,
    0x8f, 0xe0, 0x0, 0x5f, 0xf1, 0x0, 0xf, 0xf5,
    0x8f, 0xe0, 0x0, 0x5f, 0xf1, 0x0, 0xf, 0xf5,

    /* U+006E "n" */
    0x8f, 0xe3, 0xbf, 0xfc, 0x40, 0x8f, 0xff, 0xff,
    0xff, 0xf1, 0x8f, 0xfb, 0x31, 0x7f, 0xf6, 0x8f,
    0xf1, 0x0, 0xe, 0xf8, 0x8f, 0xe0, 0x0, 0xd,
    0xf8, 0x8f, 0xe0, 0x0, 0xd, 0xf8, 0x8f, 0xe0,
    0x0, 0xd, 0xf8, 0x8f, 0xe0, 0x0, 0xd, 0xf8,
    0x8f, 0xe0, 0x0, 0xd, 0xf8, 0x8f, 0xe0, 0x0,
    0xd, 0xf8, 0x8f, 0xe0, 0x0, 0xd, 0xf8,

    /* U+006F "o" */
    0x0, 0x2a, 0xef, 0xec, 0x80, 0x0, 0x1e, 0xff,
    0xff, 0xff, 0xc0, 0x9, 0xff, 0x40, 0x7, 0xff,
    0x50, 0xdf, 0x90, 0x0, 0xd, 0xf9, 0xf, 0xf7,
    0x0, 0x0, 0xbf, 0xc0, 0xff, 0x60, 0x0, 0xa,
    0xfc, 0xf, 0xf7, 0x0, 0x0, 0xbf, 0xc0, 0xdf,
    0xa0, 0x0, 0xd, 0xf9, 0x9, 0xff, 0x40, 0x7,
    0xff, 0x50, 0x1e, 0xff, 0xff, 0xff, 0xc0, 0x0,
    0x2a, 0xef, 0xec, 0x80, 0x0,

    /* U+0070 "p" */
    0x8f, 0xe2, 0xbf, 0xfc, 0x50, 0x8, 0xfe, 0xef,
    0xff, 0xff, 0x50, 0x8f, 0xfa, 0x10, 0x3e, 0xfc,
    0x8, 0xff, 0x10, 0x0, 0x8f, 0xf0, 0x8f, 0xd0,
    0x0, 0x5, 0xff, 0x18, 0xfc, 0x0, 0x0, 0x4f,
    0xf2, 0x8f, 0xd0, 0x0, 0x5, 0xff, 0x18, 0xff,
    0x10, 0x0, 0x8f, 0xf0, 0x8f, 0xfb, 0x10, 0x3f,
    0xfc, 0x8, 0xfe, 0xef, 0xff, 0xff, 0x40, 0x8f,
    0xe3, 0xcf, 0xfc, 0x40, 0x8, 0xfe, 0x0, 0x0,
    0x0, 0x0, 0x8f, 0xe0, 0x0, 0x0, 0x0, 0x8,
    0xfe, 0x0, 0x0, 0x0, 0x0, 0x8f, 0xe0, 0x0,
    0x0, 0x0, 0x0,

    /* U+0071 "q" */
    0x0, 0x2b, 0xff, 0xc4, 0xbf, 0xa0, 0x2f, 0xff,
    0xff, 0xfd, 0xfa, 0x9, 0xff, 0x40, 0x9, 0xff,
    0xa0, 0xdf, 0xa0, 0x0, 0xe, 0xfa, 0xf, 0xf7,
    0x0, 0x0, 0xbf, 0xa0, 0xff, 0x60, 0x0, 0xa,
    0xfa, 0xf, 0xf7, 0x0, 0x0, 0xbf, 0xa0, 0xef,
    0xa0, 0x0, 0xe, 0xfa, 0xa, 0xff, 0x40, 0x9,
    0xff, 0xa0, 0x3f, 0xff, 0xff, 0xfd, 0xfa, 0x0,
    0x4c, 0xff, 0xc4, 0xbf, 0xa0, 0x0, 0x0, 0x0,
    0xb, 0xfa, 0x0, 0x0, 0x0, 0x0, 0xbf, 0xa0,
    0x0, 0x0, 0x0, 0xb, 0xfa, 0x0, 0x0, 0x0,
    0x0, 0xbf, 0xa0,

    /* U+0072 "r" */
    0x8f, 0xe2, 0xbf, 0x28, 0xfe, 0xdf, 0xf1, 0x8f,
    0xfe, 0x41, 0x8, 0xff, 0x30, 0x0, 0x8f, 0xe0,
    0x0, 0x8, 0xfe, 0x0, 0x0, 0x8f, 0xe0, 0x0,
    0x8, 0xfe, 0x0, 0x0, 0x8f, 0xe0, 0x0, 0x8,
    0xfe, 0x0, 0x0, 0x8f, 0xe0, 0x0, 0x0,

    /* U+0073 "s" */
    0x7, 0xdf, 0xfe, 0x90, 0x6f, 0xff, 0xff, 0xc0,
    0xcf, 0x90, 0x0, 0x20, 0xdf, 0x70, 0x0, 0x0,
    0x9f, 0xfb, 0x72, 0x0, 0x9, 0xff, 0xff, 0x70,
    0x0, 0x4, 0xbf, 0xf1, 0x0, 0x0, 0xf, 0xf3,
    0x51, 0x0, 0x5f, 0xf2, 0xff, 0xff, 0xff, 0xd0,
    0xbe, 0xff, 0xd9, 0x10,

    /* U+0074 "t" */
    0x2, 0x88, 0x0, 0x0, 0x5f, 0xf0, 0x0, 0x5,
    0xff, 0x0, 0xc, 0xff, 0xff, 0xf5, 0xcf, 0xff,
    0xff, 0x50, 0x5f, 0xf0, 0x0, 0x5, 0xff, 0x0,
    0x0, 0x5f, 0xf0, 0x0, 0x5, 0xff, 0x0, 0x0,
    0x5f, 0xf0, 0x0, 0x5, 0xff, 0x0, 0x0, 0x4f,
    0xf4, 0x0, 0x1, 0xff, 0xff, 0x40, 0x4, 0xdf,
    0xf3,

    /* U+0075 "u" */
    0x9f, 0xc0, 0x0, 0xf, 0xf6, 0x9f, 0xc0, 0x0,
    0xf, 0xf6, 0x9f, 0xc0, 0x0, 0xf, 0xf6, 0x9f,
    0xc0, 0x0, 0xf, 0xf6, 0x9f, 0xc0, 0x0, 0xf,
    0xf6, 0x9f, 0xc0, 0x0, 0xf, 0xf6, 0x9f, 0xc0,
    0x0, 0xf, 0xf6, 0x8f, 0xd0, 0x0, 0x1f, 0xf6,
    0x7f, 0xf3, 0x0, 0xaf, 0xf6, 0x2f, 0xff, 0xef,
    0xff, 0xf6, 0x4, 0xdf, 0xfc, 0x3d, 0xf6,

    /* U+0076 "v" */
    0xbf, 0xd0, 0x0, 0x2, 0xff, 0x56, 0xff, 0x20,
    0x0, 0x7f, 0xf0, 0x1f, 0xf7, 0x0, 0xc, 0xfa,
    0x0, 0xbf, 0xc0, 0x1, 0xff, 0x50, 0x5, 0xff,
    0x10, 0x6f, 0xf0, 0x0, 0xf, 0xf6, 0xb, 0xfa,
    0x0, 0x0, 0xaf, 0xb0, 0xff, 0x40, 0x0, 0x5,
    0xff, 0x6f, 0xf0, 0x0, 0x0, 0xf, 0xfe, 0xf9,
    0x0, 0x0, 0x0, 0xaf, 0xff, 0x40, 0x0, 0x0,
    0x4, 0xff, 0xe0, 0x0, 0x0,

    /* U+0077 "w" */
    0x8f, 0xf0, 0x0, 0x5f, 0xfa, 0x0, 0x9, 0xfd,
    0x4f, 0xf2, 0x0, 0x9f, 0xfe, 0x0, 0xc, 0xf9,
    0xf, 0xf6, 0x0, 0xdf, 0xff, 0x20, 0xf, 0xf5,
    0xc, 0xf9, 0x1, 0xff, 0xaf, 0x60, 0x3f, 0xf1,
    0x8, 0xfc, 0x4, 0xfb, 0x6f, 0xa0, 0x7f, 0xd0,
    0x4, 0xff, 0x8, 0xf7, 0x2f, 0xe0, 0xaf, 0x80,
    0x0, 0xff, 0x3c, 0xf3, 0xe, 0xf2, 0xef, 0x40,
    0x0, 0xcf, 0x8f, 0xf0, 0xa, 0xf7, 0xff, 0x0,
    0x0, 0x8f, 0xef, 0xb0, 0x6, 0xfe, 0xfc, 0x0,
    0x0, 0x4f, 0xff, 0x70, 0x2, 0xff, 0xf8, 0x0,
    0x0, 0xf, 0xff, 0x30, 0x0, 0xef, 0xf4, 0x0,

    /* U+0078 "x" */
    0x4f, 0xf7, 0x0, 0xa, 0xff, 0x10, 0xaf, 0xf1,
    0x3, 0xff, 0x70, 0x1, 0xff, 0x90, 0xcf, 0xc0,
    0x0, 0x6, 0xff, 0x8f, 0xf3, 0x0, 0x0, 0xc,
    0xff, 0xf9, 0x0, 0x0, 0x0, 0x6f, 0xff, 0x30,
    0x0, 0x0, 0xe, 0xff, 0xfc, 0x0, 0x0, 0x9,
    0xfe, 0x5f, 0xf6, 0x0, 0x3, 0xff, 0x60, 0xaf,
    0xe1, 0x0, 0xdf, 0xd0, 0x2, 0xff, 0xa0, 0x7f,
    0xf4, 0x0, 0x8, 0xff, 0x40,

    /* U+0079 "y" */
    0xbf, 0xe0, 0x0, 0x1, 0xff, 0x55, 0xff, 0x30,
    0x0, 0x6f, 0xf0, 0xe, 0xf8, 0x0, 0xb, 0xfa,
    0x0, 0x9f, 0xd0, 0x0, 0xff, 0x50, 0x3, 0xff,
    0x30, 0x5f, 0xf0, 0x0, 0xd, 0xf8, 0xa, 0xfa,
    0x0, 0x0, 0x7f, 0xd0, 0xef, 0x40, 0x0, 0x1,
    0xff, 0x6f, 0xe0, 0x0, 0x0, 0xb, 0xff, 0xf9,
    0x0, 0x0, 0x0, 0x5f, 0xff, 0x40, 0x0, 0x0,
    0x0, 0xff, 0xe0, 0x0, 0x0, 0x0, 0x1f, 0xf8,
    0x0, 0x0, 0x1, 0x5d, 0xff, 0x10, 0x0, 0x0,
    0xaf, 0xff, 0x50, 0x0, 0x0, 0x9, 0xeb, 0x40,
    0x0, 0x0, 0x0,

    /* U+007A "z" */
    0xb, 0xff, 0xff, 0xff, 0xf0, 0xb, 0xff, 0xff,
    0xff, 0xf0, 0x0, 0x11, 0x15, 0xff, 0xa0, 0x0,
    0x0, 0x1e, 0xfd, 0x0, 0x0, 0x0, 0xbf, 0xf2,
    0x0, 0x0, 0x8, 0xff, 0x50, 0x0, 0x0, 0x4f,
    0xf9, 0x0, 0x0, 0x1, 0xef, 0xc0, 0x0, 0x0,
    0xc, 0xff, 0x42, 0x22, 0x20, 0x1f, 0xff, 0xff,
    0xff, 0xf6, 0x1f, 0xff, 0xff, 0xff, 0xf6,

    /* U+007B "{" */
    0x0, 0x7, 0xdc, 0x0, 0x8f, 0xfc, 0x0, 0xdf,
    0x90, 0x0, 0xff, 0x60, 0x0, 0xff, 0x60, 0x0,
    0xff, 0x60, 0x0, 0xff, 0x60, 0x2, 0xff, 0x50,
    0x4f, 0xfb, 0x0, 0x4f, 0xf9, 0x0, 0x3, 0xff,
    0x40, 0x0, 0xff, 0x60, 0x0, 0xff, 0x60, 0x0,
    0xff, 0x60, 0x0, 0xff, 0x60, 0x0, 0xef, 0x60,
    0x0, 0xcf, 0xa0, 0x0, 0x6f, 0xfc, 0x0, 0x6,
    0xdc,

    /* U+007C "|" */
    0xf, 0xf0, 0xf, 0xf0, 0xf, 0xf0, 0xf, 0xf0,
    0xf, 0xf0, 0xf, 0xf0, 0xf, 0xf0, 0xf, 0xf0,
    0xf, 0xf0, 0xf, 0xf0, 0xf, 0xf0, 0xf, 0xf0,
    0xf, 0xf0, 0xf, 0xf0, 0xf, 0xf0, 0xf, 0xf0,
    0xf, 0xf0, 0xf, 0xf0, 0xf, 0xf0,

    /* U+007D "}" */
    0x7e, 0xa1, 0x0, 0x7f, 0xfc, 0x0, 0x5, 0xff,
    0x20, 0x1, 0xff, 0x40, 0x1, 0xff, 0x40, 0x1,
    0xff, 0x40, 0x1, 0xff, 0x40, 0x0, 0xff, 0x70,
    0x0, 0x7f, 0xf9, 0x0, 0x5f, 0xf9, 0x0, 0xff,
    0x80, 0x1, 0xff, 0x40, 0x1, 0xff, 0x40, 0x1,
    0xff, 0x40, 0x1, 0xff, 0x40, 0x1, 0xff, 0x40,
    0x5, 0xff, 0x20, 0x7f, 0xfc, 0x0, 0x7d, 0x91,
    0x0,

    /* U+007E "~" */
    0x2, 0xcf, 0xb2, 0x0, 0x8b, 0x20, 0xdf, 0xff,
    0xf6, 0x1d, 0xf1, 0x4f, 0xb1, 0x8f, 0xff, 0xfb,
    0x4, 0xc6, 0x0, 0x4c, 0xfb, 0x10,

    /* U+4E49 "义" */
    0x0, 0x0, 0x0, 0x0, 0x40, 0x0, 0x0, 0x0,
    0x0, 0x0, 0x0, 0x0, 0xa, 0xf5, 0x0, 0x0,
    0x0, 0x0, 0x0, 0x6, 0xa0, 0x5, 0xfe, 0x0,
    0x9, 0xd4, 0x0, 0x0, 0xe, 0xf3, 0x0, 0xcf,
    0x70, 0xe, 0xf5, 0x0, 0x0, 0x9, 0xf9, 0x0,
    0x3f, 0xf1, 0x2f, 0xf0, 0x0, 0x0, 0x3, 0xff,
    0x10, 0xa, 0x50, 0x8f, 0xb0, 0x0, 0x0, 0x0,
    0xbf, 0x70, 0x0, 0x0, 0xef, 0x50, 0x0, 0x0,
    0x0, 0x4f, 0xe1, 0x0, 0x5, 0xfe, 0x0, 0x0,
    0x0, 0x0, 0xc, 0xfa, 0x0, 0xd, 0xf8, 0x0,
    0x0, 0x0, 0x0, 0x2, 0xff, 0x50, 0x8f, 0xe0,
    0x0, 0x0, 0x0, 0x0, 0x0, 0x7f, 0xf7, 0xff,
    0x60, 0x0, 0x0, 0x0, 0x0, 0x0, 0xb, 0xff,
    0xfa, 0x0, 0x0, 0x0, 0x0, 0x0, 0x0, 0x7,
    0xff, 0xf6, 0x0, 0x0, 0x0, 0x0, 0x0, 0x2,
    0xbf, 0xff, 0xff, 0xa1, 0x0, 0x0, 0x0, 0x1,
    0x8f, 0xff, 0x90, 0x9f, 0xff, 0x70, 0x0, 0x2,
    0x9f, 0xff, 0xe4, 0x0, 0x4, 0xef, 0xfe, 0x82,
    0xd, 0xff, 0xf7, 0x0, 0x0, 0x0, 0x8, 0xff,
    0xf8, 0x5, 0xe7, 0x10, 0x0, 0x0, 0x0, 0x0,
    0x19, 0xf1, 0x0, 0x0, 0x0, 0x0, 0x0, 0x0,
    0x0, 0x0, 0x0,

    /* U+518C "册" */
    0x0, 0xb, 0xbb, 0xbb, 0x70, 0xbb, 0xbb, 0xba,
    0x0, 0x0, 0xf, 0xff, 0xff, 0xa0, 0xff, 0xff,
    0xfe, 0x0, 0x0, 0xf, 0xd0, 0x2f, 0xa0, 0xfc,
    0x0, 0xee, 0x0, 0x0, 0xf, 0xd0, 0x1f, 0xa0,
    0xfc, 0x0, 0xee, 0x0, 0x0, 0xf, 0xd0, 0x1f,
    0xa0, 0xfc, 0x0, 0xee, 0x0, 0x0, 0xf, 0xd0,
    0x1f, 0xa0, 0xfc, 0x0, 0xee, 0x0, 0x0, 0xf,
    0xd0, 0x2f, 0xa0, 0xfc, 0x0, 0xee, 0x0, 0x3f,
    0xff, 0xff, 0xff, 0xff, 0xff, 0xff, 0xff, 0xfe,
    0x2c, 0xcf, 0xfc, 0xcf, 0xec, 0xff, 0xcc, 0xff,
    0xcb, 0x0, 0xf, 0xc0, 0x1f, 0xa1, 0xfc, 0x0,
    0xee, 0x0, 0x0, 0x1f, 0xc0, 0x1f, 0xa1, 0xfb,
    0x0, 0xee, 0x0, 0x0, 0x2f, 0xb0, 0x1f, 0xa3,
    0xfa, 0x0, 0xee, 0x0, 0x0, 0x5f, 0x90, 0x1f,
    0xa5, 0xf9, 0x0, 0xee, 0x0, 0x0, 0x9f, 0x60,
    0x1f, 0xa9, 0xf6, 0x0, 0xee, 0x0, 0x0, 0xef,
    0x21, 0x6f, 0xbe, 0xf2, 0x1, 0xfe, 0x0, 0x8,
    0xfb, 0x1f, 0xff, 0xff, 0xc1, 0xff, 0xfd, 0x0,
    0x8, 0xf3, 0x9, 0x95, 0x7f, 0x40, 0xbd, 0xb3,
    0x0, 0x0, 0x10, 0x0, 0x0, 0x1, 0x0, 0x0,
    0x0, 0x0,

    /* U+5B9A "定" */
    0x0, 0x0, 0x0, 0x0, 0x37, 0x30, 0x0, 0x0,
    0x0, 0x0, 0x0, 0x0, 0x0, 0x7f, 0xb0, 0x0,
    0x0, 0x0, 0x0, 0xbb, 0xbb, 0xbb, 0xcf, 0xfb,
    0xbb, 0xbb, 0xa0, 0x1, 0xff, 0xff, 0xff, 0xff,
    0xff, 0xff, 0xff, 0xf0, 0x1, 0xfc, 0x0, 0x0,
    0x0, 0x0, 0x0, 0xd, 0xf0, 0x1, 0xfb, 0x0,
    0x0, 0x0, 0x0, 0x0, 0xc, 0xe0, 0x0, 0x7a,
    0xaa, 0xaa, 0xaa, 0xaa, 0xaa, 0xaa, 0x70, 0x0,
    0xbf, 0xff, 0xff, 0xff, 0xff, 0xff, 0xff, 0xb0,
    0x0, 0x0, 0x0, 0x0, 0x2f, 0xc0, 0x0, 0x0,
    0x0, 0x0, 0x0, 0x54, 0x0, 0x1f, 0xc0, 0x0,
    0x0, 0x0, 0x0, 0x2, 0xfd, 0x0, 0x1f, 0xc0,
    0x0, 0x0, 0x0, 0x0, 0x5, 0xfb, 0x0, 0x1f,
    0xff, 0xff, 0xff, 0x20, 0x0, 0x8, 0xf8, 0x0,
    0x1f, 0xeb, 0xbb, 0xbb, 0x10, 0x0, 0xd, 0xfd,
    0x0, 0x1f, 0xc0, 0x0, 0x0, 0x0, 0x0, 0x4f,
    0xff, 0xa0, 0x1f, 0xc0, 0x0, 0x0, 0x0, 0x0,
    0xdf, 0x8e, 0xfb, 0x4f, 0xc0, 0x0, 0x0, 0x0,
    0x8, 0xfd, 0x2, 0xdf, 0xff, 0xfb, 0xba, 0xaa,
    0xb9, 0x1f, 0xf3, 0x0, 0x6, 0xbe, 0xff, 0xff,
    0xff, 0xfa, 0x3, 0x50, 0x0, 0x0, 0x0, 0x0,
    0x11, 0x11, 0x0,

    /* U+76F8 "相" */
    0x0, 0x1, 0xf8, 0x0, 0x0, 0x0, 0x0, 0x0,
    0x0, 0x0, 0x1, 0xf9, 0x0, 0xbf, 0xff, 0xff,
    0xff, 0xf1, 0x0, 0x1, 0xf9, 0x0, 0xbf, 0xcc,
    0xcc, 0xcf, 0xf1, 0x5, 0xbc, 0xfe, 0xb9, 0xbf,
    0x10, 0x0, 0xc, 0xf1, 0x6, 0xff, 0xff, 0xfc,
    0xbf, 0x10, 0x0, 0xc, 0xf1, 0x0, 0x6, 0xf9,
    0x0, 0xbf, 0xdc, 0xcc, 0xcf, 0xf1, 0x0, 0xc,
    0xfa, 0x20, 0xbf, 0xff, 0xff, 0xff, 0xf1, 0x0,
    0x3f, 0xff, 0xe2, 0xbf, 0x10, 0x0, 0xc, 0xf1,
    0x0, 0xbf, 0xfc, 0xfd, 0xcf, 0x10, 0x0, 0xc,
    0xf1, 0x4, 0xfa, 0xf9, 0x6f, 0xdf, 0xba, 0xaa,
    0xae, 0xf1, 0xd, 0xf3, 0xf9, 0x2, 0xbf, 0xff,
    0xff, 0xff, 0xf1, 0x1e, 0x91, 0xf9, 0x0, 0xbf,
    0x21, 0x11, 0x1c, 0xf1, 0x4, 0x11, 0xf9, 0x0,
    0xbf, 0x10, 0x0, 0xc, 0xf1, 0x0, 0x1, 0xf9,
    0x0, 0xbf, 0x10, 0x0, 0xc, 0xf1, 0x0, 0x1,
    0xf9, 0x0, 0xbf, 0xff, 0xff, 0xff, 0xf1, 0x0,
    0x1, 0xf9, 0x0, 0xbf, 0xdd, 0xdd, 0xdf, 0xf1,
    0x0, 0x1, 0xf9, 0x0, 0xbf, 0x10, 0x0, 0xc,
    0xf1, 0x0, 0x0, 0x21, 0x0, 0x1, 0x0, 0x0,
    0x0, 0x0,

    /* U+81EA "自" */
    0x0, 0x0, 0x0, 0x53, 0x0, 0x0, 0x0, 0x0,
    0x0, 0x2, 0xff, 0x20, 0x0, 0x0, 0x0, 0x0,
    0x8, 0xfc, 0x0, 0x0, 0x0, 0x1f, 0xff, 0xff,
    0xff, 0xff, 0xff, 0xfe, 0x1f, 0xfc, 0xcc, 0xcc,
    0xcc, 0xcc, 0xfe, 0x1f, 0xd0, 0x0, 0x0, 0x0,
    0x0, 0xfe, 0x1f, 0xd0, 0x0, 0x0, 0x0, 0x0,
    0xfe, 0x1f, 0xff, 0xff, 0xff, 0xff, 0xff, 0xfe,
    0x1f, 0xfb, 0xbb, 0xbb, 0xbb, 0xbb, 0xfe, 0x1f,
    0xd0, 0x0, 0x0, 0x0, 0x0, 0xfe, 0x1f, 0xd0,
    0x0, 0x0, 0x0, 0x0, 0xfe, 0x1f, 0xff, 0xff,
    0xff, 0xff, 0xff, 0xfe, 0x1f, 0xfc, 0xcc, 0xcc,
    0xcc, 0xcc, 0xfe, 0x1f, 0xd0, 0x0, 0x0, 0x0,
    0x0, 0xfe, 0x1f, 0xd0, 0x0, 0x0, 0x0, 0x0,
    0xfe, 0x1f, 0xff, 0xff, 0xff, 0xff, 0xff, 0xfe,
    0x1f, 0xfc, 0xcc, 0xcc, 0xcc, 0xcc, 0xfe, 0x1f,
    0xd0, 0x0, 0x0, 0x0, 0x0, 0xfe, 0x1, 0x0,
    0x0, 0x0, 0x0, 0x0, 0x0,

    /* U+F001 "" */
    0x0, 0x0, 0x0, 0x0, 0x0, 0x0, 0x0, 0x3,
    0x7c, 0x80, 0x0, 0x0, 0x0, 0x0, 0x0, 0x5,
    0x9e, 0xff, 0xff, 0x0, 0x0, 0x0, 0x0, 0x26,
    0xbf, 0xff, 0xff, 0xff, 0xf0, 0x0, 0x0, 0x38,
    0xdf, 0xff, 0xff, 0xff, 0xff, 0xff, 0x0, 0x0,
    0x2f, 0xff, 0xff, 0xff, 0xff, 0xff, 0xff, 0xf0,
    0x0, 0x4, 0xff, 0xff, 0xff, 0xff, 0xfe, 0xaa,
    0xff, 0x0, 0x0, 0x4f, 0xff, 0xff, 0xfd, 0x83,
    0x0, 0x6f, 0xf0, 0x0, 0x4, 0xff, 0xfb, 0x61,
    0x0, 0x0, 0x6, 0xff, 0x0, 0x0, 0x4f, 0xf2,
    0x0, 0x0, 0x0, 0x0, 0x6f, 0xf0, 0x0, 0x4,
    0xff, 0x20, 0x0, 0x0, 0x0, 0x6, 0xff, 0x0,
    0x0, 0x4f, 0xf2, 0x0, 0x0, 0x0, 0x0, 0x6f,
    0xf0, 0x0, 0x4, 0xff, 0x20, 0x0, 0x0, 0x0,
    0x6, 0xff, 0x0, 0x0, 0x4f, 0xf2, 0x0, 0x0,
    0x18, 0xde, 0xef, 0xf0, 0x0, 0x4, 0xff, 0x20,
    0x0, 0xd, 0xff, 0xff, 0xff, 0x2, 0x78, 0x9f,
    0xf2, 0x0, 0x1, 0xff, 0xff, 0xff, 0xf6, 0xff,
    0xff, 0xff, 0x20, 0x0, 0xb, 0xff, 0xff, 0xf8,
    0xff, 0xff, 0xff, 0xf1, 0x0, 0x0, 0x5, 0xac,
    0xa4, 0xc, 0xff, 0xff, 0xfe, 0x0, 0x0, 0x0,
    0x0, 0x0, 0x0, 0x1a, 0xff, 0xfb, 0x20, 0x0,
    0x0, 0x0, 0x0, 0x0, 0x0, 0x0, 0x20, 0x0,
    0x0, 0x0, 0x0, 0x0, 0x0, 0x0,

    /* U+F008 "" */
    0x20, 0x0, 0x44, 0x44, 0x44, 0x44, 0x44, 0x42,
    0x0, 0x2e, 0x41, 0x5f, 0xff, 0xff, 0xff, 0xff,
    0xff, 0xb1, 0x4e, 0xff, 0xff, 0xfd, 0x88, 0x88,
    0x88, 0x8a, 0xff, 0xff, 0xff, 0x52, 0x6f, 0x80,
    0x0, 0x0, 0x0, 0x2f, 0xb2, 0x5f, 0xf3, 0x3,
    0xf8, 0x0, 0x0, 0x0, 0x2, 0xfa, 0x3, 0xff,
    0xa8, 0xaf, 0x80, 0x0, 0x0, 0x0, 0x2f, 0xd8,
    0xaf, 0xfc, 0xbc, 0xf9, 0x0, 0x0, 0x0, 0x3,
    0xfe, 0xbc, 0xff, 0x30, 0x3f, 0xff, 0xff, 0xff,
    0xff, 0xff, 0xa0, 0x3f, 0xf3, 0x4, 0xfe, 0xcc,
    0xcc, 0xcc, 0xcd, 0xfa, 0x3, 0xff, 0xff, 0xff,
    0x80, 0x0, 0x0, 0x0, 0x2f, 0xff, 0xff, 0xf7,
    0x47, 0xf8, 0x0, 0x0, 0x0, 0x2, 0xfc, 0x46,
    0xff, 0x30, 0x3f, 0x80, 0x0, 0x0, 0x0, 0x2f,
    0xa0, 0x3f, 0xf8, 0x69, 0xf8, 0x0, 0x0, 0x0,
    0x2, 0xfd, 0x68, 0xff, 0xed, 0xef, 0xfc, 0xcc,
    0xcc, 0xcc, 0xdf, 0xfd, 0xef, 0xc3, 0x3, 0xff,
    0xff, 0xff, 0xff, 0xff, 0xfa, 0x3, 0xc0,

    /* U+F00B "" */
    0x7a, 0xaa, 0xa2, 0x9, 0xaa, 0xaa, 0xaa, 0xaa,
    0xaa, 0x7f, 0xff, 0xff, 0x84, 0xff, 0xff, 0xff,
    0xff, 0xff, 0xff, 0xff, 0xff, 0xf8, 0x4f, 0xff,
    0xff, 0xff, 0xff, 0xff, 0xff, 0xff, 0xff, 0x84,
    0xff, 0xff, 0xff, 0xff, 0xff, 0xff, 0xdf, 0xff,
    0xf6, 0x2f, 0xff, 0xff, 0xff, 0xff, 0xff, 0xe0,
    0x11, 0x11, 0x0, 0x1, 0x11, 0x11, 0x11, 0x11,
    0x10, 0x8b, 0xbb, 0xb3, 0xa, 0xbb, 0xbb, 0xbb,
    0xbb, 0xbb, 0x8f, 0xff, 0xff, 0x84, 0xff, 0xff,
    0xff, 0xff, 0xff, 0xff, 0xff, 0xff, 0xf8, 0x4f,
    0xff, 0xff, 0xff, 0xff, 0xff, 0xff, 0xff, 0xff,
    0x84, 0xff, 0xff, 0xff, 0xff, 0xff, 0xff, 0xdf,
    0xff, 0xf6, 0x2f, 0xff, 0xff, 0xff, 0xff, 0xff,
    0xd0, 0x0, 0x0, 0x0, 0x0, 0x0, 0x0, 0x0,
    0x0, 0x0, 0x8b, 0xbb, 0xb3, 0xa, 0xbb, 0xbb,
    0xbb, 0xbb, 0xbb, 0x8f, 0xff, 0xff, 0x84, 0xff,
    0xff, 0xff, 0xff, 0xff, 0xff, 0xff, 0xff, 0xf8,
    0x4f, 0xff, 0xff, 0xff, 0xff, 0xff, 0xff, 0xff,
    0xff, 0x84, 0xff, 0xff, 0xff, 0xff, 0xff, 0xff,
    0xdf, 0xff, 0xf6, 0x2f, 0xff, 0xff, 0xff, 0xff,
    0xff, 0xd0, 0x0, 0x0, 0x0, 0x0, 0x0, 0x0,
    0x0, 0x0, 0x0,

    /* U+F00C "" */
    0x0, 0x0, 0x0, 0x0, 0x0, 0x0, 0x0, 0x0,
    0x20, 0x0, 0x0, 0x0, 0x0, 0x0, 0x0, 0x0,
    0x0, 0x6f, 0xc0, 0x0, 0x0, 0x0, 0x0, 0x0,
    0x0, 0x0, 0x6f, 0xff, 0xb0, 0x0, 0x0, 0x0,
    0x0, 0x0, 0x0, 0x6f, 0xff, 0xfd, 0x0, 0x0,
    0x0, 0x0, 0x0, 0x0, 0x6f, 0xff, 0xfd, 0x10,
    0x26, 0x0, 0x0, 0x0, 0x0, 0x6f, 0xff, 0xfd,
    0x10, 0x2e, 0xfa, 0x0, 0x0, 0x0, 0x6f, 0xff,
    0xfd, 0x10, 0xe, 0xff, 0xfa, 0x0, 0x0, 0x6f,
    0xff, 0xfd, 0x10, 0x0, 0xaf, 0xff, 0xfa, 0x0,
    0x6f, 0xff, 0xfd, 0x10, 0x0, 0x0, 0xbf, 0xff,
    0xfa, 0x6f, 0xff, 0xfd, 0x10, 0x0, 0x0, 0x0,
    0xbf, 0xff, 0xff, 0xff, 0xfd, 0x10, 0x0, 0x0,
    0x0, 0x0, 0xbf, 0xff, 0xff, 0xfd, 0x10, 0x0,
    0x0, 0x0, 0x0, 0x0, 0xbf, 0xff, 0xfd, 0x10,
    0x0, 0x0, 0x0, 0x0, 0x0, 0x0, 0xbf, 0xfd,
    0x10, 0x0, 0x0, 0x0, 0x0, 0x0, 0x0, 0x0,
    0xad, 0x10, 0x0, 0x0, 0x0, 0x0, 0x0,

    /* U+F00D "" */
    0x1b, 0xb1, 0x0, 0x0, 0x0, 0xab, 0x10, 0xcf,
    0xfc, 0x0, 0x0, 0xb, 0xff, 0xd0, 0xef, 0xff,
    0xc0, 0x0, 0xbf, 0xff, 0xe0, 0x3e, 0xff, 0xfc,
    0x1b, 0xff, 0xff, 0x30, 0x3, 0xef, 0xff, 0xff,
    0xff, 0xf3, 0x0, 0x0, 0x3e, 0xff, 0xff, 0xff,
    0x30, 0x0, 0x0, 0x3, 0xff, 0xff, 0xf4, 0x0,
    0x0, 0x0, 0xb, 0xff, 0xff, 0xfc, 0x0, 0x0,
    0x0, 0xbf, 0xff, 0xff, 0xff, 0xc0, 0x0, 0xc,
    0xff, 0xff, 0x6e, 0xff, 0xfc, 0x10, 0xbf, 0xff,
    0xf3, 0x3, 0xef, 0xff, 0xc0, 0xef, 0xff, 0x30,
    0x0, 0x3e, 0xff, 0xf0, 0x4f, 0xf3, 0x0, 0x0,
    0x3, 0xef, 0x40, 0x1, 0x10, 0x0, 0x0, 0x0,
    0x11, 0x0,

    /* U+F011 "" */
    0x0, 0x0, 0x0, 0x0, 0x7a, 0x60, 0x0, 0x0,
    0x0, 0x0, 0x0, 0x0, 0x0, 0xf, 0xff, 0x0,
    0x0, 0x0, 0x0, 0x0, 0x2, 0xb3, 0x0, 0xff,
    0xf0, 0x4, 0xb1, 0x0, 0x0, 0x3, 0xff, 0xd0,
    0xf, 0xff, 0x0, 0xef, 0xe2, 0x0, 0x1, 0xef,
    0xfe, 0x0, 0xff, 0xf0, 0x1e, 0xff, 0xd0, 0x0,
    0x9f, 0xfe, 0x20, 0xf, 0xff, 0x0, 0x3e, 0xff,
    0x80, 0x1f, 0xff, 0x40, 0x0, 0xff, 0xf0, 0x0,
    0x5f, 0xff, 0x6, 0xff, 0xb0, 0x0, 0xf, 0xff,
    0x0, 0x0, 0xcf, 0xf5, 0x9f, 0xf6, 0x0, 0x0,
    0xff, 0xf0, 0x0, 0x7, 0xff, 0x8b, 0xff, 0x40,
    0x0, 0xf, 0xff, 0x0, 0x0, 0x5f, 0xfa, 0xbf,
    0xf4, 0x0, 0x0, 0xdf, 0xc0, 0x0, 0x5, 0xff,
    0x99, 0xff, 0x70, 0x0, 0x0, 0x10, 0x0, 0x0,
    0x8f, 0xf8, 0x5f, 0xfd, 0x0, 0x0, 0x0, 0x0,
    0x0, 0xd, 0xff, 0x40, 0xff, 0xf6, 0x0, 0x0,
    0x0, 0x0, 0x7, 0xff, 0xe0, 0x7, 0xff, 0xf5,
    0x0, 0x0, 0x0, 0x6, 0xff, 0xf6, 0x0, 0xb,
    0xff, 0xfa, 0x30, 0x0, 0x3b, 0xff, 0xfb, 0x0,
    0x0, 0x1c, 0xff, 0xff, 0xfe, 0xff, 0xff, 0xfc,
    0x0, 0x0, 0x0, 0x9, 0xff, 0xff, 0xff, 0xff,
    0xf9, 0x0, 0x0, 0x0, 0x0, 0x2, 0x9d, 0xff,
    0xfd, 0x82, 0x0, 0x0, 0x0, 0x0, 0x0, 0x0,
    0x0, 0x0, 0x0, 0x0, 0x0, 0x0,

    /* U+F013 "" */
    0x0, 0x0, 0x0, 0x1, 0x34, 0x31, 0x0, 0x0,
    0x0, 0x0, 0x0, 0x0, 0x0, 0xff, 0xff, 0xb0,
    0x0, 0x0, 0x0, 0x0, 0x0, 0x0, 0xf, 0xff,
    0xfb, 0x0, 0x0, 0x0, 0x0, 0x3, 0x30, 0x29,
    0xff, 0xff, 0xf7, 0x0, 0x61, 0x0, 0x1, 0xef,
    0xbf, 0xff, 0xff, 0xff, 0xfd, 0xdf, 0xb0, 0x0,
    0xbf, 0xff, 0xff, 0xff, 0xff, 0xff, 0xff, 0xff,
    0x60, 0x2f, 0xff, 0xff, 0xff, 0xff, 0xff, 0xff,
    0xff, 0xfd, 0x4, 0xff, 0xff, 0xff, 0xa1, 0x3,
    0xdf, 0xff, 0xff, 0xd1, 0x1, 0xdf, 0xff, 0xc0,
    0x0, 0x1, 0xff, 0xff, 0xa0, 0x0, 0xb, 0xff,
    0xf7, 0x0, 0x0, 0xb, 0xff, 0xf7, 0x0, 0x0,
    0xbf, 0xff, 0x80, 0x0, 0x0, 0xcf, 0xff, 0x60,
    0x0, 0x5e, 0xff, 0xfe, 0x0, 0x0, 0x3f, 0xff,
    0xfc, 0x20, 0x5f, 0xff, 0xff, 0xfd, 0x53, 0x7f,
    0xff, 0xff, 0xff, 0x11, 0xff, 0xff, 0xff, 0xff,
    0xff, 0xff, 0xff, 0xff, 0xc0, 0x8, 0xff, 0xff,
    0xff, 0xff, 0xff, 0xff, 0xff, 0xf4, 0x0, 0xd,
    0xe7, 0xdf, 0xff, 0xff, 0xff, 0xa9, 0xf9, 0x0,
    0x0, 0x11, 0x0, 0x6f, 0xff, 0xfe, 0x30, 0x2,
    0x0, 0x0, 0x0, 0x0, 0x0, 0xff, 0xff, 0xb0,
    0x0, 0x0, 0x0, 0x0, 0x0, 0x0, 0xd, 0xff,
    0xf9, 0x0, 0x0, 0x0, 0x0, 0x0, 0x0, 0x0,
    0x0, 0x0, 0x0, 0x0, 0x0, 0x0,

    /* U+F015 "" */
    0x0, 0x0, 0x0, 0x0, 0x2, 0x85, 0x0, 0x7,
    0x98, 0x0, 0x0, 0x0, 0x0, 0x0, 0x0, 0x5f,
    0xff, 0x90, 0xd, 0xff, 0x10, 0x0, 0x0, 0x0,
    0x0, 0x7, 0xff, 0xff, 0xfb, 0x1d, 0xff, 0x10,
    0x0, 0x0, 0x0, 0x0, 0xaf, 0xfd, 0x3a, 0xff,
    0xde, 0xff, 0x10, 0x0, 0x0, 0x0, 0x1c, 0xff,
    0xb1, 0x30, 0x7f, 0xff, 0xff, 0x10, 0x0, 0x0,
    0x3, 0xef, 0xf9, 0x8, 0xfc, 0x14, 0xff, 0xff,
    0x10, 0x0, 0x0, 0x6f, 0xff, 0x60, 0xbf, 0xff,
    0xe3, 0x2d, 0xff, 0xa0, 0x0, 0x8, 0xff, 0xe4,
    0x2d, 0xff, 0xff, 0xff, 0x51, 0xbf, 0xfc, 0x10,
    0xbf, 0xfd, 0x24, 0xef, 0xff, 0xff, 0xff, 0xf8,
    0x9, 0xff, 0xe2, 0x9f, 0xb0, 0x6f, 0xff, 0xff,
    0xff, 0xff, 0xff, 0xb0, 0x6f, 0xe1, 0x6, 0x5,
    0xff, 0xff, 0xff, 0xff, 0xff, 0xff, 0xfb, 0x3,
    0x20, 0x0, 0x7, 0xff, 0xff, 0xff, 0xff, 0xff,
    0xff, 0xfd, 0x0, 0x0, 0x0, 0x7, 0xff, 0xff,
    0xf5, 0x44, 0xcf, 0xff, 0xfd, 0x0, 0x0, 0x0,
    0x7, 0xff, 0xff, 0xe0, 0x0, 0x8f, 0xff, 0xfd,
    0x0, 0x0, 0x0, 0x7, 0xff, 0xff, 0xe0, 0x0,
    0x8f, 0xff, 0xfd, 0x0, 0x0, 0x0, 0x7, 0xff,
    0xff, 0xe0, 0x0, 0x8f, 0xff, 0xfd, 0x0, 0x0,
    0x0, 0x5, 0xff, 0xff, 0xd0, 0x0, 0x7f, 0xff,
    0xfb, 0x0, 0x0, 0x0, 0x0, 0x0, 0x0, 0x0,
    0x0, 0x0, 0x0, 0x0, 0x0, 0x0,

    /* U+F019 "" */
    0x0, 0x0, 0x0, 0x4, 0x88, 0x84, 0x0, 0x0,
    0x0, 0x0, 0x0, 0x0, 0x0, 0xdf, 0xff, 0xd0,
    0x0, 0x0, 0x0, 0x0, 0x0, 0x0, 0xe, 0xff,
    0xfe, 0x0, 0x0, 0x0, 0x0, 0x0, 0x0, 0x0,
    0xef, 0xff, 0xe0, 0x0, 0x0, 0x0, 0x0, 0x0,
    0x0, 0xe, 0xff, 0xfe, 0x0, 0x0, 0x0, 0x0,
    0x0, 0x0, 0x0, 0xef, 0xff, 0xe0, 0x0, 0x0,
    0x0, 0x0, 0x0, 0x0, 0xe, 0xff, 0xfe, 0x0,
    0x0, 0x0, 0x0, 0x0, 0x36, 0x66, 0xef, 0xff,
    0xe6, 0x66, 0x30, 0x0, 0x0, 0xc, 0xff, 0xff,
    0xff, 0xff, 0xff, 0xfc, 0x0, 0x0, 0x0, 0x1d,
    0xff, 0xff, 0xff, 0xff, 0xfd, 0x10, 0x0, 0x0,
    0x0, 0x1d, 0xff, 0xff, 0xff, 0xfd, 0x10, 0x0,
    0x0, 0x0, 0x0, 0x1d, 0xff, 0xff, 0xfd, 0x10,
    0x0, 0x0, 0x0, 0x0, 0x0, 0x1d, 0xff, 0xfd,
    0x10, 0x0, 0x0, 0x4, 0x77, 0x77, 0x74, 0x1c,
    0xfc, 0x14, 0x77, 0x77, 0x74, 0xff, 0xff, 0xff,
    0xf7, 0x17, 0x17, 0xff, 0xff, 0xff, 0xff, 0xff,
    0xff, 0xff, 0xfb, 0x7b, 0xff, 0xff, 0xff, 0xff,
    0xff, 0xff, 0xff, 0xff, 0xff, 0xff, 0xff, 0xff,
    0xff, 0xff, 0xff, 0xff, 0xff, 0xff, 0xff, 0xff,
    0x1c, 0x66, 0xff, 0xef, 0xff, 0xff, 0xff, 0xff,
    0xff, 0xff, 0xff, 0xff, 0xe0, 0x22, 0x22, 0x22,
    0x22, 0x22, 0x22, 0x22, 0x22, 0x20,

    /* U+F01C "" */
    0x0, 0x0, 0x3, 0x44, 0x44, 0x44, 0x44, 0x43,
    0x0, 0x0, 0x0, 0x0, 0x0, 0xaf, 0xff, 0xff,
    0xff, 0xff, 0xff, 0xe2, 0x0, 0x0, 0x0, 0x6,
    0xff, 0xff, 0xff, 0xff, 0xff, 0xff, 0xfc, 0x0,
    0x0, 0x0, 0x2f, 0xfc, 0x22, 0x22, 0x22, 0x22,
    0x26, 0xff, 0x70, 0x0, 0x0, 0xbf, 0xf2, 0x0,
    0x0, 0x0, 0x0, 0x0, 0xbf, 0xf2, 0x0, 0x6,
    0xff, 0x60, 0x0, 0x0, 0x0, 0x0, 0x0, 0x1f,
    0xfc, 0x0, 0x2f, 0xfc, 0x0, 0x0, 0x0, 0x0,
    0x0, 0x0, 0x6, 0xff, 0x70, 0xbf, 0xf4, 0x22,
    0x20, 0x0, 0x0, 0x0, 0x22, 0x22, 0xcf, 0xf2,
    0xff, 0xff, 0xff, 0xfb, 0x0, 0x0, 0x5, 0xff,
    0xff, 0xff, 0xf5, 0xff, 0xff, 0xff, 0xff, 0x30,
    0x0, 0xd, 0xff, 0xff, 0xff, 0xf6, 0xff, 0xff,
    0xff, 0xff, 0xec, 0xcc, 0xcf, 0xff, 0xff, 0xff,
    0xf6, 0xff, 0xff, 0xff, 0xff, 0xff, 0xff, 0xff,
    0xff, 0xff, 0xff, 0xf6, 0xff, 0xff, 0xff, 0xff,
    0xff, 0xff, 0xff, 0xff, 0xff, 0xff, 0xf6, 0xff,
    0xff, 0xff, 0xff, 0xff, 0xff, 0xff, 0xff, 0xff,
    0xff, 0xf5, 0x6f, 0xff, 0xff, 0xff, 0xff, 0xff,
    0xff, 0xff, 0xff, 0xff, 0xb0,

    /* U+F021 "" */
    0x0, 0x0, 0x0, 0x0, 0x1, 0x0, 0x0, 0x0,
    0x6b, 0xa0, 0x0, 0x0, 0x3a, 0xef, 0xff, 0xd8,
    0x20, 0x9, 0xff, 0x0, 0x1, 0xbf, 0xff, 0xff,
    0xff, 0xff, 0x90, 0x8f, 0xf0, 0x2, 0xef, 0xff,
    0xda, 0x8a, 0xef, 0xff, 0xd9, 0xff, 0x0, 0xdf,
    0xfd, 0x40, 0x0, 0x0, 0x4d, 0xff, 0xff, 0xf0,
    0x9f, 0xfc, 0x10, 0x0, 0x0, 0x0, 0xb, 0xff,
    0xff, 0x1f, 0xfe, 0x10, 0x0, 0x0, 0x4f, 0xff,
    0xef, 0xff, 0xf6, 0xff, 0x60, 0x0, 0x0, 0x5,
    0xff, 0xff, 0xff, 0xff, 0x49, 0x91, 0x0, 0x0,
    0x0, 0x29, 0x99, 0x99, 0x99, 0x80, 0x0, 0x0,
    0x0, 0x0, 0x0, 0x0, 0x0, 0x0, 0x0, 0x0,
    0x0, 0x0, 0x0, 0x0, 0x0, 0x0, 0x0, 0x0,
    0xe, 0xff, 0xff, 0xff, 0xf3, 0x0, 0x0, 0x0,
    0x2f, 0xf6, 0xff, 0xff, 0xff, 0xff, 0x50, 0x0,
    0x0, 0x9, 0xff, 0x4f, 0xff, 0xfa, 0x99, 0xa2,
    0x0, 0x0, 0x3, 0xff, 0xe0, 0xff, 0xff, 0xd2,
    0x0, 0x0, 0x0, 0x2, 0xef, 0xf6, 0xf, 0xff,
    0xff, 0xf7, 0x10, 0x0, 0x7, 0xff, 0xfb, 0x0,
    0xff, 0x9b, 0xff, 0xff, 0xca, 0xbf, 0xff, 0xfc,
    0x0, 0xf, 0xf9, 0x7, 0xff, 0xff, 0xff, 0xff,
    0xf8, 0x0, 0x0, 0xff, 0x90, 0x1, 0x6c, 0xff,
    0xfd, 0x82, 0x0, 0x0, 0x4, 0x52, 0x0, 0x0,
    0x0, 0x0, 0x0, 0x0, 0x0, 0x0,

    /* U+F026 "" */
    0x0, 0x0, 0x0, 0x0, 0x61, 0x0, 0x0, 0x0,
    0xb, 0xf7, 0x0, 0x0, 0x0, 0xbf, 0xf8, 0x0,
    0x0, 0xb, 0xff, 0xf8, 0xbe, 0xee, 0xef, 0xff,
    0xf8, 0xff, 0xff, 0xff, 0xff, 0xf8, 0xff, 0xff,
    0xff, 0xff, 0xf8, 0xff, 0xff, 0xff, 0xff, 0xf8,
    0xff, 0xff, 0xff, 0xff, 0xf8, 0xff, 0xff, 0xff,
    0xff, 0xf8, 0xef, 0xff, 0xff, 0xff, 0xf8, 0x13,
    0x33, 0x4e, 0xff, 0xf8, 0x0, 0x0, 0x2, 0xef,
    0xf8, 0x0, 0x0, 0x0, 0x2e, 0xf7, 0x0, 0x0,
    0x0, 0x2, 0xb3,

    /* U+F027 "" */
    0x0, 0x0, 0x0, 0x0, 0x51, 0x0, 0x0, 0x0,
    0x0, 0x0, 0x0, 0xaf, 0x70, 0x0, 0x0, 0x0,
    0x0, 0x0, 0xaf, 0xf8, 0x0, 0x0, 0x0, 0x0,
    0x0, 0xaf, 0xff, 0x80, 0x0, 0x0, 0xae, 0xee,
    0xef, 0xff, 0xf8, 0x0, 0x0, 0xf, 0xff, 0xff,
    0xff, 0xff, 0x80, 0x9e, 0x20, 0xff, 0xff, 0xff,
    0xff, 0xf8, 0x6, 0xfd, 0xf, 0xff, 0xff, 0xff,
    0xff, 0x80, 0xa, 0xf2, 0xff, 0xff, 0xff, 0xff,
    0xf8, 0x0, 0xbf, 0x2f, 0xff, 0xff, 0xff, 0xff,
    0x80, 0x8f, 0xc0, 0xef, 0xff, 0xff, 0xff, 0xf8,
    0x7, 0xb1, 0x1, 0x44, 0x44, 0xef, 0xff, 0x80,
    0x0, 0x0, 0x0, 0x0, 0x2, 0xef, 0xf8, 0x0,
    0x0, 0x0, 0x0, 0x0, 0x2, 0xef, 0x70, 0x0,
    0x0, 0x0, 0x0, 0x0, 0x2, 0xb3, 0x0, 0x0,
    0x0,

    /* U+F028 "" */
    0x0, 0x0, 0x0, 0x0, 0x0, 0x0, 0x0, 0x0,
    0x0, 0x0, 0x0, 0x0, 0x0, 0x0, 0x0, 0x0,
    0x0, 0x0, 0xb, 0xd1, 0x0, 0x0, 0x0, 0x0,
    0x0, 0x0, 0x61, 0x0, 0x0, 0x8, 0xfe, 0x30,
    0x0, 0x0, 0x0, 0x0, 0xb, 0xf7, 0x0, 0x0,
    0x0, 0x7f, 0xe1, 0x0, 0x0, 0x0, 0x0, 0xbf,
    0xf8, 0x0, 0x8, 0xe3, 0x8, 0xfa, 0x0, 0x0,
    0x0, 0xb, 0xff, 0xf8, 0x0, 0x5, 0xff, 0x30,
    0xcf, 0x30, 0xbe, 0xee, 0xef, 0xff, 0xf8, 0x0,
    0x0, 0x5f, 0xd0, 0x4f, 0xa0, 0xff, 0xff, 0xff,
    0xff, 0xf8, 0x9, 0xe3, 0xa, 0xf5, 0xe, 0xf0,
    0xff, 0xff, 0xff, 0xff, 0xf8, 0x5, 0xfd, 0x2,
    0xfa, 0xa, 0xf2, 0xff, 0xff, 0xff, 0xff, 0xf8,
    0x0, 0xaf, 0x20, 0xfc, 0x9, 0xf3, 0xff, 0xff,
    0xff, 0xff, 0xf8, 0x0, 0xcf, 0x20, 0xfb, 0x9,
    0xf3, 0xff, 0xff, 0xff, 0xff, 0xf8, 0x8, 0xfb,
    0x4, 0xf9, 0xb, 0xf1, 0xef, 0xff, 0xff, 0xff,
    0xf8, 0x7, 0xb1, 0xc, 0xf3, 0xf, 0xe0, 0x13,
    0x33, 0x4e, 0xff, 0xf8, 0x0, 0x0, 0x9f, 0xb0,
    0x6f, 0x90, 0x0, 0x0, 0x2, 0xef, 0xf8, 0x0,
    0x8, 0xfe, 0x10, 0xef, 0x20, 0x0, 0x0, 0x0,
    0x2e, 0xf7, 0x0, 0x6, 0xa1, 0xa, 0xf8, 0x0,
    0x0, 0x0, 0x0, 0x2, 0xb3, 0x0, 0x0, 0x0,
    0xaf, 0xc0, 0x0, 0x0, 0x0, 0x0, 0x0, 0x0,
    0x0, 0x0, 0xb, 0xfc, 0x10, 0x0, 0x0, 0x0,
    0x0, 0x0, 0x0, 0x0, 0x0, 0x8, 0x90, 0x0,
    0x0,

    /* U+F03E "" */
    0x1, 0x22, 0x22, 0x22, 0x22, 0x22, 0x22, 0x22,
    0x21, 0x7, 0xff, 0xff, 0xff, 0xff, 0xff, 0xff,
    0xff, 0xff, 0xf8, 0xff, 0xff, 0xff, 0xff, 0xff,
    0xff, 0xff, 0xff, 0xff, 0xff, 0xfc, 0x10, 0x8f,
    0xff, 0xff, 0xff, 0xff, 0xff, 0xff, 0xff, 0x20,
    0x0, 0xdf, 0xff, 0xff, 0xff, 0xff, 0xff, 0xff,
    0xf3, 0x0, 0xe, 0xff, 0xff, 0xf7, 0x6f, 0xff,
    0xff, 0xff, 0xc2, 0x19, 0xff, 0xff, 0xf7, 0x0,
    0x5f, 0xff, 0xff, 0xff, 0xff, 0xff, 0xff, 0xf7,
    0x0, 0x0, 0x5f, 0xff, 0xff, 0xff, 0xb3, 0xef,
    0xf7, 0x0, 0x0, 0x0, 0x7f, 0xff, 0xff, 0xb0,
    0x2, 0xe7, 0x0, 0x0, 0x0, 0x6, 0xff, 0xff,
    0xb0, 0x0, 0x1, 0x0, 0x0, 0x0, 0x0, 0x6f,
    0xff, 0xf6, 0x0, 0x0, 0x0, 0x0, 0x0, 0x0,
    0x6, 0xff, 0xff, 0x96, 0x66, 0x66, 0x66, 0x66,
    0x66, 0x66, 0x9f, 0xff, 0xff, 0xff, 0xff, 0xff,
    0xff, 0xff, 0xff, 0xff, 0xff, 0x6f, 0xff, 0xff,
    0xff, 0xff, 0xff, 0xff, 0xff, 0xff, 0x60,

    /* U+F043 "" */
    0x0, 0x0, 0x1, 0x82, 0x0, 0x0, 0x0, 0x0,
    0x0, 0xa, 0xfb, 0x0, 0x0, 0x0, 0x0, 0x0,
    0xf, 0xff, 0x10, 0x0, 0x0, 0x0, 0x0, 0x6f,
    0xff, 0x70, 0x0, 0x0, 0x0, 0x0, 0xef, 0xff,
    0xe0, 0x0, 0x0, 0x0, 0x7, 0xff, 0xff, 0xf8,
    0x0, 0x0, 0x0, 0x2f, 0xff, 0xff, 0xff, 0x30,
    0x0, 0x0, 0xcf, 0xff, 0xff, 0xff, 0xd0, 0x0,
    0x8, 0xff, 0xff, 0xff, 0xff, 0xf9, 0x0, 0x2f,
    0xff, 0xff, 0xff, 0xff, 0xff, 0x20, 0x8f, 0xff,
    0xff, 0xff, 0xff, 0xff, 0x90, 0xdf, 0xff, 0xff,
    0xff, 0xff, 0xff, 0xe0, 0xff, 0xab, 0xff, 0xff,
    0xff, 0xff, 0xf0, 0xff, 0x75, 0xff, 0xff, 0xff,
    0xff, 0xf0, 0xcf, 0xb0, 0xdf, 0xff, 0xff, 0xff,
    0xd0, 0x6f, 0xf5, 0x19, 0xdf, 0xff, 0xff, 0x70,
    0xd, 0xff, 0x82, 0xf, 0xff, 0xfd, 0x0, 0x2,
    0xdf, 0xff, 0xff, 0xff, 0xe2, 0x0, 0x0, 0x19,
    0xff, 0xff, 0xfa, 0x10, 0x0, 0x0, 0x0, 0x4,
    0x54, 0x10, 0x0, 0x0,

    /* U+F048 "" */
    0x49, 0x80, 0x0, 0x0, 0x0, 0x56, 0xa, 0xff,
    0x0, 0x0, 0x0, 0x8f, 0xf3, 0xaf, 0xf0, 0x0,
    0x0, 0x9f, 0xff, 0x4a, 0xff, 0x0, 0x0, 0xbf,
    0xff, 0xf4, 0xaf, 0xf0, 0x0, 0xcf, 0xff, 0xff,
    0x4a, 0xff, 0x1, 0xcf, 0xff, 0xff, 0xf4, 0xaf,
    0xf2, 0xdf, 0xff, 0xff, 0xff, 0x4a, 0xff, 0xef,
    0xff, 0xff, 0xff, 0xf4, 0xaf, 0xff, 0xff, 0xff,
    0xff, 0xff, 0x4a, 0xff, 0xff, 0xff, 0xff, 0xff,
    0xf4, 0xaf, 0xf9, 0xff, 0xff, 0xff, 0xff, 0x4a,
    0xff, 0x7, 0xff, 0xff, 0xff, 0xf4, 0xaf, 0xf0,
    0x5, 0xff, 0xff, 0xff, 0x4a, 0xff, 0x0, 0x4,
    0xff, 0xff, 0xf4, 0xaf, 0xf0, 0x0, 0x3, 0xef,
    0xff, 0x4a, 0xff, 0x0, 0x0, 0x2, 0xef, 0xf3,
    0x9f, 0xf0, 0x0, 0x0, 0x2, 0xde, 0x10, 0x0,
    0x0, 0x0, 0x0, 0x0, 0x0,

    /* U+F04B "" */
    0x28, 0x60, 0x0, 0x0, 0x0, 0x0, 0x0, 0x0,
    0xd, 0xff, 0xd4, 0x0, 0x0, 0x0, 0x0, 0x0,
    0x0, 0xff, 0xff, 0xfa, 0x20, 0x0, 0x0, 0x0,
    0x0, 0xf, 0xff, 0xff, 0xff, 0x80, 0x0, 0x0,
    0x0, 0x0, 0xff, 0xff, 0xff, 0xff, 0xe5, 0x0,
    0x0, 0x0, 0xf, 0xff, 0xff, 0xff, 0xff, 0xfb,
    0x20, 0x0, 0x0, 0xff, 0xff, 0xff, 0xff, 0xff,
    0xff, 0x80, 0x0, 0xf, 0xff, 0xff, 0xff, 0xff,
    0xff, 0xff, 0xe5, 0x0, 0xff, 0xff, 0xff, 0xff,
    0xff, 0xff, 0xff, 0xfc, 0x1f, 0xff, 0xff, 0xff,
    0xff, 0xff, 0xff, 0xff, 0xf8, 0xff, 0xff, 0xff,
    0xff, 0xff, 0xff, 0xff, 0xff, 0x7f, 0xff, 0xff,
    0xff, 0xff, 0xff, 0xff, 0xff, 0x80, 0xff, 0xff,
    0xff, 0xff, 0xff, 0xff, 0xfb, 0x20, 0xf, 0xff,
    0xff, 0xff, 0xff, 0xff, 0xd4, 0x0, 0x0, 0xff,
    0xff, 0xff, 0xff, 0xff, 0x70, 0x0, 0x0, 0xf,
    0xff, 0xff, 0xff, 0xfa, 0x10, 0x0, 0x0, 0x0,
    0xff, 0xff, 0xff, 0xd4, 0x0, 0x0, 0x0, 0x0,
    0xf, 0xff, 0xff, 0x70, 0x0, 0x0, 0x0, 0x0,
    0x0, 0xaf, 0xf9, 0x10, 0x0, 0x0, 0x0, 0x0,
    0x0, 0x0, 0x52, 0x0, 0x0, 0x0, 0x0, 0x0,
    0x0, 0x0,

    /* U+F04C "" */
    0x18, 0x99, 0x98, 0x20, 0x0, 0x38, 0x99, 0x97,
    0xc, 0xff, 0xff, 0xfe, 0x0, 0x1f, 0xff, 0xff,
    0xfa, 0xff, 0xff, 0xff, 0xf1, 0x4, 0xff, 0xff,
    0xff, 0xdf, 0xff, 0xff, 0xff, 0x20, 0x4f, 0xff,
    0xff, 0xfd, 0xff, 0xff, 0xff, 0xf2, 0x4, 0xff,
    0xff, 0xff, 0xdf, 0xff, 0xff, 0xff, 0x20, 0x4f,
    0xff, 0xff, 0xfd, 0xff, 0xff, 0xff, 0xf2, 0x4,
    0xff, 0xff, 0xff, 0xdf, 0xff, 0xff, 0xff, 0x20,
    0x4f, 0xff, 0xff, 0xfd, 0xff, 0xff, 0xff, 0xf2,
    0x4, 0xff, 0xff, 0xff, 0xdf, 0xff, 0xff, 0xff,
    0x20, 0x4f, 0xff, 0xff, 0xfd, 0xff, 0xff, 0xff,
    0xf2, 0x4, 0xff, 0xff, 0xff, 0xdf, 0xff, 0xff,
    0xff, 0x20, 0x4f, 0xff, 0xff, 0xfd, 0xff, 0xff,
    0xff, 0xf2, 0x4, 0xff, 0xff, 0xff, 0xdf, 0xff,
    0xff, 0xff, 0x20, 0x4f, 0xff, 0xff, 0xfd, 0xff,
    0xff, 0xff, 0xf2, 0x4, 0xff, 0xff, 0xff, 0xdf,
    0xff, 0xff, 0xff, 0x10, 0x3f, 0xff, 0xff, 0xfc,
    0x6f, 0xff, 0xff, 0x80, 0x0, 0xaf, 0xff, 0xff,
    0x40, 0x0, 0x0, 0x0, 0x0, 0x0, 0x0, 0x0,
    0x0,

    /* U+F04D "" */
    0x18, 0x99, 0x99, 0x99, 0x99, 0x99, 0x99, 0x96,
    0xc, 0xff, 0xff, 0xff, 0xff, 0xff, 0xff, 0xff,
    0xf6, 0xff, 0xff, 0xff, 0xff, 0xff, 0xff, 0xff,
    0xff, 0x9f, 0xff, 0xff, 0xff, 0xff, 0xff, 0xff,
    0xff, 0xfa, 0xff, 0xff, 0xff, 0xff, 0xff, 0xff,
    0xff, 0xff, 0xaf, 0xff, 0xff, 0xff, 0xff, 0xff,
    0xff, 0xff, 0xfa, 0xff, 0xff, 0xff, 0xff, 0xff,
    0xff, 0xff, 0xff, 0xaf, 0xff, 0xff, 0xff, 0xff,
    0xff, 0xff, 0xff, 0xfa, 0xff, 0xff, 0xff, 0xff,
    0xff, 0xff, 0xff, 0xff, 0xaf, 0xff, 0xff, 0xff,
    0xff, 0xff, 0xff, 0xff, 0xfa, 0xff, 0xff, 0xff,
    0xff, 0xff, 0xff, 0xff, 0xff, 0xaf, 0xff, 0xff,
    0xff, 0xff, 0xff, 0xff, 0xff, 0xfa, 0xff, 0xff,
    0xff, 0xff, 0xff, 0xff, 0xff, 0xff, 0xaf, 0xff,
    0xff, 0xff, 0xff, 0xff, 0xff, 0xff, 0xfa, 0xff,
    0xff, 0xff, 0xff, 0xff, 0xff, 0xff, 0xff, 0xaf,
    0xff, 0xff, 0xff, 0xff, 0xff, 0xff, 0xff, 0xf9,
    0x6f, 0xff, 0xff, 0xff, 0xff, 0xff, 0xff, 0xfd,
    0x20, 0x0, 0x0, 0x0, 0x0, 0x0, 0x0, 0x0,
    0x0,

    /* U+F051 "" */
    0x28, 0x10, 0x0, 0x0, 0x4, 0x98, 0xb, 0xfe,
    0x20, 0x0, 0x0, 0x9f, 0xf1, 0xcf, 0xfe, 0x30,
    0x0, 0x9, 0xff, 0x1c, 0xff, 0xff, 0x40, 0x0,
    0x9f, 0xf1, 0xcf, 0xff, 0xff, 0x50, 0x9, 0xff,
    0x1c, 0xff, 0xff, 0xff, 0x60, 0x9f, 0xf1, 0xcf,
    0xff, 0xff, 0xff, 0x79, 0xff, 0x1c, 0xff, 0xff,
    0xff, 0xff, 0xef, 0xf1, 0xcf, 0xff, 0xff, 0xff,
    0xff, 0xff, 0x1c, 0xff, 0xff, 0xff, 0xff, 0xff,
    0xf1, 0xcf, 0xff, 0xff, 0xff, 0xdb, 0xff, 0x1c,
    0xff, 0xff, 0xff, 0xc1, 0x9f, 0xf1, 0xcf, 0xff,
    0xff, 0xb0, 0x9, 0xff, 0x1c, 0xff, 0xff, 0xa0,
    0x0, 0x9f, 0xf1, 0xcf, 0xff, 0x90, 0x0, 0x9,
    0xff, 0x1c, 0xff, 0x80, 0x0, 0x0, 0x9f, 0xf1,
    0x8f, 0x70, 0x0, 0x0, 0x8, 0xff, 0x0, 0x0,
    0x0, 0x0, 0x0, 0x0, 0x0,

    /* U+F052 "" */
    0x0, 0x0, 0x0, 0x0, 0x59, 0x20, 0x0, 0x0,
    0x0, 0x0, 0x0, 0x0, 0x7, 0xff, 0xe2, 0x0,
    0x0, 0x0, 0x0, 0x0, 0x0, 0x6f, 0xff, 0xfe,
    0x20, 0x0, 0x0, 0x0, 0x0, 0x5, 0xff, 0xff,
    0xff, 0xd1, 0x0, 0x0, 0x0, 0x0, 0x4f, 0xff,
    0xff, 0xff, 0xfc, 0x0, 0x0, 0x0, 0x3, 0xff,
    0xff, 0xff, 0xff, 0xff, 0xb0, 0x0, 0x0, 0x2e,
    0xff, 0xff, 0xff, 0xff, 0xff, 0xfa, 0x0, 0x1,
    0xef, 0xff, 0xff, 0xff, 0xff, 0xff, 0xff, 0x90,
    0xc, 0xff, 0xff, 0xff, 0xff, 0xff, 0xff, 0xff,
    0xf6, 0xf, 0xff, 0xff, 0xff, 0xff, 0xff, 0xff,
    0xff, 0xf9, 0x7, 0xff, 0xff, 0xff, 0xff, 0xff,
    0xff, 0xff, 0xe2, 0x0, 0x0, 0x0, 0x0, 0x0,
    0x0, 0x0, 0x0, 0x0, 0x6, 0xbb, 0xbb, 0xbb,
    0xbb, 0xbb, 0xbb, 0xbb, 0xa2, 0xf, 0xff, 0xff,
    0xff, 0xff, 0xff, 0xff, 0xff, 0xf9, 0xf, 0xff,
    0xff, 0xff, 0xff, 0xff, 0xff, 0xff, 0xfa, 0xf,
    0xff, 0xff, 0xff, 0xff, 0xff, 0xff, 0xff, 0xf9,
    0xb, 0xff, 0xff, 0xff, 0xff, 0xff, 0xff, 0xff,
    0xf5, 0x0, 0x0, 0x0, 0x0, 0x0, 0x0, 0x0,
    0x0, 0x0,

    /* U+F053 "" */
    0x0, 0x0, 0x0, 0x0, 0x10, 0x0, 0x0, 0x0,
    0x1d, 0xf4, 0x0, 0x0, 0x1, 0xdf, 0xfc, 0x0,
    0x0, 0x1d, 0xff, 0xf4, 0x0, 0x1, 0xdf, 0xff,
    0x40, 0x0, 0x1d, 0xff, 0xf4, 0x0, 0x1, 0xdf,
    0xff, 0x40, 0x0, 0x1d, 0xff, 0xf4, 0x0, 0x0,
    0xdf, 0xff, 0x40, 0x0, 0x0, 0xaf, 0xff, 0x70,
    0x0, 0x0, 0xa, 0xff, 0xf7, 0x0, 0x0, 0x0,
    0xaf, 0xff, 0x70, 0x0, 0x0, 0xa, 0xff, 0xf7,
    0x0, 0x0, 0x0, 0xaf, 0xff, 0x70, 0x0, 0x0,
    0xa, 0xff, 0xf7, 0x0, 0x0, 0x0, 0xaf, 0xfb,
    0x0, 0x0, 0x0, 0xa, 0xd1,

    /* U+F054 "" */
    0x2, 0x0, 0x0, 0x0, 0x0, 0x5f, 0xc0, 0x0,
    0x0, 0x0, 0xef, 0xfc, 0x0, 0x0, 0x0, 0x5f,
    0xff, 0xc0, 0x0, 0x0, 0x5, 0xff, 0xfc, 0x0,
    0x0, 0x0, 0x5f, 0xff, 0xc0, 0x0, 0x0, 0x5,
    0xff, 0xfc, 0x0, 0x0, 0x0, 0x5f, 0xff, 0xc0,
    0x0, 0x0, 0x6, 0xff, 0xfb, 0x0, 0x0, 0x9,
    0xff, 0xf8, 0x0, 0x0, 0x9f, 0xff, 0x90, 0x0,
    0x9, 0xff, 0xf9, 0x0, 0x0, 0x9f, 0xff, 0x90,
    0x0, 0x9, 0xff, 0xf9, 0x0, 0x0, 0x9f, 0xff,
    0x90, 0x0, 0x0, 0xdf, 0xf9, 0x0, 0x0, 0x0,
    0x2d, 0x80, 0x0, 0x0, 0x0,

    /* U+F067 "" */
    0x0, 0x0, 0x0, 0x6, 0x74, 0x0, 0x0, 0x0,
    0x0, 0x0, 0x0, 0x6, 0xff, 0xf0, 0x0, 0x0,
    0x0, 0x0, 0x0, 0x0, 0x7f, 0xff, 0x10, 0x0,
    0x0, 0x0, 0x0, 0x0, 0x7, 0xff, 0xf1, 0x0,
    0x0, 0x0, 0x0, 0x0, 0x0, 0x7f, 0xff, 0x10,
    0x0, 0x0, 0x0, 0x0, 0x0, 0x7, 0xff, 0xf1,
    0x0, 0x0, 0x0, 0x0, 0x0, 0x0, 0x7f, 0xff,
    0x10, 0x0, 0x0, 0xa, 0xff, 0xff, 0xff, 0xff,
    0xff, 0xff, 0xff, 0xe4, 0xff, 0xff, 0xff, 0xff,
    0xff, 0xff, 0xff, 0xff, 0x9f, 0xff, 0xff, 0xff,
    0xff, 0xff, 0xff, 0xff, 0xf9, 0x59, 0x99, 0x99,
    0xcf, 0xff, 0xa9, 0x99, 0x99, 0x10, 0x0, 0x0,
    0x7, 0xff, 0xf1, 0x0, 0x0, 0x0, 0x0, 0x0,
    0x0, 0x7f, 0xff, 0x10, 0x0, 0x0, 0x0, 0x0,
    0x0, 0x7, 0xff, 0xf1, 0x0, 0x0, 0x0, 0x0,
    0x0, 0x0, 0x7f, 0xff, 0x10, 0x0, 0x0, 0x0,
    0x0, 0x0, 0x7, 0xff, 0xf1, 0x0, 0x0, 0x0,
    0x0, 0x0, 0x0, 0x4f, 0xfd, 0x0, 0x0, 0x0,
    0x0, 0x0, 0x0, 0x0, 0x12, 0x0, 0x0, 0x0,
    0x0,

    /* U+F068 "" */
    0xaf, 0xff, 0xff, 0xff, 0xff, 0xff, 0xff, 0xfe,
    0x4f, 0xff, 0xff, 0xff, 0xff, 0xff, 0xff, 0xff,
    0xf9, 0xff, 0xff, 0xff, 0xff, 0xff, 0xff, 0xff,
    0xff, 0x95, 0x99, 0x99, 0x99, 0x99, 0x99, 0x99,
    0x99, 0x91,

    /* U+F06E "" */
    0x0, 0x0, 0x0, 0x0, 0x0, 0x11, 0x0, 0x0,
    0x0, 0x0, 0x0, 0x0, 0x0, 0x0, 0x5b, 0xef,
    0xff, 0xfc, 0x71, 0x0, 0x0, 0x0, 0x0, 0x0,
    0x5e, 0xff, 0xfc, 0xab, 0xef, 0xff, 0x80, 0x0,
    0x0, 0x0, 0xa, 0xff, 0xfb, 0x20, 0x0, 0x7,
    0xff, 0xfd, 0x20, 0x0, 0x0, 0xbf, 0xff, 0xa0,
    0x1, 0xcb, 0x50, 0x4f, 0xff, 0xe3, 0x0, 0xa,
    0xff, 0xfe, 0x0, 0x0, 0xff, 0xf7, 0x9, 0xff,
    0xfe, 0x10, 0x5f, 0xff, 0xf8, 0x0, 0x4, 0xff,
    0xff, 0x2, 0xff, 0xff, 0xb0, 0xef, 0xff, 0xf6,
    0xb, 0xcf, 0xff, 0xff, 0x30, 0xff, 0xff, 0xf4,
    0xdf, 0xff, 0xf6, 0xc, 0xff, 0xff, 0xff, 0x20,
    0xff, 0xff, 0xf3, 0x3f, 0xff, 0xf9, 0x6, 0xff,
    0xff, 0xfb, 0x3, 0xff, 0xff, 0xa0, 0x8, 0xff,
    0xff, 0x10, 0x7f, 0xff, 0xb1, 0xa, 0xff, 0xfd,
    0x0, 0x0, 0x9f, 0xff, 0xb0, 0x1, 0x32, 0x0,
    0x6f, 0xff, 0xd2, 0x0, 0x0, 0x7, 0xff, 0xfc,
    0x40, 0x0, 0x19, 0xff, 0xfc, 0x10, 0x0, 0x0,
    0x0, 0x3b, 0xff, 0xfe, 0xcd, 0xff, 0xfe, 0x60,
    0x0, 0x0, 0x0, 0x0, 0x0, 0x27, 0xce, 0xff,
    0xda, 0x50, 0x0, 0x0, 0x0,

    /* U+F070 "" */
    0x16, 0x0, 0x0, 0x0, 0x0, 0x0, 0x0, 0x0,
    0x0, 0x0, 0x0, 0x0, 0xbf, 0xc1, 0x0, 0x0,
    0x0, 0x0, 0x0, 0x0, 0x0, 0x0, 0x0, 0x0,
    0xaf, 0xfe, 0x30, 0x0, 0x0, 0x1, 0x10, 0x0,
    0x0, 0x0, 0x0, 0x0, 0x7, 0xff, 0xf7, 0x3,
    0x8c, 0xff, 0xff, 0xd8, 0x20, 0x0, 0x0, 0x0,
    0x0, 0x3e, 0xff, 0xef, 0xff, 0xda, 0xbe, 0xff,
    0xfa, 0x10, 0x0, 0x0, 0x0, 0x1, 0xbf, 0xff,
    0xd3, 0x0, 0x0, 0x5e, 0xff, 0xe4, 0x0, 0x0,
    0x0, 0x0, 0x8, 0xff, 0xf6, 0x9, 0x94, 0x2,
    0xef, 0xff, 0x50, 0x0, 0x0, 0x62, 0x0, 0x4e,
    0xff, 0xac, 0xff, 0x70, 0x6f, 0xff, 0xf3, 0x0,
    0x3, 0xff, 0x40, 0x2, 0xcf, 0xff, 0xff, 0xf2,
    0xf, 0xff, 0xfe, 0x0, 0xb, 0xff, 0xf8, 0x0,
    0x9, 0xff, 0xff, 0xf6, 0xd, 0xff, 0xff, 0x70,
    0xa, 0xff, 0xff, 0x90, 0x0, 0x5f, 0xff, 0xf5,
    0xd, 0xff, 0xff, 0x60, 0x1, 0xff, 0xff, 0xd0,
    0x0, 0x2, 0xdf, 0xfc, 0x3f, 0xff, 0xfc, 0x0,
    0x0, 0x5f, 0xff, 0xf4, 0x0, 0x0, 0xa, 0xff,
    0xff, 0xff, 0xe1, 0x0, 0x0, 0x6, 0xff, 0xfe,
    0x10, 0x0, 0x0, 0x7f, 0xff, 0xfe, 0x30, 0x0,
    0x0, 0x0, 0x5f, 0xff, 0xe5, 0x0, 0x0, 0x3,
    0xef, 0xfc, 0x10, 0x0, 0x0, 0x0, 0x1, 0xaf,
    0xff, 0xfd, 0xd5, 0x0, 0x1b, 0xff, 0xd3, 0x0,
    0x0, 0x0, 0x0, 0x2, 0x7b, 0xef, 0xfd, 0x40,
    0x0, 0x8f, 0xff, 0x60, 0x0, 0x0, 0x0, 0x0,
    0x0, 0x0, 0x0, 0x0, 0x0, 0x4, 0xef, 0xf8,
    0x0, 0x0, 0x0, 0x0, 0x0, 0x0, 0x0, 0x0,
    0x0, 0x0, 0x1c, 0xf6, 0x0, 0x0, 0x0, 0x0,
    0x0, 0x0, 0x0, 0x0, 0x0, 0x0, 0x0, 0x40,

    /* U+F071 "" */
    0x0, 0x0, 0x0, 0x0, 0x0, 0x28, 0x50, 0x0,
    0x0, 0x0, 0x0, 0x0, 0x0, 0x0, 0x0, 0x0,
    0x1e, 0xff, 0x50, 0x0, 0x0, 0x0, 0x0, 0x0,
    0x0, 0x0, 0x0, 0x9, 0xff, 0xfe, 0x0, 0x0,
    0x0, 0x0, 0x0, 0x0, 0x0, 0x0, 0x2, 0xff,
    0xff, 0xf8, 0x0, 0x0, 0x0, 0x0, 0x0, 0x0,
    0x0, 0x0, 0xbf, 0xff, 0xff, 0xf2, 0x0, 0x0,
    0x0, 0x0, 0x0, 0x0, 0x0, 0x4f, 0xff, 0xff,
    0xff, 0xa0, 0x0, 0x0, 0x0, 0x0, 0x0, 0x0,
    0xd, 0xff, 0xff, 0xff, 0xff, 0x40, 0x0, 0x0,
    0x0, 0x0, 0x0, 0x7, 0xff, 0xf1, 0x0, 0xbf,
    0xfd, 0x0, 0x0, 0x0, 0x0, 0x0, 0x1, 0xff,
    0xff, 0x10, 0xb, 0xff, 0xf6, 0x0, 0x0, 0x0,
    0x0, 0x0, 0x9f, 0xff, 0xf2, 0x0, 0xcf, 0xff,
    0xe1, 0x0, 0x0, 0x0, 0x0, 0x3f, 0xff, 0xff,
    0x30, 0xd, 0xff, 0xff, 0x90, 0x0, 0x0, 0x0,
    0xc, 0xff, 0xff, 0xf4, 0x0, 0xef, 0xff, 0xff,
    0x20, 0x0, 0x0, 0x5, 0xff, 0xff, 0xff, 0x60,
    0xf, 0xff, 0xff, 0xfb, 0x0, 0x0, 0x0, 0xef,
    0xff, 0xff, 0xff, 0xbe, 0xff, 0xff, 0xff, 0xf4,
    0x0, 0x0, 0x8f, 0xff, 0xff, 0xff, 0x40, 0xd,
    0xff, 0xff, 0xff, 0xd0, 0x0, 0x1f, 0xff, 0xff,
    0xff, 0xf0, 0x0, 0xaf, 0xff, 0xff, 0xff, 0x70,
    0xa, 0xff, 0xff, 0xff, 0xff, 0x92, 0x5f, 0xff,
    0xff, 0xff, 0xff, 0x10, 0xff, 0xff, 0xff, 0xff,
    0xff, 0xff, 0xff, 0xff, 0xff, 0xff, 0xf5, 0xa,
    0xff, 0xff, 0xff, 0xff, 0xff, 0xff, 0xff, 0xff,
    0xff, 0xfe, 0x10, 0x4, 0x55, 0x55, 0x55, 0x55,
    0x55, 0x55, 0x55, 0x55, 0x55, 0x10,

    /* U+F074 "" */
    0x0, 0x0, 0x0, 0x0, 0x0, 0x0, 0x0, 0x24,
    0x0, 0x0, 0x0, 0x0, 0x0, 0x0, 0x0, 0x0,
    0xb, 0xf6, 0x0, 0x0, 0x0, 0x0, 0x0, 0x0,
    0x0, 0x0, 0xcf, 0xf6, 0xf, 0xff, 0xff, 0x40,
    0x0, 0x0, 0xaf, 0xff, 0xff, 0xf6, 0xff, 0xff,
    0xff, 0x30, 0x0, 0x8f, 0xff, 0xff, 0xff, 0xed,
    0xee, 0xff, 0xff, 0x20, 0x7f, 0xff, 0xef, 0xff,
    0xf5, 0x0, 0x1, 0xdf, 0xd1, 0x6f, 0xff, 0x80,
    0xcf, 0xf5, 0x0, 0x0, 0x1, 0xc2, 0x5f, 0xff,
    0x90, 0xb, 0xf5, 0x0, 0x0, 0x0, 0x0, 0x4f,
    0xff, 0xa0, 0x0, 0x12, 0x0, 0x0, 0x0, 0x0,
    0x3f, 0xff, 0xb0, 0x0, 0x2, 0x40, 0x0, 0x0,
    0x0, 0x2e, 0xff, 0xc0, 0x8b, 0x0, 0xbf, 0x60,
    0x0, 0x0, 0x2e, 0xff, 0xd1, 0x6f, 0xfa, 0xc,
    0xff, 0x60, 0xff, 0xff, 0xff, 0xe1, 0x6, 0xff,
    0xff, 0xff, 0xff, 0x6f, 0xff, 0xff, 0xe2, 0x0,
    0x7, 0xff, 0xff, 0xff, 0xfe, 0xde, 0xee, 0xe3,
    0x0, 0x0, 0x7, 0xee, 0xff, 0xff, 0x50, 0x0,
    0x0, 0x0, 0x0, 0x0, 0x0, 0xc, 0xff, 0x50,
    0x0, 0x0, 0x0, 0x0, 0x0, 0x0, 0x0, 0xbf,
    0x50, 0x0, 0x0, 0x0, 0x0, 0x0, 0x0, 0x0,
    0x1, 0x20, 0x0,

    /* U+F077 "" */
    0x0, 0x0, 0x0, 0x0, 0x0, 0x0, 0x0, 0x0,
    0x0, 0x0, 0x0, 0x0, 0x9f, 0x30, 0x0, 0x0,
    0x0, 0x0, 0x0, 0x0, 0x9f, 0xff, 0x30, 0x0,
    0x0, 0x0, 0x0, 0x0, 0x9f, 0xff, 0xff, 0x30,
    0x0, 0x0, 0x0, 0x0, 0x9f, 0xff, 0xff, 0xff,
    0x30, 0x0, 0x0, 0x0, 0x9f, 0xff, 0x92, 0xdf,
    0xff, 0x30, 0x0, 0x0, 0x9f, 0xff, 0x90, 0x1,
    0xdf, 0xff, 0x30, 0x0, 0x9f, 0xff, 0x90, 0x0,
    0x1, 0xdf, 0xff, 0x30, 0x8f, 0xff, 0x90, 0x0,
    0x0, 0x1, 0xdf, 0xff, 0x29, 0xff, 0x90, 0x0,
    0x0, 0x0, 0x1, 0xdf, 0xf3, 0x9, 0x80, 0x0,
    0x0, 0x0, 0x0, 0x1, 0xb5, 0x0,

    /* U+F078 "" */
    0x0, 0x0, 0x0, 0x0, 0x0, 0x0, 0x0, 0x0,
    0x1, 0xdc, 0x10, 0x0, 0x0, 0x0, 0x0, 0x4f,
    0x80, 0xbf, 0xfc, 0x10, 0x0, 0x0, 0x0, 0x4f,
    0xff, 0x55, 0xff, 0xfc, 0x10, 0x0, 0x0, 0x4f,
    0xff, 0xd1, 0x5, 0xff, 0xfc, 0x10, 0x0, 0x4f,
    0xff, 0xd1, 0x0, 0x5, 0xff, 0xfc, 0x10, 0x4f,
    0xff, 0xd1, 0x0, 0x0, 0x5, 0xff, 0xfc, 0x5f,
    0xff, 0xd1, 0x0, 0x0, 0x0, 0x5, 0xff, 0xff,
    0xff, 0xd1, 0x0, 0x0, 0x0, 0x0, 0x5, 0xff,
    0xff, 0xd1, 0x0, 0x0, 0x0, 0x0, 0x0, 0x5,
    0xff, 0xd1, 0x0, 0x0, 0x0, 0x0, 0x0, 0x0,
    0x5, 0xb1, 0x0, 0x0, 0x0, 0x0,

    /* U+F079 "" */
    0x0, 0x0, 0x10, 0x0, 0x0, 0x0, 0x0, 0x0,
    0x0, 0x0, 0x0, 0x0, 0x0, 0x5, 0xfc, 0x10,
    0x0, 0x1, 0x11, 0x11, 0x11, 0x10, 0x0, 0x0,
    0x0, 0x6f, 0xff, 0xc1, 0x7, 0xff, 0xff, 0xff,
    0xff, 0xff, 0x10, 0x0, 0x6, 0xff, 0xff, 0xfd,
    0x14, 0xff, 0xff, 0xff, 0xff, 0xff, 0x30, 0x0,
    0x6f, 0xff, 0xff, 0xff, 0xd1, 0x35, 0x55, 0x55,
    0x57, 0xff, 0x30, 0x0, 0xcf, 0xc7, 0xff, 0x5f,
    0xf4, 0x0, 0x0, 0x0, 0x3, 0xff, 0x30, 0x0,
    0x27, 0x17, 0xff, 0x4, 0x60, 0x0, 0x0, 0x0,
    0x3, 0xff, 0x30, 0x0, 0x0, 0x7, 0xff, 0x0,
    0x0, 0x0, 0x0, 0x0, 0x3, 0xff, 0x30, 0x0,
    0x0, 0x7, 0xff, 0x0, 0x0, 0x0, 0x0, 0x0,
    0x3, 0xff, 0x30, 0x0, 0x0, 0x7, 0xff, 0x0,
    0x0, 0x0, 0x0, 0x19, 0x43, 0xff, 0x34, 0x91,
    0x0, 0x7, 0xff, 0x0, 0x0, 0x0, 0x0, 0x9f,
    0xf6, 0xff, 0x6f, 0xf9, 0x0, 0x7, 0xff, 0x66,
    0x66, 0x66, 0x62, 0x2e, 0xff, 0xff, 0xff, 0xe2,
    0x0, 0x7, 0xff, 0xff, 0xff, 0xff, 0xff, 0x22,
    0xef, 0xff, 0xfe, 0x20, 0x0, 0x3, 0xef, 0xff,
    0xff, 0xff, 0xfe, 0x30, 0x2e, 0xff, 0xe2, 0x0,
    0x0, 0x0, 0x0, 0x0, 0x0, 0x0, 0x0, 0x0,
    0x1, 0xdd, 0x10, 0x0, 0x0, 0x0, 0x0, 0x0,
    0x0, 0x0, 0x0, 0x0, 0x0, 0x0, 0x0, 0x0,

    /* U+F07B "" */
    0x3, 0x44, 0x44, 0x43, 0x0, 0x0, 0x0, 0x0,
    0x0, 0x9, 0xff, 0xff, 0xff, 0xf7, 0x0, 0x0,
    0x0, 0x0, 0x0, 0xff, 0xff, 0xff, 0xff, 0xf7,
    0x0, 0x0, 0x0, 0x0, 0xf, 0xff, 0xff, 0xff,
    0xff, 0xfe, 0xee, 0xee, 0xee, 0xd4, 0xff, 0xff,
    0xff, 0xff, 0xff, 0xff, 0xff, 0xff, 0xff, 0xef,
    0xff, 0xff, 0xff, 0xff, 0xff, 0xff, 0xff, 0xff,
    0xff, 0xff, 0xff, 0xff, 0xff, 0xff, 0xff, 0xff,
    0xff, 0xff, 0xff, 0xff, 0xff, 0xff, 0xff, 0xff,
    0xff, 0xff, 0xff, 0xff, 0xff, 0xff, 0xff, 0xff,
    0xff, 0xff, 0xff, 0xff, 0xff, 0xff, 0xff, 0xff,
    0xff, 0xff, 0xff, 0xff, 0xff, 0xff, 0xff, 0xff,
    0xff, 0xff, 0xff, 0xff, 0xff, 0xff, 0xff, 0xff,
    0xff, 0xff, 0xff, 0xff, 0xff, 0xff, 0xff, 0xff,
    0xff, 0xff, 0xff, 0xff, 0xff, 0xff, 0xff, 0xff,
    0xff, 0xff, 0xff, 0xff, 0xff, 0xff, 0xff, 0xff,
    0xff, 0xff, 0xff, 0xff, 0xff, 0x6f, 0xff, 0xff,
    0xff, 0xff, 0xff, 0xff, 0xff, 0xff, 0x60,

    /* U+F093 "" */
    0x0, 0x0, 0x0, 0x0, 0x16, 0x0, 0x0, 0x0,
    0x0, 0x0, 0x0, 0x0, 0x0, 0x1c, 0xfb, 0x0,
    0x0, 0x0, 0x0, 0x0, 0x0, 0x0, 0x1c, 0xff,
    0xfb, 0x0, 0x0, 0x0, 0x0, 0x0, 0x0, 0x1c,
    0xff, 0xff, 0xfb, 0x0, 0x0, 0x0, 0x0, 0x0,
    0x1c, 0xff, 0xff, 0xff, 0xfb, 0x0, 0x0, 0x0,
    0x0, 0x1c, 0xff, 0xff, 0xff, 0xff, 0xfb, 0x0,
    0x0, 0x0, 0xb, 0xff, 0xff, 0xff, 0xff, 0xff,
    0xfa, 0x0, 0x0, 0x0, 0x69, 0x99, 0xff, 0xff,
    0xe9, 0x99, 0x50, 0x0, 0x0, 0x0, 0x0, 0xe,
    0xff, 0xfd, 0x0, 0x0, 0x0, 0x0, 0x0, 0x0,
    0x0, 0xef, 0xff, 0xd0, 0x0, 0x0, 0x0, 0x0,
    0x0, 0x0, 0xe, 0xff, 0xfd, 0x0, 0x0, 0x0,
    0x0, 0x0, 0x0, 0x0, 0xef, 0xff, 0xd0, 0x0,
    0x0, 0x0, 0x0, 0x0, 0x0, 0xe, 0xff, 0xfd,
    0x0, 0x0, 0x0, 0x4, 0x77, 0x77, 0x60, 0xef,
    0xff, 0xd0, 0x67, 0x77, 0x74, 0xff, 0xff, 0xff,
    0x25, 0x99, 0x84, 0x2f, 0xff, 0xff, 0xff, 0xff,
    0xff, 0xfe, 0x76, 0x66, 0x7e, 0xff, 0xff, 0xff,
    0xff, 0xff, 0xff, 0xff, 0xff, 0xff, 0xff, 0xff,
    0xff, 0xff, 0xff, 0xff, 0xff, 0xff, 0xff, 0xff,
    0x1c, 0x66, 0xff, 0xef, 0xff, 0xff, 0xff, 0xff,
    0xff, 0xff, 0xff, 0xff, 0xe0, 0x22, 0x22, 0x22,
    0x22, 0x22, 0x22, 0x22, 0x22, 0x20,

    /* U+F095 "" */
    0x0, 0x0, 0x0, 0x0, 0x0, 0x0, 0x0, 0x38,
    0x51, 0x0, 0x0, 0x0, 0x0, 0x0, 0x0, 0x0,
    0x0, 0xdf, 0xff, 0xe8, 0x0, 0x0, 0x0, 0x0,
    0x0, 0x0, 0x4, 0xff, 0xff, 0xff, 0x0, 0x0,
    0x0, 0x0, 0x0, 0x0, 0xa, 0xff, 0xff, 0xfe,
    0x0, 0x0, 0x0, 0x0, 0x0, 0x0, 0x1f, 0xff,
    0xff, 0xfd, 0x0, 0x0, 0x0, 0x0, 0x0, 0x0,
    0x5f, 0xff, 0xff, 0xfa, 0x0, 0x0, 0x0, 0x0,
    0x0, 0x0, 0x9, 0xff, 0xff, 0xf7, 0x0, 0x0,
    0x0, 0x0, 0x0, 0x0, 0x0, 0x6f, 0xff, 0xf2,
    0x0, 0x0, 0x0, 0x0, 0x0, 0x0, 0x0, 0x3f,
    0xff, 0xd0, 0x0, 0x0, 0x0, 0x0, 0x0, 0x0,
    0x0, 0xcf, 0xff, 0x60, 0x0, 0x0, 0x0, 0x0,
    0x0, 0x0, 0x7, 0xff, 0xfd, 0x0, 0x0, 0x0,
    0x0, 0x0, 0x0, 0x0, 0x4f, 0xff, 0xf4, 0x0,
    0x0, 0x1, 0x7d, 0xd1, 0x0, 0x6, 0xff, 0xff,
    0x80, 0x0, 0x2, 0x9f, 0xff, 0xfb, 0x1, 0x9f,
    0xff, 0xfb, 0x0, 0x0, 0xe, 0xff, 0xff, 0xff,
    0xbe, 0xff, 0xff, 0xb0, 0x0, 0x0, 0xc, 0xff,
    0xff, 0xff, 0xff, 0xff, 0xf9, 0x0, 0x0, 0x0,
    0x9, 0xff, 0xff, 0xff, 0xff, 0xfe, 0x60, 0x0,
    0x0, 0x0, 0x5, 0xff, 0xff, 0xff, 0xff, 0x91,
    0x0, 0x0, 0x0, 0x0, 0x1, 0xff, 0xff, 0xfb,
    0x61, 0x0, 0x0, 0x0, 0x0, 0x0, 0x0, 0x45,
    0x42, 0x0, 0x0, 0x0, 0x0, 0x0, 0x0, 0x0,

    /* U+F0C4 "" */
    0x0, 0x46, 0x40, 0x0, 0x0, 0x0, 0x0, 0x0,
    0x0, 0xbf, 0xff, 0xc1, 0x0, 0x0, 0x3, 0xac,
    0x80, 0x9f, 0xff, 0xff, 0xa0, 0x0, 0x4, 0xff,
    0xff, 0x7e, 0xfa, 0x8, 0xff, 0x0, 0x4, 0xff,
    0xff, 0xa0, 0xff, 0x70, 0x5f, 0xf1, 0x4, 0xff,
    0xff, 0xa0, 0xc, 0xfe, 0x9e, 0xff, 0x4, 0xff,
    0xff, 0xa0, 0x0, 0x3f, 0xff, 0xff, 0xfc, 0xff,
    0xff, 0xa0, 0x0, 0x0, 0x3a, 0xdf, 0xff, 0xff,
    0xff, 0xa0, 0x0, 0x0, 0x0, 0x0, 0x4f, 0xff,
    0xff, 0xa0, 0x0, 0x0, 0x0, 0x0, 0x5, 0xff,
    0xff, 0xfd, 0x10, 0x0, 0x0, 0x4, 0xce, 0xff,
    0xff, 0xff, 0xfd, 0x10, 0x0, 0x4, 0xff, 0xff,
    0xff, 0xbe, 0xff, 0xfd, 0x10, 0x0, 0xcf, 0xe7,
    0xdf, 0xf0, 0x2e, 0xff, 0xfd, 0x10, 0xf, 0xf6,
    0x4, 0xff, 0x10, 0x2e, 0xff, 0xfd, 0x10, 0xef,
    0xc3, 0xbf, 0xf0, 0x0, 0x2e, 0xff, 0xfd, 0x17,
    0xff, 0xff, 0xf9, 0x0, 0x0, 0x2e, 0xff, 0xf7,
    0x8, 0xff, 0xf9, 0x0, 0x0, 0x0, 0x17, 0x84,
    0x0, 0x0, 0x21, 0x0, 0x0, 0x0, 0x0, 0x0,
    0x0,

    /* U+F0C5 "" */
    0x0, 0x0, 0x8, 0x99, 0x99, 0x98, 0x7, 0x0,
    0x0, 0x0, 0x3, 0xff, 0xff, 0xff, 0xe0, 0xfb,
    0x0, 0x0, 0x0, 0x3f, 0xff, 0xff, 0xfe, 0xf,
    0xfb, 0x0, 0x11, 0x3, 0xff, 0xff, 0xff, 0xe0,
    0xef, 0xf8, 0xdf, 0xf9, 0x3f, 0xff, 0xff, 0xff,
    0x10, 0x0, 0xf, 0xff, 0x93, 0xff, 0xff, 0xff,
    0xff, 0xff, 0xf9, 0xff, 0xf9, 0x3f, 0xff, 0xff,
    0xff, 0xff, 0xff, 0xaf, 0xff, 0x93, 0xff, 0xff,
    0xff, 0xff, 0xff, 0xfa, 0xff, 0xf9, 0x3f, 0xff,
    0xff, 0xff, 0xff, 0xff, 0xaf, 0xff, 0x93, 0xff,
    0xff, 0xff, 0xff, 0xff, 0xfa, 0xff, 0xf9, 0x3f,
    0xff, 0xff, 0xff, 0xff, 0xff, 0xaf, 0xff, 0x93,
    0xff, 0xff, 0xff, 0xff, 0xff, 0xfa, 0xff, 0xf9,
    0x3f, 0xff, 0xff, 0xff, 0xff, 0xff, 0xaf, 0xff,
    0x93, 0xff, 0xff, 0xff, 0xff, 0xff, 0xfa, 0xff,
    0xf9, 0x3f, 0xff, 0xff, 0xff, 0xff, 0xff, 0x9f,
    0xff, 0xb0, 0xab, 0xbb, 0xbb, 0xbb, 0xbb, 0xb4,
    0xff, 0xff, 0x60, 0x0, 0x0, 0x0, 0x0, 0x0,
    0xf, 0xff, 0xff, 0xff, 0xff, 0xff, 0xe0, 0x0,
    0x0, 0xff, 0xff, 0xff, 0xff, 0xff, 0xfe, 0x0,
    0x0, 0x3, 0x66, 0x66, 0x66, 0x66, 0x66, 0x20,
    0x0, 0x0,

    /* U+F0C7 "" */
    0x5, 0x66, 0x66, 0x66, 0x66, 0x66, 0x30, 0x0,
    0xb, 0xff, 0xff, 0xff, 0xff, 0xff, 0xff, 0x60,
    0x0, 0xff, 0xff, 0xff, 0xff, 0xff, 0xff, 0xff,
    0x60, 0xf, 0xf6, 0x0, 0x0, 0x0, 0x0, 0x2f,
    0xff, 0x60, 0xff, 0x60, 0x0, 0x0, 0x0, 0x1,
    0xff, 0xff, 0x5f, 0xf6, 0x0, 0x0, 0x0, 0x0,
    0x1f, 0xff, 0xfa, 0xff, 0x60, 0x0, 0x0, 0x0,
    0x1, 0xff, 0xff, 0xaf, 0xf9, 0x55, 0x55, 0x55,
    0x55, 0x6f, 0xff, 0xfa, 0xff, 0xff, 0xff, 0xff,
    0xff, 0xff, 0xff, 0xff, 0xaf, 0xff, 0xff, 0xff,
    0xff, 0xff, 0xff, 0xff, 0xfa, 0xff, 0xff, 0xff,
    0xd4, 0x16, 0xff, 0xff, 0xff, 0xaf, 0xff, 0xff,
    0xf2, 0x0, 0x8, 0xff, 0xff, 0xfa, 0xff, 0xff,
    0xff, 0x0, 0x0, 0x5f, 0xff, 0xff, 0xaf, 0xff,
    0xff, 0xf3, 0x0, 0x9, 0xff, 0xff, 0xfa, 0xff,
    0xff, 0xff, 0xe6, 0x38, 0xff, 0xff, 0xff, 0xaf,
    0xff, 0xff, 0xff, 0xff, 0xff, 0xff, 0xff, 0xfa,
    0x8f, 0xff, 0xff, 0xff, 0xff, 0xff, 0xff, 0xff,
    0x40, 0x23, 0x33, 0x33, 0x33, 0x33, 0x33, 0x32,
    0x10,

    /* U+F0C9 "" */
    0x8a, 0xaa, 0xaa, 0xaa, 0xaa, 0xaa, 0xaa, 0xaa,
    0x4f, 0xff, 0xff, 0xff, 0xff, 0xff, 0xff, 0xff,
    0xfa, 0xef, 0xff, 0xff, 0xff, 0xff, 0xff, 0xff,
    0xff, 0x80, 0x0, 0x0, 0x0, 0x0, 0x0, 0x0,
    0x0, 0x0, 0x0, 0x0, 0x0, 0x0, 0x0, 0x0,
    0x0, 0x0, 0x0, 0x0, 0x0, 0x0, 0x0, 0x0,
    0x0, 0x0, 0x0, 0x8a, 0xaa, 0xaa, 0xaa, 0xaa,
    0xaa, 0xaa, 0xaa, 0x4f, 0xff, 0xff, 0xff, 0xff,
    0xff, 0xff, 0xff, 0xfa, 0xef, 0xff, 0xff, 0xff,
    0xff, 0xff, 0xff, 0xff, 0x80, 0x0, 0x0, 0x0,
    0x0, 0x0, 0x0, 0x0, 0x0, 0x0, 0x0, 0x0,
    0x0, 0x0, 0x0, 0x0, 0x0, 0x0, 0x0, 0x0,
    0x0, 0x0, 0x0, 0x0, 0x0, 0x0, 0x8a, 0xaa,
    0xaa, 0xaa, 0xaa, 0xaa, 0xaa, 0xaa, 0x4f, 0xff,
    0xff, 0xff, 0xff, 0xff, 0xff, 0xff, 0xfa, 0xef,
    0xff, 0xff, 0xff, 0xff, 0xff, 0xff, 0xff, 0x80,
    0x0, 0x0, 0x0, 0x0, 0x0, 0x0, 0x0, 0x0,

    /* U+F0E0 "" */
    0x6, 0x77, 0x77, 0x77, 0x77, 0x77, 0x77, 0x77,
    0x76, 0xb, 0xff, 0xff, 0xff, 0xff, 0xff, 0xff,
    0xff, 0xff, 0xfb, 0xff, 0xff, 0xff, 0xff, 0xff,
    0xff, 0xff, 0xff, 0xff, 0xfc, 0xff, 0xff, 0xff,
    0xff, 0xff, 0xff, 0xff, 0xff, 0xfc, 0x9, 0xff,
    0xff, 0xff, 0xff, 0xff, 0xff, 0xff, 0xf9, 0x9,
    0x5, 0xff, 0xff, 0xff, 0xff, 0xff, 0xff, 0xf5,
    0x6, 0xfd, 0x22, 0xdf, 0xff, 0xff, 0xff, 0xff,
    0xd2, 0x1a, 0xff, 0xff, 0x50, 0x9f, 0xff, 0xff,
    0xff, 0x90, 0x3e, 0xff, 0xff, 0xff, 0x90, 0x5e,
    0xff, 0xfe, 0x50, 0x7f, 0xff, 0xff, 0xff, 0xff,
    0xd2, 0x1b, 0xfa, 0x11, 0xcf, 0xff, 0xff, 0xff,
    0xff, 0xff, 0xe5, 0x0, 0x4, 0xef, 0xff, 0xff,
    0xff, 0xff, 0xff, 0xff, 0xfc, 0x9c, 0xff, 0xff,
    0xff, 0xff, 0xff, 0xff, 0xff, 0xff, 0xff, 0xff,
    0xff, 0xff, 0xff, 0xfe, 0xff, 0xff, 0xff, 0xff,
    0xff, 0xff, 0xff, 0xff, 0xff, 0x6f, 0xff, 0xff,
    0xff, 0xff, 0xff, 0xff, 0xff, 0xff, 0x60,

    /* U+F0E7 "" */
    0x0, 0x5a, 0xaa, 0xaa, 0x90, 0x0, 0x0, 0x0,
    0xdf, 0xff, 0xff, 0xf3, 0x0, 0x0, 0x0, 0xff,
    0xff, 0xff, 0xe0, 0x0, 0x0, 0x2, 0xff, 0xff,
    0xff, 0x90, 0x0, 0x0, 0x4, 0xff, 0xff, 0xff,
    0x40, 0x0, 0x0, 0x6, 0xff, 0xff, 0xff, 0x0,
    0x0, 0x0, 0x8, 0xff, 0xff, 0xfe, 0xbb, 0xbb,
    0x60, 0xa, 0xff, 0xff, 0xff, 0xff, 0xff, 0xc0,
    0xc, 0xff, 0xff, 0xff, 0xff, 0xff, 0x40, 0xe,
    0xff, 0xff, 0xff, 0xff, 0xfa, 0x0, 0xd, 0xff,
    0xff, 0xff, 0xff, 0xf2, 0x0, 0x0, 0x0, 0x0,
    0xcf, 0xff, 0x80, 0x0, 0x0, 0x0, 0x0, 0xff,
    0xfe, 0x0, 0x0, 0x0, 0x0, 0x4, 0xff, 0xf5,
    0x0, 0x0, 0x0, 0x0, 0x8, 0xff, 0xc0, 0x0,
    0x0, 0x0, 0x0, 0xc, 0xff, 0x30, 0x0, 0x0,
    0x0, 0x0, 0xf, 0xfa, 0x0, 0x0, 0x0, 0x0,
    0x0, 0x3f, 0xf1, 0x0, 0x0, 0x0, 0x0, 0x0,
    0x6f, 0x70, 0x0, 0x0, 0x0, 0x0, 0x0, 0x4,
    0x0, 0x0, 0x0, 0x0,

    /* U+F0EA "" */
    0x0, 0x0, 0x28, 0x81, 0x0, 0x0, 0x0, 0x0,
    0x4, 0x77, 0x7e, 0xff, 0xd7, 0x76, 0x30, 0x0,
    0x0, 0xff, 0xff, 0xf2, 0x4f, 0xff, 0xfd, 0x0,
    0x0, 0xf, 0xff, 0xff, 0x9a, 0xff, 0xff, 0xe0,
    0x0, 0x0, 0xff, 0xff, 0xff, 0xff, 0xff, 0xfe,
    0x0, 0x0, 0xf, 0xff, 0xff, 0xa3, 0x22, 0x22,
    0x10, 0x0, 0x0, 0xff, 0xff, 0xe0, 0x79, 0x99,
    0x98, 0x7, 0x0, 0xf, 0xff, 0xfc, 0xf, 0xff,
    0xff, 0xe0, 0xfb, 0x0, 0xff, 0xff, 0xc1, 0xff,
    0xff, 0xfe, 0xf, 0xfb, 0xf, 0xff, 0xfc, 0x1f,
    0xff, 0xff, 0xe0, 0xef, 0xf8, 0xff, 0xff, 0xc1,
    0xff, 0xff, 0xff, 0x10, 0x0, 0xf, 0xff, 0xfc,
    0x1f, 0xff, 0xff, 0xff, 0xff, 0xf9, 0xff, 0xff,
    0xc1, 0xff, 0xff, 0xff, 0xff, 0xff, 0xaf, 0xff,
    0xfc, 0x1f, 0xff, 0xff, 0xff, 0xff, 0xfa, 0xff,
    0xff, 0xc1, 0xff, 0xff, 0xff, 0xff, 0xff, 0xa9,
    0xcc, 0xc9, 0x1f, 0xff, 0xff, 0xff, 0xff, 0xfa,
    0x0, 0x0, 0x1, 0xff, 0xff, 0xff, 0xff, 0xff,
    0xa0, 0x0, 0x0, 0x1f, 0xff, 0xff, 0xff, 0xff,
    0xfa, 0x0, 0x0, 0x0, 0xff, 0xff, 0xff, 0xff,
    0xff, 0x90, 0x0, 0x0, 0x3, 0x55, 0x55, 0x55,
    0x55, 0x51,

    /* U+F0F3 "" */
    0x0, 0x0, 0x0, 0x2, 0x60, 0x0, 0x0, 0x0,
    0x0, 0x0, 0x0, 0x0, 0xcf, 0x60, 0x0, 0x0,
    0x0, 0x0, 0x0, 0x0, 0x5e, 0xfb, 0x30, 0x0,
    0x0, 0x0, 0x0, 0x4, 0xef, 0xff, 0xff, 0xb1,
    0x0, 0x0, 0x0, 0x4, 0xff, 0xff, 0xff, 0xff,
    0xd0, 0x0, 0x0, 0x0, 0xef, 0xff, 0xff, 0xff,
    0xff, 0x80, 0x0, 0x0, 0x5f, 0xff, 0xff, 0xff,
    0xff, 0xfe, 0x0, 0x0, 0x9, 0xff, 0xff, 0xff,
    0xff, 0xff, 0xf2, 0x0, 0x0, 0xaf, 0xff, 0xff,
    0xff, 0xff, 0xff, 0x40, 0x0, 0xb, 0xff, 0xff,
    0xff, 0xff, 0xff, 0xf5, 0x0, 0x0, 0xef, 0xff,
    0xff, 0xff, 0xff, 0xff, 0x70, 0x0, 0x2f, 0xff,
    0xff, 0xff, 0xff, 0xff, 0xfc, 0x0, 0x8, 0xff,
    0xff, 0xff, 0xff, 0xff, 0xff, 0xf2, 0x4, 0xff,
    0xff, 0xff, 0xff, 0xff, 0xff, 0xff, 0xd1, 0xef,
    0xff, 0xff, 0xff, 0xff, 0xff, 0xff, 0xff, 0x89,
    0xff, 0xff, 0xff, 0xff, 0xff, 0xff, 0xff, 0xe4,
    0x0, 0x0, 0x0, 0x0, 0x0, 0x0, 0x0, 0x0,
    0x0, 0x0, 0x0, 0xf, 0xff, 0xf9, 0x0, 0x0,
    0x0, 0x0, 0x0, 0x0, 0x7f, 0xfe, 0x20, 0x0,
    0x0, 0x0, 0x0, 0x0, 0x0, 0x25, 0x10, 0x0,
    0x0, 0x0,

    /* U+F11C "" */
    0x3, 0x44, 0x44, 0x44, 0x44, 0x44, 0x44, 0x44,
    0x44, 0x43, 0x0, 0x9f, 0xff, 0xff, 0xff, 0xff,
    0xff, 0xff, 0xff, 0xff, 0xff, 0xe1, 0xff, 0xff,
    0xff, 0xff, 0xff, 0xff, 0xff, 0xff, 0xff, 0xff,
    0xf5, 0xff, 0x82, 0x6f, 0x22, 0xf6, 0x24, 0xf3,
    0x27, 0xe2, 0x2f, 0xf6, 0xff, 0x60, 0x4f, 0x0,
    0xe4, 0x2, 0xf1, 0x5, 0xd0, 0xf, 0xf6, 0xff,
    0x94, 0x8f, 0x44, 0xf8, 0x46, 0xf6, 0x49, 0xe4,
    0x5f, 0xf6, 0xff, 0xff, 0xfe, 0xff, 0xef, 0xff,
    0xef, 0xfe, 0xef, 0xff, 0xf6, 0xff, 0xff, 0x20,
    0x89, 0x1, 0xf4, 0x4, 0xf0, 0xc, 0xff, 0xf6,
    0xff, 0xff, 0x20, 0x89, 0x1, 0xf4, 0x4, 0xf0,
    0xc, 0xff, 0xf6, 0xff, 0xff, 0xff, 0xff, 0xff,
    0xff, 0xff, 0xff, 0xff, 0xff, 0xf6, 0xff, 0x93,
    0x7f, 0x43, 0x33, 0x33, 0x33, 0x38, 0xe3, 0x4f,
    0xf6, 0xff, 0x60, 0x4f, 0x0, 0x0, 0x0, 0x0,
    0x5, 0xd0, 0xf, 0xf6, 0xff, 0xa6, 0x9f, 0x66,
    0x66, 0x66, 0x66, 0x6a, 0xe6, 0x6f, 0xf6, 0xff,
    0xff, 0xff, 0xff, 0xff, 0xff, 0xff, 0xff, 0xff,
    0xff, 0xf5, 0x6f, 0xff, 0xff, 0xff, 0xff, 0xff,
    0xff, 0xff, 0xff, 0xff, 0xb0,

    /* U+F124 "" */
    0x0, 0x0, 0x0, 0x0, 0x0, 0x0, 0x0, 0x0,
    0x17, 0x81, 0x0, 0x0, 0x0, 0x0, 0x0, 0x0,
    0x0, 0x1, 0x8f, 0xff, 0xc0, 0x0, 0x0, 0x0,
    0x0, 0x0, 0x0, 0x2a, 0xff, 0xff, 0xfe, 0x0,
    0x0, 0x0, 0x0, 0x0, 0x4, 0xbf, 0xff, 0xff,
    0xff, 0x90, 0x0, 0x0, 0x0, 0x0, 0x5c, 0xff,
    0xff, 0xff, 0xff, 0xf1, 0x0, 0x0, 0x0, 0x6,
    0xdf, 0xff, 0xff, 0xff, 0xff, 0xfa, 0x0, 0x0,
    0x1, 0x8e, 0xff, 0xff, 0xff, 0xff, 0xff, 0xff,
    0x30, 0x0, 0x19, 0xff, 0xff, 0xff, 0xff, 0xff,
    0xff, 0xff, 0xb0, 0x0, 0xc, 0xff, 0xff, 0xff,
    0xff, 0xff, 0xff, 0xff, 0xf4, 0x0, 0x0, 0xff,
    0xff, 0xff, 0xff, 0xff, 0xff, 0xff, 0xfc, 0x0,
    0x0, 0x7, 0xff, 0xff, 0xff, 0xff, 0xff, 0xff,
    0xff, 0x50, 0x0, 0x0, 0x0, 0x11, 0x11, 0x11,
    0xbf, 0xff, 0xff, 0xd0, 0x0, 0x0, 0x0, 0x0,
    0x0, 0x0, 0xb, 0xff, 0xff, 0xf6, 0x0, 0x0,
    0x0, 0x0, 0x0, 0x0, 0x0, 0xbf, 0xff, 0xfe,
    0x0, 0x0, 0x0, 0x0, 0x0, 0x0, 0x0, 0xb,
    0xff, 0xff, 0x80, 0x0, 0x0, 0x0, 0x0, 0x0,
    0x0, 0x0, 0xbf, 0xff, 0xf1, 0x0, 0x0, 0x0,
    0x0, 0x0, 0x0, 0x0, 0xb, 0xff, 0xf9, 0x0,
    0x0, 0x0, 0x0, 0x0, 0x0, 0x0, 0x0, 0xaf,
    0xff, 0x20, 0x0, 0x0, 0x0, 0x0, 0x0, 0x0,
    0x0, 0x6, 0xff, 0x90, 0x0, 0x0, 0x0, 0x0,
    0x0, 0x0, 0x0, 0x0, 0x3, 0x40, 0x0, 0x0,
    0x0, 0x0,

    /* U+F15B "" */
    0xad, 0xdd, 0xdd, 0xdd, 0x48, 0x40, 0x0, 0xf,
    0xff, 0xff, 0xff, 0xf5, 0xaf, 0x40, 0x0, 0xff,
    0xff, 0xff, 0xff, 0x5a, 0xff, 0x40, 0xf, 0xff,
    0xff, 0xff, 0xf5, 0xaf, 0xff, 0x40, 0xff, 0xff,
    0xff, 0xff, 0x59, 0xee, 0xed, 0xf, 0xff, 0xff,
    0xff, 0xf7, 0x0, 0x0, 0x0, 0xff, 0xff, 0xff,
    0xff, 0xfe, 0xee, 0xee, 0x1f, 0xff, 0xff, 0xff,
    0xff, 0xff, 0xff, 0xf1, 0xff, 0xff, 0xff, 0xff,
    0xff, 0xff, 0xff, 0x1f, 0xff, 0xff, 0xff, 0xff,
    0xff, 0xff, 0xf1, 0xff, 0xff, 0xff, 0xff, 0xff,
    0xff, 0xff, 0x1f, 0xff, 0xff, 0xff, 0xff, 0xff,
    0xff, 0xf1, 0xff, 0xff, 0xff, 0xff, 0xff, 0xff,
    0xff, 0x1f, 0xff, 0xff, 0xff, 0xff, 0xff, 0xff,
    0xf1, 0xff, 0xff, 0xff, 0xff, 0xff, 0xff, 0xff,
    0x1f, 0xff, 0xff, 0xff, 0xff, 0xff, 0xff, 0xf1,
    0xff, 0xff, 0xff, 0xff, 0xff, 0xff, 0xff, 0x1f,
    0xff, 0xff, 0xff, 0xff, 0xff, 0xff, 0xf1, 0xef,
    0xff, 0xff, 0xff, 0xff, 0xff, 0xff, 0x0, 0x22,
    0x22, 0x22, 0x22, 0x22, 0x22, 0x0,

    /* U+F1EB "" */
    0x0, 0x0, 0x0, 0x0, 0x0, 0x0, 0x0, 0x0,
    0x0, 0x0, 0x0, 0x0, 0x0, 0x0, 0x0, 0x1,
    0x58, 0x9a, 0xa9, 0x74, 0x0, 0x0, 0x0, 0x0,
    0x0, 0x0, 0x7, 0xcf, 0xff, 0xff, 0xff, 0xff,
    0xfb, 0x50, 0x0, 0x0, 0x0, 0x7, 0xff, 0xff,
    0xff, 0xff, 0xff, 0xff, 0xff, 0xfd, 0x50, 0x0,
    0x3, 0xdf, 0xff, 0xff, 0xb8, 0x65, 0x57, 0x9d,
    0xff, 0xff, 0xfb, 0x10, 0x5f, 0xff, 0xfd, 0x50,
    0x0, 0x0, 0x0, 0x0, 0x17, 0xef, 0xff, 0xe2,
    0xdf, 0xff, 0x50, 0x0, 0x0, 0x0, 0x0, 0x0,
    0x0, 0x8, 0xff, 0xf9, 0x2e, 0xc2, 0x0, 0x0,
    0x37, 0x9a, 0xa9, 0x62, 0x0, 0x0, 0x4e, 0xc0,
    0x1, 0x0, 0x0, 0x5d, 0xff, 0xff, 0xff, 0xff,
    0xb3, 0x0, 0x1, 0x0, 0x0, 0x0, 0x1b, 0xff,
    0xff, 0xff, 0xff, 0xff, 0xff, 0x90, 0x0, 0x0,
    0x0, 0x0, 0xbf, 0xff, 0xe9, 0x64, 0x46, 0xaf,
    0xff, 0xf7, 0x0, 0x0, 0x0, 0x0, 0x3e, 0xf7,
    0x0, 0x0, 0x0, 0x1, 0xaf, 0xd1, 0x0, 0x0,
    0x0, 0x0, 0x2, 0x30, 0x0, 0x0, 0x0, 0x0,
    0x4, 0x10, 0x0, 0x0, 0x0, 0x0, 0x0, 0x0,
    0x0, 0x28, 0x71, 0x0, 0x0, 0x0, 0x0, 0x0,
    0x0, 0x0, 0x0, 0x0, 0x2, 0xff, 0xfd, 0x0,
    0x0, 0x0, 0x0, 0x0, 0x0, 0x0, 0x0, 0x0,
    0x7, 0xff, 0xff, 0x30, 0x0, 0x0, 0x0, 0x0,
    0x0, 0x0, 0x0, 0x0, 0x5, 0xff, 0xff, 0x10,
    0x0, 0x0, 0x0, 0x0, 0x0, 0x0, 0x0, 0x0,
    0x0, 0xaf, 0xf6, 0x0, 0x0, 0x0, 0x0, 0x0,
    0x0, 0x0, 0x0, 0x0, 0x0, 0x1, 0x0, 0x0,
    0x0, 0x0, 0x0, 0x0,

    /* U+F240 "" */
    0x3, 0x44, 0x44, 0x44, 0x44, 0x44, 0x44, 0x44,
    0x44, 0x44, 0x41, 0x0, 0x9f, 0xff, 0xff, 0xff,
    0xff, 0xff, 0xff, 0xff, 0xff, 0xff, 0xff, 0x30,
    0xff, 0xff, 0xff, 0xff, 0xff, 0xff, 0xff, 0xff,
    0xff, 0xff, 0xff, 0x80, 0xff, 0x71, 0x11, 0x11,
    0x11, 0x11, 0x11, 0x11, 0x11, 0x11, 0xaf, 0xf9,
    0xff, 0x64, 0xbb, 0xbb, 0xbb, 0xbb, 0xbb, 0xbb,
    0xbb, 0xb0, 0xaf, 0xfe, 0xff, 0x67, 0xff, 0xff,
    0xff, 0xff, 0xff, 0xff, 0xff, 0xf0, 0x7d, 0xfe,
    0xff, 0x67, 0xff, 0xff, 0xff, 0xff, 0xff, 0xff,
    0xff, 0xf0, 0x7, 0xfe, 0xff, 0x67, 0xff, 0xff,
    0xff, 0xff, 0xff, 0xff, 0xff, 0xf0, 0x7, 0xfe,
    0xff, 0x67, 0xff, 0xff, 0xff, 0xff, 0xff, 0xff,
    0xff, 0xf0, 0x8e, 0xfe, 0xff, 0x60, 0x0, 0x0,
    0x0, 0x0, 0x0, 0x0, 0x0, 0x0, 0xaf, 0xfe,
    0xff, 0xa6, 0x66, 0x66, 0x66, 0x66, 0x66, 0x66,
    0x66, 0x66, 0xcf, 0xd5, 0xef, 0xff, 0xff, 0xff,
    0xff, 0xff, 0xff, 0xff, 0xff, 0xff, 0xff, 0x70,
    0x5e, 0xff, 0xff, 0xff, 0xff, 0xff, 0xff, 0xff,
    0xff, 0xff, 0xfc, 0x10,

    /* U+F241 "" */
    0x3, 0x44, 0x44, 0x44, 0x44, 0x44, 0x44, 0x44,
    0x44, 0x44, 0x41, 0x0, 0x9f, 0xff, 0xff, 0xff,
    0xff, 0xff, 0xff, 0xff, 0xff, 0xff, 0xff, 0x30,
    0xff, 0xff, 0xff, 0xff, 0xff, 0xff, 0xff, 0xff,
    0xff, 0xff, 0xff, 0x80, 0xff, 0x71, 0x11, 0x11,
    0x11, 0x11, 0x11, 0x11, 0x11, 0x11, 0xaf, 0xf9,
    0xff, 0x62, 0xbb, 0xbb, 0xbb, 0xbb, 0xbb, 0xb7,
    0x0, 0x0, 0xaf, 0xfe, 0xff, 0x63, 0xff, 0xff,
    0xff, 0xff, 0xff, 0xfa, 0x0, 0x0, 0x7d, 0xfe,
    0xff, 0x63, 0xff, 0xff, 0xff, 0xff, 0xff, 0xfa,
    0x0, 0x0, 0x7, 0xfe, 0xff, 0x63, 0xff, 0xff,
    0xff, 0xff, 0xff, 0xfa, 0x0, 0x0, 0x7, 0xfe,
    0xff, 0x63, 0xff, 0xff, 0xff, 0xff, 0xff, 0xfa,
    0x0, 0x0, 0x8e, 0xfe, 0xff, 0x60, 0x0, 0x0,
    0x0, 0x0, 0x0, 0x0, 0x0, 0x0, 0xaf, 0xfe,
    0xff, 0xa6, 0x66, 0x66, 0x66, 0x66, 0x66, 0x66,
    0x66, 0x66, 0xcf, 0xd5, 0xef, 0xff, 0xff, 0xff,
    0xff, 0xff, 0xff, 0xff, 0xff, 0xff, 0xff, 0x70,
    0x5e, 0xff, 0xff, 0xff, 0xff, 0xff, 0xff, 0xff,
    0xff, 0xff, 0xfc, 0x10,

    /* U+F242 "" */
    0x3, 0x44, 0x44, 0x44, 0x44, 0x44, 0x44, 0x44,
    0x44, 0x44, 0x41, 0x0, 0x9f, 0xff, 0xff, 0xff,
    0xff, 0xff, 0xff, 0xff, 0xff, 0xff, 0xff, 0x30,
    0xff, 0xff, 0xff, 0xff, 0xff, 0xff, 0xff, 0xff,
    0xff, 0xff, 0xff, 0x80, 0xff, 0x71, 0x11, 0x11,
    0x11, 0x11, 0x11, 0x11, 0x11, 0x11, 0xaf, 0xf9,
    0xff, 0x64, 0xbb, 0xbb, 0xbb, 0xba, 0x0, 0x0,
    0x0, 0x0, 0xaf, 0xfe, 0xff, 0x66, 0xff, 0xff,
    0xff, 0xfe, 0x0, 0x0, 0x0, 0x0, 0x7d, 0xfe,
    0xff, 0x66, 0xff, 0xff, 0xff, 0xfe, 0x0, 0x0,
    0x0, 0x0, 0x7, 0xfe, 0xff, 0x66, 0xff, 0xff,
    0xff, 0xfe, 0x0, 0x0, 0x0, 0x0, 0x7, 0xfe,
    0xff, 0x66, 0xff, 0xff, 0xff, 0xfe, 0x0, 0x0,
    0x0, 0x0, 0x8e, 0xfe, 0xff, 0x60, 0x0, 0x0,
    0x0, 0x0, 0x0, 0x0, 0x0, 0x0, 0xaf, 0xfe,
    0xff, 0xa6, 0x66, 0x66, 0x66, 0x66, 0x66, 0x66,
    0x66, 0x66, 0xcf, 0xd5, 0xef, 0xff, 0xff, 0xff,
    0xff, 0xff, 0xff, 0xff, 0xff, 0xff, 0xff, 0x70,
    0x5e, 0xff, 0xff, 0xff, 0xff, 0xff, 0xff, 0xff,
    0xff, 0xff, 0xfc, 0x10,

    /* U+F243 "" */
    0x3, 0x44, 0x44, 0x44, 0x44, 0x44, 0x44, 0x44,
    0x44, 0x44, 0x41, 0x0, 0x9f, 0xff, 0xff, 0xff,
    0xff, 0xff, 0xff, 0xff, 0xff, 0xff, 0xff, 0x30,
    0xff, 0xff, 0xff, 0xff, 0xff, 0xff, 0xff, 0xff,
    0xff, 0xff, 0xff, 0x80, 0xff, 0x71, 0x11, 0x11,
    0x11, 0x11, 0x11, 0x11, 0x11, 0x11, 0xaf, 0xf9,
    0xff, 0x67, 0xbb, 0xbb, 0x10, 0x0, 0x0, 0x0,
    0x0, 0x0, 0xaf, 0xfe, 0xff, 0x6a, 0xff, 0xff,
    0x10, 0x0, 0x0, 0x0, 0x0, 0x0, 0x7d, 0xfe,
    0xff, 0x6a, 0xff, 0xff, 0x10, 0x0, 0x0, 0x0,
    0x0, 0x0, 0x7, 0xfe, 0xff, 0x6a, 0xff, 0xff,
    0x10, 0x0, 0x0, 0x0, 0x0, 0x0, 0x7, 0xfe,
    0xff, 0x6a, 0xff, 0xff, 0x10, 0x0, 0x0, 0x0,
    0x0, 0x0, 0x8e, 0xfe, 0xff, 0x60, 0x0, 0x0,
    0x0, 0x0, 0x0, 0x0, 0x0, 0x0, 0xaf, 0xfe,
    0xff, 0xa6, 0x66, 0x66, 0x66, 0x66, 0x66, 0x66,
    0x66, 0x66, 0xcf, 0xd5, 0xef, 0xff, 0xff, 0xff,
    0xff, 0xff, 0xff, 0xff, 0xff, 0xff, 0xff, 0x70,
    0x5e, 0xff, 0xff, 0xff, 0xff, 0xff, 0xff, 0xff,
    0xff, 0xff, 0xfc, 0x10,

    /* U+F244 "" */
    0x0, 0x11, 0x11, 0x11, 0x11, 0x11, 0x11, 0x11,
    0x11, 0x11, 0x0, 0x0, 0x6f, 0xff, 0xff, 0xff,
    0xff, 0xff, 0xff, 0xff, 0xff, 0xff, 0xfd, 0x20,
    0xff, 0xff, 0xff, 0xff, 0xff, 0xff, 0xff, 0xff,
    0xff, 0xff, 0xff, 0x80, 0xff, 0x95, 0x55, 0x55,
    0x55, 0x55, 0x55, 0x55, 0x55, 0x55, 0xcf, 0xd6,
    0xff, 0x60, 0x0, 0x0, 0x0, 0x0, 0x0, 0x0,
    0x0, 0x0, 0xaf, 0xfe, 0xff, 0x60, 0x0, 0x0,
    0x0, 0x0, 0x0, 0x0, 0x0, 0x0, 0x7d, 0xfe,
    0xff, 0x60, 0x0, 0x0, 0x0, 0x0, 0x0, 0x0,
    0x0, 0x0, 0x7, 0xfe, 0xff, 0x60, 0x0, 0x0,
    0x0, 0x0, 0x0, 0x0, 0x0, 0x0, 0x7, 0xfe,
    0xff, 0x60, 0x0, 0x0, 0x0, 0x0, 0x0, 0x0,
    0x0, 0x0, 0x8e, 0xfe, 0xff, 0x60, 0x0, 0x0,
    0x0, 0x0, 0x0, 0x0, 0x0, 0x0, 0xaf, 0xfe,
    0xff, 0xa6, 0x66, 0x66, 0x66, 0x66, 0x66, 0x66,
    0x66, 0x66, 0xcf, 0xd5, 0xef, 0xff, 0xff, 0xff,
    0xff, 0xff, 0xff, 0xff, 0xff, 0xff, 0xff, 0x70,
    0x5e, 0xff, 0xff, 0xff, 0xff, 0xff, 0xff, 0xff,
    0xff, 0xff, 0xfc, 0x10,

    /* U+F287 "" */
    0x0, 0x0, 0x0, 0x0, 0x0, 0x0, 0x1, 0x0,
    0x0, 0x0, 0x0, 0x0, 0x0, 0x0, 0x0, 0x0,
    0x0, 0x0, 0x8f, 0xf4, 0x0, 0x0, 0x0, 0x0,
    0x0, 0x0, 0x0, 0x0, 0x5, 0xcd, 0xff, 0xfc,
    0x0, 0x0, 0x0, 0x0, 0x0, 0x0, 0x0, 0x0,
    0x3f, 0xa8, 0xef, 0xfb, 0x0, 0x0, 0x0, 0x0,
    0x0, 0x0, 0x0, 0x0, 0xcb, 0x0, 0x3b, 0xa1,
    0x0, 0x0, 0x0, 0x0, 0x1a, 0xec, 0x30, 0x4,
    0xf2, 0x0, 0x0, 0x0, 0x0, 0x1, 0x70, 0x0,
    0xaf, 0xff, 0xe0, 0x1d, 0x90, 0x0, 0x0, 0x0,
    0x0, 0x3, 0xfd, 0x40, 0xff, 0xff, 0xff, 0xff,
    0xff, 0xff, 0xff, 0xff, 0xff, 0xff, 0xff, 0xf8,
    0xdf, 0xff, 0xf6, 0x55, 0x5a, 0xf7, 0x55, 0x55,
    0x55, 0x57, 0xff, 0xa1, 0x3e, 0xff, 0x70, 0x0,
    0x0, 0xe8, 0x0, 0x0, 0x0, 0x2, 0xd3, 0x0,
    0x1, 0x42, 0x0, 0x0, 0x0, 0x7f, 0x0, 0x0,
    0x0, 0x0, 0x0, 0x0, 0x0, 0x0, 0x0, 0x0,
    0x0, 0xe, 0x80, 0x6f, 0xff, 0x70, 0x0, 0x0,
    0x0, 0x0, 0x0, 0x0, 0x0, 0x5, 0xfa, 0xcf,
    0xff, 0x80, 0x0, 0x0, 0x0, 0x0, 0x0, 0x0,
    0x0, 0x0, 0x5a, 0xdf, 0xff, 0x80, 0x0, 0x0,
    0x0, 0x0, 0x0, 0x0, 0x0, 0x0, 0x0, 0x6f,
    0xff, 0x70, 0x0, 0x0, 0x0, 0x0, 0x0, 0x0,
    0x0, 0x0, 0x0, 0x0, 0x0, 0x0, 0x0, 0x0,

    /* U+F293 "" */
    0x0, 0x0, 0x5a, 0xcd, 0xc9, 0x40, 0x0, 0x0,
    0x2, 0xdf, 0xff, 0xef, 0xff, 0xa0, 0x0, 0x1,
    0xef, 0xff, 0xe3, 0xff, 0xff, 0xa0, 0x0, 0x9f,
    0xff, 0xfe, 0x5, 0xff, 0xff, 0x30, 0xf, 0xff,
    0xff, 0xe0, 0x6, 0xff, 0xf9, 0x5, 0xff, 0xea,
    0xfe, 0x9, 0x8, 0xff, 0xd0, 0x8f, 0xf7, 0xa,
    0xe0, 0xe7, 0xd, 0xff, 0xa, 0xff, 0xf5, 0x8,
    0x9, 0x8, 0xff, 0xf2, 0xbf, 0xff, 0xf5, 0x0,
    0x7, 0xff, 0xff, 0x3b, 0xff, 0xff, 0xf4, 0x4,
    0xff, 0xff, 0xf4, 0xbf, 0xff, 0xfd, 0x10, 0x1d,
    0xff, 0xff, 0x4a, 0xff, 0xfd, 0x11, 0x2, 0x1d,
    0xff, 0xf3, 0x9f, 0xfd, 0x12, 0xd0, 0xd3, 0x2e,
    0xff, 0x26, 0xff, 0x72, 0xef, 0xd, 0x41, 0xdf,
    0xf0, 0x3f, 0xff, 0xff, 0xf0, 0x30, 0xcf, 0xfc,
    0x0, 0xdf, 0xff, 0xff, 0x0, 0xcf, 0xff, 0x70,
    0x4, 0xff, 0xff, 0xf0, 0xbf, 0xff, 0xe0, 0x0,
    0x7, 0xff, 0xff, 0xbf, 0xff, 0xf4, 0x0, 0x0,
    0x3, 0xaf, 0xff, 0xff, 0xa3, 0x0, 0x0, 0x0,
    0x0, 0x1, 0x21, 0x0, 0x0, 0x0,

    /* U+F2ED "" */
    0x0, 0x0, 0x4, 0x99, 0x99, 0x91, 0x0, 0x0,
    0x5, 0x66, 0x66, 0xef, 0xff, 0xff, 0xa6, 0x66,
    0x62, 0xff, 0xff, 0xff, 0xff, 0xff, 0xff, 0xff,
    0xff, 0x9d, 0xff, 0xff, 0xff, 0xff, 0xff, 0xff,
    0xff, 0xf7, 0x0, 0x0, 0x0, 0x0, 0x0, 0x0,
    0x0, 0x0, 0x0, 0xcf, 0xff, 0xff, 0xff, 0xff,
    0xff, 0xff, 0x60, 0xd, 0xff, 0xff, 0xff, 0xff,
    0xff, 0xff, 0xf7, 0x0, 0xdf, 0xf9, 0xef, 0xe9,
    0xff, 0xad, 0xff, 0x70, 0xd, 0xff, 0x2a, 0xfb,
    0x1f, 0xf4, 0x8f, 0xf7, 0x0, 0xdf, 0xf2, 0xaf,
    0xb1, 0xff, 0x48, 0xff, 0x70, 0xd, 0xff, 0x2a,
    0xfb, 0x1f, 0xf4, 0x8f, 0xf7, 0x0, 0xdf, 0xf2,
    0xaf, 0xb1, 0xff, 0x48, 0xff, 0x70, 0xd, 0xff,
    0x2a, 0xfb, 0x1f, 0xf4, 0x8f, 0xf7, 0x0, 0xdf,
    0xf2, 0xaf, 0xb1, 0xff, 0x48, 0xff, 0x70, 0xd,
    0xff, 0x2a, 0xfb, 0x1f, 0xf4, 0x8f, 0xf7, 0x0,
    0xdf, 0xf2, 0xaf, 0xb1, 0xff, 0x48, 0xff, 0x70,
    0xd, 0xff, 0x4b, 0xfc, 0x3f, 0xf6, 0xaf, 0xf7,
    0x0, 0xcf, 0xff, 0xff, 0xff, 0xff, 0xff, 0xff,
    0x60, 0x8, 0xff, 0xff, 0xff, 0xff, 0xff, 0xff,
    0xf2, 0x0, 0x4, 0x66, 0x66, 0x66, 0x66, 0x66,
    0x52, 0x0,

    /* U+F304 "" */
    0x0, 0x0, 0x0, 0x0, 0x0, 0x0, 0x0, 0x8,
    0x80, 0x0, 0x0, 0x0, 0x0, 0x0, 0x0, 0x0,
    0x1, 0xcf, 0xfc, 0x10, 0x0, 0x0, 0x0, 0x0,
    0x0, 0x0, 0x1c, 0xff, 0xff, 0xc1, 0x0, 0x0,
    0x0, 0x0, 0x0, 0x0, 0x1d, 0xff, 0xff, 0xfb,
    0x0, 0x0, 0x0, 0x0, 0x0, 0x1c, 0x71, 0xdf,
    0xff, 0xff, 0x0, 0x0, 0x0, 0x0, 0x1, 0xcf,
    0xf7, 0x1d, 0xff, 0xf8, 0x0, 0x0, 0x0, 0x0,
    0x1c, 0xff, 0xff, 0x71, 0xdf, 0x90, 0x0, 0x0,
    0x0, 0x1, 0xcf, 0xff, 0xff, 0xf7, 0x17, 0x0,
    0x0, 0x0, 0x0, 0x1c, 0xff, 0xff, 0xff, 0xff,
    0x40, 0x0, 0x0, 0x0, 0x1, 0xcf, 0xff, 0xff,
    0xff, 0xf9, 0x0, 0x0, 0x0, 0x0, 0x1c, 0xff,
    0xff, 0xff, 0xff, 0x90, 0x0, 0x0, 0x0, 0x1,
    0xcf, 0xff, 0xff, 0xff, 0xf9, 0x0, 0x0, 0x0,
    0x0, 0x1c, 0xff, 0xff, 0xff, 0xff, 0x90, 0x0,
    0x0, 0x0, 0x1, 0xcf, 0xff, 0xff, 0xff, 0xf9,
    0x0, 0x0, 0x0, 0x0, 0x8, 0xff, 0xff, 0xff,
    0xff, 0x90, 0x0, 0x0, 0x0, 0x0, 0xa, 0xff,
    0xff, 0xff, 0xf9, 0x0, 0x0, 0x0, 0x0, 0x0,
    0xc, 0xff, 0xff, 0xff, 0x90, 0x0, 0x0, 0x0,
    0x0, 0x0, 0xe, 0xff, 0xff, 0xf9, 0x0, 0x0,
    0x0, 0x0, 0x0, 0x0, 0xf, 0xff, 0xff, 0x90,
    0x0, 0x0, 0x0, 0x0, 0x0, 0x0, 0x3, 0x53,
    0x10, 0x0, 0x0, 0x0, 0x0, 0x0, 0x0, 0x0,

    /* U+F55A "" */
    0x0, 0x0, 0x0, 0x3, 0x44, 0x44, 0x44, 0x44,
    0x44, 0x44, 0x43, 0x0, 0x0, 0x0, 0x2, 0xef,
    0xff, 0xff, 0xff, 0xff, 0xff, 0xff, 0xff, 0xe2,
    0x0, 0x0, 0x3e, 0xff, 0xff, 0xff, 0xff, 0xff,
    0xff, 0xff, 0xff, 0xf9, 0x0, 0x3, 0xef, 0xff,
    0xff, 0xfd, 0xff, 0xff, 0xee, 0xff, 0xff, 0xfb,
    0x0, 0x3e, 0xff, 0xff, 0xff, 0x80, 0x7f, 0xfd,
    0x12, 0xef, 0xff, 0xfc, 0x3, 0xef, 0xff, 0xff,
    0xff, 0x40, 0x7, 0xd1, 0x0, 0xcf, 0xff, 0xfc,
    0x3f, 0xff, 0xff, 0xff, 0xff, 0xf3, 0x0, 0x0,
    0xa, 0xff, 0xff, 0xfc, 0xef, 0xff, 0xff, 0xff,
    0xff, 0xff, 0x30, 0x0, 0xaf, 0xff, 0xff, 0xfc,
    0xcf, 0xff, 0xff, 0xff, 0xff, 0xfd, 0x10, 0x0,
    0x7f, 0xff, 0xff, 0xfc, 0x1d, 0xff, 0xff, 0xff,
    0xff, 0xd1, 0x0, 0x20, 0x7, 0xff, 0xff, 0xfc,
    0x1, 0xdf, 0xff, 0xff, 0xff, 0x30, 0xa, 0xf3,
    0x0, 0xbf, 0xff, 0xfc, 0x0, 0x1c, 0xff, 0xff,
    0xff, 0xb1, 0xaf, 0xff, 0x44, 0xff, 0xff, 0xfc,
    0x0, 0x1, 0xcf, 0xff, 0xff, 0xff, 0xff, 0xff,
    0xff, 0xff, 0xff, 0xfb, 0x0, 0x0, 0x1c, 0xff,
    0xff, 0xff, 0xff, 0xff, 0xff, 0xff, 0xff, 0xf8,
    0x0, 0x0, 0x1, 0xaf, 0xff, 0xff, 0xff, 0xff,
    0xff, 0xff, 0xff, 0xa0,

    /* U+F7C2 "" */
    0x0, 0x0, 0x36, 0x66, 0x66, 0x66, 0x40, 0x0,
    0x0, 0x4f, 0xff, 0xff, 0xff, 0xff, 0xa0, 0x0,
    0x5f, 0xff, 0xff, 0xff, 0xff, 0xff, 0x20, 0x5f,
    0xf2, 0x1f, 0x21, 0xf1, 0x2f, 0xf4, 0x6f, 0xff,
    0x21, 0xf2, 0x1f, 0x12, 0xff, 0x4f, 0xff, 0xf2,
    0x1f, 0x21, 0xf1, 0x2f, 0xf4, 0xff, 0xff, 0xee,
    0xfe, 0xef, 0xee, 0xff, 0x4f, 0xff, 0xff, 0xff,
    0xff, 0xff, 0xff, 0xf4, 0xff, 0xff, 0xff, 0xff,
    0xff, 0xff, 0xff, 0x4f, 0xff, 0xff, 0xff, 0xff,
    0xff, 0xff, 0xf4, 0xff, 0xff, 0xff, 0xff, 0xff,
    0xff, 0xff, 0x4f, 0xff, 0xff, 0xff, 0xff, 0xff,
    0xff, 0xf4, 0xff, 0xff, 0xff, 0xff, 0xff, 0xff,
    0xff, 0x4f, 0xff, 0xff, 0xff, 0xff, 0xff, 0xff,
    0xf4, 0xff, 0xff, 0xff, 0xff, 0xff, 0xff, 0xff,
    0x4f, 0xff, 0xff, 0xff, 0xff, 0xff, 0xff, 0xf4,
    0xff, 0xff, 0xff, 0xff, 0xff, 0xff, 0xff, 0x3d,
    0xff, 0xff, 0xff, 0xff, 0xff, 0xff, 0xf1, 0x3e,
    0xff, 0xff, 0xff, 0xff, 0xff, 0xf6, 0x0, 0x2,
    0x22, 0x22, 0x22, 0x22, 0x20, 0x0,

    /* U+F8A2 "" */
    0x0, 0x0, 0x0, 0x0, 0x0, 0x0, 0x0, 0x0,
    0x1, 0xb0, 0x0, 0x0, 0x0, 0x0, 0x0, 0x0,
    0x0, 0x0, 0x1c, 0xf1, 0x0, 0x0, 0x34, 0x0,
    0x0, 0x0, 0x0, 0x0, 0xbf, 0xf1, 0x0, 0x4,
    0xff, 0x0, 0x0, 0x0, 0x0, 0x0, 0xef, 0xf1,
    0x0, 0x5f, 0xff, 0x0, 0x0, 0x0, 0x0, 0x0,
    0xef, 0xf1, 0x6, 0xff, 0xff, 0x33, 0x33, 0x33,
    0x33, 0x33, 0xef, 0xf1, 0x7f, 0xff, 0xff, 0xff,
    0xff, 0xff, 0xff, 0xff, 0xff, 0xf1, 0xdf, 0xff,
    0xff, 0xff, 0xff, 0xff, 0xff, 0xff, 0xff, 0xf1,
    0x2e, 0xff, 0xff, 0xcc, 0xcc, 0xcc, 0xcc, 0xcc,
    0xcc, 0x90, 0x1, 0xdf, 0xff, 0x0, 0x0, 0x0,
    0x0, 0x0, 0x0, 0x0, 0x0, 0x1c, 0xff, 0x0,
    0x0, 0x0, 0x0, 0x0, 0x0, 0x0, 0x0, 0x0,
    0xbd, 0x0, 0x0, 0x0, 0x0, 0x0, 0x0, 0x0,
    0x0, 0x0, 0x0, 0x0, 0x0, 0x0, 0x0, 0x0,
    0x0, 0x0
};


/*---------------------
 *  GLYPH DESCRIPTION
 *--------------------*/

static const lv_font_fmt_txt_glyph_dsc_t glyph_dsc[] = {
    {.bitmap_index = 0, .adv_w = 0, .box_w = 0, .box_h = 0, .ofs_x = 0, .ofs_y = 0} /* id = 0 reserved */,
    {.bitmap_index = 0, .adv_w = 78, .box_w = 0, .box_h = 0, .ofs_x = 0, .ofs_y = 0},
    {.bitmap_index = 0, .adv_w = 112, .box_w = 3, .box_h = 14, .ofs_x = 2, .ofs_y = 0},
    {.bitmap_index = 21, .adv_w = 125, .box_w = 6, .box_h = 6, .ofs_x = 1, .ofs_y = 9},
    {.bitmap_index = 39, .adv_w = 182, .box_w = 12, .box_h = 14, .ofs_x = 0, .ofs_y = 0},
    {.bitmap_index = 123, .adv_w = 178, .box_w = 9, .box_h = 19, .ofs_x = 1, .ofs_y = -3},
    {.bitmap_index = 209, .adv_w = 252, .box_w = 14, .box_h = 14, .ofs_x = 1, .ofs_y = 0},
    {.bitmap_index = 307, .adv_w = 195, .box_w = 13, .box_h = 14, .ofs_x = 0, .ofs_y = 0},
    {.bitmap_index = 398, .adv_w = 72, .box_w = 3, .box_h = 6, .ofs_x = 1, .ofs_y = 9},
    {.bitmap_index = 407, .adv_w = 116, .box_w = 6, .box_h = 19, .ofs_x = 1, .ofs_y = -4},
    {.bitmap_index = 464, .adv_w = 116, .box_w = 7, .box_h = 19, .ofs_x = 0, .ofs_y = -4},
    {.bitmap_index = 531, .adv_w = 137, .box_w = 8, .box_h = 8, .ofs_x = 0, .ofs_y = 7},
    {.bitmap_index = 563, .adv_w = 173, .box_w = 11, .box_h = 11, .ofs_x = 0, .ofs_y = 0},
    {.bitmap_index = 624, .adv_w = 97, .box_w = 5, .box_h = 6, .ofs_x = 0, .ofs_y = -3},
    {.bitmap_index = 639, .adv_w = 134, .box_w = 7, .box_h = 3, .ofs_x = 1, .ofs_y = 5},
    {.bitmap_index = 650, .adv_w = 97, .box_w = 4, .box_h = 4, .ofs_x = 1, .ofs_y = 0},
    {.bitmap_index = 658, .adv_w = 152, .box_w = 8, .box_h = 15, .ofs_x = 1, .ofs_y = -1},
    {.bitmap_index = 718, .adv_w = 178, .box_w = 11, .box_h = 14, .ofs_x = 0, .ofs_y = 0},
    {.bitmap_index = 795, .adv_w = 178, .box_w = 7, .box_h = 14, .ofs_x = 1, .ofs_y = 0},
    {.bitmap_index = 844, .adv_w = 178, .box_w = 10, .box_h = 14, .ofs_x = 1, .ofs_y = 0},
    {.bitmap_index = 914, .adv_w = 178, .box_w = 9, .box_h = 14, .ofs_x = 1, .ofs_y = 0},
    {.bitmap_index = 977, .adv_w = 178, .box_w = 11, .box_h = 14, .ofs_x = 0, .ofs_y = 0},
    {.bitmap_index = 1054, .adv_w = 178, .box_w = 9, .box_h = 14, .ofs_x = 1, .ofs_y = 0},
    {.bitmap_index = 1117, .adv_w = 178, .box_w = 11, .box_h = 14, .ofs_x = 0, .ofs_y = 0},
    {.bitmap_index = 1194, .adv_w = 178, .box_w = 9, .box_h = 14, .ofs_x = 1, .ofs_y = 0},
    {.bitmap_index = 1257, .adv_w = 178, .box_w = 11, .box_h = 14, .ofs_x = 0, .ofs_y = 0},
    {.bitmap_index = 1334, .adv_w = 178, .box_w = 11, .box_h = 14, .ofs_x = 0, .ofs_y = 0},
    {.bitmap_index = 1411, .adv_w = 120, .box_w = 4, .box_h = 11, .ofs_x = 2, .ofs_y = 0},
    {.bitmap_index = 1433, .adv_w = 120, .box_w = 5, .box_h = 14, .ofs_x = 1, .ofs_y = -3},
    {.bitmap_index = 1468, .adv_w = 173, .box_w = 11, .box_h = 12, .ofs_x = 0, .ofs_y = 0},
    {.bitmap_index = 1534, .adv_w = 173, .box_w = 11, .box_h = 8, .ofs_x = 0, .ofs_y = 2},
    {.bitmap_index = 1578, .adv_w = 173, .box_w = 11, .box_h = 12, .ofs_x = 0, .ofs_y = 0},
    {.bitmap_index = 1644, .adv_w = 135, .box_w = 8, .box_h = 14, .ofs_x = 0, .ofs_y = 0},
    {.bitmap_index = 1700, .adv_w = 260, .box_w = 16, .box_h = 16, .ofs_x = 0, .ofs_y = -2},
    {.bitmap_index = 1828, .adv_w = 214, .box_w = 14, .box_h = 14, .ofs_x = 0, .ofs_y = 0},
    {.bitmap_index = 1926, .adv_w = 194, .box_w = 10, .box_h = 14, .ofs_x = 1, .ofs_y = 0},
    {.bitmap_index = 1996, .adv_w = 183, .box_w = 10, .box_h = 14, .ofs_x = 1, .ofs_y = 0},
    {.bitmap_index = 2066, .adv_w = 215, .box_w = 12, .box_h = 14, .ofs_x = 1, .ofs_y = 0},
    {.bitmap_index = 2150, .adv_w = 170, .box_w = 9, .box_h = 14, .ofs_x = 1, .ofs_y = 0},
    {.bitmap_index = 2213, .adv_w = 163, .box_w = 9, .box_h = 14, .ofs_x = 1, .ofs_y = 0},
    {.bitmap_index = 2276, .adv_w = 210, .box_w = 11, .box_h = 14, .ofs_x = 1, .ofs_y = 0},
    {.bitmap_index = 2353, .adv_w = 220, .box_w = 12, .box_h = 14, .ofs_x = 1, .ofs_y = 0},
    {.bitmap_index = 2437, .adv_w = 90, .box_w = 4, .box_h = 14, .ofs_x = 1, .ofs_y = 0},
    {.bitmap_index = 2465, .adv_w = 89, .box_w = 7, .box_h = 18, .ofs_x = -2, .ofs_y = -4},
    {.bitmap_index = 2528, .adv_w = 195, .box_w = 12, .box_h = 14, .ofs_x = 1, .ofs_y = 0},
    {.bitmap_index = 2612, .adv_w = 158, .box_w = 9, .box_h = 14, .ofs_x = 1, .ofs_y = 0},
    {.bitmap_index = 2675, .adv_w = 263, .box_w = 14, .box_h = 14, .ofs_x = 1, .ofs_y = 0},
    {.bitmap_index = 2773, .adv_w = 228, .box_w = 12, .box_h = 14, .ofs_x = 1, .ofs_y = 0},
    {.bitmap_index = 2857, .adv_w = 227, .box_w = 12, .box_h = 14, .ofs_x = 1, .ofs_y = 0},
    {.bitmap_index = 2941, .adv_w = 189, .box_w = 10, .box_h = 14, .ofs_x = 1, .ofs_y = 0},
    {.bitmap_index = 3011, .adv_w = 227, .box_w = 12, .box_h = 17, .ofs_x = 1, .ofs_y = -3},
    {.bitmap_index = 3113, .adv_w = 194, .box_w = 11, .box_h = 14, .ofs_x = 1, .ofs_y = 0},
    {.bitmap_index = 3190, .adv_w = 174, .box_w = 9, .box_h = 14, .ofs_x = 1, .ofs_y = 0},
    {.bitmap_index = 3253, .adv_w = 165, .box_w = 10, .box_h = 14, .ofs_x = 0, .ofs_y = 0},
    {.bitmap_index = 3323, .adv_w = 219, .box_w = 12, .box_h = 14, .ofs_x = 1, .ofs_y = 0},
    {.bitmap_index = 3407, .adv_w = 204, .box_w = 13, .box_h = 14, .ofs_x = 0, .ofs_y = 0},
    {.bitmap_index = 3498, .adv_w = 283, .box_w = 18, .box_h = 14, .ofs_x = 0, .ofs_y = 0},
    {.bitmap_index = 3624, .adv_w = 202, .box_w = 13, .box_h = 14, .ofs_x = 0, .ofs_y = 0},
    {.bitmap_index = 3715, .adv_w = 195, .box_w = 13, .box_h = 14, .ofs_x = 0, .ofs_y = 0},
    {.bitmap_index = 3806, .adv_w = 195, .box_w = 11, .box_h = 14, .ofs_x = 1, .ofs_y = 0},
    {.bitmap_index = 3883, .adv_w = 97, .box_w = 5, .box_h = 19, .ofs_x = 1, .ofs_y = -4},
    {.bitmap_index = 3931, .adv_w = 154, .box_w = 10, .box_h = 17, .ofs_x = 0, .ofs_y = -2},
    {.bitmap_index = 4016, .adv_w = 97, .box_w = 5, .box_h = 19, .ofs_x = 0, .ofs_y = -4},
    {.bitmap_index = 4064, .adv_w = 173, .box_w = 9, .box_h = 8, .ofs_x = 1, .ofs_y = 6},
    {.bitmap_index = 4100, .adv_w = 152, .box_w = 10, .box_h = 2, .ofs_x = 0, .ofs_y = -4},
    {.bitmap_index = 4110, .adv_w = 123, .box_w = 5, .box_h = 3, .ofs_x = 1, .ofs_y = 12},
    {.bitmap_index = 4118, .adv_w = 187, .box_w = 11, .box_h = 11, .ofs_x = 0, .ofs_y = 0},
    {.bitmap_index = 4179, .adv_w = 194, .box_w = 11, .box_h = 15, .ofs_x = 1, .ofs_y = 0},
    {.bitmap_index = 4262, .adv_w = 151, .box_w = 9, .box_h = 11, .ofs_x = 0, .ofs_y = 0},
    {.bitmap_index = 4312, .adv_w = 194, .box_w = 11, .box_h = 15, .ofs_x = 0, .ofs_y = 0},
    {.bitmap_index = 4395, .adv_w = 177, .box_w = 11, .box_h = 11, .ofs_x = 0, .ofs_y = 0},
    {.bitmap_index = 4456, .adv_w = 108, .box_w = 7, .box_h = 15, .ofs_x = 0, .ofs_y = 0},
    {.bitmap_index = 4509, .adv_w = 195, .box_w = 11, .box_h = 15, .ofs_x = 0, .ofs_y = -4},
    {.bitmap_index = 4592, .adv_w = 192, .box_w = 10, .box_h = 15, .ofs_x = 1, .ofs_y = 0},
    {.bitmap_index = 4667, .adv_w = 85, .box_w = 4, .box_h = 15, .ofs_x = 1, .ofs_y = 0},
    {.bitmap_index = 4697, .adv_w = 85, .box_w = 7, .box_h = 19, .ofs_x = -2, .ofs_y = -4},
    {.bitmap_index = 4764, .adv_w = 168, .box_w = 10, .box_h = 15, .ofs_x = 1, .ofs_y = 0},
    {.bitmap_index = 4839, .adv_w = 91, .box_w = 5, .box_h = 15, .ofs_x = 1, .ofs_y = 0},
    {.bitmap_index = 4877, .adv_w = 285, .box_w = 16, .box_h = 11, .ofs_x = 1, .ofs_y = 0},
    {.bitmap_index = 4965, .adv_w = 192, .box_w = 10, .box_h = 11, .ofs_x = 1, .ofs_y = 0},
    {.bitmap_index = 5020, .adv_w = 188, .box_w = 11, .box_h = 11, .ofs_x = 0, .ofs_y = 0},
    {.bitmap_index = 5081, .adv_w = 194, .box_w = 11, .box_h = 15, .ofs_x = 1, .ofs_y = -4},
    {.bitmap_index = 5164, .adv_w = 195, .box_w = 11, .box_h = 15, .ofs_x = 0, .ofs_y = -4},
    {.bitmap_index = 5247, .adv_w = 120, .box_w = 7, .box_h = 11, .ofs_x = 1, .ofs_y = 0},
    {.bitmap_index = 5286, .adv_w = 148, .box_w = 8, .box_h = 11, .ofs_x = 1, .ofs_y = 0},
    {.bitmap_index = 5330, .adv_w = 107, .box_w = 7, .box_h = 14, .ofs_x = 0, .ofs_y = 0},
    {.bitmap_index = 5379, .adv_w = 190, .box_w = 10, .box_h = 11, .ofs_x = 1, .ofs_y = 0},
    {.bitmap_index = 5434, .adv_w = 171, .box_w = 11, .box_h = 11, .ofs_x = 0, .ofs_y = 0},
    {.bitmap_index = 5495, .adv_w = 261, .box_w = 16, .box_h = 11, .ofs_x = 0, .ofs_y = 0},
    {.bitmap_index = 5583, .adv_w = 172, .box_w = 11, .box_h = 11, .ofs_x = 0, .ofs_y = 0},
    {.bitmap_index = 5644, .adv_w = 171, .box_w = 11, .box_h = 15, .ofs_x = 0, .ofs_y = -4},
    {.bitmap_index = 5727, .adv_w = 162, .box_w = 10, .box_h = 11, .ofs_x = 0, .ofs_y = 0},
    {.bitmap_index = 5782, .adv_w = 101, .box_w = 6, .box_h = 19, .ofs_x = 0, .ofs_y = -4},
    {.bitmap_index = 5839, .adv_w = 64, .box_w = 4, .box_h = 19, .ofs_x = 0, .ofs_y = -4},
    {.bitmap_index = 5877, .adv_w = 101, .box_w = 6, .box_h = 19, .ofs_x = 0, .ofs_y = -4},
    {.bitmap_index = 5934, .adv_w = 173, .box_w = 11, .box_h = 4, .ofs_x = 0, .ofs_y = 4},
    {.bitmap_index = 5956, .adv_w = 299, .box_w = 18, .box_h = 19, .ofs_x = 0, .ofs_y = -3},
    {.bitmap_index = 6127, .adv_w = 299, .box_w = 18, .box_h = 18, .ofs_x = 0, .ofs_y = -3},
    {.bitmap_index = 6289, .adv_w = 299, .box_w = 18, .box_h = 19, .ofs_x = 0, .ofs_y = -3},
    {.bitmap_index = 6460, .adv_w = 299, .box_w = 18, .box_h = 18, .ofs_x = 0, .ofs_y = -3},
    {.bitmap_index = 6622, .adv_w = 299, .box_w = 14, .box_h = 19, .ofs_x = 2, .ofs_y = -3},
    {.bitmap_index = 6755, .adv_w = 304, .box_w = 19, .box_h = 20, .ofs_x = 0, .ofs_y = -3},
    {.bitmap_index = 6945, .adv_w = 304, .box_w = 19, .box_h = 15, .ofs_x = 0, .ofs_y = 0},
    {.bitmap_index = 7088, .adv_w = 304, .box_w = 19, .box_h = 18, .ofs_x = 0, .ofs_y = -2},
    {.bitmap_index = 7259, .adv_w = 304, .box_w = 19, .box_h = 15, .ofs_x = 0, .ofs_y = 0},
    {.bitmap_index = 7402, .adv_w = 209, .box_w = 14, .box_h = 14, .ofs_x = 0, .ofs_y = 0},
    {.bitmap_index = 7500, .adv_w = 304, .box_w = 19, .box_h = 20, .ofs_x = 0, .ofs_y = -3},
    {.bitmap_index = 7690, .adv_w = 304, .box_w = 19, .box_h = 20, .ofs_x = 0, .ofs_y = -3},
    {.bitmap_index = 7880, .adv_w = 342, .box_w = 22, .box_h = 18, .ofs_x = 0, .ofs_y = -2},
    {.bitmap_index = 8078, .adv_w = 304, .box_w = 19, .box_h = 20, .ofs_x = 0, .ofs_y = -3},
    {.bitmap_index = 8268, .adv_w = 342, .box_w = 22, .box_h = 15, .ofs_x = 0, .ofs_y = 0},
    {.bitmap_index = 8433, .adv_w = 304, .box_w = 19, .box_h = 20, .ofs_x = 0, .ofs_y = -3},
    {.bitmap_index = 8623, .adv_w = 152, .box_w = 10, .box_h = 15, .ofs_x = 0, .ofs_y = 0},
    {.bitmap_index = 8698, .adv_w = 228, .box_w = 15, .box_h = 15, .ofs_x = 0, .ofs_y = 0},
    {.bitmap_index = 8811, .adv_w = 342, .box_w = 22, .box_h = 19, .ofs_x = 0, .ofs_y = -2},
    {.bitmap_index = 9020, .adv_w = 304, .box_w = 19, .box_h = 15, .ofs_x = 0, .ofs_y = 0},
    {.bitmap_index = 9163, .adv_w = 209, .box_w = 14, .box_h = 20, .ofs_x = 0, .ofs_y = -3},
    {.bitmap_index = 9303, .adv_w = 266, .box_w = 13, .box_h = 18, .ofs_x = 2, .ofs_y = -2},
    {.bitmap_index = 9420, .adv_w = 266, .box_w = 17, .box_h = 20, .ofs_x = 0, .ofs_y = -3},
    {.bitmap_index = 9590, .adv_w = 266, .box_w = 17, .box_h = 18, .ofs_x = 0, .ofs_y = -2},
    {.bitmap_index = 9743, .adv_w = 266, .box_w = 17, .box_h = 18, .ofs_x = 0, .ofs_y = -2},
    {.bitmap_index = 9896, .adv_w = 266, .box_w = 13, .box_h = 18, .ofs_x = 2, .ofs_y = -2},
    {.bitmap_index = 10013, .adv_w = 266, .box_w = 18, .box_h = 18, .ofs_x = -1, .ofs_y = -2},
    {.bitmap_index = 10175, .adv_w = 190, .box_w = 10, .box_h = 17, .ofs_x = 1, .ofs_y = -1},
    {.bitmap_index = 10260, .adv_w = 190, .box_w = 10, .box_h = 17, .ofs_x = 1, .ofs_y = -1},
    {.bitmap_index = 10345, .adv_w = 266, .box_w = 17, .box_h = 18, .ofs_x = 0, .ofs_y = -2},
    {.bitmap_index = 10498, .adv_w = 266, .box_w = 17, .box_h = 4, .ofs_x = 0, .ofs_y = 5},
    {.bitmap_index = 10532, .adv_w = 342, .box_w = 22, .box_h = 15, .ofs_x = 0, .ofs_y = 0},
    {.bitmap_index = 10697, .adv_w = 380, .box_w = 24, .box_h = 20, .ofs_x = 0, .ofs_y = -3},
    {.bitmap_index = 10937, .adv_w = 342, .box_w = 23, .box_h = 20, .ofs_x = -1, .ofs_y = -3},
    {.bitmap_index = 11167, .adv_w = 304, .box_w = 19, .box_h = 18, .ofs_x = 0, .ofs_y = -2},
    {.bitmap_index = 11338, .adv_w = 266, .box_w = 17, .box_h = 11, .ofs_x = 0, .ofs_y = 2},
    {.bitmap_index = 11432, .adv_w = 266, .box_w = 17, .box_h = 11, .ofs_x = 0, .ofs_y = 2},
    {.bitmap_index = 11526, .adv_w = 380, .box_w = 24, .box_h = 16, .ofs_x = 0, .ofs_y = -1},
    {.bitmap_index = 11718, .adv_w = 304, .box_w = 19, .box_h = 15, .ofs_x = 0, .ofs_y = 0},
    {.bitmap_index = 11861, .adv_w = 304, .box_w = 19, .box_h = 20, .ofs_x = 0, .ofs_y = -3},
    {.bitmap_index = 12051, .adv_w = 304, .box_w = 20, .box_h = 20, .ofs_x = -1, .ofs_y = -3},
    {.bitmap_index = 12251, .adv_w = 266, .box_w = 17, .box_h = 18, .ofs_x = 0, .ofs_y = -2},
    {.bitmap_index = 12404, .adv_w = 266, .box_w = 17, .box_h = 20, .ofs_x = 0, .ofs_y = -3},
    {.bitmap_index = 12574, .adv_w = 266, .box_w = 17, .box_h = 18, .ofs_x = 0, .ofs_y = -2},
    {.bitmap_index = 12727, .adv_w = 266, .box_w = 17, .box_h = 16, .ofs_x = 0, .ofs_y = -1},
    {.bitmap_index = 12863, .adv_w = 304, .box_w = 19, .box_h = 15, .ofs_x = 0, .ofs_y = 0},
    {.bitmap_index = 13006, .adv_w = 190, .box_w = 14, .box_h = 20, .ofs_x = -1, .ofs_y = -3},
    {.bitmap_index = 13146, .adv_w = 266, .box_w = 17, .box_h = 20, .ofs_x = 0, .ofs_y = -3},
    {.bitmap_index = 13316, .adv_w = 266, .box_w = 17, .box_h = 20, .ofs_x = 0, .ofs_y = -3},
    {.bitmap_index = 13486, .adv_w = 342, .box_w = 22, .box_h = 15, .ofs_x = 0, .ofs_y = 0},
    {.bitmap_index = 13651, .adv_w = 304, .box_w = 21, .box_h = 20, .ofs_x = -1, .ofs_y = -3},
    {.bitmap_index = 13861, .adv_w = 228, .box_w = 15, .box_h = 20, .ofs_x = 0, .ofs_y = -3},
    {.bitmap_index = 14011, .adv_w = 380, .box_w = 24, .box_h = 19, .ofs_x = 0, .ofs_y = -2},
    {.bitmap_index = 14239, .adv_w = 380, .box_w = 24, .box_h = 13, .ofs_x = 0, .ofs_y = 1},
    {.bitmap_index = 14395, .adv_w = 380, .box_w = 24, .box_h = 13, .ofs_x = 0, .ofs_y = 1},
    {.bitmap_index = 14551, .adv_w = 380, .box_w = 24, .box_h = 13, .ofs_x = 0, .ofs_y = 1},
    {.bitmap_index = 14707, .adv_w = 380, .box_w = 24, .box_h = 13, .ofs_x = 0, .ofs_y = 1},
    {.bitmap_index = 14863, .adv_w = 380, .box_w = 24, .box_h = 13, .ofs_x = 0, .ofs_y = 1},
    {.bitmap_index = 15019, .adv_w = 380, .box_w = 24, .box_h = 16, .ofs_x = 0, .ofs_y = -1},
    {.bitmap_index = 15211, .adv_w = 266, .box_w = 15, .box_h = 20, .ofs_x = 1, .ofs_y = -3},
    {.bitmap_index = 15361, .adv_w = 266, .box_w = 17, .box_h = 20, .ofs_x = 0, .ofs_y = -3},
    {.bitmap_index = 15531, .adv_w = 304, .box_w = 20, .box_h = 20, .ofs_x = -1, .ofs_y = -3},
    {.bitmap_index = 15731, .adv_w = 380, .box_w = 24, .box_h = 15, .ofs_x = 0, .ofs_y = 0},
    {.bitmap_index = 15911, .adv_w = 228, .box_w = 15, .box_h = 20, .ofs_x = 0, .ofs_y = -3},
    {.bitmap_index = 16061, .adv_w = 306, .box_w = 20, .box_h = 13, .ofs_x = 0, .ofs_y = 0}
};

/*---------------------
 *  CHARACTER MAPPING
 *--------------------*/

static const uint16_t unicode_list_1[] = {
    0x0, 0x343, 0xd51, 0x28af, 0x33a1, 0xa1b8, 0xa1bf, 0xa1c2,
    0xa1c3, 0xa1c4, 0xa1c8, 0xa1ca, 0xa1cc, 0xa1d0, 0xa1d3, 0xa1d8,
    0xa1dd, 0xa1de, 0xa1df, 0xa1f5, 0xa1fa, 0xa1ff, 0xa202, 0xa203,
    0xa204, 0xa208, 0xa209, 0xa20a, 0xa20b, 0xa21e, 0xa21f, 0xa225,
    0xa227, 0xa228, 0xa22b, 0xa22e, 0xa22f, 0xa230, 0xa232, 0xa24a,
    0xa24c, 0xa27b, 0xa27c, 0xa27e, 0xa280, 0xa297, 0xa29e, 0xa2a1,
    0xa2aa, 0xa2d3, 0xa2db, 0xa312, 0xa3a2, 0xa3f7, 0xa3f8, 0xa3f9,
    0xa3fa, 0xa3fb, 0xa43e, 0xa44a, 0xa4a4, 0xa4bb, 0xa711, 0xa979,
    0xaa59
};

/*Collect the unicode lists and glyph_id offsets*/
static const lv_font_fmt_txt_cmap_t cmaps[] =
{
    {
        .range_start = 32, .range_length = 95, .glyph_id_start = 1,
        .unicode_list = NULL, .glyph_id_ofs_list = NULL, .list_length = 0, .type = LV_FONT_FMT_TXT_CMAP_FORMAT0_TINY
    },
    {
        .range_start = 20041, .range_length = 43610, .glyph_id_start = 96,
        .unicode_list = unicode_list_1, .glyph_id_ofs_list = NULL, .list_length = 65, .type = LV_FONT_FMT_TXT_CMAP_SPARSE_TINY
    }
};

/*-----------------
 *    KERNING
 *----------------*/


/*Pair left and right glyphs for kerning*/
static const uint8_t kern_pair_glyph_ids[] =
{
    3, 3,
    3, 8,
    3, 13,
    3, 15,
    8, 3,
    8, 8,
    8, 13,
    8, 15,
    9, 75,
    13, 3,
    13, 8,
    13, 18,
    13, 24,
    13, 26,
    15, 3,
    15, 8,
    15, 18,
    15, 24,
    15, 26,
    16, 16,
    18, 13,
    18, 15,
    18, 27,
    18, 28,
    24, 13,
    24, 15,
    24, 27,
    24, 28,
    27, 18,
    27, 24,
    28, 18,
    28, 24,
    34, 3,
    34, 8,
    34, 36,
    34, 40,
    34, 48,
    34, 50,
    34, 53,
    34, 54,
    34, 55,
    34, 56,
    34, 58,
    34, 71,
    34, 77,
    34, 85,
    34, 87,
    34, 90,
    35, 36,
    35, 40,
    35, 48,
    35, 50,
    35, 53,
    35, 55,
    35, 57,
    35, 58,
    37, 13,
    37, 15,
    37, 34,
    37, 53,
    37, 55,
    37, 56,
    37, 57,
    37, 58,
    37, 59,
    37, 66,
    38, 75,
    39, 13,
    39, 15,
    39, 34,
    39, 66,
    39, 73,
    39, 76,
    40, 55,
    40, 58,
    43, 43,
    44, 34,
    44, 36,
    44, 40,
    44, 48,
    44, 50,
    44, 53,
    44, 54,
    44, 55,
    44, 56,
    44, 58,
    44, 68,
    44, 69,
    44, 70,
    44, 72,
    44, 77,
    44, 80,
    44, 82,
    44, 84,
    44, 85,
    44, 86,
    44, 87,
    44, 88,
    44, 90,
    45, 3,
    45, 8,
    45, 34,
    45, 36,
    45, 40,
    45, 48,
    45, 50,
    45, 53,
    45, 54,
    45, 55,
    45, 56,
    45, 58,
    45, 87,
    45, 88,
    45, 90,
    48, 13,
    48, 15,
    48, 34,
    48, 53,
    48, 55,
    48, 56,
    48, 57,
    48, 58,
    48, 59,
    48, 66,
    49, 13,
    49, 15,
    49, 34,
    49, 53,
    49, 55,
    49, 56,
    49, 57,
    49, 58,
    49, 59,
    49, 66,
    50, 13,
    50, 15,
    50, 34,
    50, 43,
    50, 53,
    50, 55,
    50, 56,
    50, 57,
    50, 58,
    50, 59,
    50, 66,
    51, 36,
    51, 40,
    51, 48,
    51, 50,
    51, 53,
    51, 54,
    51, 55,
    51, 56,
    51, 57,
    51, 58,
    51, 68,
    51, 69,
    51, 70,
    51, 72,
    51, 80,
    51, 82,
    51, 85,
    51, 86,
    51, 87,
    51, 89,
    51, 90,
    52, 13,
    52, 15,
    52, 52,
    52, 53,
    52, 55,
    52, 56,
    52, 58,
    52, 85,
    52, 87,
    52, 88,
    52, 89,
    52, 90,
    53, 3,
    53, 8,
    53, 13,
    53, 15,
    53, 34,
    53, 36,
    53, 40,
    53, 48,
    53, 50,
    53, 52,
    53, 66,
    53, 68,
    53, 69,
    53, 70,
    53, 72,
    53, 74,
    53, 75,
    53, 78,
    53, 79,
    53, 80,
    53, 81,
    53, 82,
    53, 83,
    53, 84,
    53, 85,
    53, 86,
    53, 87,
    53, 88,
    53, 89,
    53, 90,
    53, 91,
    54, 34,
    54, 57,
    54, 89,
    55, 13,
    55, 15,
    55, 27,
    55, 28,
    55, 34,
    55, 36,
    55, 40,
    55, 48,
    55, 50,
    55, 52,
    55, 66,
    55, 68,
    55, 69,
    55, 70,
    55, 72,
    55, 73,
    55, 76,
    55, 80,
    55, 82,
    55, 84,
    55, 87,
    55, 90,
    56, 13,
    56, 15,
    56, 27,
    56, 28,
    56, 34,
    56, 36,
    56, 40,
    56, 48,
    56, 50,
    56, 66,
    56, 68,
    56, 69,
    56, 70,
    56, 72,
    56, 80,
    56, 82,
    56, 84,
    57, 34,
    57, 36,
    57, 40,
    57, 48,
    57, 50,
    57, 53,
    57, 54,
    57, 55,
    57, 56,
    57, 58,
    57, 68,
    57, 69,
    57, 70,
    57, 72,
    57, 77,
    57, 80,
    57, 82,
    57, 84,
    57, 85,
    57, 86,
    57, 87,
    57, 88,
    57, 90,
    58, 3,
    58, 8,
    58, 13,
    58, 15,
    58, 27,
    58, 28,
    58, 34,
    58, 36,
    58, 40,
    58, 48,
    58, 50,
    58, 52,
    58, 66,
    58, 68,
    58, 69,
    58, 70,
    58, 71,
    58, 72,
    58, 73,
    58, 74,
    58, 76,
    58, 78,
    58, 79,
    58, 80,
    58, 81,
    58, 82,
    58, 83,
    58, 84,
    58, 85,
    58, 86,
    58, 87,
    58, 89,
    58, 90,
    58, 91,
    59, 36,
    59, 40,
    59, 48,
    59, 50,
    60, 75,
    66, 53,
    66, 55,
    66, 58,
    66, 87,
    66, 88,
    66, 90,
    67, 13,
    67, 15,
    67, 53,
    67, 55,
    67, 56,
    67, 57,
    67, 58,
    67, 87,
    67, 89,
    67, 90,
    70, 13,
    70, 15,
    70, 53,
    70, 58,
    70, 75,
    71, 3,
    71, 8,
    71, 10,
    71, 11,
    71, 13,
    71, 15,
    71, 32,
    71, 53,
    71, 55,
    71, 56,
    71, 57,
    71, 58,
    71, 62,
    71, 66,
    71, 68,
    71, 69,
    71, 70,
    71, 71,
    71, 72,
    71, 73,
    71, 74,
    71, 75,
    71, 76,
    71, 77,
    71, 80,
    71, 82,
    71, 84,
    71, 85,
    71, 87,
    71, 90,
    71, 94,
    73, 53,
    73, 58,
    73, 87,
    73, 88,
    73, 90,
    74, 3,
    74, 8,
    74, 10,
    74, 32,
    74, 53,
    74, 62,
    74, 94,
    75, 53,
    76, 53,
    76, 54,
    76, 56,
    76, 66,
    76, 68,
    76, 69,
    76, 70,
    76, 72,
    76, 77,
    76, 80,
    76, 82,
    76, 86,
    77, 71,
    77, 85,
    77, 87,
    77, 88,
    77, 90,
    78, 53,
    78, 58,
    78, 87,
    78, 88,
    78, 90,
    79, 53,
    79, 58,
    79, 87,
    79, 88,
    79, 90,
    80, 13,
    80, 15,
    80, 53,
    80, 55,
    80, 56,
    80, 57,
    80, 58,
    80, 87,
    80, 89,
    80, 90,
    81, 13,
    81, 15,
    81, 53,
    81, 55,
    81, 56,
    81, 57,
    81, 58,
    81, 87,
    81, 89,
    81, 90,
    82, 53,
    82, 58,
    82, 75,
    83, 3,
    83, 8,
    83, 13,
    83, 15,
    83, 66,
    83, 68,
    83, 69,
    83, 70,
    83, 71,
    83, 80,
    83, 82,
    83, 85,
    83, 87,
    83, 90,
    84, 53,
    84, 55,
    84, 56,
    84, 57,
    84, 58,
    84, 87,
    84, 89,
    84, 90,
    85, 71,
    85, 85,
    86, 53,
    86, 58,
    87, 13,
    87, 15,
    87, 53,
    87, 57,
    87, 66,
    87, 68,
    87, 69,
    87, 70,
    87, 80,
    87, 82,
    88, 13,
    88, 15,
    88, 53,
    88, 57,
    88, 66,
    89, 53,
    89, 54,
    89, 56,
    89, 66,
    89, 68,
    89, 69,
    89, 70,
    89, 72,
    89, 77,
    89, 80,
    89, 82,
    89, 86,
    90, 13,
    90, 15,
    90, 53,
    90, 57,
    90, 66,
    90, 68,
    90, 69,
    90, 70,
    90, 80,
    90, 82,
    91, 53,
    92, 73,
    92, 75,
    92, 76
};

/* Kerning between the respective left and right glyphs
 * 4.4 format which needs to scaled with `kern_scale`*/
static const int8_t kern_pair_values[] =
{
    -4, -9, -52, -52, -4, -9, -52, -52,
    18, -49, -49, -43, -17, -10, -49, -49,
    -43, -17, -10, -36, -26, -26, -28, -28,
    -49, -49, -26, -26, -22, -16, -22, -16,
    -30, -30, -5, -5, -5, -5, -24, -2,
    -22, -9, -27, -6, -3, -6, -6, -6,
    -2, -2, -2, -2, -11, -6, -6, -9,
    -16, -16, -6, -11, -9, -4, -7, -12,
    -6, -7, 4, -44, -44, -12, -16, 2,
    2, -5, -10, 6, -4, -7, -7, -7,
    -7, -4, -10, -7, -7, -12, -10, -10,
    -10, -10, -10, -10, -10, -4, -4, -11,
    -18, -12, -18, -28, -28, 6, -13, -13,
    -13, -13, -19, -4, -22, -10, -30, -15,
    -9, -15, -16, -16, -6, -11, -9, -4,
    -7, -12, -6, -7, -56, -56, -18, -5,
    -2, -2, -15, -6, -10, -18, -16, -16,
    -6, 6, -11, -9, -4, -7, -12, -6,
    -7, -4, -4, -4, -4, -12, -3, -8,
    -4, -6, -15, -6, -6, -6, -6, -6,
    -6, -6, -2, -3, 6, -3, -6, -6,
    -2, -5, -9, -4, -9, -2, -6, -3,
    -2, -6, 7, 7, -45, -45, -24, -6,
    -6, -6, -6, -2, -24, -16, -16, -16,
    -16, -6, -4, -16, -16, -16, -11, -16,
    -16, -18, 6, -19, -7, -4, -7, -7,
    -16, -2, -4, -2, -43, -43, -15, -15,
    -22, -9, -9, -9, -9, -4, -17, -9,
    -9, -9, -9, 4, 4, -9, -9, -9,
    -4, -4, -22, -22, -7, -7, -12, -4,
    -4, -4, -4, -12, -6, -6, -6, -6,
    -6, -6, -6, -4, -7, -7, -7, -7,
    -4, -10, -7, -7, -12, -10, -10, -10,
    -10, -10, -10, -10, -4, -4, -11, -18,
    -12, -18, 5, 5, -47, -47, -18, -18,
    -27, -12, -12, -12, -12, -2, -33, -18,
    -18, -18, -5, -18, 2, -4, 2, -15,
    -15, -18, -12, -18, -15, -21, -2, -12,
    -12, -15, -12, -15, -6, -6, -6, -6,
    24, -18, -9, -23, -4, -4, -4, -12,
    -12, -16, -11, -6, -10, -18, -3, -6,
    -3, -6, -6, -13, -12, 6, 10, 10,
    5, 21, -5, -5, 12, 12, 9, 9,
    9, 5, 11, -7, -4, -4, -4, 4,
    -7, -2, -4, -4, -2, -4, -4, -4,
    -4, 4, 1, 1, 10, -11, -7, -4,
    -1, -4, 7, 7, 7, 10, -6, 17,
    13, -6, -7, -2, -6, -6, -6, -6,
    -6, -5, -6, -6, -6, -4, -6, -1,
    -4, -2, -4, -11, -7, -4, -1, -4,
    -11, -7, -4, -1, -4, -12, -12, -16,
    -11, -6, -10, -18, -3, -6, -3, -12,
    -12, -16, -11, -6, -10, -18, -3, -6,
    -3, -4, -4, 6, 7, 7, -29, -29,
    -13, -4, -4, -4, 2, -4, -4, 6,
    1, 1, -16, -9, -6, -4, -18, -4,
    -3, -4, 2, 1, -12, -4, -26, -26,
    -7, -7, -11, -3, -3, -3, -3, -3,
    -16, -16, -4, -7, -10, -7, -2, -6,
    -6, -6, -6, -6, -5, -6, -6, -6,
    -4, -26, -26, -7, -7, -11, -3, -3,
    -3, -3, -3, -16, 7, 22, 7
};

/*Collect the kern pair's data in one place*/
static const lv_font_fmt_txt_kern_pair_t kern_pairs =
{
    .glyph_ids = kern_pair_glyph_ids,
    .values = kern_pair_values,
    .pair_cnt = 495,
    .glyph_ids_size = 0
};

/*--------------------
 *  ALL CUSTOM DATA
 *--------------------*/

#if LVGL_VERSION_MAJOR == 8
/*Store all the custom data of the font*/
static  lv_font_fmt_txt_glyph_cache_t cache;
#endif

#if LVGL_VERSION_MAJOR >= 8
static const lv_font_fmt_txt_dsc_t font_dsc = {
#else
static lv_font_fmt_txt_dsc_t font_dsc = {
#endif
    .glyph_bitmap = glyph_bitmap,
    .glyph_dsc = glyph_dsc,
    .cmaps = cmaps,
    .kern_dsc = &kern_pairs,
    .kern_scale = 16,
    .cmap_num = 2,
    .bpp = 4,
    .kern_classes = 0,
    .bitmap_format = 0,
#if LVGL_VERSION_MAJOR == 8
    .cache = &cache
#endif
};



/*-----------------
 *  PUBLIC FONT
 *----------------*/

/*Initialize a public general font descriptor*/
#if LVGL_VERSION_MAJOR >= 8
const lv_font_t lv_font_Alibaba_PuHuiTi_2_0_75_SemiBold_75_SemiBold_19 = {
#else
lv_font_t lv_font_Alibaba_PuHuiTi_2_0_75_SemiBold_75_SemiBold_19 = {
#endif
    .get_glyph_dsc = lv_font_get_glyph_dsc_fmt_txt,    /*Function pointer to get glyph's data*/
    .get_glyph_bitmap = lv_font_get_bitmap_fmt_txt,    /*Function pointer to get glyph's bitmap*/
    .line_height = 21,          /*The maximum line height required by the font*/
    .base_line = 4,             /*Baseline measured from the bottom of the line*/
#if !(LVGL_VERSION_MAJOR == 6 && LVGL_VERSION_MINOR == 0)
    .subpx = LV_FONT_SUBPX_NONE,
#endif
#if LV_VERSION_CHECK(7, 4, 0) || LVGL_VERSION_MAJOR >= 8
    .underline_position = -1,
    .underline_thickness = 1,
#endif
    .dsc = &font_dsc,          /*The custom font data. Will be accessed by `get_glyph_bitmap/dsc` */
#if LV_VERSION_CHECK(8, 2, 0) || LVGL_VERSION_MAJOR >= 9
    .fallback = NULL,
#endif
    .user_data = NULL,
};



#endif /*#if LV_FONT_ALIBABA_PUHUITI_2_0_75_SEMIBOLD_75_SEMIBOLD_19*/

