/*******************************************************************************
 * Size: 26 px
 * Bpp: 4
 * Opts: --font D:\test\ktv_demo\assets\fonts\Alibaba_PuHuiTi_2_0_75_SemiBold_75_SemiBold\Alibaba_PuHuiTi_2_0_75_SemiBold_75_SemiBold.ttf -r 0x20-0x7F --symbols 0123456789a册对派热相舞 --size 26 -o \\192.168.30.245\weichao.lian\klok\projects\multimedia\ktv_example\ap\ui\beken_generated\fonts\lv_font_Alibaba_PuHuiTi_2_0_75_SemiBold_75_SemiBold_26.c --format lvgl --bpp 4 --no-compress --lv-include lvgl.h --font C:\Users\weichao.lian\Downloads\lvgl_ui_designer_2.0.2\resources\assets\fonts\FontAwesome5.woff -r 61441, 61448, 61451, 61452, 61453, 61457, 61459, 61461, 61465, 61468,                                61473, 61478, 61479, 61480, 61502, 61507, 61512, 61515, 61516, 61517,                                61521, 61522, 61523, 61524, 61543, 61544, 61550, 61552, 61553, 61556,                                61559, 61560, 61561, 61563, 61587, 61589, 61636, 61637, 61639, 61641,                                61664, 61671, 61674, 61683, 61724, 61732, 61787, 61931, 62016, 62017,                                62018, 62019, 62020, 62087, 62099, 62189, 62212, 62810, 63426, 63650
 ******************************************************************************/

#ifdef LV_LVGL_H_INCLUDE_SIMPLE
#include "lvgl.h"
#else
#include "lvgl.h"
#endif

#ifndef LV_FONT_ALIBABA_PUHUITI_2_0_75_SEMIBOLD_75_SEMIBOLD_26
#define LV_FONT_ALIBABA_PUHUITI_2_0_75_SEMIBOLD_75_SEMIBOLD_26 1
#endif

#if LV_FONT_ALIBABA_PUHUITI_2_0_75_SEMIBOLD_75_SEMIBOLD_26

/*-----------------
 *    BITMAPS
 *----------------*/

/*Store the image of the glyphs*/
static LV_ATTRIBUTE_LARGE_CONST const uint8_t glyph_bitmap[] = {
    /* U+0020 " " */

    /* U+0021 "!" */
    0xf, 0xff, 0x80, 0xff, 0xf8, 0xe, 0xff, 0x70,
    0xef, 0xf6, 0xd, 0xff, 0x60, 0xdf, 0xf5, 0xc,
    0xff, 0x50, 0xbf, 0xf4, 0xb, 0xff, 0x30, 0xaf,
    0xf3, 0x9, 0xff, 0x20, 0x6b, 0xb1, 0x0, 0x0,
    0x0, 0x0, 0x0, 0xb, 0xed, 0x53, 0xff, 0xfb,
    0x3f, 0xff, 0xb0, 0xcf, 0xe6,

    /* U+0022 "\"" */
    0x8f, 0xfb, 0xf, 0xff, 0x36, 0xff, 0x90, 0xef,
    0xf2, 0x5f, 0xf8, 0xd, 0xff, 0x14, 0xff, 0x70,
    0xbf, 0xf0, 0x2f, 0xf5, 0xa, 0xfe, 0x1, 0xff,
    0x40, 0x8f, 0xc0, 0xf, 0xf3, 0x7, 0xfb, 0x0,
    0x78, 0x10, 0x38, 0x50,

    /* U+0023 "#" */
    0x0, 0x0, 0x5f, 0xf6, 0x0, 0xc, 0xff, 0x0,
    0x0, 0x0, 0x8f, 0xf3, 0x0, 0xf, 0xfc, 0x0,
    0x0, 0x0, 0xbf, 0xf0, 0x0, 0x2f, 0xf9, 0x0,
    0x0, 0x0, 0xff, 0xc0, 0x0, 0x5f, 0xf6, 0x0,
    0x9f, 0xff, 0xff, 0xff, 0xff, 0xff, 0xff, 0xf3,
    0x9f, 0xff, 0xff, 0xff, 0xff, 0xff, 0xff, 0xf3,
    0x35, 0x5a, 0xff, 0x75, 0x55, 0xff, 0xd5, 0x51,
    0x0, 0xa, 0xff, 0x10, 0x1, 0xff, 0xa0, 0x0,
    0x0, 0xc, 0xff, 0x0, 0x3, 0xff, 0x80, 0x0,
    0x0, 0xf, 0xfc, 0x0, 0x6, 0xff, 0x50, 0x0,
    0x0, 0x1f, 0xfa, 0x0, 0x8, 0xff, 0x30, 0x0,
    0x9f, 0xff, 0xff, 0xff, 0xff, 0xff, 0xff, 0xf3,
    0x9f, 0xff, 0xff, 0xff, 0xff, 0xff, 0xff, 0xf3,
    0x35, 0xcf, 0xf6, 0x55, 0x6f, 0xfc, 0x55, 0x51,
    0x0, 0xdf, 0xe0, 0x0, 0x3f, 0xf7, 0x0, 0x0,
    0x0, 0xff, 0xb0, 0x0, 0x6f, 0xf4, 0x0, 0x0,
    0x3, 0xff, 0x80, 0x0, 0x9f, 0xf1, 0x0, 0x0,
    0x6, 0xff, 0x50, 0x0, 0xcf, 0xe0, 0x0, 0x0,

    /* U+0024 "$" */
    0x0, 0x0, 0x7, 0xf6, 0x0, 0x0, 0x0, 0x0,
    0x0, 0x7f, 0x60, 0x0, 0x0, 0x0, 0x4b, 0xef,
    0xff, 0xed, 0xb4, 0x0, 0x6f, 0xff, 0xff, 0xff,
    0xff, 0x80, 0xf, 0xff, 0xcc, 0xfb, 0x9b, 0xe8,
    0x4, 0xff, 0xc0, 0x7f, 0x60, 0x0, 0x0, 0x6f,
    0xf9, 0x7, 0xf6, 0x0, 0x0, 0x5, 0xff, 0xa0,
    0x7f, 0x60, 0x0, 0x0, 0x3f, 0xff, 0x67, 0xf6,
    0x0, 0x0, 0x0, 0xef, 0xff, 0xff, 0xa3, 0x0,
    0x0, 0x3, 0xef, 0xff, 0xff, 0xfd, 0x60, 0x0,
    0x0, 0x5a, 0xef, 0xff, 0xff, 0x90, 0x0, 0x0,
    0x7, 0xfb, 0xdf, 0xff, 0x20, 0x0, 0x0, 0x7f,
    0x60, 0xcf, 0xf7, 0x0, 0x0, 0x7, 0xf6, 0x6,
    0xff, 0x80, 0x0, 0x0, 0x7f, 0x60, 0x6f, 0xf8,
    0x22, 0x0, 0x7, 0xf6, 0x1c, 0xff, 0x68, 0xff,
    0xdc, 0xdf, 0xef, 0xff, 0xf1, 0x8f, 0xff, 0xff,
    0xff, 0xff, 0xf5, 0x4, 0xac, 0xef, 0xff, 0xfd,
    0x92, 0x0, 0x0, 0x0, 0x7, 0xf6, 0x0, 0x0,
    0x0, 0x0, 0x0, 0x7f, 0x60, 0x0, 0x0, 0x0,
    0x0, 0x7, 0xf6, 0x0, 0x0, 0x0, 0x0, 0x0,
    0x38, 0x30, 0x0, 0x0,

    /* U+0025 "%" */
    0x0, 0x9d, 0xfd, 0x80, 0x0, 0x0, 0x9, 0xfa,
    0x0, 0x0, 0xaf, 0xfc, 0xff, 0x80, 0x0, 0x2,
    0xff, 0x10, 0x0, 0x1f, 0xf2, 0x4, 0xfe, 0x0,
    0x0, 0xbf, 0x80, 0x0, 0x4, 0xfe, 0x0, 0xf,
    0xf2, 0x0, 0x4f, 0xe0, 0x0, 0x0, 0x5f, 0xd0,
    0x0, 0xff, 0x30, 0xd, 0xf6, 0x0, 0x0, 0x5,
    0xfd, 0x0, 0xf, 0xf3, 0x6, 0xfd, 0x0, 0x0,
    0x0, 0x3f, 0xf0, 0x1, 0xff, 0x10, 0xef, 0x40,
    0x0, 0x0, 0x0, 0xef, 0x60, 0x8f, 0xd0, 0x8f,
    0xb0, 0x0, 0x0, 0x0, 0x7, 0xff, 0xff, 0xf5,
    0x1f, 0xf2, 0x7, 0xaa, 0x81, 0x0, 0x4, 0x9a,
    0x83, 0xa, 0xf9, 0xc, 0xff, 0xff, 0xe1, 0x0,
    0x0, 0x0, 0x3, 0xff, 0x15, 0xfe, 0x21, 0xcf,
    0x70, 0x0, 0x0, 0x0, 0xcf, 0x70, 0x9f, 0x90,
    0x6, 0xfc, 0x0, 0x0, 0x0, 0x5f, 0xd0, 0xa,
    0xf8, 0x0, 0x5f, 0xd0, 0x0, 0x0, 0xd, 0xf5,
    0x0, 0xaf, 0x70, 0x4, 0xfd, 0x0, 0x0, 0x6,
    0xfc, 0x0, 0x9, 0xf8, 0x0, 0x5f, 0xc0, 0x0,
    0x1, 0xef, 0x30, 0x0, 0x6f, 0xc0, 0xa, 0xf9,
    0x0, 0x0, 0x8f, 0xa0, 0x0, 0x1, 0xef, 0xdc,
    0xff, 0x30, 0x0, 0x2f, 0xf1, 0x0, 0x0, 0x3,
    0xce, 0xfc, 0x40,

    /* U+0026 "&" */
    0x0, 0x0, 0x5, 0xcf, 0xfd, 0x70, 0x0, 0x0,
    0x0, 0x0, 0xb, 0xff, 0xff, 0xff, 0xa0, 0x0,
    0x0, 0x0, 0x6, 0xff, 0xf8, 0x8f, 0xff, 0x30,
    0x0, 0x0, 0x0, 0xbf, 0xf8, 0x0, 0x9f, 0xf7,
    0x0, 0x0, 0x0, 0xc, 0xff, 0x60, 0x8, 0xff,
    0x60, 0x0, 0x0, 0x0, 0xaf, 0xfa, 0x2, 0xef,
    0xf2, 0x0, 0x0, 0x0, 0x5, 0xff, 0xf8, 0xef,
    0xf9, 0x0, 0x0, 0x0, 0x0, 0xc, 0xff, 0xff,
    0xf9, 0x0, 0x0, 0x0, 0x0, 0x4, 0xdf, 0xff,
    0xf4, 0x0, 0x19, 0x97, 0x0, 0x8, 0xff, 0xff,
    0xff, 0x80, 0x3, 0xff, 0xc0, 0x6, 0xff, 0xf7,
    0x7f, 0xff, 0x50, 0x6f, 0xf9, 0x0, 0xef, 0xf7,
    0x0, 0xaf, 0xff, 0x2c, 0xff, 0x40, 0x2f, 0xff,
    0x10, 0x0, 0xcf, 0xff, 0xff, 0xd0, 0x3, 0xff,
    0xf1, 0x0, 0x1, 0xef, 0xff, 0xf5, 0x0, 0x1f,
    0xff, 0xa0, 0x0, 0x8, 0xff, 0xfd, 0x0, 0x0,
    0xaf, 0xff, 0xda, 0xad, 0xff, 0xff, 0xfe, 0xa4,
    0x1, 0xcf, 0xff, 0xff, 0xff, 0xe9, 0xff, 0xff,
    0x70, 0x0, 0x6c, 0xef, 0xeb, 0x61, 0x4, 0xbe,
    0xf7,

    /* U+0027 "'" */
    0x8f, 0xfb, 0x6f, 0xf9, 0x5f, 0xf8, 0x4f, 0xf7,
    0x2f, 0xf5, 0x1f, 0xf4, 0xf, 0xf3, 0x7, 0x81,

    /* U+0028 "(" */
    0x0, 0x0, 0x8f, 0xfb, 0x0, 0x0, 0x2f, 0xff,
    0x20, 0x0, 0xc, 0xff, 0x80, 0x0, 0x4, 0xff,
    0xf1, 0x0, 0x0, 0xbf, 0xf8, 0x0, 0x0, 0x3f,
    0xff, 0x20, 0x0, 0x9, 0xff, 0xd0, 0x0, 0x0,
    0xdf, 0xf9, 0x0, 0x0, 0x1f, 0xff, 0x50, 0x0,
    0x3, 0xff, 0xf2, 0x0, 0x0, 0x5f, 0xff, 0x0,
    0x0, 0x6, 0xff, 0xf0, 0x0, 0x0, 0x6f, 0xff,
    0x0, 0x0, 0x6, 0xff, 0xf0, 0x0, 0x0, 0x4f,
    0xff, 0x20, 0x0, 0x2, 0xff, 0xf4, 0x0, 0x0,
    0xe, 0xff, 0x80, 0x0, 0x0, 0xaf, 0xfc, 0x0,
    0x0, 0x4, 0xff, 0xf1, 0x0, 0x0, 0xd, 0xff,
    0x70, 0x0, 0x0, 0x6f, 0xfe, 0x0, 0x0, 0x0,
    0xdf, 0xf7, 0x0, 0x0, 0x4, 0xff, 0xe1, 0x0,
    0x0, 0xa, 0xff, 0x90,

    /* U+0029 ")" */
    0xa, 0xff, 0x90, 0x0, 0x0, 0x1f, 0xff, 0x30,
    0x0, 0x0, 0x8f, 0xfd, 0x0, 0x0, 0x0, 0xff,
    0xf5, 0x0, 0x0, 0x8, 0xff, 0xc0, 0x0, 0x0,
    0x2f, 0xff, 0x30, 0x0, 0x0, 0xdf, 0xf9, 0x0,
    0x0, 0x9, 0xff, 0xd0, 0x0, 0x0, 0x5f, 0xff,
    0x10, 0x0, 0x3, 0xff, 0xf3, 0x0, 0x0, 0x1f,
    0xff, 0x50, 0x0, 0x0, 0xff, 0xf5, 0x0, 0x0,
    0xf, 0xff, 0x50, 0x0, 0x1, 0xff, 0xf4, 0x0,
    0x0, 0x3f, 0xff, 0x30, 0x0, 0x6, 0xff, 0xf0,
    0x0, 0x0, 0xaf, 0xfc, 0x0, 0x0, 0xe, 0xff,
    0x80, 0x0, 0x3, 0xff, 0xf2, 0x0, 0x0, 0x9f,
    0xfb, 0x0, 0x0, 0x1f, 0xff, 0x30, 0x0, 0x9,
    0xff, 0xb0, 0x0, 0x2, 0xff, 0xf2, 0x0, 0x0,
    0xcf, 0xf7, 0x0, 0x0,

    /* U+002A "*" */
    0x0, 0x0, 0x8f, 0xf3, 0x0, 0x0, 0x0, 0x6,
    0xff, 0x10, 0x0, 0x7, 0xa2, 0x4f, 0xf0, 0x4c,
    0x30, 0xdf, 0xfc, 0xff, 0xdf, 0xf9, 0x1c, 0xff,
    0xff, 0xff, 0xfe, 0x90, 0x0, 0x4f, 0xff, 0xd1,
    0x0, 0x0, 0x1d, 0xfd, 0xff, 0x90, 0x0, 0xc,
    0xff, 0x48, 0xff, 0x80, 0x0, 0x4e, 0xb0, 0xe,
    0xc2, 0x0, 0x0, 0x12, 0x0, 0x30, 0x0,

    /* U+002B "+" */
    0x0, 0x0, 0x0, 0xff, 0xc0, 0x0, 0x0, 0x0,
    0x0, 0x0, 0xf, 0xfc, 0x0, 0x0, 0x0, 0x0,
    0x0, 0x0, 0xff, 0xc0, 0x0, 0x0, 0x0, 0x0,
    0x0, 0xf, 0xfc, 0x0, 0x0, 0x0, 0x0, 0x0,
    0x0, 0xff, 0xc0, 0x0, 0x0, 0x3, 0xff, 0xff,
    0xff, 0xff, 0xff, 0xff, 0xf0, 0x3f, 0xff, 0xff,
    0xff, 0xff, 0xff, 0xff, 0x2, 0xbb, 0xbb, 0xbf,
    0xff, 0xbb, 0xbb, 0xb0, 0x0, 0x0, 0x0, 0xff,
    0xc0, 0x0, 0x0, 0x0, 0x0, 0x0, 0xf, 0xfc,
    0x0, 0x0, 0x0, 0x0, 0x0, 0x0, 0xff, 0xc0,
    0x0, 0x0, 0x0, 0x0, 0x0, 0xf, 0xfc, 0x0,
    0x0, 0x0, 0x0, 0x0, 0x0, 0xff, 0xb0, 0x0,
    0x0, 0x0,

    /* U+002C "," */
    0x0, 0x3, 0x44, 0x10, 0x0, 0xef, 0xf3, 0x0,
    0xf, 0xff, 0x0, 0x4, 0xff, 0xb0, 0x0, 0x9f,
    0xf5, 0x0, 0xe, 0xfe, 0x0, 0x6, 0xff, 0x60,
    0x0, 0xef, 0xc0, 0x0,

    /* U+002D "-" */
    0x29, 0x99, 0x99, 0x99, 0x63, 0xff, 0xff, 0xff,
    0xfa, 0x3f, 0xff, 0xff, 0xff, 0xa0,

    /* U+002E "." */
    0x0, 0x0, 0x9, 0xff, 0xd0, 0xef, 0xff, 0x3e,
    0xff, 0xf3, 0x7f, 0xfb, 0x0,

    /* U+002F "/" */
    0x0, 0x0, 0x0, 0x6, 0xff, 0x10, 0x0, 0x0,
    0x0, 0xcf, 0xb0, 0x0, 0x0, 0x0, 0x2f, 0xf5,
    0x0, 0x0, 0x0, 0x8, 0xff, 0x0, 0x0, 0x0,
    0x0, 0xef, 0x90, 0x0, 0x0, 0x0, 0x4f, 0xf3,
    0x0, 0x0, 0x0, 0xa, 0xfd, 0x0, 0x0, 0x0,
    0x0, 0xff, 0x70, 0x0, 0x0, 0x0, 0x6f, 0xf2,
    0x0, 0x0, 0x0, 0xc, 0xfb, 0x0, 0x0, 0x0,
    0x2, 0xff, 0x60, 0x0, 0x0, 0x0, 0x7f, 0xf0,
    0x0, 0x0, 0x0, 0xd, 0xfa, 0x0, 0x0, 0x0,
    0x3, 0xff, 0x40, 0x0, 0x0, 0x0, 0x9f, 0xe0,
    0x0, 0x0, 0x0, 0xf, 0xf8, 0x0, 0x0, 0x0,
    0x5, 0xff, 0x20, 0x0, 0x0, 0x0, 0xbf, 0xc0,
    0x0, 0x0, 0x0, 0x1f, 0xf6, 0x0, 0x0, 0x0,
    0x0,

    /* U+0030 "0" */
    0x0, 0x5, 0xbe, 0xfe, 0xc7, 0x0, 0x0, 0xb,
    0xff, 0xff, 0xff, 0xfd, 0x10, 0x7, 0xff, 0xfe,
    0xce, 0xff, 0xfa, 0x0, 0xff, 0xfa, 0x0, 0x7,
    0xff, 0xf2, 0x4f, 0xff, 0x10, 0x0, 0xd, 0xff,
    0x78, 0xff, 0xc0, 0x0, 0x0, 0x8f, 0xfb, 0xaf,
    0xf9, 0x0, 0x0, 0x6, 0xff, 0xdb, 0xff, 0x80,
    0x0, 0x0, 0x5f, 0xfe, 0xcf, 0xf8, 0x0, 0x0,
    0x4, 0xff, 0xfc, 0xff, 0x80, 0x0, 0x0, 0x4f,
    0xff, 0xbf, 0xf8, 0x0, 0x0, 0x5, 0xff, 0xea,
    0xff, 0x90, 0x0, 0x0, 0x6f, 0xfd, 0x8f, 0xfc,
    0x0, 0x0, 0x8, 0xff, 0xb4, 0xff, 0xf0, 0x0,
    0x0, 0xdf, 0xf7, 0xf, 0xff, 0x90, 0x0, 0x7f,
    0xff, 0x20, 0x7f, 0xff, 0xec, 0xef, 0xff, 0xa0,
    0x0, 0xbf, 0xff, 0xff, 0xff, 0xd1, 0x0, 0x0,
    0x6b, 0xef, 0xec, 0x70, 0x0,

    /* U+0031 "1" */
    0x1, 0x48, 0xbe, 0xff, 0x47, 0xff, 0xff, 0xff,
    0xf4, 0x7f, 0xff, 0xff, 0xff, 0x46, 0xa7, 0x41,
    0xff, 0xf4, 0x0, 0x0, 0xf, 0xff, 0x40, 0x0,
    0x0, 0xff, 0xf4, 0x0, 0x0, 0xf, 0xff, 0x40,
    0x0, 0x0, 0xff, 0xf4, 0x0, 0x0, 0xf, 0xff,
    0x40, 0x0, 0x0, 0xff, 0xf4, 0x0, 0x0, 0xf,
    0xff, 0x40, 0x0, 0x0, 0xff, 0xf4, 0x0, 0x0,
    0xf, 0xff, 0x40, 0x0, 0x0, 0xff, 0xf4, 0x0,
    0x0, 0xf, 0xff, 0x40, 0x0, 0x0, 0xff, 0xf4,
    0x0, 0x0, 0xf, 0xff, 0x40, 0x0, 0x0, 0xff,
    0xf4,

    /* U+0032 "2" */
    0x3, 0xad, 0xef, 0xfe, 0xb5, 0x0, 0x0, 0x7f,
    0xff, 0xff, 0xff, 0xfc, 0x0, 0x7, 0xfd, 0xbb,
    0xcf, 0xff, 0xf9, 0x0, 0x10, 0x0, 0x0, 0x1d,
    0xff, 0xf0, 0x0, 0x0, 0x0, 0x0, 0x4f, 0xff,
    0x20, 0x0, 0x0, 0x0, 0x2, 0xff, 0xf2, 0x0,
    0x0, 0x0, 0x0, 0x5f, 0xff, 0x10, 0x0, 0x0,
    0x0, 0xb, 0xff, 0xc0, 0x0, 0x0, 0x0, 0x6,
    0xff, 0xf5, 0x0, 0x0, 0x0, 0x4, 0xff, 0xfa,
    0x0, 0x0, 0x0, 0x4, 0xff, 0xfc, 0x0, 0x0,
    0x0, 0x6, 0xff, 0xfc, 0x0, 0x0, 0x0, 0x8,
    0xff, 0xfa, 0x0, 0x0, 0x0, 0xb, 0xff, 0xf8,
    0x0, 0x0, 0x0, 0x2d, 0xff, 0xf5, 0x0, 0x0,
    0x0, 0xa, 0xff, 0xfe, 0xcc, 0xcc, 0xcc, 0xc9,
    0xaf, 0xff, 0xff, 0xff, 0xff, 0xff, 0xca, 0xff,
    0xff, 0xff, 0xff, 0xff, 0xfc,

    /* U+0033 "3" */
    0x4, 0xbd, 0xef, 0xfd, 0x93, 0x0, 0x0, 0x7f,
    0xff, 0xff, 0xff, 0xf8, 0x0, 0x7, 0xec, 0xaa,
    0xcf, 0xff, 0xf4, 0x0, 0x0, 0x0, 0x0, 0x2e,
    0xff, 0xa0, 0x0, 0x0, 0x0, 0x0, 0x8f, 0xfc,
    0x0, 0x0, 0x0, 0x0, 0x8, 0xff, 0xb0, 0x0,
    0x0, 0x0, 0x2, 0xef, 0xf6, 0x0, 0x1, 0x77,
    0x9c, 0xff, 0xfa, 0x0, 0x0, 0x2f, 0xff, 0xff,
    0xf5, 0x0, 0x0, 0x2, 0xff, 0xff, 0xff, 0xf9,
    0x0, 0x0, 0x0, 0x1, 0x38, 0xff, 0xf9, 0x0,
    0x0, 0x0, 0x0, 0x6, 0xff, 0xf1, 0x0, 0x0,
    0x0, 0x0, 0x2f, 0xff, 0x30, 0x0, 0x0, 0x0,
    0x3, 0xff, 0xf3, 0x0, 0x0, 0x0, 0x3, 0xdf,
    0xff, 0x3, 0xfc, 0xba, 0xbd, 0xff, 0xff, 0x80,
    0x3f, 0xff, 0xff, 0xff, 0xff, 0x90, 0x2, 0xce,
    0xff, 0xfe, 0xc8, 0x30, 0x0,

    /* U+0034 "4" */
    0x0, 0x0, 0x0, 0x2, 0xff, 0xff, 0x10, 0x0,
    0x0, 0x0, 0x0, 0xcf, 0xff, 0xf1, 0x0, 0x0,
    0x0, 0x0, 0x8f, 0xff, 0xff, 0x10, 0x0, 0x0,
    0x0, 0x3f, 0xfc, 0xff, 0xf1, 0x0, 0x0, 0x0,
    0xd, 0xff, 0x2f, 0xff, 0x10, 0x0, 0x0, 0x9,
    0xff, 0x61, 0xff, 0xf1, 0x0, 0x0, 0x4, 0xff,
    0xb0, 0x1f, 0xff, 0x10, 0x0, 0x1, 0xef, 0xf1,
    0x1, 0xff, 0xf1, 0x0, 0x0, 0xaf, 0xf6, 0x0,
    0x1f, 0xff, 0x10, 0x0, 0x6f, 0xfb, 0x0, 0x1,
    0xff, 0xf1, 0x0, 0x1f, 0xfe, 0x10, 0x0, 0x1f,
    0xff, 0x10, 0x4, 0xff, 0xeb, 0xbb, 0xbc, 0xff,
    0xfc, 0xb1, 0x4f, 0xff, 0xff, 0xff, 0xff, 0xff,
    0xff, 0x24, 0xff, 0xff, 0xff, 0xff, 0xff, 0xff,
    0xf2, 0x0, 0x0, 0x0, 0x0, 0x1f, 0xff, 0x10,
    0x0, 0x0, 0x0, 0x0, 0x1, 0xff, 0xf1, 0x0,
    0x0, 0x0, 0x0, 0x0, 0x1f, 0xff, 0x10, 0x0,
    0x0, 0x0, 0x0, 0x1, 0xff, 0xf1, 0x0,

    /* U+0035 "5" */
    0xb, 0xff, 0xff, 0xff, 0xff, 0x60, 0xd, 0xff,
    0xff, 0xff, 0xff, 0x60, 0xf, 0xff, 0xcc, 0xcc,
    0xcc, 0x40, 0x1f, 0xfd, 0x0, 0x0, 0x0, 0x0,
    0x3f, 0xfb, 0x0, 0x0, 0x0, 0x0, 0x5f, 0xf8,
    0x0, 0x0, 0x0, 0x0, 0x7f, 0xf9, 0x66, 0x53,
    0x0, 0x0, 0xaf, 0xff, 0xff, 0xff, 0xe6, 0x0,
    0xcf, 0xff, 0xff, 0xff, 0xff, 0x80, 0x43, 0x10,
    0x2, 0x6e, 0xff, 0xf1, 0x0, 0x0, 0x0, 0x2,
    0xff, 0xf6, 0x0, 0x0, 0x0, 0x0, 0xdf, 0xf8,
    0x0, 0x0, 0x0, 0x0, 0xdf, 0xf8, 0x0, 0x0,
    0x0, 0x1, 0xff, 0xf6, 0x0, 0x0, 0x0, 0x2c,
    0xff, 0xf2, 0xdd, 0xba, 0xbd, 0xff, 0xff, 0x90,
    0xdf, 0xff, 0xff, 0xff, 0xf9, 0x0, 0x9d, 0xff,
    0xfe, 0xc8, 0x20, 0x0,

    /* U+0036 "6" */
    0x0, 0x0, 0x1, 0x6a, 0xde, 0x70, 0x0, 0x0,
    0x7, 0xff, 0xff, 0xf7, 0x0, 0x0, 0xb, 0xff,
    0xff, 0xfd, 0x60, 0x0, 0xa, 0xff, 0xf9, 0x30,
    0x0, 0x0, 0x4, 0xff, 0xf4, 0x0, 0x0, 0x0,
    0x0, 0xbf, 0xf7, 0x0, 0x0, 0x0, 0x0, 0x1f,
    0xff, 0x1, 0x56, 0x41, 0x0, 0x5, 0xff, 0xdb,
    0xff, 0xff, 0xfa, 0x10, 0x8f, 0xff, 0xff, 0xff,
    0xff, 0xfc, 0x9, 0xff, 0xf9, 0x20, 0x17, 0xff,
    0xf6, 0xaf, 0xfc, 0x0, 0x0, 0x9, 0xff, 0xba,
    0xff, 0x70, 0x0, 0x0, 0x4f, 0xfd, 0x9f, 0xf7,
    0x0, 0x0, 0x3, 0xff, 0xd6, 0xff, 0xb0, 0x0,
    0x0, 0x6f, 0xfb, 0x2f, 0xff, 0x40, 0x0, 0x2e,
    0xff, 0x70, 0xaf, 0xff, 0xb9, 0xbf, 0xff, 0xe1,
    0x0, 0xcf, 0xff, 0xff, 0xff, 0xe3, 0x0, 0x0,
    0x6b, 0xef, 0xfc, 0x81, 0x0,

    /* U+0037 "7" */
    0x9f, 0xff, 0xff, 0xff, 0xff, 0xff, 0x79, 0xff,
    0xff, 0xff, 0xff, 0xff, 0xf7, 0x7c, 0xcc, 0xcc,
    0xcc, 0xce, 0xff, 0x70, 0x0, 0x0, 0x0, 0x0,
    0xef, 0xf4, 0x0, 0x0, 0x0, 0x0, 0x6f, 0xfd,
    0x0, 0x0, 0x0, 0x0, 0xd, 0xff, 0x60, 0x0,
    0x0, 0x0, 0x5, 0xff, 0xe0, 0x0, 0x0, 0x0,
    0x0, 0xcf, 0xf7, 0x0, 0x0, 0x0, 0x0, 0x4f,
    0xff, 0x10, 0x0, 0x0, 0x0, 0xc, 0xff, 0x90,
    0x0, 0x0, 0x0, 0x3, 0xff, 0xf1, 0x0, 0x0,
    0x0, 0x0, 0xbf, 0xfa, 0x0, 0x0, 0x0, 0x0,
    0x2f, 0xff, 0x30, 0x0, 0x0, 0x0, 0xa, 0xff,
    0xb0, 0x0, 0x0, 0x0, 0x1, 0xff, 0xf4, 0x0,
    0x0, 0x0, 0x0, 0x9f, 0xfd, 0x0, 0x0, 0x0,
    0x0, 0x1f, 0xff, 0x50, 0x0, 0x0, 0x0, 0x8,
    0xff, 0xe0, 0x0, 0x0, 0x0,

    /* U+0038 "8" */
    0x0, 0x17, 0xce, 0xff, 0xd8, 0x10, 0x0, 0x2,
    0xef, 0xff, 0xff, 0xff, 0xf4, 0x0, 0xc, 0xff,
    0xfa, 0x89, 0xef, 0xfe, 0x0, 0x2f, 0xff, 0x20,
    0x0, 0x1d, 0xff, 0x50, 0x4f, 0xfb, 0x0, 0x0,
    0x8, 0xff, 0x70, 0x3f, 0xfb, 0x0, 0x0, 0x8,
    0xff, 0x50, 0xe, 0xff, 0x10, 0x0, 0xe, 0xff,
    0x20, 0x5, 0xff, 0xe8, 0x68, 0xef, 0xf8, 0x0,
    0x0, 0x4f, 0xff, 0xff, 0xff, 0x50, 0x0, 0x3,
    0xdf, 0xff, 0xff, 0xff, 0xe5, 0x0, 0x1f, 0xff,
    0x72, 0x1, 0x6e, 0xff, 0x40, 0x9f, 0xf8, 0x0,
    0x0, 0x5, 0xff, 0xc0, 0xdf, 0xf4, 0x0, 0x0,
    0x1, 0xff, 0xf0, 0xdf, 0xf4, 0x0, 0x0, 0x1,
    0xff, 0xf0, 0xaf, 0xfc, 0x0, 0x0, 0xa, 0xff,
    0xd0, 0x4f, 0xff, 0xfb, 0x9a, 0xef, 0xff, 0x70,
    0x8, 0xff, 0xff, 0xff, 0xff, 0xfa, 0x0, 0x0,
    0x39, 0xdf, 0xff, 0xda, 0x40, 0x0,

    /* U+0039 "9" */
    0x0, 0x6, 0xbe, 0xfe, 0xc7, 0x0, 0x0, 0x1d,
    0xff, 0xff, 0xff, 0xfd, 0x10, 0xc, 0xff, 0xfb,
    0x9b, 0xff, 0xfb, 0x4, 0xff, 0xf3, 0x0, 0x3,
    0xff, 0xf3, 0x9f, 0xf9, 0x0, 0x0, 0x9, 0xff,
    0x8a, 0xff, 0x50, 0x0, 0x0, 0x5f, 0xfb, 0xaf,
    0xf6, 0x0, 0x0, 0x5, 0xff, 0xc8, 0xff, 0xa0,
    0x0, 0x0, 0x9f, 0xfc, 0x4f, 0xff, 0x82, 0x1,
    0x7f, 0xff, 0xc0, 0xbf, 0xff, 0xff, 0xff, 0xff,
    0xfb, 0x0, 0x8f, 0xff, 0xff, 0xcb, 0xff, 0x80,
    0x0, 0x3, 0x55, 0x20, 0xcf, 0xf5, 0x0, 0x0,
    0x0, 0x0, 0x3f, 0xff, 0x0, 0x0, 0x0, 0x0,
    0x2e, 0xff, 0x90, 0x0, 0x0, 0x1, 0x7f, 0xff,
    0xe1, 0x0, 0x3, 0xce, 0xff, 0xff, 0xe3, 0x0,
    0x0, 0x5f, 0xff, 0xff, 0xb2, 0x0, 0x0, 0x5,
    0xfd, 0xb8, 0x30, 0x0, 0x0,

    /* U+003A ":" */
    0x8f, 0xfc, 0xe, 0xff, 0xf2, 0xef, 0xff, 0x29,
    0xff, 0xd0, 0x0, 0x0, 0x0, 0x0, 0x0, 0x0,
    0x0, 0x0, 0x0, 0x0, 0x0, 0x0, 0x0, 0x0,
    0x0, 0x9f, 0xfd, 0xe, 0xff, 0xf2, 0xef, 0xff,
    0x28, 0xff, 0xb0,

    /* U+003B ";" */
    0x0, 0x8f, 0xfc, 0x0, 0xe, 0xff, 0xf2, 0x0,
    0xef, 0xff, 0x20, 0x9, 0xff, 0xd0, 0x0, 0x0,
    0x0, 0x0, 0x0, 0x0, 0x0, 0x0, 0x0, 0x0,
    0x0, 0x0, 0x0, 0x0, 0x0, 0x0, 0x0, 0x0,
    0x0, 0x0, 0x0, 0x0, 0x3f, 0xfe, 0x0, 0x5,
    0xff, 0xb0, 0x0, 0x9f, 0xf7, 0x0, 0xd, 0xff,
    0x10, 0x3, 0xff, 0xa0, 0x0, 0xaf, 0xf2, 0x0,
    0x2f, 0xf9, 0x0, 0x2, 0x44, 0x0, 0x0,

    /* U+003C "<" */
    0x0, 0x0, 0x0, 0x0, 0x0, 0x0, 0x18, 0x0,
    0x0, 0x0, 0x0, 0x0, 0x5, 0xbf, 0xf0, 0x0,
    0x0, 0x0, 0x2, 0x8e, 0xff, 0xff, 0x0, 0x0,
    0x0, 0x5b, 0xff, 0xff, 0xf9, 0x30, 0x0, 0x28,
    0xef, 0xff, 0xfc, 0x60, 0x0, 0x1, 0xbf, 0xff,
    0xfe, 0x82, 0x0, 0x0, 0x0, 0x3f, 0xff, 0xb5,
    0x0, 0x0, 0x0, 0x0, 0x3, 0xff, 0x70, 0x0,
    0x0, 0x0, 0x0, 0x0, 0x3f, 0xff, 0xf9, 0x30,
    0x0, 0x0, 0x0, 0x0, 0x7d, 0xff, 0xff, 0xd7,
    0x10, 0x0, 0x0, 0x0, 0x3, 0xaf, 0xff, 0xff,
    0xa4, 0x0, 0x0, 0x0, 0x0, 0x17, 0xdf, 0xff,
    0xfe, 0x80, 0x0, 0x0, 0x0, 0x0, 0x3a, 0xff,
    0xff, 0x0, 0x0, 0x0, 0x0, 0x0, 0x1, 0x7d,
    0xf0, 0x0, 0x0, 0x0, 0x0, 0x0, 0x0, 0x3,
    0x0,

    /* U+003D "=" */
    0x3f, 0xff, 0xff, 0xff, 0xff, 0xff, 0xff, 0x3,
    0xff, 0xff, 0xff, 0xff, 0xff, 0xff, 0xf0, 0x2c,
    0xcc, 0xcc, 0xcc, 0xcc, 0xcc, 0xcc, 0x0, 0x0,
    0x0, 0x0, 0x0, 0x0, 0x0, 0x0, 0x0, 0x0,
    0x0, 0x0, 0x0, 0x0, 0x0, 0x0, 0x0, 0x0,
    0x0, 0x0, 0x0, 0x0, 0x0, 0x2c, 0xcc, 0xcc,
    0xcc, 0xcc, 0xcc, 0xcc, 0x3, 0xff, 0xff, 0xff,
    0xff, 0xff, 0xff, 0xf0, 0x3f, 0xff, 0xff, 0xff,
    0xff, 0xff, 0xff, 0x0,

    /* U+003E ">" */
    0x27, 0x10, 0x0, 0x0, 0x0, 0x0, 0x0, 0x3,
    0xff, 0xa3, 0x0, 0x0, 0x0, 0x0, 0x0, 0x3f,
    0xff, 0xfd, 0x71, 0x0, 0x0, 0x0, 0x0, 0x4a,
    0xff, 0xff, 0xfa, 0x40, 0x0, 0x0, 0x0, 0x1,
    0x7d, 0xff, 0xff, 0xd7, 0x10, 0x0, 0x0, 0x0,
    0x3, 0x9f, 0xff, 0xff, 0xa0, 0x0, 0x0, 0x0,
    0x0, 0x6, 0xcf, 0xff, 0x0, 0x0, 0x0, 0x0,
    0x0, 0x1, 0x9f, 0xf0, 0x0, 0x0, 0x0, 0x0,
    0x4a, 0xff, 0xff, 0x0, 0x0, 0x0, 0x28, 0xef,
    0xff, 0xfc, 0x60, 0x0, 0x5, 0xbf, 0xff, 0xfe,
    0x92, 0x0, 0x1, 0x9e, 0xff, 0xff, 0xc6, 0x0,
    0x0, 0x0, 0x3f, 0xff, 0xe9, 0x20, 0x0, 0x0,
    0x0, 0x3, 0xfc, 0x50, 0x0, 0x0, 0x0, 0x0,
    0x0, 0x12, 0x0, 0x0, 0x0, 0x0, 0x0, 0x0,
    0x0,

    /* U+003F "?" */
    0x9d, 0xef, 0xfe, 0xc8, 0x10, 0xff, 0xff, 0xff,
    0xff, 0xe1, 0xff, 0xdc, 0xdf, 0xff, 0xf8, 0x20,
    0x0, 0x2, 0xef, 0xfc, 0x0, 0x0, 0x0, 0xbf,
    0xfd, 0x0, 0x0, 0x0, 0xbf, 0xfc, 0x0, 0x0,
    0x2, 0xff, 0xf8, 0x0, 0x0, 0x2e, 0xff, 0xe1,
    0x0, 0x3, 0xff, 0xfe, 0x30, 0x0, 0xe, 0xff,
    0xc1, 0x0, 0x0, 0x4f, 0xfd, 0x0, 0x0, 0x0,
    0x5f, 0xf7, 0x0, 0x0, 0x0, 0x15, 0x52, 0x0,
    0x0, 0x0, 0x0, 0x0, 0x0, 0x0, 0x0, 0x6d,
    0xd9, 0x0, 0x0, 0x0, 0xef, 0xff, 0x10, 0x0,
    0x0, 0xef, 0xff, 0x10, 0x0, 0x0, 0x8f, 0xfa,
    0x0, 0x0,

    /* U+0040 "@" */
    0x0, 0x0, 0x0, 0x5, 0xad, 0xef, 0xec, 0x94,
    0x0, 0x0, 0x0, 0x0, 0x0, 0x7e, 0xff, 0xff,
    0xff, 0xff, 0xfc, 0x20, 0x0, 0x0, 0x1, 0xcf,
    0xff, 0xc8, 0x65, 0x69, 0xef, 0xff, 0x40, 0x0,
    0x1, 0xdf, 0xfb, 0x20, 0x0, 0x0, 0x0, 0x6f,
    0xfe, 0x10, 0x0, 0xcf, 0xf8, 0x0, 0x0, 0x0,
    0x0, 0x0, 0x4f, 0xf9, 0x0, 0x6f, 0xf9, 0x0,
    0x6, 0xdf, 0xd5, 0xcf, 0xa0, 0xbf, 0xf0, 0xe,
    0xfe, 0x0, 0xb, 0xff, 0xff, 0xff, 0xf7, 0x5,
    0xff, 0x44, 0xff, 0x70, 0x8, 0xff, 0xa3, 0x6f,
    0xff, 0x40, 0x2f, 0xf6, 0x9f, 0xf2, 0x1, 0xff,
    0xc0, 0x0, 0xbf, 0xf1, 0x1, 0xff, 0x6b, 0xfe,
    0x0, 0x6f, 0xf5, 0x0, 0x9, 0xfe, 0x0, 0x1f,
    0xf6, 0xdf, 0xc0, 0x9, 0xff, 0x0, 0x0, 0xbf,
    0xb0, 0x3, 0xff, 0x4e, 0xfb, 0x0, 0xaf, 0xe0,
    0x0, 0xf, 0xf9, 0x0, 0x6f, 0xf1, 0xdf, 0xc0,
    0x9, 0xff, 0x0, 0x7, 0xff, 0x80, 0xb, 0xfc,
    0xb, 0xfe, 0x0, 0x7f, 0xf9, 0x37, 0xff, 0xfe,
    0x38, 0xff, 0x40, 0x7f, 0xf3, 0x0, 0xef, 0xff,
    0xff, 0xaf, 0xff, 0xff, 0x90, 0x2, 0xff, 0xa0,
    0x2, 0xbf, 0xfc, 0x50, 0x5d, 0xfd, 0x60, 0x0,
    0xb, 0xff, 0x60, 0x0, 0x0, 0x0, 0x0, 0x0,
    0x0, 0x0, 0x0, 0x2e, 0xff, 0x91, 0x0, 0x0,
    0x0, 0x0, 0x0, 0x0, 0x0, 0x0, 0x3e, 0xff,
    0xfb, 0x86, 0x55, 0x67, 0xad, 0x20, 0x0, 0x0,
    0x0, 0x1a, 0xff, 0xff, 0xff, 0xff, 0xff, 0xf3,
    0x0, 0x0, 0x0, 0x0, 0x1, 0x7a, 0xde, 0xff,
    0xdc, 0x95, 0x0, 0x0, 0x0,

    /* U+0041 "A" */
    0x0, 0x0, 0x0, 0x4f, 0xff, 0xfa, 0x0, 0x0,
    0x0, 0x0, 0x0, 0x0, 0xa, 0xff, 0xff, 0xf1,
    0x0, 0x0, 0x0, 0x0, 0x0, 0x0, 0xff, 0xff,
    0xff, 0x60, 0x0, 0x0, 0x0, 0x0, 0x0, 0x6f,
    0xfd, 0x7f, 0xfc, 0x0, 0x0, 0x0, 0x0, 0x0,
    0xc, 0xff, 0x72, 0xff, 0xf2, 0x0, 0x0, 0x0,
    0x0, 0x2, 0xff, 0xf1, 0xc, 0xff, 0x80, 0x0,
    0x0, 0x0, 0x0, 0x8f, 0xfb, 0x0, 0x6f, 0xfe,
    0x0, 0x0, 0x0, 0x0, 0xe, 0xff, 0x50, 0x1,
    0xff, 0xf4, 0x0, 0x0, 0x0, 0x4, 0xff, 0xf0,
    0x0, 0xb, 0xff, 0xa0, 0x0, 0x0, 0x0, 0xaf,
    0xfa, 0x0, 0x0, 0x5f, 0xff, 0x0, 0x0, 0x0,
    0xf, 0xff, 0xec, 0xcc, 0xcd, 0xff, 0xf6, 0x0,
    0x0, 0x6, 0xff, 0xff, 0xff, 0xff, 0xff, 0xff,
    0xc0, 0x0, 0x0, 0xcf, 0xff, 0xff, 0xff, 0xff,
    0xff, 0xff, 0x20, 0x0, 0x2f, 0xff, 0x30, 0x0,
    0x0, 0x0, 0xef, 0xf8, 0x0, 0x8, 0xff, 0xd0,
    0x0, 0x0, 0x0, 0x9, 0xff, 0xe0, 0x0, 0xef,
    0xf8, 0x0, 0x0, 0x0, 0x0, 0x3f, 0xff, 0x40,
    0x4f, 0xff, 0x20, 0x0, 0x0, 0x0, 0x0, 0xef,
    0xfa, 0xa, 0xff, 0xd0, 0x0, 0x0, 0x0, 0x0,
    0x9, 0xff, 0xf0,

    /* U+0042 "B" */
    0xef, 0xff, 0xff, 0xfe, 0xc8, 0x20, 0xe, 0xff,
    0xff, 0xff, 0xff, 0xff, 0x40, 0xef, 0xfd, 0xbb,
    0xce, 0xff, 0xfe, 0xe, 0xff, 0x80, 0x0, 0x9,
    0xff, 0xf4, 0xef, 0xf8, 0x0, 0x0, 0xf, 0xff,
    0x6e, 0xff, 0x80, 0x0, 0x0, 0xff, 0xf6, 0xef,
    0xf8, 0x0, 0x0, 0x2f, 0xff, 0x3e, 0xff, 0x80,
    0x1, 0x4d, 0xff, 0xc0, 0xef, 0xff, 0xff, 0xff,
    0xff, 0xa1, 0xe, 0xff, 0xff, 0xff, 0xff, 0xfa,
    0x30, 0xef, 0xfc, 0x77, 0x8a, 0xef, 0xff, 0x3e,
    0xff, 0x80, 0x0, 0x0, 0xcf, 0xfb, 0xef, 0xf8,
    0x0, 0x0, 0x8, 0xff, 0xee, 0xff, 0x80, 0x0,
    0x0, 0x8f, 0xfe, 0xef, 0xf8, 0x0, 0x0, 0x2d,
    0xff, 0xde, 0xff, 0xdb, 0xbb, 0xdf, 0xff, 0xf7,
    0xef, 0xff, 0xff, 0xff, 0xff, 0xfb, 0xe, 0xff,
    0xff, 0xff, 0xfd, 0xa5, 0x0,

    /* U+0043 "C" */
    0x0, 0x0, 0x17, 0xbe, 0xff, 0xfd, 0xa2, 0x0,
    0x6, 0xff, 0xff, 0xff, 0xff, 0xf6, 0x0, 0x7f,
    0xff, 0xff, 0xee, 0xff, 0xf6, 0x2, 0xff, 0xff,
    0x71, 0x0, 0x0, 0x42, 0xa, 0xff, 0xf5, 0x0,
    0x0, 0x0, 0x0, 0xe, 0xff, 0xc0, 0x0, 0x0,
    0x0, 0x0, 0x2f, 0xff, 0x80, 0x0, 0x0, 0x0,
    0x0, 0x4f, 0xff, 0x50, 0x0, 0x0, 0x0, 0x0,
    0x5f, 0xff, 0x40, 0x0, 0x0, 0x0, 0x0, 0x5f,
    0xff, 0x40, 0x0, 0x0, 0x0, 0x0, 0x4f, 0xff,
    0x50, 0x0, 0x0, 0x0, 0x0, 0x3f, 0xff, 0x70,
    0x0, 0x0, 0x0, 0x0, 0xf, 0xff, 0xc0, 0x0,
    0x0, 0x0, 0x0, 0xb, 0xff, 0xf4, 0x0, 0x0,
    0x0, 0x0, 0x4, 0xff, 0xff, 0x61, 0x0, 0x1,
    0x54, 0x0, 0xaf, 0xff, 0xff, 0xff, 0xff, 0xf9,
    0x0, 0x9, 0xff, 0xff, 0xff, 0xff, 0xf9, 0x0,
    0x0, 0x38, 0xce, 0xff, 0xec, 0x93,

    /* U+0044 "D" */
    0xef, 0xff, 0xff, 0xfe, 0xca, 0x50, 0x0, 0xe,
    0xff, 0xff, 0xff, 0xff, 0xff, 0xd2, 0x0, 0xef,
    0xfe, 0xdd, 0xdf, 0xff, 0xff, 0xe1, 0xe, 0xff,
    0x80, 0x0, 0x3, 0xcf, 0xff, 0xa0, 0xef, 0xf8,
    0x0, 0x0, 0x0, 0xcf, 0xff, 0x1e, 0xff, 0x80,
    0x0, 0x0, 0x4, 0xff, 0xf6, 0xef, 0xf8, 0x0,
    0x0, 0x0, 0xf, 0xff, 0x9e, 0xff, 0x80, 0x0,
    0x0, 0x0, 0xdf, 0xfa, 0xef, 0xf8, 0x0, 0x0,
    0x0, 0xc, 0xff, 0xbe, 0xff, 0x80, 0x0, 0x0,
    0x0, 0xcf, 0xfb, 0xef, 0xf8, 0x0, 0x0, 0x0,
    0xd, 0xff, 0xae, 0xff, 0x80, 0x0, 0x0, 0x0,
    0xff, 0xf8, 0xef, 0xf8, 0x0, 0x0, 0x0, 0x5f,
    0xff, 0x5e, 0xff, 0x80, 0x0, 0x0, 0xd, 0xff,
    0xf1, 0xef, 0xf8, 0x0, 0x0, 0x4d, 0xff, 0xf8,
    0xe, 0xff, 0xfe, 0xee, 0xff, 0xff, 0xfc, 0x0,
    0xef, 0xff, 0xff, 0xff, 0xff, 0xfb, 0x10, 0xe,
    0xff, 0xff, 0xff, 0xec, 0x93, 0x0, 0x0,

    /* U+0045 "E" */
    0xef, 0xff, 0xff, 0xff, 0xff, 0xd0, 0xef, 0xff,
    0xff, 0xff, 0xff, 0xd0, 0xef, 0xff, 0xee, 0xee,
    0xee, 0xb0, 0xef, 0xf8, 0x0, 0x0, 0x0, 0x0,
    0xef, 0xf8, 0x0, 0x0, 0x0, 0x0, 0xef, 0xf8,
    0x0, 0x0, 0x0, 0x0, 0xef, 0xf8, 0x0, 0x0,
    0x0, 0x0, 0xef, 0xfe, 0xcc, 0xcc, 0xcc, 0x30,
    0xef, 0xff, 0xff, 0xff, 0xff, 0x40, 0xef, 0xff,
    0xff, 0xff, 0xff, 0x40, 0xef, 0xf8, 0x0, 0x0,
    0x0, 0x0, 0xef, 0xf8, 0x0, 0x0, 0x0, 0x0,
    0xef, 0xf8, 0x0, 0x0, 0x0, 0x0, 0xef, 0xf8,
    0x0, 0x0, 0x0, 0x0, 0xef, 0xf8, 0x0, 0x0,
    0x0, 0x0, 0xef, 0xff, 0xee, 0xee, 0xee, 0xe4,
    0xef, 0xff, 0xff, 0xff, 0xff, 0xf4, 0xef, 0xff,
    0xff, 0xff, 0xff, 0xf4,

    /* U+0046 "F" */
    0xef, 0xff, 0xff, 0xff, 0xff, 0xde, 0xff, 0xff,
    0xff, 0xff, 0xfd, 0xef, 0xff, 0xee, 0xee, 0xee,
    0xbe, 0xff, 0x80, 0x0, 0x0, 0x0, 0xef, 0xf8,
    0x0, 0x0, 0x0, 0xe, 0xff, 0x80, 0x0, 0x0,
    0x0, 0xef, 0xf8, 0x0, 0x0, 0x0, 0xe, 0xff,
    0x80, 0x0, 0x0, 0x0, 0xef, 0xff, 0xff, 0xff,
    0xff, 0x4e, 0xff, 0xff, 0xff, 0xff, 0xf4, 0xef,
    0xff, 0xee, 0xee, 0xee, 0x4e, 0xff, 0x80, 0x0,
    0x0, 0x0, 0xef, 0xf8, 0x0, 0x0, 0x0, 0xe,
    0xff, 0x80, 0x0, 0x0, 0x0, 0xef, 0xf8, 0x0,
    0x0, 0x0, 0xe, 0xff, 0x80, 0x0, 0x0, 0x0,
    0xef, 0xf8, 0x0, 0x0, 0x0, 0xe, 0xff, 0x80,
    0x0, 0x0, 0x0,

    /* U+0047 "G" */
    0x0, 0x0, 0x16, 0xad, 0xff, 0xfe, 0xc9, 0x20,
    0x0, 0x6, 0xff, 0xff, 0xff, 0xff, 0xff, 0x50,
    0x0, 0x6f, 0xff, 0xff, 0xfe, 0xef, 0xff, 0x50,
    0x2, 0xff, 0xff, 0x82, 0x0, 0x0, 0x26, 0x30,
    0x9, 0xff, 0xf6, 0x0, 0x0, 0x0, 0x0, 0x0,
    0xe, 0xff, 0xd0, 0x0, 0x0, 0x0, 0x0, 0x0,
    0x2f, 0xff, 0x80, 0x0, 0x0, 0x0, 0x0, 0x0,
    0x4f, 0xff, 0x60, 0x0, 0x0, 0x0, 0x0, 0x0,
    0x5f, 0xff, 0x50, 0x0, 0x5f, 0xff, 0xff, 0xf1,
    0x5f, 0xff, 0x50, 0x0, 0x5f, 0xff, 0xff, 0xf1,
    0x4f, 0xff, 0x50, 0x0, 0x4c, 0xcd, 0xff, 0xf1,
    0x3f, 0xff, 0x80, 0x0, 0x0, 0x1, 0xff, 0xf1,
    0xf, 0xff, 0xc0, 0x0, 0x0, 0x1, 0xff, 0xf1,
    0xb, 0xff, 0xf3, 0x0, 0x0, 0x1, 0xff, 0xf1,
    0x4, 0xff, 0xff, 0x60, 0x0, 0x1, 0xff, 0xf1,
    0x0, 0xaf, 0xff, 0xff, 0xed, 0xdf, 0xff, 0xf1,
    0x0, 0x9, 0xff, 0xff, 0xff, 0xff, 0xff, 0xf1,
    0x0, 0x0, 0x28, 0xce, 0xff, 0xed, 0xc9, 0x60,

    /* U+0048 "H" */
    0xef, 0xf8, 0x0, 0x0, 0x0, 0xb, 0xff, 0xae,
    0xff, 0x80, 0x0, 0x0, 0x0, 0xbf, 0xfa, 0xef,
    0xf8, 0x0, 0x0, 0x0, 0xb, 0xff, 0xae, 0xff,
    0x80, 0x0, 0x0, 0x0, 0xbf, 0xfa, 0xef, 0xf8,
    0x0, 0x0, 0x0, 0xb, 0xff, 0xae, 0xff, 0x80,
    0x0, 0x0, 0x0, 0xbf, 0xfa, 0xef, 0xf8, 0x0,
    0x0, 0x0, 0xb, 0xff, 0xae, 0xff, 0xec, 0xcc,
    0xcc, 0xcc, 0xff, 0xfa, 0xef, 0xff, 0xff, 0xff,
    0xff, 0xff, 0xff, 0xae, 0xff, 0xff, 0xff, 0xff,
    0xff, 0xff, 0xfa, 0xef, 0xf8, 0x0, 0x0, 0x0,
    0xb, 0xff, 0xae, 0xff, 0x80, 0x0, 0x0, 0x0,
    0xbf, 0xfa, 0xef, 0xf8, 0x0, 0x0, 0x0, 0xb,
    0xff, 0xae, 0xff, 0x80, 0x0, 0x0, 0x0, 0xbf,
    0xfa, 0xef, 0xf8, 0x0, 0x0, 0x0, 0xb, 0xff,
    0xae, 0xff, 0x80, 0x0, 0x0, 0x0, 0xbf, 0xfa,
    0xef, 0xf8, 0x0, 0x0, 0x0, 0xb, 0xff, 0xae,
    0xff, 0x80, 0x0, 0x0, 0x0, 0xbf, 0xfa,

    /* U+0049 "I" */
    0xef, 0xf8, 0xef, 0xf8, 0xef, 0xf8, 0xef, 0xf8,
    0xef, 0xf8, 0xef, 0xf8, 0xef, 0xf8, 0xef, 0xf8,
    0xef, 0xf8, 0xef, 0xf8, 0xef, 0xf8, 0xef, 0xf8,
    0xef, 0xf8, 0xef, 0xf8, 0xef, 0xf8, 0xef, 0xf8,
    0xef, 0xf8, 0xef, 0xf8,

    /* U+004A "J" */
    0x0, 0x0, 0xd, 0xff, 0x80, 0x0, 0x0, 0xdf,
    0xf8, 0x0, 0x0, 0xd, 0xff, 0x80, 0x0, 0x0,
    0xdf, 0xf8, 0x0, 0x0, 0xd, 0xff, 0x80, 0x0,
    0x0, 0xdf, 0xf8, 0x0, 0x0, 0xd, 0xff, 0x80,
    0x0, 0x0, 0xdf, 0xf8, 0x0, 0x0, 0xd, 0xff,
    0x80, 0x0, 0x0, 0xdf, 0xf8, 0x0, 0x0, 0xd,
    0xff, 0x80, 0x0, 0x0, 0xdf, 0xf8, 0x0, 0x0,
    0xd, 0xff, 0x80, 0x0, 0x0, 0xdf, 0xf8, 0x0,
    0x0, 0xd, 0xff, 0x80, 0x0, 0x0, 0xdf, 0xf8,
    0x0, 0x0, 0xd, 0xff, 0x80, 0x0, 0x0, 0xef,
    0xf8, 0x0, 0x0, 0x1f, 0xff, 0x60, 0x0, 0x9,
    0xff, 0xf3, 0x2c, 0xbe, 0xff, 0xfc, 0x3, 0xff,
    0xff, 0xfd, 0x20, 0x2e, 0xff, 0xd8, 0x10, 0x0,

    /* U+004B "K" */
    0xef, 0xf8, 0x0, 0x0, 0x3, 0xff, 0xfc, 0xe,
    0xff, 0x80, 0x0, 0x1, 0xef, 0xfe, 0x10, 0xef,
    0xf8, 0x0, 0x0, 0xbf, 0xff, 0x30, 0xe, 0xff,
    0x80, 0x0, 0x8f, 0xff, 0x60, 0x0, 0xef, 0xf8,
    0x0, 0x4f, 0xff, 0x90, 0x0, 0xe, 0xff, 0x80,
    0x2e, 0xff, 0xc0, 0x0, 0x0, 0xef, 0xf8, 0xc,
    0xff, 0xe1, 0x0, 0x0, 0xe, 0xff, 0xed, 0xff,
    0xf3, 0x0, 0x0, 0x0, 0xef, 0xff, 0xff, 0xf9,
    0x0, 0x0, 0x0, 0xe, 0xff, 0xff, 0xff, 0xf3,
    0x0, 0x0, 0x0, 0xef, 0xf8, 0x1e, 0xff, 0xd0,
    0x0, 0x0, 0xe, 0xff, 0x80, 0x5f, 0xff, 0xa0,
    0x0, 0x0, 0xef, 0xf8, 0x0, 0x9f, 0xff, 0x60,
    0x0, 0xe, 0xff, 0x80, 0x0, 0xdf, 0xff, 0x20,
    0x0, 0xef, 0xf8, 0x0, 0x3, 0xff, 0xfd, 0x0,
    0xe, 0xff, 0x80, 0x0, 0x7, 0xff, 0xfa, 0x0,
    0xef, 0xf8, 0x0, 0x0, 0xc, 0xff, 0xf5, 0xe,
    0xff, 0x80, 0x0, 0x0, 0x1f, 0xff, 0xf2,

    /* U+004C "L" */
    0xef, 0xf8, 0x0, 0x0, 0x0, 0xe, 0xff, 0x80,
    0x0, 0x0, 0x0, 0xef, 0xf8, 0x0, 0x0, 0x0,
    0xe, 0xff, 0x80, 0x0, 0x0, 0x0, 0xef, 0xf8,
    0x0, 0x0, 0x0, 0xe, 0xff, 0x80, 0x0, 0x0,
    0x0, 0xef, 0xf8, 0x0, 0x0, 0x0, 0xe, 0xff,
    0x80, 0x0, 0x0, 0x0, 0xef, 0xf8, 0x0, 0x0,
    0x0, 0xe, 0xff, 0x80, 0x0, 0x0, 0x0, 0xef,
    0xf8, 0x0, 0x0, 0x0, 0xe, 0xff, 0x80, 0x0,
    0x0, 0x0, 0xef, 0xf8, 0x0, 0x0, 0x0, 0xe,
    0xff, 0x80, 0x0, 0x0, 0x0, 0xef, 0xf8, 0x0,
    0x0, 0x0, 0xe, 0xff, 0xfe, 0xee, 0xee, 0xee,
    0xef, 0xff, 0xff, 0xff, 0xff, 0xfe, 0xff, 0xff,
    0xff, 0xff, 0xff,

    /* U+004D "M" */
    0xef, 0xff, 0xfc, 0x0, 0x0, 0x0, 0x3f, 0xff,
    0xff, 0x5e, 0xff, 0xff, 0xf2, 0x0, 0x0, 0x8,
    0xff, 0xff, 0xf5, 0xef, 0xff, 0xff, 0x70, 0x0,
    0x0, 0xef, 0xff, 0xff, 0x5e, 0xff, 0xdf, 0xfc,
    0x0, 0x0, 0x3f, 0xfd, 0xff, 0xf5, 0xef, 0xf7,
    0xff, 0xf2, 0x0, 0x9, 0xff, 0x6f, 0xff, 0x5e,
    0xff, 0x7a, 0xff, 0x70, 0x0, 0xef, 0xf1, 0xff,
    0xf5, 0xef, 0xf7, 0x4f, 0xfc, 0x0, 0x3f, 0xfb,
    0xf, 0xff, 0x5e, 0xff, 0x70, 0xef, 0xf2, 0x9,
    0xff, 0x50, 0xff, 0xf5, 0xef, 0xf7, 0x9, 0xff,
    0x70, 0xef, 0xf0, 0xf, 0xff, 0x5e, 0xff, 0x70,
    0x3f, 0xfc, 0x4f, 0xfa, 0x0, 0xff, 0xf5, 0xef,
    0xf7, 0x0, 0xef, 0xfc, 0xff, 0x40, 0xf, 0xff,
    0x5e, 0xff, 0x70, 0x8, 0xff, 0xff, 0xe0, 0x0,
    0xff, 0xf5, 0xef, 0xf7, 0x0, 0x3f, 0xff, 0xf9,
    0x0, 0xf, 0xff, 0x5e, 0xff, 0x70, 0x0, 0xdf,
    0xff, 0x40, 0x0, 0xff, 0xf5, 0xef, 0xf7, 0x0,
    0x3, 0x66, 0x50, 0x0, 0xf, 0xff, 0x5e, 0xff,
    0x70, 0x0, 0x0, 0x0, 0x0, 0x0, 0xff, 0xf5,
    0xef, 0xf7, 0x0, 0x0, 0x0, 0x0, 0x0, 0xf,
    0xff, 0x5e, 0xff, 0x70, 0x0, 0x0, 0x0, 0x0,
    0x0, 0xff, 0xf5,

    /* U+004E "N" */
    0xef, 0xff, 0xf9, 0x0, 0x0, 0x0, 0xff, 0xf6,
    0xef, 0xff, 0xff, 0x10, 0x0, 0x0, 0xff, 0xf6,
    0xef, 0xff, 0xff, 0x90, 0x0, 0x0, 0xff, 0xf6,
    0xef, 0xfe, 0xff, 0xf1, 0x0, 0x0, 0xff, 0xf6,
    0xef, 0xf8, 0xef, 0xf8, 0x0, 0x0, 0xff, 0xf6,
    0xef, 0xf7, 0x6f, 0xff, 0x10, 0x0, 0xff, 0xf6,
    0xef, 0xf7, 0xe, 0xff, 0x70, 0x0, 0xff, 0xf6,
    0xef, 0xf7, 0x6, 0xff, 0xe0, 0x0, 0xff, 0xf6,
    0xef, 0xf7, 0x0, 0xef, 0xf7, 0x0, 0xff, 0xf6,
    0xef, 0xf7, 0x0, 0x6f, 0xfe, 0x0, 0xff, 0xf6,
    0xef, 0xf7, 0x0, 0xe, 0xff, 0x60, 0xff, 0xf6,
    0xef, 0xf7, 0x0, 0x7, 0xff, 0xe0, 0xff, 0xf6,
    0xef, 0xf7, 0x0, 0x0, 0xef, 0xf6, 0xff, 0xf6,
    0xef, 0xf7, 0x0, 0x0, 0x7f, 0xfd, 0xff, 0xf6,
    0xef, 0xf7, 0x0, 0x0, 0xe, 0xff, 0xff, 0xf6,
    0xef, 0xf7, 0x0, 0x0, 0x7, 0xff, 0xff, 0xf6,
    0xef, 0xf7, 0x0, 0x0, 0x0, 0xef, 0xff, 0xf6,
    0xef, 0xf7, 0x0, 0x0, 0x0, 0x7f, 0xff, 0xf6,

    /* U+004F "O" */
    0x0, 0x0, 0x49, 0xde, 0xff, 0xeb, 0x61, 0x0,
    0x0, 0x1, 0xbf, 0xff, 0xff, 0xff, 0xff, 0xe4,
    0x0, 0x0, 0xbf, 0xff, 0xfd, 0xcc, 0xff, 0xff,
    0xf2, 0x0, 0x5f, 0xff, 0xb1, 0x0, 0x0, 0x7f,
    0xff, 0xb0, 0xc, 0xff, 0xe0, 0x0, 0x0, 0x0,
    0x8f, 0xff, 0x20, 0xff, 0xf8, 0x0, 0x0, 0x0,
    0x2, 0xff, 0xf6, 0x3f, 0xff, 0x50, 0x0, 0x0,
    0x0, 0xf, 0xff, 0x94, 0xff, 0xf4, 0x0, 0x0,
    0x0, 0x0, 0xef, 0xfa, 0x5f, 0xff, 0x30, 0x0,
    0x0, 0x0, 0xd, 0xff, 0xb5, 0xff, 0xf3, 0x0,
    0x0, 0x0, 0x0, 0xdf, 0xfb, 0x4f, 0xff, 0x30,
    0x0, 0x0, 0x0, 0xe, 0xff, 0xa3, 0xff, 0xf5,
    0x0, 0x0, 0x0, 0x0, 0xff, 0xf9, 0xf, 0xff,
    0x80, 0x0, 0x0, 0x0, 0x2f, 0xff, 0x60, 0xcf,
    0xfe, 0x0, 0x0, 0x0, 0x8, 0xff, 0xf2, 0x6,
    0xff, 0xfb, 0x20, 0x0, 0x7, 0xff, 0xfc, 0x0,
    0xc, 0xff, 0xff, 0xed, 0xdf, 0xff, 0xff, 0x30,
    0x0, 0x1c, 0xff, 0xff, 0xff, 0xff, 0xfe, 0x40,
    0x0, 0x0, 0x4, 0xad, 0xef, 0xfe, 0xb7, 0x10,
    0x0,

    /* U+0050 "P" */
    0xef, 0xff, 0xff, 0xfe, 0xc8, 0x20, 0xe, 0xff,
    0xff, 0xff, 0xff, 0xff, 0x60, 0xef, 0xfd, 0xbb,
    0xce, 0xff, 0xff, 0x2e, 0xff, 0x80, 0x0, 0x7,
    0xff, 0xf8, 0xef, 0xf8, 0x0, 0x0, 0xd, 0xff,
    0xbe, 0xff, 0x80, 0x0, 0x0, 0xaf, 0xfd, 0xef,
    0xf8, 0x0, 0x0, 0xa, 0xff, 0xce, 0xff, 0x80,
    0x0, 0x0, 0xdf, 0xfb, 0xef, 0xf8, 0x0, 0x0,
    0x7f, 0xff, 0x8e, 0xff, 0xdb, 0xbb, 0xef, 0xff,
    0xf1, 0xef, 0xff, 0xff, 0xff, 0xff, 0xf5, 0xe,
    0xff, 0xff, 0xff, 0xec, 0x82, 0x0, 0xef, 0xf8,
    0x0, 0x0, 0x0, 0x0, 0xe, 0xff, 0x80, 0x0,
    0x0, 0x0, 0x0, 0xef, 0xf8, 0x0, 0x0, 0x0,
    0x0, 0xe, 0xff, 0x80, 0x0, 0x0, 0x0, 0x0,
    0xef, 0xf8, 0x0, 0x0, 0x0, 0x0, 0xe, 0xff,
    0x80, 0x0, 0x0, 0x0, 0x0,

    /* U+0051 "Q" */
    0x0, 0x0, 0x49, 0xde, 0xff, 0xeb, 0x61, 0x0,
    0x0, 0x1, 0xbf, 0xff, 0xff, 0xff, 0xff, 0xe4,
    0x0, 0x0, 0xbf, 0xff, 0xfd, 0xcc, 0xff, 0xff,
    0xf2, 0x0, 0x5f, 0xff, 0xb1, 0x0, 0x0, 0x7f,
    0xff, 0xb0, 0xc, 0xff, 0xe0, 0x0, 0x0, 0x0,
    0x8f, 0xff, 0x20, 0xff, 0xf8, 0x0, 0x0, 0x0,
    0x2, 0xff, 0xf6, 0x3f, 0xff, 0x50, 0x0, 0x0,
    0x0, 0xf, 0xff, 0x94, 0xff, 0xf4, 0x0, 0x0,
    0x0, 0x0, 0xef, 0xfa, 0x5f, 0xff, 0x30, 0x0,
    0x0, 0x0, 0xd, 0xff, 0xb5, 0xff, 0xf3, 0x0,
    0x0, 0x0, 0x0, 0xdf, 0xfb, 0x4f, 0xff, 0x30,
    0x0, 0x0, 0x0, 0xe, 0xff, 0xa3, 0xff, 0xf5,
    0x0, 0x0, 0x0, 0x0, 0xff, 0xf9, 0xf, 0xff,
    0x80, 0x0, 0x0, 0x0, 0x2f, 0xff, 0x60, 0xcf,
    0xfe, 0x0, 0x0, 0x0, 0x8, 0xff, 0xf2, 0x6,
    0xff, 0xfb, 0x20, 0x0, 0x7, 0xff, 0xfc, 0x0,
    0xc, 0xff, 0xff, 0xed, 0xdf, 0xff, 0xff, 0x30,
    0x0, 0x1c, 0xff, 0xff, 0xff, 0xff, 0xfe, 0x40,
    0x0, 0x0, 0x4, 0xad, 0xff, 0xff, 0xf7, 0x10,
    0x0, 0x0, 0x0, 0x0, 0x0, 0x1e, 0xff, 0x90,
    0x0, 0x0, 0x0, 0x0, 0x0, 0x0, 0x5f, 0xff,
    0x60, 0x0, 0x0, 0x0, 0x0, 0x0, 0x0, 0xaf,
    0xff, 0x30, 0x0, 0x0, 0x0, 0x0, 0x0, 0x1,
    0x88, 0x86, 0x0,

    /* U+0052 "R" */
    0xef, 0xff, 0xff, 0xfe, 0xb7, 0x10, 0x0, 0xe,
    0xff, 0xff, 0xff, 0xff, 0xfe, 0x40, 0x0, 0xef,
    0xfd, 0xbb, 0xce, 0xff, 0xfe, 0x0, 0xe, 0xff,
    0x80, 0x0, 0x7, 0xff, 0xf6, 0x0, 0xef, 0xf8,
    0x0, 0x0, 0xd, 0xff, 0x90, 0xe, 0xff, 0x80,
    0x0, 0x0, 0xbf, 0xfa, 0x0, 0xef, 0xf8, 0x0,
    0x0, 0xc, 0xff, 0xa0, 0xe, 0xff, 0x80, 0x0,
    0x0, 0xff, 0xf8, 0x0, 0xef, 0xf8, 0x0, 0x3,
    0xbf, 0xff, 0x40, 0xe, 0xff, 0xff, 0xff, 0xff,
    0xff, 0xb0, 0x0, 0xef, 0xff, 0xff, 0xff, 0xff,
    0x90, 0x0, 0xe, 0xff, 0xc8, 0x8f, 0xff, 0x70,
    0x0, 0x0, 0xef, 0xf8, 0x0, 0x7f, 0xff, 0x30,
    0x0, 0xe, 0xff, 0x80, 0x0, 0xcf, 0xfe, 0x10,
    0x0, 0xef, 0xf8, 0x0, 0x1, 0xff, 0xfb, 0x0,
    0xe, 0xff, 0x80, 0x0, 0x5, 0xff, 0xf7, 0x0,
    0xef, 0xf8, 0x0, 0x0, 0xa, 0xff, 0xf4, 0xe,
    0xff, 0x80, 0x0, 0x0, 0x1e, 0xff, 0xe1,

    /* U+0053 "S" */
    0x0, 0x17, 0xce, 0xff, 0xec, 0xa3, 0x0, 0x3e,
    0xff, 0xff, 0xff, 0xff, 0x90, 0xd, 0xff, 0xff,
    0xdd, 0xef, 0xf9, 0x4, 0xff, 0xf7, 0x0, 0x0,
    0x3, 0x30, 0x6f, 0xff, 0x0, 0x0, 0x0, 0x0,
    0x6, 0xff, 0xf0, 0x0, 0x0, 0x0, 0x0, 0x4f,
    0xff, 0x91, 0x0, 0x0, 0x0, 0x0, 0xef, 0xff,
    0xfc, 0x84, 0x0, 0x0, 0x3, 0xef, 0xff, 0xff,
    0xfe, 0x60, 0x0, 0x0, 0x6b, 0xff, 0xff, 0xff,
    0x90, 0x0, 0x0, 0x0, 0x39, 0xff, 0xff, 0x20,
    0x0, 0x0, 0x0, 0x4, 0xff, 0xf6, 0x0, 0x0,
    0x0, 0x0, 0xf, 0xff, 0x70, 0x0, 0x0, 0x0,
    0x0, 0xff, 0xf7, 0x44, 0x10, 0x0, 0x0, 0x9f,
    0xff, 0x49, 0xff, 0xfe, 0xdd, 0xff, 0xff, 0xd0,
    0x9f, 0xff, 0xff, 0xff, 0xff, 0xe2, 0x4, 0xad,
    0xff, 0xff, 0xeb, 0x60, 0x0,

    /* U+0054 "T" */
    0x8f, 0xff, 0xff, 0xff, 0xff, 0xff, 0xfa, 0x8f,
    0xff, 0xff, 0xff, 0xff, 0xff, 0xfa, 0x7f, 0xff,
    0xff, 0xff, 0xff, 0xff, 0xfa, 0x0, 0x0, 0xa,
    0xff, 0xc0, 0x0, 0x0, 0x0, 0x0, 0xa, 0xff,
    0xc0, 0x0, 0x0, 0x0, 0x0, 0xa, 0xff, 0xc0,
    0x0, 0x0, 0x0, 0x0, 0xa, 0xff, 0xc0, 0x0,
    0x0, 0x0, 0x0, 0xa, 0xff, 0xc0, 0x0, 0x0,
    0x0, 0x0, 0xa, 0xff, 0xc0, 0x0, 0x0, 0x0,
    0x0, 0xa, 0xff, 0xc0, 0x0, 0x0, 0x0, 0x0,
    0xa, 0xff, 0xc0, 0x0, 0x0, 0x0, 0x0, 0xa,
    0xff, 0xc0, 0x0, 0x0, 0x0, 0x0, 0xa, 0xff,
    0xc0, 0x0, 0x0, 0x0, 0x0, 0xa, 0xff, 0xc0,
    0x0, 0x0, 0x0, 0x0, 0xa, 0xff, 0xc0, 0x0,
    0x0, 0x0, 0x0, 0xa, 0xff, 0xc0, 0x0, 0x0,
    0x0, 0x0, 0xa, 0xff, 0xc0, 0x0, 0x0, 0x0,
    0x0, 0xa, 0xff, 0xc0, 0x0, 0x0,

    /* U+0055 "U" */
    0xff, 0xf7, 0x0, 0x0, 0x0, 0xb, 0xff, 0xaf,
    0xff, 0x70, 0x0, 0x0, 0x0, 0xbf, 0xfa, 0xff,
    0xf7, 0x0, 0x0, 0x0, 0xb, 0xff, 0xaf, 0xff,
    0x70, 0x0, 0x0, 0x0, 0xbf, 0xfa, 0xff, 0xf7,
    0x0, 0x0, 0x0, 0xb, 0xff, 0xaf, 0xff, 0x70,
    0x0, 0x0, 0x0, 0xbf, 0xfa, 0xff, 0xf7, 0x0,
    0x0, 0x0, 0xb, 0xff, 0xaf, 0xff, 0x70, 0x0,
    0x0, 0x0, 0xbf, 0xfa, 0xff, 0xf7, 0x0, 0x0,
    0x0, 0xb, 0xff, 0xaf, 0xff, 0x70, 0x0, 0x0,
    0x0, 0xbf, 0xfa, 0xff, 0xf7, 0x0, 0x0, 0x0,
    0xb, 0xff, 0xaf, 0xff, 0x70, 0x0, 0x0, 0x0,
    0xbf, 0xfa, 0xef, 0xf8, 0x0, 0x0, 0x0, 0xd,
    0xff, 0x9c, 0xff, 0xc0, 0x0, 0x0, 0x1, 0xff,
    0xf8, 0x8f, 0xff, 0x91, 0x0, 0x2, 0xcf, 0xff,
    0x31, 0xff, 0xff, 0xfe, 0xef, 0xff, 0xff, 0xb0,
    0x4, 0xef, 0xff, 0xff, 0xff, 0xff, 0xb1, 0x0,
    0x1, 0x7b, 0xef, 0xff, 0xd9, 0x40, 0x0,

    /* U+0056 "V" */
    0x7f, 0xff, 0x30, 0x0, 0x0, 0x0, 0x9, 0xff,
    0xe0, 0x2f, 0xff, 0x80, 0x0, 0x0, 0x0, 0xe,
    0xff, 0x80, 0xc, 0xff, 0xd0, 0x0, 0x0, 0x0,
    0x3f, 0xff, 0x30, 0x7, 0xff, 0xf3, 0x0, 0x0,
    0x0, 0x9f, 0xfd, 0x0, 0x1, 0xff, 0xf8, 0x0,
    0x0, 0x0, 0xef, 0xf8, 0x0, 0x0, 0xcf, 0xfd,
    0x0, 0x0, 0x3, 0xff, 0xf2, 0x0, 0x0, 0x6f,
    0xff, 0x20, 0x0, 0x9, 0xff, 0xc0, 0x0, 0x0,
    0x1f, 0xff, 0x70, 0x0, 0xe, 0xff, 0x70, 0x0,
    0x0, 0xb, 0xff, 0xc0, 0x0, 0x3f, 0xff, 0x10,
    0x0, 0x0, 0x6, 0xff, 0xf1, 0x0, 0x8f, 0xfc,
    0x0, 0x0, 0x0, 0x0, 0xff, 0xf7, 0x0, 0xdf,
    0xf6, 0x0, 0x0, 0x0, 0x0, 0xbf, 0xfc, 0x3,
    0xff, 0xf1, 0x0, 0x0, 0x0, 0x0, 0x5f, 0xff,
    0x18, 0xff, 0xb0, 0x0, 0x0, 0x0, 0x0, 0xf,
    0xff, 0x6d, 0xff, 0x50, 0x0, 0x0, 0x0, 0x0,
    0xa, 0xff, 0xef, 0xff, 0x0, 0x0, 0x0, 0x0,
    0x0, 0x5, 0xff, 0xff, 0xfa, 0x0, 0x0, 0x0,
    0x0, 0x0, 0x0, 0xff, 0xff, 0xf5, 0x0, 0x0,
    0x0, 0x0, 0x0, 0x0, 0xaf, 0xff, 0xf0, 0x0,
    0x0, 0x0,

    /* U+0057 "W" */
    0x5f, 0xff, 0x30, 0x0, 0x0, 0x0, 0x0, 0x0,
    0x0, 0x0, 0xef, 0xf9, 0x1f, 0xff, 0x60, 0x0,
    0x0, 0x12, 0x22, 0x0, 0x0, 0x2, 0xff, 0xf5,
    0xe, 0xff, 0x90, 0x0, 0x0, 0xff, 0xff, 0x40,
    0x0, 0x5, 0xff, 0xf1, 0xa, 0xff, 0xd0, 0x0,
    0x3, 0xff, 0xff, 0x80, 0x0, 0x8, 0xff, 0xd0,
    0x7, 0xff, 0xf0, 0x0, 0x7, 0xff, 0xff, 0xc0,
    0x0, 0xc, 0xff, 0xa0, 0x3, 0xff, 0xf3, 0x0,
    0xb, 0xff, 0xff, 0xf0, 0x0, 0xf, 0xff, 0x60,
    0x0, 0xff, 0xf7, 0x0, 0xf, 0xfd, 0xbf, 0xf4,
    0x0, 0x2f, 0xff, 0x20, 0x0, 0xcf, 0xfa, 0x0,
    0x3f, 0xf9, 0x7f, 0xf8, 0x0, 0x5f, 0xfe, 0x0,
    0x0, 0x9f, 0xfd, 0x0, 0x7f, 0xf4, 0x3f, 0xfc,
    0x0, 0x9f, 0xfb, 0x0, 0x0, 0x5f, 0xff, 0x0,
    0xbf, 0xf0, 0xf, 0xff, 0x0, 0xcf, 0xf7, 0x0,
    0x0, 0x1f, 0xff, 0x40, 0xff, 0xc0, 0xb, 0xff,
    0x40, 0xff, 0xf3, 0x0, 0x0, 0xe, 0xff, 0x74,
    0xff, 0x80, 0x7, 0xff, 0x83, 0xff, 0xf0, 0x0,
    0x0, 0xa, 0xff, 0xa8, 0xff, 0x40, 0x3, 0xff,
    0xc6, 0xff, 0xc0, 0x0, 0x0, 0x7, 0xff, 0xdc,
    0xff, 0x0, 0x0, 0xef, 0xfa, 0xff, 0x80, 0x0,
    0x0, 0x3, 0xff, 0xff, 0xfb, 0x0, 0x0, 0xaf,
    0xff, 0xff, 0x50, 0x0, 0x0, 0x0, 0xff, 0xff,
    0xf7, 0x0, 0x0, 0x6f, 0xff, 0xff, 0x10, 0x0,
    0x0, 0x0, 0xcf, 0xff, 0xf3, 0x0, 0x0, 0x2f,
    0xff, 0xfd, 0x0, 0x0, 0x0, 0x0, 0x9f, 0xff,
    0xe0, 0x0, 0x0, 0xe, 0xff, 0xf9, 0x0, 0x0,

    /* U+0058 "X" */
    0xc, 0xff, 0xf2, 0x0, 0x0, 0x0, 0x8f, 0xff,
    0x40, 0x3f, 0xff, 0xb0, 0x0, 0x0, 0x2f, 0xff,
    0xa0, 0x0, 0x9f, 0xff, 0x40, 0x0, 0xb, 0xff,
    0xf1, 0x0, 0x1, 0xef, 0xfc, 0x0, 0x5, 0xff,
    0xf6, 0x0, 0x0, 0x6, 0xff, 0xf5, 0x0, 0xdf,
    0xfc, 0x0, 0x0, 0x0, 0xc, 0xff, 0xe0, 0x7f,
    0xff, 0x20, 0x0, 0x0, 0x0, 0x3f, 0xff, 0x9f,
    0xff, 0x80, 0x0, 0x0, 0x0, 0x0, 0x9f, 0xff,
    0xff, 0xd0, 0x0, 0x0, 0x0, 0x0, 0x1, 0xef,
    0xff, 0xf5, 0x0, 0x0, 0x0, 0x0, 0x0, 0x3f,
    0xff, 0xff, 0xa0, 0x0, 0x0, 0x0, 0x0, 0xc,
    0xff, 0xff, 0xff, 0x40, 0x0, 0x0, 0x0, 0x7,
    0xff, 0xf4, 0xef, 0xfd, 0x0, 0x0, 0x0, 0x1,
    0xff, 0xfa, 0x5, 0xff, 0xf7, 0x0, 0x0, 0x0,
    0xbf, 0xff, 0x10, 0xc, 0xff, 0xf1, 0x0, 0x0,
    0x5f, 0xff, 0x70, 0x0, 0x3f, 0xff, 0xa0, 0x0,
    0xe, 0xff, 0xd0, 0x0, 0x0, 0xaf, 0xff, 0x40,
    0x9, 0xff, 0xf4, 0x0, 0x0, 0x1, 0xff, 0xfd,
    0x3, 0xff, 0xfa, 0x0, 0x0, 0x0, 0x8, 0xff,
    0xf7,

    /* U+0059 "Y" */
    0x9f, 0xff, 0x50, 0x0, 0x0, 0x0, 0x9f, 0xff,
    0x31, 0xef, 0xfe, 0x0, 0x0, 0x0, 0x2f, 0xff,
    0x90, 0x6, 0xff, 0xf7, 0x0, 0x0, 0xb, 0xff,
    0xe1, 0x0, 0xc, 0xff, 0xf1, 0x0, 0x4, 0xff,
    0xf6, 0x0, 0x0, 0x2f, 0xff, 0x90, 0x0, 0xdf,
    0xfc, 0x0, 0x0, 0x0, 0x8f, 0xff, 0x20, 0x6f,
    0xff, 0x20, 0x0, 0x0, 0x0, 0xef, 0xfb, 0xe,
    0xff, 0x80, 0x0, 0x0, 0x0, 0x5, 0xff, 0xfc,
    0xff, 0xe0, 0x0, 0x0, 0x0, 0x0, 0xb, 0xff,
    0xff, 0xf4, 0x0, 0x0, 0x0, 0x0, 0x0, 0x2f,
    0xff, 0xfb, 0x0, 0x0, 0x0, 0x0, 0x0, 0x0,
    0x8f, 0xff, 0x20, 0x0, 0x0, 0x0, 0x0, 0x0,
    0x6, 0xff, 0xf0, 0x0, 0x0, 0x0, 0x0, 0x0,
    0x0, 0x6f, 0xff, 0x0, 0x0, 0x0, 0x0, 0x0,
    0x0, 0x6, 0xff, 0xf0, 0x0, 0x0, 0x0, 0x0,
    0x0, 0x0, 0x6f, 0xff, 0x0, 0x0, 0x0, 0x0,
    0x0, 0x0, 0x6, 0xff, 0xf0, 0x0, 0x0, 0x0,
    0x0, 0x0, 0x0, 0x6f, 0xff, 0x0, 0x0, 0x0,
    0x0, 0x0, 0x0, 0x6, 0xff, 0xf0, 0x0, 0x0,
    0x0,

    /* U+005A "Z" */
    0x1f, 0xff, 0xff, 0xff, 0xff, 0xff, 0xff, 0x1,
    0xff, 0xff, 0xff, 0xff, 0xff, 0xff, 0xf0, 0x1f,
    0xff, 0xff, 0xff, 0xff, 0xff, 0xff, 0x0, 0x0,
    0x0, 0x0, 0x0, 0x9f, 0xff, 0x80, 0x0, 0x0,
    0x0, 0x0, 0x6f, 0xff, 0xb0, 0x0, 0x0, 0x0,
    0x0, 0x3f, 0xff, 0xd1, 0x0, 0x0, 0x0, 0x0,
    0x1e, 0xff, 0xf3, 0x0, 0x0, 0x0, 0x0, 0xb,
    0xff, 0xf5, 0x0, 0x0, 0x0, 0x0, 0x8, 0xff,
    0xf9, 0x0, 0x0, 0x0, 0x0, 0x5, 0xff, 0xfc,
    0x0, 0x0, 0x0, 0x0, 0x2, 0xff, 0xfe, 0x10,
    0x0, 0x0, 0x0, 0x0, 0xdf, 0xff, 0x30, 0x0,
    0x0, 0x0, 0x0, 0xaf, 0xff, 0x60, 0x0, 0x0,
    0x0, 0x0, 0x7f, 0xff, 0x90, 0x0, 0x0, 0x0,
    0x0, 0x4f, 0xff, 0xc0, 0x0, 0x0, 0x0, 0x0,
    0x9, 0xff, 0xff, 0xff, 0xff, 0xff, 0xff, 0xf9,
    0x9f, 0xff, 0xff, 0xff, 0xff, 0xff, 0xff, 0x99,
    0xff, 0xff, 0xff, 0xff, 0xff, 0xff, 0xf9,

    /* U+005B "[" */
    0x3f, 0xff, 0xff, 0x93, 0xff, 0xff, 0xf9, 0x3f,
    0xff, 0xa9, 0x53, 0xff, 0xf1, 0x0, 0x3f, 0xff,
    0x10, 0x3, 0xff, 0xf1, 0x0, 0x3f, 0xff, 0x10,
    0x3, 0xff, 0xf1, 0x0, 0x3f, 0xff, 0x10, 0x3,
    0xff, 0xf1, 0x0, 0x3f, 0xff, 0x10, 0x3, 0xff,
    0xf1, 0x0, 0x3f, 0xff, 0x10, 0x3, 0xff, 0xf1,
    0x0, 0x3f, 0xff, 0x10, 0x3, 0xff, 0xf1, 0x0,
    0x3f, 0xff, 0x10, 0x3, 0xff, 0xf1, 0x0, 0x3f,
    0xff, 0x10, 0x3, 0xff, 0xf1, 0x0, 0x3f, 0xff,
    0x10, 0x3, 0xff, 0xfa, 0x95, 0x3f, 0xff, 0xff,
    0x93, 0xff, 0xff, 0xf9,

    /* U+005C "\\" */
    0x5f, 0xf4, 0x0, 0x0, 0x0, 0x0, 0x0, 0xef,
    0xb0, 0x0, 0x0, 0x0, 0x0, 0x7, 0xff, 0x20,
    0x0, 0x0, 0x0, 0x0, 0x1f, 0xf9, 0x0, 0x0,
    0x0, 0x0, 0x0, 0x9f, 0xf1, 0x0, 0x0, 0x0,
    0x0, 0x2, 0xff, 0x70, 0x0, 0x0, 0x0, 0x0,
    0xb, 0xfe, 0x0, 0x0, 0x0, 0x0, 0x0, 0x3f,
    0xf5, 0x0, 0x0, 0x0, 0x0, 0x0, 0xcf, 0xc0,
    0x0, 0x0, 0x0, 0x0, 0x5, 0xff, 0x30, 0x0,
    0x0, 0x0, 0x0, 0xe, 0xfa, 0x0, 0x0, 0x0,
    0x0, 0x0, 0x7f, 0xf1, 0x0, 0x0, 0x0, 0x0,
    0x1, 0xff, 0x80, 0x0, 0x0, 0x0, 0x0, 0x9,
    0xff, 0x0, 0x0, 0x0, 0x0, 0x0, 0x2f, 0xf6,
    0x0, 0x0, 0x0, 0x0, 0x0, 0xbf, 0xd0, 0x0,
    0x0, 0x0, 0x0, 0x4, 0xff, 0x40, 0x0, 0x0,
    0x0, 0x0, 0xd, 0xfc, 0x0, 0x0, 0x0, 0x0,
    0x0, 0x6f, 0xf3, 0x0, 0x0, 0x0, 0x0, 0x0,
    0xef, 0xa0, 0x0, 0x0, 0x0, 0x0, 0x7, 0xff,
    0x10, 0x0, 0x0, 0x0, 0x0, 0x1f, 0xf8,

    /* U+005D "]" */
    0x5f, 0xff, 0xff, 0x75, 0xff, 0xff, 0xf7, 0x39,
    0x9e, 0xff, 0x70, 0x0, 0xdf, 0xf7, 0x0, 0xd,
    0xff, 0x70, 0x0, 0xdf, 0xf7, 0x0, 0xd, 0xff,
    0x70, 0x0, 0xdf, 0xf7, 0x0, 0xd, 0xff, 0x70,
    0x0, 0xdf, 0xf7, 0x0, 0xd, 0xff, 0x70, 0x0,
    0xdf, 0xf7, 0x0, 0xd, 0xff, 0x70, 0x0, 0xdf,
    0xf7, 0x0, 0xd, 0xff, 0x70, 0x0, 0xdf, 0xf7,
    0x0, 0xd, 0xff, 0x70, 0x0, 0xdf, 0xf7, 0x0,
    0xd, 0xff, 0x70, 0x0, 0xdf, 0xf7, 0x0, 0xd,
    0xff, 0x73, 0x99, 0xef, 0xf7, 0x5f, 0xff, 0xff,
    0x75, 0xff, 0xff, 0xf7,

    /* U+005E "^" */
    0x0, 0x0, 0x48, 0x88, 0x20, 0x0, 0x0, 0x0,
    0xd, 0xff, 0xfa, 0x0, 0x0, 0x0, 0x4, 0xff,
    0xef, 0xf1, 0x0, 0x0, 0x0, 0xbf, 0xf3, 0xff,
    0x80, 0x0, 0x0, 0x2f, 0xf9, 0xc, 0xfe, 0x0,
    0x0, 0x8, 0xff, 0x20, 0x5f, 0xf5, 0x0, 0x0,
    0xef, 0xc0, 0x0, 0xef, 0xc0, 0x0, 0x6f, 0xf5,
    0x0, 0x8, 0xff, 0x30, 0xc, 0xfe, 0x0, 0x0,
    0x2f, 0xfa, 0x3, 0xff, 0x80, 0x0, 0x0, 0xbf,
    0xf1,

    /* U+005F "_" */
    0x33, 0x33, 0x33, 0x33, 0x33, 0x33, 0x3f, 0xff,
    0xff, 0xff, 0xff, 0xff, 0xff, 0xff, 0xff, 0xff,
    0xff, 0xff, 0xff, 0xf0,

    /* U+0060 "`" */
    0x17, 0x88, 0x30, 0x0, 0x6f, 0xfd, 0x0, 0x0,
    0x5f, 0xf8, 0x0, 0x0, 0x5f, 0xf3,

    /* U+0061 "a" */
    0x0, 0x7, 0xef, 0xff, 0xeb, 0x60, 0x0, 0x0,
    0x8f, 0xff, 0xff, 0xff, 0xd1, 0x0, 0x7, 0xca,
    0xab, 0xef, 0xff, 0x80, 0x0, 0x0, 0x0, 0x0,
    0xcf, 0xfd, 0x0, 0x0, 0x0, 0x0, 0x6, 0xff,
    0xe0, 0x0, 0x2, 0x34, 0x44, 0x8f, 0xfe, 0x2,
    0xbf, 0xff, 0xff, 0xff, 0xff, 0xe2, 0xff, 0xff,
    0xff, 0xff, 0xff, 0xfe, 0x9f, 0xfe, 0x40, 0x0,
    0x5, 0xff, 0xec, 0xff, 0x70, 0x0, 0x0, 0x6f,
    0xfe, 0xcf, 0xf9, 0x0, 0x0, 0x3e, 0xff, 0xe8,
    0xff, 0xfa, 0x88, 0xcf, 0xff, 0xfe, 0x1e, 0xff,
    0xff, 0xff, 0xf8, 0xff, 0xe0, 0x19, 0xdf, 0xfd,
    0x92, 0xf, 0xfe,

    /* U+0062 "b" */
    0xff, 0xf4, 0x0, 0x0, 0x0, 0x0, 0x0, 0xff,
    0xf4, 0x0, 0x0, 0x0, 0x0, 0x0, 0xff, 0xf4,
    0x0, 0x0, 0x0, 0x0, 0x0, 0xff, 0xf4, 0x0,
    0x0, 0x0, 0x0, 0x0, 0xff, 0xf4, 0x0, 0x0,
    0x0, 0x0, 0x0, 0xff, 0xf4, 0x3a, 0xef, 0xec,
    0x70, 0x0, 0xff, 0xf8, 0xff, 0xff, 0xff, 0xfc,
    0x0, 0xff, 0xff, 0xf9, 0x78, 0xdf, 0xff, 0x80,
    0xff, 0xfe, 0x20, 0x0, 0xc, 0xff, 0xe0, 0xff,
    0xf7, 0x0, 0x0, 0x5, 0xff, 0xf1, 0xff, 0xf3,
    0x0, 0x0, 0x2, 0xff, 0xf3, 0xff, 0xf2, 0x0,
    0x0, 0x1, 0xff, 0xf4, 0xff, 0xf2, 0x0, 0x0,
    0x1, 0xff, 0xf4, 0xff, 0xf4, 0x0, 0x0, 0x2,
    0xff, 0xf2, 0xff, 0xf8, 0x0, 0x0, 0x6, 0xff,
    0xf1, 0xff, 0xfe, 0x20, 0x0, 0xc, 0xff, 0xd0,
    0xff, 0xff, 0xfa, 0x78, 0xdf, 0xff, 0x60, 0xff,
    0xf6, 0xff, 0xff, 0xff, 0xfb, 0x0, 0xff, 0xf0,
    0x3b, 0xef, 0xec, 0x60, 0x0,

    /* U+0063 "c" */
    0x0, 0x6, 0xbe, 0xff, 0xec, 0x70, 0x1d, 0xff,
    0xff, 0xff, 0xfb, 0xb, 0xff, 0xfe, 0xba, 0xbd,
    0xb3, 0xff, 0xfa, 0x0, 0x0, 0x0, 0x7f, 0xff,
    0x0, 0x0, 0x0, 0x9, 0xff, 0xc0, 0x0, 0x0,
    0x0, 0xaf, 0xfa, 0x0, 0x0, 0x0, 0xa, 0xff,
    0xa0, 0x0, 0x0, 0x0, 0x9f, 0xfc, 0x0, 0x0,
    0x0, 0x7, 0xff, 0xf0, 0x0, 0x0, 0x0, 0x3f,
    0xff, 0x90, 0x0, 0x0, 0x10, 0xbf, 0xff, 0xeb,
    0xab, 0xdd, 0x1, 0xdf, 0xff, 0xff, 0xff, 0xd0,
    0x0, 0x6b, 0xef, 0xfe, 0xc7,

    /* U+0064 "d" */
    0x0, 0x0, 0x0, 0x0, 0x0, 0xaf, 0xf9, 0x0,
    0x0, 0x0, 0x0, 0x0, 0xaf, 0xf9, 0x0, 0x0,
    0x0, 0x0, 0x0, 0xaf, 0xf9, 0x0, 0x0, 0x0,
    0x0, 0x0, 0xaf, 0xf9, 0x0, 0x0, 0x0, 0x0,
    0x0, 0xaf, 0xf9, 0x0, 0x18, 0xdf, 0xfd, 0x81,
    0xaf, 0xf9, 0x2, 0xef, 0xff, 0xff, 0xfd, 0xbf,
    0xf9, 0xc, 0xff, 0xfb, 0x77, 0xcf, 0xff, 0xf9,
    0x3f, 0xff, 0x70, 0x0, 0x7, 0xff, 0xf9, 0x7f,
    0xff, 0x0, 0x0, 0x0, 0xef, 0xf9, 0x9f, 0xfc,
    0x0, 0x0, 0x0, 0xaf, 0xf9, 0xaf, 0xfb, 0x0,
    0x0, 0x0, 0x9f, 0xf9, 0xaf, 0xfb, 0x0, 0x0,
    0x0, 0x9f, 0xf9, 0xaf, 0xfc, 0x0, 0x0, 0x0,
    0xaf, 0xf9, 0x8f, 0xff, 0x0, 0x0, 0x0, 0xdf,
    0xf9, 0x4f, 0xff, 0x70, 0x0, 0x6, 0xff, 0xf9,
    0xd, 0xff, 0xfb, 0x88, 0xbf, 0xff, 0xf9, 0x3,
    0xff, 0xff, 0xff, 0xfd, 0x9f, 0xf9, 0x0, 0x29,
    0xdf, 0xfd, 0x80, 0x6f, 0xf9,

    /* U+0065 "e" */
    0x0, 0x6, 0xbe, 0xff, 0xea, 0x30, 0x0, 0x1d,
    0xff, 0xff, 0xff, 0xff, 0x70, 0xb, 0xff, 0xfa,
    0x77, 0xbf, 0xff, 0x33, 0xff, 0xf5, 0x0, 0x0,
    0x9f, 0xf9, 0x7f, 0xfc, 0x0, 0x0, 0x3, 0xff,
    0xc9, 0xff, 0xa1, 0x23, 0x56, 0x8f, 0xfd, 0xaf,
    0xff, 0xff, 0xff, 0xff, 0xff, 0xea, 0xff, 0xfe,
    0xee, 0xee, 0xee, 0xeb, 0x9f, 0xfa, 0x0, 0x0,
    0x0, 0x0, 0x7, 0xff, 0xe0, 0x0, 0x0, 0x0,
    0x0, 0x3f, 0xff, 0x90, 0x0, 0x0, 0x3, 0x10,
    0xbf, 0xff, 0xea, 0x99, 0xbe, 0xf3, 0x1, 0xdf,
    0xff, 0xff, 0xff, 0xff, 0x30, 0x0, 0x6b, 0xef,
    0xfe, 0xda, 0x50,

    /* U+0066 "f" */
    0x0, 0x0, 0x5b, 0xef, 0xf6, 0x0, 0x7, 0xff,
    0xff, 0xf7, 0x0, 0xf, 0xff, 0xc6, 0x63, 0x0,
    0x4f, 0xff, 0x10, 0x0, 0x0, 0x5f, 0xfe, 0x0,
    0x0, 0x9f, 0xff, 0xff, 0xff, 0xd0, 0x9f, 0xff,
    0xff, 0xff, 0xd0, 0x58, 0xbf, 0xff, 0x88, 0x60,
    0x0, 0x6f, 0xfe, 0x0, 0x0, 0x0, 0x6f, 0xfe,
    0x0, 0x0, 0x0, 0x6f, 0xfe, 0x0, 0x0, 0x0,
    0x6f, 0xfe, 0x0, 0x0, 0x0, 0x6f, 0xfe, 0x0,
    0x0, 0x0, 0x6f, 0xfe, 0x0, 0x0, 0x0, 0x6f,
    0xfe, 0x0, 0x0, 0x0, 0x6f, 0xfe, 0x0, 0x0,
    0x0, 0x6f, 0xfe, 0x0, 0x0, 0x0, 0x6f, 0xfe,
    0x0, 0x0, 0x0, 0x6f, 0xfe, 0x0, 0x0,

    /* U+0067 "g" */
    0x0, 0x18, 0xdf, 0xfd, 0x91, 0x9f, 0xf9, 0x2,
    0xef, 0xff, 0xff, 0xfe, 0xaf, 0xf9, 0xc, 0xff,
    0xfb, 0x77, 0xbf, 0xff, 0xf9, 0x3f, 0xff, 0x70,
    0x0, 0x5, 0xff, 0xf9, 0x7f, 0xff, 0x0, 0x0,
    0x0, 0xcf, 0xf9, 0x9f, 0xfc, 0x0, 0x0, 0x0,
    0x9f, 0xf9, 0xaf, 0xfb, 0x0, 0x0, 0x0, 0x8f,
    0xf9, 0xaf, 0xfb, 0x0, 0x0, 0x0, 0x8f, 0xf9,
    0xaf, 0xfc, 0x0, 0x0, 0x0, 0x9f, 0xf9, 0x8f,
    0xff, 0x0, 0x0, 0x0, 0xcf, 0xf9, 0x4f, 0xff,
    0x60, 0x0, 0x4, 0xff, 0xf9, 0xd, 0xff, 0xfa,
    0x66, 0xaf, 0xff, 0xf9, 0x3, 0xff, 0xff, 0xff,
    0xfe, 0xaf, 0xf9, 0x0, 0x19, 0xdf, 0xfd, 0x91,
    0xaf, 0xf8, 0x0, 0x0, 0x0, 0x0, 0x0, 0xef,
    0xf6, 0x0, 0x0, 0x0, 0x0, 0x8, 0xff, 0xf2,
    0x0, 0x8b, 0x98, 0x8a, 0xef, 0xff, 0x90, 0x0,
    0xaf, 0xff, 0xff, 0xff, 0xfa, 0x0, 0x0, 0x7d,
    0xef, 0xfe, 0xc9, 0x30, 0x0,

    /* U+0068 "h" */
    0xff, 0xf4, 0x0, 0x0, 0x0, 0x0, 0xf, 0xff,
    0x40, 0x0, 0x0, 0x0, 0x0, 0xff, 0xf4, 0x0,
    0x0, 0x0, 0x0, 0xf, 0xff, 0x40, 0x0, 0x0,
    0x0, 0x0, 0xff, 0xf4, 0x0, 0x0, 0x0, 0x0,
    0xf, 0xff, 0x43, 0xae, 0xff, 0xc6, 0x0, 0xff,
    0xf9, 0xff, 0xff, 0xff, 0xf9, 0xf, 0xff, 0xff,
    0xda, 0xcf, 0xff, 0xf1, 0xff, 0xff, 0x30, 0x0,
    0x4f, 0xff, 0x4f, 0xff, 0x70, 0x0, 0x0, 0xff,
    0xf6, 0xff, 0xf4, 0x0, 0x0, 0xd, 0xff, 0x6f,
    0xff, 0x40, 0x0, 0x0, 0xdf, 0xf6, 0xff, 0xf4,
    0x0, 0x0, 0xd, 0xff, 0x6f, 0xff, 0x40, 0x0,
    0x0, 0xdf, 0xf6, 0xff, 0xf4, 0x0, 0x0, 0xd,
    0xff, 0x6f, 0xff, 0x40, 0x0, 0x0, 0xdf, 0xf6,
    0xff, 0xf4, 0x0, 0x0, 0xd, 0xff, 0x6f, 0xff,
    0x40, 0x0, 0x0, 0xdf, 0xf6, 0xff, 0xf4, 0x0,
    0x0, 0xd, 0xff, 0x60,

    /* U+0069 "i" */
    0xd, 0xfe, 0x32, 0xff, 0xf7, 0x1f, 0xff, 0x60,
    0x46, 0x50, 0x0, 0x0, 0x0, 0xff, 0xf4, 0xf,
    0xff, 0x40, 0xff, 0xf4, 0xf, 0xff, 0x40, 0xff,
    0xf4, 0xf, 0xff, 0x40, 0xff, 0xf4, 0xf, 0xff,
    0x40, 0xff, 0xf4, 0xf, 0xff, 0x40, 0xff, 0xf4,
    0xf, 0xff, 0x40, 0xff, 0xf4, 0xf, 0xff, 0x40,

    /* U+006A "j" */
    0x0, 0x0, 0xdf, 0xe3, 0x0, 0x2, 0xff, 0xf7,
    0x0, 0x1, 0xff, 0xf6, 0x0, 0x0, 0x46, 0x50,
    0x0, 0x0, 0x0, 0x0, 0x0, 0x0, 0xff, 0xf4,
    0x0, 0x0, 0xff, 0xf4, 0x0, 0x0, 0xff, 0xf4,
    0x0, 0x0, 0xff, 0xf4, 0x0, 0x0, 0xff, 0xf4,
    0x0, 0x0, 0xff, 0xf4, 0x0, 0x0, 0xff, 0xf4,
    0x0, 0x0, 0xff, 0xf4, 0x0, 0x0, 0xff, 0xf4,
    0x0, 0x0, 0xff, 0xf4, 0x0, 0x0, 0xff, 0xf4,
    0x0, 0x0, 0xff, 0xf4, 0x0, 0x0, 0xff, 0xf4,
    0x0, 0x0, 0xff, 0xf3, 0x0, 0x0, 0xff, 0xf3,
    0x0, 0x3, 0xff, 0xf1, 0x47, 0x8e, 0xff, 0xd0,
    0x8f, 0xff, 0xff, 0x50, 0x7f, 0xfe, 0xb4, 0x0,

    /* U+006B "k" */
    0xff, 0xf4, 0x0, 0x0, 0x0, 0x0, 0xf, 0xff,
    0x40, 0x0, 0x0, 0x0, 0x0, 0xff, 0xf4, 0x0,
    0x0, 0x0, 0x0, 0xf, 0xff, 0x40, 0x0, 0x0,
    0x0, 0x0, 0xff, 0xf4, 0x0, 0x0, 0x0, 0x0,
    0xf, 0xff, 0x40, 0x0, 0x3f, 0xff, 0x90, 0xff,
    0xf4, 0x0, 0xd, 0xff, 0xc0, 0xf, 0xff, 0x40,
    0xa, 0xff, 0xe1, 0x0, 0xff, 0xf4, 0x6, 0xff,
    0xf3, 0x0, 0xf, 0xff, 0x42, 0xff, 0xf6, 0x0,
    0x0, 0xff, 0xfa, 0xdf, 0xfa, 0x0, 0x0, 0xf,
    0xff, 0xff, 0xfe, 0x0, 0x0, 0x0, 0xff, 0xff,
    0xff, 0xf5, 0x0, 0x0, 0xf, 0xff, 0x4a, 0xff,
    0xf2, 0x0, 0x0, 0xff, 0xf4, 0x1e, 0xff, 0xc0,
    0x0, 0xf, 0xff, 0x40, 0x3f, 0xff, 0x90, 0x0,
    0xff, 0xf4, 0x0, 0x8f, 0xff, 0x50, 0xf, 0xff,
    0x40, 0x0, 0xcf, 0xff, 0x20, 0xff, 0xf4, 0x0,
    0x2, 0xff, 0xfd, 0x0,

    /* U+006C "l" */
    0xff, 0xf4, 0x0, 0xff, 0xf4, 0x0, 0xff, 0xf4,
    0x0, 0xff, 0xf4, 0x0, 0xff, 0xf4, 0x0, 0xff,
    0xf4, 0x0, 0xff, 0xf4, 0x0, 0xff, 0xf4, 0x0,
    0xff, 0xf4, 0x0, 0xff, 0xf4, 0x0, 0xff, 0xf4,
    0x0, 0xff, 0xf4, 0x0, 0xff, 0xf4, 0x0, 0xff,
    0xf4, 0x0, 0xff, 0xf4, 0x0, 0xff, 0xf5, 0x0,
    0xdf, 0xfd, 0x93, 0x9f, 0xff, 0xf5, 0x9, 0xef,
    0xe4,

    /* U+006D "m" */
    0xff, 0xf4, 0x5c, 0xef, 0xe9, 0x10, 0x3a, 0xef,
    0xfc, 0x50, 0xf, 0xff, 0xbf, 0xff, 0xff, 0xfe,
    0x6f, 0xff, 0xff, 0xff, 0x70, 0xff, 0xff, 0xfb,
    0xbe, 0xff, 0xff, 0xfd, 0xac, 0xff, 0xff, 0xf,
    0xff, 0xd1, 0x0, 0xd, 0xff, 0xf7, 0x0, 0x5,
    0xff, 0xf3, 0xff, 0xf6, 0x0, 0x0, 0x9f, 0xfe,
    0x0, 0x0, 0xf, 0xff, 0x5f, 0xff, 0x40, 0x0,
    0x7, 0xff, 0xc0, 0x0, 0x0, 0xef, 0xf5, 0xff,
    0xf4, 0x0, 0x0, 0x7f, 0xfc, 0x0, 0x0, 0xe,
    0xff, 0x5f, 0xff, 0x40, 0x0, 0x7, 0xff, 0xc0,
    0x0, 0x0, 0xef, 0xf5, 0xff, 0xf4, 0x0, 0x0,
    0x7f, 0xfc, 0x0, 0x0, 0xe, 0xff, 0x5f, 0xff,
    0x40, 0x0, 0x7, 0xff, 0xc0, 0x0, 0x0, 0xef,
    0xf5, 0xff, 0xf4, 0x0, 0x0, 0x7f, 0xfc, 0x0,
    0x0, 0xe, 0xff, 0x5f, 0xff, 0x40, 0x0, 0x7,
    0xff, 0xc0, 0x0, 0x0, 0xef, 0xf5, 0xff, 0xf4,
    0x0, 0x0, 0x7f, 0xfc, 0x0, 0x0, 0xe, 0xff,
    0x5f, 0xff, 0x40, 0x0, 0x7, 0xff, 0xc0, 0x0,
    0x0, 0xef, 0xf5,

    /* U+006E "n" */
    0xff, 0xf4, 0x3a, 0xef, 0xfc, 0x60, 0xf, 0xff,
    0xaf, 0xff, 0xff, 0xff, 0x90, 0xff, 0xff, 0xfc,
    0xab, 0xff, 0xff, 0x1f, 0xff, 0xe3, 0x0, 0x4,
    0xff, 0xf4, 0xff, 0xf7, 0x0, 0x0, 0xf, 0xff,
    0x6f, 0xff, 0x40, 0x0, 0x0, 0xdf, 0xf6, 0xff,
    0xf4, 0x0, 0x0, 0xd, 0xff, 0x6f, 0xff, 0x40,
    0x0, 0x0, 0xdf, 0xf6, 0xff, 0xf4, 0x0, 0x0,
    0xd, 0xff, 0x6f, 0xff, 0x40, 0x0, 0x0, 0xdf,
    0xf6, 0xff, 0xf4, 0x0, 0x0, 0xd, 0xff, 0x6f,
    0xff, 0x40, 0x0, 0x0, 0xdf, 0xf6, 0xff, 0xf4,
    0x0, 0x0, 0xd, 0xff, 0x6f, 0xff, 0x40, 0x0,
    0x0, 0xdf, 0xf6,

    /* U+006F "o" */
    0x0, 0x6, 0xbe, 0xff, 0xeb, 0x70, 0x0, 0x1,
    0xdf, 0xff, 0xff, 0xff, 0xfe, 0x20, 0xb, 0xff,
    0xfa, 0x77, 0xaf, 0xff, 0xd0, 0x3f, 0xff, 0x50,
    0x0, 0x4, 0xff, 0xf4, 0x7f, 0xfe, 0x0, 0x0,
    0x0, 0xdf, 0xf8, 0x9f, 0xfb, 0x0, 0x0, 0x0,
    0xaf, 0xfb, 0xaf, 0xfa, 0x0, 0x0, 0x0, 0x9f,
    0xfc, 0xaf, 0xfa, 0x0, 0x0, 0x0, 0x9f, 0xfc,
    0x9f, 0xfb, 0x0, 0x0, 0x0, 0xaf, 0xfb, 0x7f,
    0xfe, 0x0, 0x0, 0x0, 0xdf, 0xf8, 0x3f, 0xff,
    0x60, 0x0, 0x4, 0xff, 0xf4, 0xb, 0xff, 0xfb,
    0x87, 0xaf, 0xff, 0xd0, 0x1, 0xdf, 0xff, 0xff,
    0xff, 0xfe, 0x20, 0x0, 0x6, 0xbe, 0xff, 0xec,
    0x70, 0x0,

    /* U+0070 "p" */
    0xff, 0xf4, 0x3a, 0xef, 0xec, 0x70, 0x0, 0xff,
    0xf8, 0xff, 0xff, 0xff, 0xfc, 0x0, 0xff, 0xff,
    0xf9, 0x78, 0xdf, 0xff, 0x80, 0xff, 0xfe, 0x20,
    0x0, 0xc, 0xff, 0xe0, 0xff, 0xf7, 0x0, 0x0,
    0x5, 0xff, 0xf1, 0xff, 0xf3, 0x0, 0x0, 0x2,
    0xff, 0xf3, 0xff, 0xf2, 0x0, 0x0, 0x1, 0xff,
    0xf4, 0xff, 0xf2, 0x0, 0x0, 0x1, 0xff, 0xf4,
    0xff, 0xf4, 0x0, 0x0, 0x2, 0xff, 0xf2, 0xff,
    0xf8, 0x0, 0x0, 0x6, 0xff, 0xf1, 0xff, 0xfe,
    0x20, 0x0, 0xc, 0xff, 0xd0, 0xff, 0xff, 0xfa,
    0x78, 0xdf, 0xff, 0x60, 0xff, 0xf8, 0xff, 0xff,
    0xff, 0xfb, 0x0, 0xff, 0xf4, 0x3b, 0xef, 0xec,
    0x60, 0x0, 0xff, 0xf4, 0x0, 0x0, 0x0, 0x0,
    0x0, 0xff, 0xf4, 0x0, 0x0, 0x0, 0x0, 0x0,
    0xff, 0xf4, 0x0, 0x0, 0x0, 0x0, 0x0, 0xff,
    0xf4, 0x0, 0x0, 0x0, 0x0, 0x0, 0xff, 0xf4,
    0x0, 0x0, 0x0, 0x0, 0x0,

    /* U+0071 "q" */
    0x0, 0x18, 0xdf, 0xfd, 0x81, 0xaf, 0xf9, 0x2,
    0xef, 0xff, 0xff, 0xfd, 0xbf, 0xf9, 0xc, 0xff,
    0xfb, 0x77, 0xcf, 0xff, 0xf9, 0x3f, 0xff, 0x70,
    0x0, 0x7, 0xff, 0xf9, 0x7f, 0xff, 0x0, 0x0,
    0x0, 0xef, 0xf9, 0x9f, 0xfc, 0x0, 0x0, 0x0,
    0xaf, 0xf9, 0xaf, 0xfb, 0x0, 0x0, 0x0, 0x9f,
    0xf9, 0xaf, 0xfb, 0x0, 0x0, 0x0, 0x9f, 0xf9,
    0xaf, 0xfc, 0x0, 0x0, 0x0, 0xaf, 0xf9, 0x8f,
    0xff, 0x0, 0x0, 0x0, 0xdf, 0xf9, 0x4f, 0xff,
    0x70, 0x0, 0x6, 0xff, 0xf9, 0xd, 0xff, 0xfb,
    0x88, 0xbf, 0xff, 0xf9, 0x3, 0xff, 0xff, 0xff,
    0xfc, 0xaf, 0xf9, 0x0, 0x29, 0xdf, 0xfd, 0x80,
    0xaf, 0xf9, 0x0, 0x0, 0x0, 0x0, 0x0, 0xaf,
    0xf9, 0x0, 0x0, 0x0, 0x0, 0x0, 0xaf, 0xf9,
    0x0, 0x0, 0x0, 0x0, 0x0, 0xaf, 0xf9, 0x0,
    0x0, 0x0, 0x0, 0x0, 0xaf, 0xf9, 0x0, 0x0,
    0x0, 0x0, 0x0, 0xaf, 0xf9,

    /* U+0072 "r" */
    0xff, 0xf4, 0x19, 0xec, 0xff, 0xf6, 0xef, 0xfb,
    0xff, 0xfe, 0xff, 0xe9, 0xff, 0xff, 0xc3, 0x0,
    0xff, 0xfd, 0x0, 0x0, 0xff, 0xf6, 0x0, 0x0,
    0xff, 0xf4, 0x0, 0x0, 0xff, 0xf4, 0x0, 0x0,
    0xff, 0xf4, 0x0, 0x0, 0xff, 0xf4, 0x0, 0x0,
    0xff, 0xf4, 0x0, 0x0, 0xff, 0xf4, 0x0, 0x0,
    0xff, 0xf4, 0x0, 0x0, 0xff, 0xf4, 0x0, 0x0,

    /* U+0073 "s" */
    0x0, 0x5b, 0xef, 0xfe, 0xd7, 0x0, 0x9f, 0xff,
    0xff, 0xff, 0xa0, 0x2f, 0xff, 0xa7, 0x78, 0xa8,
    0x6, 0xff, 0xb0, 0x0, 0x0, 0x0, 0x6f, 0xfc,
    0x0, 0x0, 0x0, 0x3, 0xff, 0xfd, 0x84, 0x0,
    0x0, 0x8, 0xff, 0xff, 0xfe, 0x80, 0x0, 0x3,
    0x8d, 0xff, 0xff, 0xb0, 0x0, 0x0, 0x1, 0x8f,
    0xff, 0x20, 0x0, 0x0, 0x0, 0xdf, 0xf4, 0x0,
    0x0, 0x0, 0xe, 0xff, 0x39, 0xda, 0x98, 0x9d,
    0xff, 0xf0, 0xaf, 0xff, 0xff, 0xff, 0xf6, 0x6,
    0xce, 0xff, 0xfd, 0xa3, 0x0,

    /* U+0074 "t" */
    0x0, 0xbf, 0xf8, 0x0, 0x0, 0xb, 0xff, 0x80,
    0x0, 0x0, 0xbf, 0xf8, 0x0, 0xa, 0xff, 0xff,
    0xff, 0xfa, 0xaf, 0xff, 0xff, 0xff, 0xa5, 0x8d,
    0xff, 0xc8, 0x85, 0x0, 0xbf, 0xf8, 0x0, 0x0,
    0xb, 0xff, 0x80, 0x0, 0x0, 0xbf, 0xf8, 0x0,
    0x0, 0xb, 0xff, 0x80, 0x0, 0x0, 0xbf, 0xf8,
    0x0, 0x0, 0xb, 0xff, 0x80, 0x0, 0x0, 0xbf,
    0xf8, 0x0, 0x0, 0xa, 0xff, 0xa0, 0x0, 0x0,
    0x8f, 0xff, 0xa8, 0x50, 0x2, 0xff, 0xff, 0xf8,
    0x0, 0x4, 0xbe, 0xff, 0x70,

    /* U+0075 "u" */
    0xf, 0xff, 0x30, 0x0, 0x0, 0xff, 0xf3, 0xf,
    0xff, 0x30, 0x0, 0x0, 0xff, 0xf3, 0xf, 0xff,
    0x30, 0x0, 0x0, 0xff, 0xf3, 0xf, 0xff, 0x30,
    0x0, 0x0, 0xff, 0xf3, 0xf, 0xff, 0x30, 0x0,
    0x0, 0xff, 0xf3, 0xf, 0xff, 0x30, 0x0, 0x0,
    0xff, 0xf3, 0xf, 0xff, 0x30, 0x0, 0x0, 0xff,
    0xf3, 0xf, 0xff, 0x30, 0x0, 0x0, 0xff, 0xf3,
    0xf, 0xff, 0x30, 0x0, 0x0, 0xff, 0xf3, 0xf,
    0xff, 0x40, 0x0, 0x3, 0xff, 0xf3, 0xe, 0xff,
    0xa0, 0x0, 0x1c, 0xff, 0xf3, 0xb, 0xff, 0xfd,
    0xab, 0xff, 0xff, 0xf3, 0x4, 0xff, 0xff, 0xff,
    0xfa, 0xff, 0xf3, 0x0, 0x3b, 0xef, 0xfc, 0x60,
    0xcf, 0xf3,

    /* U+0076 "v" */
    0xaf, 0xfd, 0x0, 0x0, 0x0, 0x3f, 0xff, 0x44,
    0xff, 0xf2, 0x0, 0x0, 0x8, 0xff, 0xe0, 0xe,
    0xff, 0x80, 0x0, 0x0, 0xef, 0xf8, 0x0, 0x9f,
    0xfd, 0x0, 0x0, 0x3f, 0xff, 0x20, 0x3, 0xff,
    0xf2, 0x0, 0x8, 0xff, 0xc0, 0x0, 0xd, 0xff,
    0x80, 0x0, 0xef, 0xf6, 0x0, 0x0, 0x7f, 0xfd,
    0x0, 0x3f, 0xff, 0x0, 0x0, 0x1, 0xff, 0xf2,
    0x8, 0xff, 0xa0, 0x0, 0x0, 0xb, 0xff, 0x80,
    0xef, 0xf4, 0x0, 0x0, 0x0, 0x5f, 0xfd, 0x3f,
    0xfe, 0x0, 0x0, 0x0, 0x0, 0xff, 0xfc, 0xff,
    0x80, 0x0, 0x0, 0x0, 0xa, 0xff, 0xff, 0xf2,
    0x0, 0x0, 0x0, 0x0, 0x4f, 0xff, 0xfc, 0x0,
    0x0, 0x0, 0x0, 0x0, 0xef, 0xff, 0x60, 0x0,
    0x0,

    /* U+0077 "w" */
    0x6f, 0xff, 0x0, 0x0, 0xd, 0xff, 0xf2, 0x0,
    0x0, 0x9f, 0xfb, 0x2f, 0xff, 0x30, 0x0, 0x1f,
    0xff, 0xf6, 0x0, 0x0, 0xdf, 0xf7, 0xd, 0xff,
    0x70, 0x0, 0x5f, 0xff, 0xfb, 0x0, 0x1, 0xff,
    0xf2, 0x9, 0xff, 0xb0, 0x0, 0x9f, 0xff, 0xff,
    0x0, 0x4, 0xff, 0xe0, 0x5, 0xff, 0xe0, 0x0,
    0xef, 0xe9, 0xff, 0x30, 0x8, 0xff, 0x90, 0x0,
    0xff, 0xf2, 0x2, 0xff, 0x95, 0xff, 0x80, 0xc,
    0xff, 0x50, 0x0, 0xcf, 0xf6, 0x6, 0xff, 0x50,
    0xff, 0xc0, 0xf, 0xff, 0x10, 0x0, 0x8f, 0xf9,
    0xa, 0xff, 0x10, 0xcf, 0xf0, 0x3f, 0xfc, 0x0,
    0x0, 0x3f, 0xfd, 0xe, 0xfd, 0x0, 0x8f, 0xf4,
    0x7f, 0xf8, 0x0, 0x0, 0xf, 0xff, 0x4f, 0xf8,
    0x0, 0x4f, 0xf9, 0xbf, 0xf3, 0x0, 0x0, 0xa,
    0xff, 0xcf, 0xf4, 0x0, 0xf, 0xfd, 0xef, 0xe0,
    0x0, 0x0, 0x6, 0xff, 0xff, 0xf0, 0x0, 0xb,
    0xff, 0xff, 0xa0, 0x0, 0x0, 0x2, 0xff, 0xff,
    0xb0, 0x0, 0x7, 0xff, 0xff, 0x60, 0x0, 0x0,
    0x0, 0xdf, 0xff, 0x70, 0x0, 0x3, 0xff, 0xff,
    0x10, 0x0,

    /* U+0078 "x" */
    0x2f, 0xff, 0xa0, 0x0, 0x0, 0xcf, 0xfd, 0x0,
    0x6f, 0xff, 0x40, 0x0, 0x6f, 0xff, 0x30, 0x0,
    0xcf, 0xfd, 0x0, 0x1f, 0xff, 0x80, 0x0, 0x2,
    0xff, 0xf7, 0xa, 0xff, 0xd0, 0x0, 0x0, 0x6,
    0xff, 0xf6, 0xff, 0xf3, 0x0, 0x0, 0x0, 0xc,
    0xff, 0xff, 0xf8, 0x0, 0x0, 0x0, 0x0, 0x2f,
    0xff, 0xfd, 0x0, 0x0, 0x0, 0x0, 0x5, 0xff,
    0xff, 0xf2, 0x0, 0x0, 0x0, 0x1, 0xef, 0xff,
    0xff, 0xc0, 0x0, 0x0, 0x0, 0xaf, 0xfd, 0x3f,
    0xff, 0x70, 0x0, 0x0, 0x5f, 0xff, 0x40, 0x8f,
    0xff, 0x20, 0x0, 0x1e, 0xff, 0xa0, 0x0, 0xdf,
    0xfc, 0x0, 0xb, 0xff, 0xe1, 0x0, 0x4, 0xff,
    0xf7, 0x6, 0xff, 0xf6, 0x0, 0x0, 0xa, 0xff,
    0xf2,

    /* U+0079 "y" */
    0xaf, 0xfe, 0x0, 0x0, 0x0, 0x2f, 0xff, 0x33,
    0xff, 0xf4, 0x0, 0x0, 0x7, 0xff, 0xd0, 0xd,
    0xff, 0xa0, 0x0, 0x0, 0xdf, 0xf8, 0x0, 0x7f,
    0xff, 0x0, 0x0, 0x2f, 0xff, 0x20, 0x1, 0xff,
    0xf5, 0x0, 0x7, 0xff, 0xc0, 0x0, 0xa, 0xff,
    0xa0, 0x0, 0xdf, 0xf6, 0x0, 0x0, 0x3f, 0xff,
    0x0, 0x2f, 0xff, 0x0, 0x0, 0x0, 0xdf, 0xf6,
    0x7, 0xff, 0xa0, 0x0, 0x0, 0x7, 0xff, 0xb0,
    0xcf, 0xf4, 0x0, 0x0, 0x0, 0x1f, 0xff, 0x3f,
    0xfd, 0x0, 0x0, 0x0, 0x0, 0xaf, 0xfd, 0xff,
    0x80, 0x0, 0x0, 0x0, 0x3, 0xff, 0xff, 0xf2,
    0x0, 0x0, 0x0, 0x0, 0xd, 0xff, 0xfc, 0x0,
    0x0, 0x0, 0x0, 0x0, 0x7f, 0xff, 0x50, 0x0,
    0x0, 0x0, 0x0, 0xa, 0xff, 0xe0, 0x0, 0x0,
    0x0, 0x0, 0x6, 0xff, 0xf7, 0x0, 0x0, 0x0,
    0x1, 0xce, 0xff, 0xfc, 0x0, 0x0, 0x0, 0x0,
    0x2f, 0xff, 0xfd, 0x10, 0x0, 0x0, 0x0, 0x1,
    0xfe, 0xb6, 0x0, 0x0, 0x0, 0x0, 0x0,

    /* U+007A "z" */
    0x3f, 0xff, 0xff, 0xff, 0xff, 0xf5, 0x3f, 0xff,
    0xff, 0xff, 0xff, 0xf5, 0x2a, 0xaa, 0xaa, 0xaf,
    0xff, 0xf4, 0x0, 0x0, 0x0, 0x6f, 0xff, 0x80,
    0x0, 0x0, 0x3, 0xff, 0xfb, 0x0, 0x0, 0x0,
    0x1e, 0xff, 0xd0, 0x0, 0x0, 0x0, 0xcf, 0xfe,
    0x20, 0x0, 0x0, 0xa, 0xff, 0xf4, 0x0, 0x0,
    0x0, 0x7f, 0xff, 0x60, 0x0, 0x0, 0x4, 0xff,
    0xf9, 0x0, 0x0, 0x0, 0x2e, 0xff, 0xc0, 0x0,
    0x0, 0x0, 0xbf, 0xff, 0xcb, 0xbb, 0xbb, 0xb9,
    0xcf, 0xff, 0xff, 0xff, 0xff, 0xfd, 0xcf, 0xff,
    0xff, 0xff, 0xff, 0xfd,

    /* U+007B "{" */
    0x0, 0x0, 0x3a, 0xee, 0x0, 0x5, 0xff, 0xff,
    0x0, 0xe, 0xff, 0xd7, 0x0, 0x2f, 0xff, 0x20,
    0x0, 0x3f, 0xff, 0x0, 0x0, 0x3f, 0xff, 0x0,
    0x0, 0x3f, 0xff, 0x0, 0x0, 0x3f, 0xff, 0x0,
    0x0, 0x3f, 0xff, 0x0, 0x0, 0x4f, 0xff, 0x0,
    0x8, 0xdf, 0xfa, 0x0, 0xf, 0xff, 0x90, 0x0,
    0xf, 0xff, 0xe4, 0x0, 0x0, 0x9f, 0xfd, 0x0,
    0x0, 0x4f, 0xff, 0x0, 0x0, 0x3f, 0xff, 0x0,
    0x0, 0x3f, 0xff, 0x0, 0x0, 0x3f, 0xff, 0x0,
    0x0, 0x3f, 0xff, 0x0, 0x0, 0x3f, 0xff, 0x0,
    0x0, 0x2f, 0xff, 0x20, 0x0, 0xd, 0xff, 0xd7,
    0x0, 0x4, 0xff, 0xff, 0x0, 0x0, 0x3a, 0xee,

    /* U+007C "|" */
    0xbf, 0xf2, 0xbf, 0xf2, 0xbf, 0xf2, 0xbf, 0xf2,
    0xbf, 0xf2, 0xbf, 0xf2, 0xbf, 0xf2, 0xbf, 0xf2,
    0xbf, 0xf2, 0xbf, 0xf2, 0xbf, 0xf2, 0xbf, 0xf2,
    0xbf, 0xf2, 0xbf, 0xf2, 0xbf, 0xf2, 0xbf, 0xf2,
    0xbf, 0xf2, 0xbf, 0xf2, 0xbf, 0xf2, 0xbf, 0xf2,
    0xbf, 0xf2, 0xbf, 0xf2, 0xbf, 0xf2, 0xbf, 0xf2,

    /* U+007D "}" */
    0x5f, 0xd8, 0x10, 0x0, 0x5f, 0xff, 0xe1, 0x0,
    0x29, 0xff, 0xf8, 0x0, 0x0, 0x8f, 0xfc, 0x0,
    0x0, 0x6f, 0xfd, 0x0, 0x0, 0x6f, 0xfd, 0x0,
    0x0, 0x6f, 0xfd, 0x0, 0x0, 0x6f, 0xfd, 0x0,
    0x0, 0x6f, 0xfd, 0x0, 0x0, 0x5f, 0xfe, 0x0,
    0x0, 0x1f, 0xff, 0xb5, 0x0, 0x2, 0xcf, 0xfa,
    0x0, 0x9, 0xff, 0xfa, 0x0, 0x3f, 0xff, 0x40,
    0x0, 0x6f, 0xfd, 0x0, 0x0, 0x6f, 0xfd, 0x0,
    0x0, 0x6f, 0xfd, 0x0, 0x0, 0x6f, 0xfd, 0x0,
    0x0, 0x6f, 0xfd, 0x0, 0x0, 0x6f, 0xfd, 0x0,
    0x0, 0x8f, 0xfb, 0x0, 0x29, 0xff, 0xf7, 0x0,
    0x5f, 0xff, 0xd1, 0x0, 0x5f, 0xd8, 0x10, 0x0,

    /* U+007E "~" */
    0x0, 0x5, 0x76, 0x20, 0x0, 0x2, 0x43, 0x0,
    0x1d, 0xff, 0xff, 0xa2, 0x0, 0xaf, 0xf0, 0xa,
    0xff, 0xff, 0xff, 0xfa, 0x9f, 0xfb, 0x0, 0xff,
    0xb0, 0x3b, 0xff, 0xff, 0xff, 0x20, 0x2b, 0xc4,
    0x0, 0x3, 0xbe, 0xfc, 0x40, 0x0,

    /* U+518C "册" */
    0x0, 0xe, 0xff, 0xff, 0xff, 0xc0, 0x5f, 0xff,
    0xff, 0xff, 0xb0, 0x0, 0x0, 0xe, 0xff, 0xff,
    0xff, 0xd0, 0x6f, 0xff, 0xff, 0xff, 0xb0, 0x0,
    0x0, 0xe, 0xfc, 0x77, 0xcf, 0xd0, 0x6f, 0xf8,
    0x77, 0xdf, 0xb0, 0x0, 0x0, 0xe, 0xf8, 0x0,
    0x9f, 0xd0, 0x6f, 0xf1, 0x0, 0xbf, 0xb0, 0x0,
    0x0, 0xe, 0xf8, 0x0, 0x9f, 0xd0, 0x6f, 0xf1,
    0x0, 0xbf, 0xb0, 0x0, 0x0, 0xe, 0xf8, 0x0,
    0x9f, 0xd0, 0x6f, 0xf1, 0x0, 0xbf, 0xb0, 0x0,
    0x0, 0xe, 0xf8, 0x0, 0x9f, 0xd0, 0x6f, 0xf1,
    0x0, 0xbf, 0xb0, 0x0, 0x0, 0xe, 0xf8, 0x0,
    0x9f, 0xd0, 0x6f, 0xf1, 0x0, 0xbf, 0xb0, 0x0,
    0x22, 0x2e, 0xf9, 0x22, 0xaf, 0xd2, 0x7f, 0xf3,
    0x22, 0xcf, 0xc2, 0x21, 0xff, 0xff, 0xff, 0xff,
    0xff, 0xff, 0xff, 0xff, 0xff, 0xff, 0xff, 0xf7,
    0xff, 0xff, 0xff, 0xff, 0xff, 0xff, 0xff, 0xff,
    0xff, 0xff, 0xff, 0xf7, 0x44, 0x4f, 0xfa, 0x44,
    0xbf, 0xd4, 0x9f, 0xf5, 0x44, 0xdf, 0xd4, 0x42,
    0x0, 0xf, 0xf8, 0x0, 0x9f, 0xd0, 0x7f, 0xf0,
    0x0, 0xbf, 0xb0, 0x0, 0x0, 0xf, 0xf7, 0x0,
    0x9f, 0xd0, 0x8f, 0xf0, 0x0, 0xbf, 0xb0, 0x0,
    0x0, 0x1f, 0xf7, 0x0, 0x9f, 0xd0, 0x9f, 0xf0,
    0x0, 0xbf, 0xb0, 0x0, 0x0, 0x3f, 0xf5, 0x0,
    0x9f, 0xd0, 0xbf, 0xe0, 0x0, 0xbf, 0xb0, 0x0,
    0x0, 0x6f, 0xf3, 0x0, 0x9f, 0xd0, 0xdf, 0xc0,
    0x0, 0xbf, 0xb0, 0x0, 0x0, 0xaf, 0xf0, 0x0,
    0x9f, 0xd1, 0xff, 0x90, 0x0, 0xbf, 0xb0, 0x0,
    0x0, 0xff, 0xc0, 0x0, 0xaf, 0xc6, 0xff, 0x60,
    0x0, 0xbf, 0xb0, 0x0, 0x8, 0xff, 0x71, 0x47,
    0xef, 0xcd, 0xff, 0x11, 0x24, 0xef, 0xb0, 0x0,
    0x1f, 0xff, 0x15, 0xff, 0xff, 0xff, 0xfb, 0xc,
    0xff, 0xff, 0x90, 0x0, 0x7f, 0xf8, 0x0, 0xff,
    0xe9, 0xdf, 0xf3, 0x7, 0xff, 0xfe, 0x30, 0x0,
    0x3, 0xb1, 0x0, 0x20, 0x0, 0x6, 0x90, 0x2,
    0x75, 0x30, 0x0, 0x0,

    /* U+5BF9 "对" */
    0x0, 0x0, 0x0, 0x0, 0x0, 0x0, 0x0, 0x0,
    0x0, 0x0, 0x0, 0x0, 0x0, 0x0, 0x0, 0x0,
    0x0, 0x0, 0x0, 0x0, 0x0, 0x8, 0xff, 0x10,
    0x0, 0x0, 0x0, 0x0, 0x0, 0x0, 0x0, 0x0,
    0x0, 0x0, 0x8f, 0xf1, 0x0, 0x0, 0x16, 0x66,
    0x66, 0x66, 0x66, 0x20, 0x0, 0x0, 0x8, 0xff,
    0x10, 0x0, 0x2, 0xff, 0xff, 0xff, 0xff, 0xf5,
    0x0, 0x0, 0x0, 0x8f, 0xf1, 0x0, 0x0, 0x2f,
    0xff, 0xff, 0xff, 0xff, 0x50, 0x0, 0x0, 0x8,
    0xff, 0x10, 0x0, 0x0, 0x44, 0x44, 0x44, 0x7f,
    0xf6, 0xff, 0xff, 0xff, 0xff, 0xff, 0xff, 0x0,
    0x0, 0x20, 0x0, 0x7, 0xff, 0x2f, 0xff, 0xff,
    0xff, 0xff, 0xff, 0xf1, 0x0, 0x7f, 0x70, 0x0,
    0xbf, 0xc1, 0xaa, 0xaa, 0xaa, 0xdf, 0xfa, 0xaa,
    0x0, 0xc, 0xff, 0x30, 0xe, 0xf8, 0x0, 0x0,
    0x0, 0x8, 0xff, 0x10, 0x0, 0x0, 0x2f, 0xfe,
    0x15, 0xff, 0x40, 0x5c, 0x0, 0x0, 0x8f, 0xf1,
    0x0, 0x0, 0x0, 0x5f, 0xfb, 0xaf, 0xe0, 0x2f,
    0xfa, 0x0, 0x8, 0xff, 0x10, 0x0, 0x0, 0x0,
    0xaf, 0xff, 0xf8, 0x0, 0x8f, 0xf5, 0x0, 0x8f,
    0xf1, 0x0, 0x0, 0x0, 0x0, 0xdf, 0xff, 0x20,
    0x0, 0xdf, 0xe1, 0x8, 0xff, 0x10, 0x0, 0x0,
    0x0, 0x4, 0xff, 0xf0, 0x0, 0x3, 0xff, 0xa0,
    0x8f, 0xf1, 0x0, 0x0, 0x0, 0x0, 0x9f, 0xff,
    0xa0, 0x0, 0x9, 0xff, 0x28, 0xff, 0x10, 0x0,
    0x0, 0x0, 0x3f, 0xff, 0xff, 0x50, 0x0, 0x1e,
    0x50, 0x8f, 0xf1, 0x0, 0x0, 0x0, 0xd, 0xff,
    0x5f, 0xfe, 0x10, 0x0, 0x0, 0x8, 0xff, 0x10,
    0x0, 0x0, 0x9, 0xff, 0x80, 0x7f, 0xfb, 0x0,
    0x0, 0x0, 0x8f, 0xf1, 0x0, 0x0, 0x6, 0xff,
    0xc0, 0x0, 0xcf, 0xf6, 0x0, 0x0, 0x8, 0xff,
    0x10, 0x0, 0x4, 0xff, 0xf2, 0x0, 0x2, 0xfc,
    0x10, 0x0, 0x0, 0xaf, 0xf1, 0x0, 0x1, 0xef,
    0xf5, 0x0, 0x0, 0x4, 0x0, 0x4, 0x78, 0xbf,
    0xff, 0x0, 0x0, 0x9, 0xf8, 0x0, 0x0, 0x0,
    0x0, 0x0, 0x6f, 0xff, 0xff, 0xb0, 0x0, 0x0,
    0x7, 0x0, 0x0, 0x0, 0x0, 0x0, 0x1, 0xff,
    0xfd, 0x81, 0x0, 0x0, 0x0, 0x0, 0x0, 0x0,
    0x0, 0x0, 0x0, 0x1, 0x0, 0x0, 0x0, 0x0,
    0x0,

    /* U+6D3E "派" */
    0x0, 0x72, 0x0, 0x0, 0x0, 0x0, 0x0, 0x0,
    0x2, 0x58, 0xb5, 0x0, 0x5, 0xff, 0x70, 0x0,
    0x2, 0x35, 0x79, 0xbd, 0xff, 0xff, 0xf9, 0x0,
    0x5, 0xff, 0xfb, 0x15, 0xff, 0xff, 0xff, 0xff,
    0xff, 0xfe, 0xb7, 0x0, 0x0, 0x2d, 0xff, 0xd6,
    0xff, 0xff, 0xff, 0xdb, 0x85, 0x20, 0x0, 0x0,
    0x0, 0x0, 0xaf, 0x86, 0xff, 0x63, 0x10, 0x0,
    0x0, 0x0, 0x0, 0x0, 0x0, 0x0, 0x8, 0x6,
    0xff, 0x0, 0x0, 0x0, 0x15, 0x8c, 0xf3, 0x0,
    0x9, 0x50, 0x0, 0x6, 0xff, 0x2, 0x7a, 0xcf,
    0xff, 0xff, 0xf7, 0x0, 0x5f, 0xf9, 0x0, 0x6,
    0xff, 0x5, 0xff, 0xff, 0xff, 0xfd, 0x93, 0x0,
    0x3e, 0xff, 0xd2, 0x6, 0xff, 0x5, 0xff, 0xdc,
    0xfd, 0x0, 0x0, 0x0, 0x1, 0xbf, 0xfe, 0x16,
    0xff, 0x5, 0xff, 0x5, 0xfe, 0x0, 0x0, 0x0,
    0x0, 0x9, 0xfc, 0x6, 0xff, 0x5, 0xff, 0x3,
    0xff, 0x0, 0x29, 0x0, 0x0, 0x0, 0x72, 0x6,
    0xff, 0x5, 0xff, 0x1, 0xff, 0x27, 0xff, 0x40,
    0x0, 0x0, 0x0, 0x7, 0xfe, 0x5, 0xff, 0x0,
    0xef, 0xef, 0xff, 0x70, 0x0, 0xc, 0xc5, 0x9,
    0xfd, 0x5, 0xff, 0x0, 0xbf, 0xff, 0xc3, 0x0,
    0x0, 0x1f, 0xf7, 0xb, 0xfc, 0x5, 0xff, 0x0,
    0x7f, 0xf6, 0x0, 0x0, 0x0, 0x5f, 0xf3, 0xd,
    0xfa, 0x5, 0xff, 0x0, 0x3f, 0xf6, 0x0, 0x0,
    0x0, 0xaf, 0xe0, 0x1f, 0xf7, 0x5, 0xff, 0x0,
    0xd, 0xfd, 0x0, 0x0, 0x0, 0xef, 0xa0, 0x5f,
    0xf3, 0x5, 0xff, 0x0, 0x7, 0xff, 0x60, 0x0,
    0x3, 0xff, 0x50, 0xaf, 0xf0, 0x5, 0xff, 0x2,
    0x92, 0xef, 0xf2, 0x0, 0x8, 0xff, 0x11, 0xff,
    0xa0, 0x5, 0xff, 0x9f, 0xf3, 0x6f, 0xfd, 0x10,
    0xd, 0xfc, 0x8, 0xff, 0x40, 0x8, 0xff, 0xff,
    0xf3, 0xb, 0xff, 0xd1, 0x2f, 0xf7, 0x1f, 0xfd,
    0x0, 0x1f, 0xff, 0xf9, 0x10, 0x1, 0xef, 0xf4,
    0x29, 0xe2, 0x2c, 0xf5, 0x0, 0x9, 0xfa, 0x20,
    0x0, 0x0, 0x2e, 0x50, 0x0, 0x0, 0x0, 0x40,
    0x0, 0x1, 0x20, 0x0, 0x0, 0x0, 0x1, 0x0,

    /* U+70ED "热" */
    0x0, 0x0, 0x8a, 0x50, 0x0, 0x0, 0x79, 0x50,
    0x0, 0x0, 0x0, 0x0, 0x0, 0x0, 0xcf, 0x90,
    0x0, 0x0, 0xcf, 0x90, 0x0, 0x0, 0x0, 0x0,
    0x0, 0x0, 0xcf, 0x90, 0x0, 0x0, 0xcf, 0x90,
    0x0, 0x0, 0x0, 0x0, 0x6, 0x66, 0xdf, 0xc6,
    0x61, 0x89, 0xef, 0xd9, 0x99, 0x98, 0x0, 0x0,
    0xf, 0xff, 0xff, 0xff, 0xf3, 0xdf, 0xff, 0xff,
    0xff, 0xfe, 0x0, 0x0, 0xf, 0xff, 0xff, 0xff,
    0xf3, 0xbd, 0xff, 0xed, 0xde, 0xfe, 0x0, 0x0,
    0x0, 0x0, 0xcf, 0x90, 0x0, 0x0, 0xdf, 0x80,
    0x5, 0xfe, 0x0, 0x0, 0x0, 0x0, 0xcf, 0xa5,
    0x60, 0x0, 0xef, 0x70, 0x5, 0xfe, 0x0, 0x0,
    0x0, 0x4, 0xdf, 0xff, 0xc0, 0xd7, 0xff, 0x60,
    0x5, 0xfe, 0x0, 0x0, 0x7b, 0xff, 0xff, 0xff,
    0xc8, 0xff, 0xff, 0x40, 0x4, 0xff, 0x0, 0x0,
    0xef, 0xff, 0xff, 0xb2, 0x3, 0xbf, 0xff, 0xd5,
    0x4, 0xff, 0x0, 0x0, 0xdc, 0x83, 0xcf, 0x90,
    0x0, 0xd, 0xff, 0xff, 0xd8, 0xff, 0x4, 0x60,
    0x0, 0x0, 0xcf, 0x90, 0x0, 0x7f, 0xfa, 0xef,
    0xfa, 0xff, 0x18, 0xf6, 0x0, 0x0, 0xcf, 0x90,
    0x4, 0xff, 0xd0, 0x19, 0xf2, 0xff, 0x5c, 0xf2,
    0x3, 0x58, 0xff, 0x90, 0x6f, 0xff, 0x30, 0x0,
    0x10, 0xdf, 0xff, 0xe0, 0x9, 0xff, 0xff, 0x67,
    0xff, 0xf5, 0x0, 0x0, 0x0, 0x6f, 0xff, 0x80,
    0x4, 0xff, 0xe9, 0x0, 0xbf, 0x60, 0x0, 0x0,
    0x0, 0xa, 0xfc, 0x10, 0x0, 0x39, 0x20, 0x0,
    0x37, 0x0, 0x17, 0xb0, 0x0, 0x19, 0x50, 0x0,
    0x0, 0x7f, 0xf1, 0xb, 0xfd, 0x0, 0x3f, 0xf6,
    0x0, 0xdf, 0xd0, 0x0, 0x0, 0xef, 0xc0, 0x7,
    0xff, 0x10, 0xd, 0xfc, 0x0, 0x5f, 0xf8, 0x0,
    0x5, 0xff, 0x50, 0x4, 0xff, 0x40, 0x8, 0xff,
    0x10, 0xc, 0xff, 0x10, 0xe, 0xfd, 0x0, 0x1,
    0xff, 0x70, 0x3, 0xff, 0x70, 0x3, 0xff, 0x90,
    0x7f, 0xf5, 0x0, 0x0, 0xff, 0xa0, 0x0, 0xed,
    0x50, 0x0, 0xbf, 0x90, 0x7, 0xb0, 0x0, 0x0,
    0x64, 0x10, 0x0, 0x10, 0x0, 0x0, 0x34, 0x0,

    /* U+76F8 "相" */
    0x0, 0x0, 0x2, 0x20, 0x0, 0x0, 0x0, 0x0,
    0x0, 0x0, 0x0, 0x0, 0x0, 0x0, 0xf, 0xf6,
    0x0, 0x0, 0x0, 0x0, 0x0, 0x0, 0x0, 0x0,
    0x0, 0x0, 0xf, 0xf6, 0x0, 0x6, 0x77, 0x77,
    0x77, 0x77, 0x77, 0x70, 0x0, 0x0, 0xf, 0xf6,
    0x0, 0xe, 0xff, 0xff, 0xff, 0xff, 0xff, 0xf1,
    0x0, 0x0, 0xf, 0xf6, 0x0, 0xe, 0xff, 0xff,
    0xff, 0xff, 0xff, 0xf1, 0x0, 0x33, 0x3f, 0xf8,
    0x33, 0x1e, 0xf9, 0x0, 0x0, 0x0, 0x7f, 0xf1,
    0x2, 0xff, 0xff, 0xff, 0xff, 0x6e, 0xf8, 0x0,
    0x0, 0x0, 0x7f, 0xf1, 0x2, 0xff, 0xff, 0xff,
    0xff, 0x6e, 0xf8, 0x0, 0x0, 0x0, 0x7f, 0xf1,
    0x0, 0x33, 0x6f, 0xf8, 0x33, 0x1e, 0xfb, 0x66,
    0x66, 0x66, 0xaf, 0xf1, 0x0, 0x0, 0x9f, 0xf6,
    0x0, 0xe, 0xff, 0xff, 0xff, 0xff, 0xff, 0xf1,
    0x0, 0x0, 0xef, 0xf7, 0x30, 0xe, 0xff, 0xff,
    0xff, 0xff, 0xff, 0xf1, 0x0, 0x5, 0xff, 0xff,
    0xf2, 0xe, 0xf8, 0x0, 0x0, 0x0, 0x7f, 0xf1,
    0x0, 0xc, 0xff, 0xff, 0xfd, 0xe, 0xf8, 0x0,
    0x0, 0x0, 0x7f, 0xf1, 0x0, 0x4f, 0xff, 0xf9,
    0xff, 0xae, 0xf8, 0x0, 0x0, 0x0, 0x7f, 0xf1,
    0x0, 0xdf, 0xbf, 0xf6, 0x5f, 0xff, 0xfc, 0x77,
    0x77, 0x77, 0xbf, 0xf1, 0x6, 0xff, 0x4f, 0xf6,
    0xa, 0x4e, 0xff, 0xff, 0xff, 0xff, 0xff, 0xf1,
    0x1f, 0xfb, 0xf, 0xf6, 0x0, 0xe, 0xff, 0xff,
    0xff, 0xff, 0xff, 0xf1, 0x1d, 0xf3, 0xf, 0xf6,
    0x0, 0xe, 0xf8, 0x0, 0x0, 0x0, 0x7f, 0xf1,
    0x2, 0x70, 0xf, 0xf6, 0x0, 0xe, 0xf8, 0x0,
    0x0, 0x0, 0x7f, 0xf1, 0x0, 0x0, 0xf, 0xf6,
    0x0, 0xe, 0xf8, 0x0, 0x0, 0x0, 0x7f, 0xf1,
    0x0, 0x0, 0xf, 0xf6, 0x0, 0xe, 0xfd, 0x99,
    0x99, 0x99, 0xcf, 0xf1, 0x0, 0x0, 0xf, 0xf6,
    0x0, 0xe, 0xff, 0xff, 0xff, 0xff, 0xff, 0xf1,
    0x0, 0x0, 0xf, 0xf6, 0x0, 0xe, 0xff, 0xff,
    0xff, 0xff, 0xff, 0xf1, 0x0, 0x0, 0xf, 0xf6,
    0x0, 0xe, 0xf8, 0x0, 0x0, 0x0, 0x7f, 0xf1,
    0x0, 0x0, 0x3, 0x31, 0x0, 0x1, 0x10, 0x0,
    0x0, 0x0, 0x0, 0x0,

    /* U+821E "舞" */
    0x0, 0x0, 0x0, 0x0, 0x0, 0x0, 0x0, 0x0,
    0x0, 0x0, 0x0, 0x0, 0x0, 0x0, 0xae, 0x60,
    0x0, 0x0, 0x0, 0x0, 0x0, 0x0, 0x0, 0x0,
    0x0, 0x6, 0xff, 0x72, 0x22, 0x22, 0x22, 0x22,
    0x22, 0x22, 0x22, 0x0, 0x0, 0x4f, 0xff, 0xff,
    0xff, 0xff, 0xff, 0xff, 0xff, 0xff, 0xff, 0x40,
    0x5, 0xff, 0xff, 0xff, 0xff, 0xff, 0xff, 0xff,
    0xff, 0xff, 0xff, 0x40, 0x2f, 0xfc, 0x4f, 0xc0,
    0x1f, 0xf0, 0xe, 0xf3, 0xa, 0xf6, 0x0, 0x0,
    0x4, 0xa0, 0x4f, 0xc0, 0x1f, 0xf0, 0xe, 0xf3,
    0xa, 0xf6, 0x0, 0x0, 0x3, 0xee, 0xff, 0xfe,
    0xef, 0xfe, 0xef, 0xff, 0xef, 0xff, 0xee, 0x0,
    0x4, 0xff, 0xff, 0xff, 0xff, 0xff, 0xff, 0xff,
    0xff, 0xff, 0xff, 0x0, 0x0, 0x0, 0x4f, 0xc0,
    0x1f, 0xf0, 0xe, 0xf4, 0xa, 0xf6, 0x0, 0x0,
    0x0, 0x0, 0x4f, 0xc0, 0x1f, 0xf0, 0xe, 0xf3,
    0xa, 0xf6, 0x0, 0x0, 0x9e, 0xee, 0xef, 0xfe,
    0xef, 0xfe, 0xef, 0xfe, 0xef, 0xff, 0xee, 0xe1,
    0xaf, 0xff, 0xff, 0xff, 0xff, 0xff, 0xff, 0xff,
    0xff, 0xff, 0xff, 0xf1, 0x12, 0x22, 0x58, 0x32,
    0x22, 0x22, 0x22, 0x22, 0x22, 0x22, 0x22, 0x20,
    0x0, 0x0, 0xdf, 0x80, 0x0, 0x0, 0x0, 0x0,
    0x6f, 0xe0, 0x0, 0x0, 0x0, 0xa, 0xff, 0xff,
    0xff, 0xf1, 0xbb, 0xbb, 0xdf, 0xfb, 0xbb, 0x70,
    0x0, 0x8f, 0xff, 0xff, 0xff, 0xf2, 0xff, 0xff,
    0xff, 0xff, 0xff, 0x90, 0x9, 0xff, 0xe3, 0x0,
    0x6f, 0xc0, 0x43, 0x22, 0x7f, 0xf2, 0x22, 0x10,
    0xaf, 0xfe, 0xfe, 0x21, 0xef, 0x32, 0xff, 0x0,
    0x6f, 0xf0, 0x0, 0x0, 0x6f, 0x61, 0xcf, 0x5d,
    0xf9, 0x6, 0xfc, 0x22, 0x7f, 0xf2, 0x22, 0x20,
    0x3, 0x0, 0x8, 0xdf, 0xc0, 0x9, 0xff, 0xff,
    0xff, 0xff, 0xff, 0xe0, 0x0, 0x0, 0x6f, 0xfd,
    0x10, 0x9, 0xff, 0xff, 0xff, 0xff, 0xff, 0xd0,
    0x0, 0x2b, 0xff, 0xb1, 0x0, 0x0, 0x0, 0x0,
    0x6f, 0xf0, 0x0, 0x0, 0x9, 0xff, 0xf9, 0x0,
    0x0, 0x0, 0x0, 0x0, 0x6f, 0xf0, 0x0, 0x0,
    0x5, 0xfd, 0x40, 0x0, 0x0, 0x0, 0x0, 0x0,
    0x6f, 0xf0, 0x0, 0x0, 0x0, 0x40, 0x0, 0x0,
    0x0, 0x0, 0x0, 0x0, 0x0, 0x0, 0x0, 0x0,

    /* U+F001 "" */
    0x0, 0x0, 0x0, 0x0, 0x0, 0x0, 0x0, 0x0,
    0x0, 0x0, 0x0, 0x0, 0x0, 0x0, 0x0, 0x0,
    0x0, 0x0, 0x0, 0x0, 0x0, 0x0, 0x0, 0x0,
    0x4, 0x9c, 0x70, 0x0, 0x0, 0x0, 0x0, 0x0,
    0x0, 0x0, 0x0, 0x0, 0x26, 0xbf, 0xff, 0xff,
    0x10, 0x0, 0x0, 0x0, 0x0, 0x0, 0x0, 0x0,
    0x38, 0xdf, 0xff, 0xff, 0xff, 0xf2, 0x0, 0x0,
    0x0, 0x0, 0x0, 0x1, 0x5a, 0xff, 0xff, 0xff,
    0xff, 0xff, 0xff, 0x20, 0x0, 0x0, 0x0, 0x3,
    0x7c, 0xff, 0xff, 0xff, 0xff, 0xff, 0xff, 0xff,
    0xf2, 0x0, 0x0, 0x0, 0x1d, 0xff, 0xff, 0xff,
    0xff, 0xff, 0xff, 0xff, 0xff, 0xff, 0x20, 0x0,
    0x0, 0x4, 0xff, 0xff, 0xff, 0xff, 0xff, 0xff,
    0xff, 0xff, 0xff, 0xf2, 0x0, 0x0, 0x0, 0x5f,
    0xff, 0xff, 0xff, 0xff, 0xff, 0xff, 0xe9, 0x6f,
    0xff, 0x20, 0x0, 0x0, 0x5, 0xff, 0xff, 0xff,
    0xff, 0xff, 0xc7, 0x30, 0x1, 0xff, 0xf2, 0x0,
    0x0, 0x0, 0x5f, 0xff, 0xff, 0xff, 0xa5, 0x10,
    0x0, 0x0, 0x1f, 0xff, 0x20, 0x0, 0x0, 0x5,
    0xff, 0xfd, 0x83, 0x0, 0x0, 0x0, 0x0, 0x1,
    0xff, 0xf2, 0x0, 0x0, 0x0, 0x5f, 0xfe, 0x0,
    0x0, 0x0, 0x0, 0x0, 0x0, 0x1f, 0xff, 0x20,
    0x0, 0x0, 0x5, 0xff, 0xe0, 0x0, 0x0, 0x0,
    0x0, 0x0, 0x1, 0xff, 0xf2, 0x0, 0x0, 0x0,
    0x5f, 0xfe, 0x0, 0x0, 0x0, 0x0, 0x0, 0x0,
    0x1f, 0xff, 0x20, 0x0, 0x0, 0x5, 0xff, 0xe0,
    0x0, 0x0, 0x0, 0x0, 0x0, 0x1, 0xff, 0xf2,
    0x0, 0x0, 0x0, 0x5f, 0xfe, 0x0, 0x0, 0x0,
    0x0, 0x0, 0x0, 0x1f, 0xff, 0x20, 0x0, 0x0,
    0x5, 0xff, 0xe0, 0x0, 0x0, 0x0, 0x0, 0x58,
    0x98, 0xff, 0xf2, 0x0, 0x0, 0x0, 0x5f, 0xfe,
    0x0, 0x0, 0x0, 0x6, 0xef, 0xff, 0xff, 0xff,
    0x20, 0x0, 0x0, 0x5, 0xff, 0xe0, 0x0, 0x0,
    0x4, 0xff, 0xff, 0xff, 0xff, 0xf2, 0x0, 0x2,
    0x44, 0x7f, 0xfe, 0x0, 0x0, 0x0, 0x8f, 0xff,
    0xff, 0xff, 0xff, 0x20, 0x5d, 0xff, 0xff, 0xff,
    0xe0, 0x0, 0x0, 0x6, 0xff, 0xff, 0xff, 0xff,
    0xf0, 0x5f, 0xff, 0xff, 0xff, 0xfe, 0x0, 0x0,
    0x0, 0xa, 0xff, 0xff, 0xff, 0xf4, 0xc, 0xff,
    0xff, 0xff, 0xff, 0xe0, 0x0, 0x0, 0x0, 0x3,
    0xac, 0xdb, 0x81, 0x0, 0xbf, 0xff, 0xff, 0xff,
    0xfc, 0x0, 0x0, 0x0, 0x0, 0x0, 0x0, 0x0,
    0x0, 0x3, 0xff, 0xff, 0xff, 0xff, 0x40, 0x0,
    0x0, 0x0, 0x0, 0x0, 0x0, 0x0, 0x0, 0x2,
    0x9f, 0xff, 0xfa, 0x20, 0x0, 0x0, 0x0, 0x0,
    0x0, 0x0, 0x0, 0x0, 0x0, 0x0, 0x1, 0x10,
    0x0, 0x0, 0x0, 0x0, 0x0, 0x0, 0x0, 0x0,
    0x0, 0x0,

    /* U+F008 "" */
    0x34, 0x0, 0x18, 0x88, 0x88, 0x88, 0x88, 0x88,
    0x88, 0x88, 0x81, 0x0, 0x43, 0xea, 0x0, 0x2f,
    0xff, 0xff, 0xff, 0xff, 0xff, 0xff, 0xff, 0xf2,
    0x0, 0xae, 0xff, 0xee, 0xff, 0xff, 0xff, 0xff,
    0xff, 0xff, 0xff, 0xff, 0xff, 0xee, 0xff, 0xff,
    0xcc, 0xdf, 0xf5, 0x0, 0x0, 0x0, 0x0, 0x0,
    0x5f, 0xfd, 0xcc, 0xff, 0xfa, 0x0, 0x2f, 0xf5,
    0x0, 0x0, 0x0, 0x0, 0x0, 0x5f, 0xf2, 0x0,
    0xaf, 0xfa, 0x0, 0x2f, 0xf5, 0x0, 0x0, 0x0,
    0x0, 0x0, 0x5f, 0xf2, 0x0, 0xaf, 0xfb, 0x0,
    0x3f, 0xf5, 0x0, 0x0, 0x0, 0x0, 0x0, 0x5f,
    0xf3, 0x0, 0xbf, 0xff, 0xff, 0xff, 0xf5, 0x0,
    0x0, 0x0, 0x0, 0x0, 0x5f, 0xff, 0xff, 0xff,
    0xfe, 0xaa, 0xcf, 0xf6, 0x0, 0x0, 0x0, 0x0,
    0x0, 0x6f, 0xfc, 0xaa, 0xef, 0xfa, 0x0, 0x2f,
    0xff, 0xff, 0xff, 0xff, 0xff, 0xff, 0xff, 0xf2,
    0x0, 0xaf, 0xfa, 0x0, 0x2f, 0xff, 0xff, 0xff,
    0xff, 0xff, 0xff, 0xff, 0xf2, 0x0, 0xaf, 0xfc,
    0x22, 0x5f, 0xfb, 0x77, 0x77, 0x77, 0x77, 0x77,
    0xbf, 0xf5, 0x22, 0xcf, 0xff, 0xff, 0xff, 0xf5,
    0x0, 0x0, 0x0, 0x0, 0x0, 0x5f, 0xff, 0xff,
    0xff, 0xfe, 0x88, 0xaf, 0xf5, 0x0, 0x0, 0x0,
    0x0, 0x0, 0x5f, 0xfa, 0x88, 0xef, 0xfa, 0x0,
    0x2f, 0xf5, 0x0, 0x0, 0x0, 0x0, 0x0, 0x5f,
    0xf2, 0x0, 0xaf, 0xfa, 0x0, 0x2f, 0xf5, 0x0,
    0x0, 0x0, 0x0, 0x0, 0x5f, 0xf2, 0x0, 0xaf,
    0xfc, 0x44, 0x6f, 0xf5, 0x0, 0x0, 0x0, 0x0,
    0x0, 0x5f, 0xf6, 0x44, 0xcf, 0xff, 0xff, 0xff,
    0xfb, 0x77, 0x77, 0x77, 0x77, 0x77, 0xbf, 0xff,
    0xff, 0xff, 0xfd, 0x66, 0x8f, 0xff, 0xff, 0xff,
    0xff, 0xff, 0xff, 0xff, 0xf8, 0x66, 0xdf, 0xa9,
    0x0, 0x2f, 0xff, 0xff, 0xff, 0xff, 0xff, 0xff,
    0xff, 0xf2, 0x0, 0x9a,

    /* U+F00B "" */
    0x0, 0x0, 0x0, 0x0, 0x0, 0x0, 0x0, 0x0,
    0x0, 0x0, 0x0, 0x0, 0x0, 0xbf, 0xff, 0xff,
    0xf4, 0x8, 0xff, 0xff, 0xff, 0xff, 0xff, 0xff,
    0xff, 0xfb, 0xff, 0xff, 0xff, 0xf8, 0xc, 0xff,
    0xff, 0xff, 0xff, 0xff, 0xff, 0xff, 0xff, 0xff,
    0xff, 0xff, 0xf9, 0xd, 0xff, 0xff, 0xff, 0xff,
    0xff, 0xff, 0xff, 0xff, 0xff, 0xff, 0xff, 0xf9,
    0xd, 0xff, 0xff, 0xff, 0xff, 0xff, 0xff, 0xff,
    0xff, 0xff, 0xff, 0xff, 0xf9, 0xd, 0xff, 0xff,
    0xff, 0xff, 0xff, 0xff, 0xff, 0xff, 0xef, 0xff,
    0xff, 0xf7, 0xb, 0xff, 0xff, 0xff, 0xff, 0xff,
    0xff, 0xff, 0xfe, 0x37, 0x77, 0x77, 0x60, 0x1,
    0x67, 0x77, 0x77, 0x77, 0x77, 0x77, 0x77, 0x73,
    0x0, 0x0, 0x0, 0x0, 0x0, 0x0, 0x0, 0x0,
    0x0, 0x0, 0x0, 0x0, 0x0, 0xaf, 0xff, 0xff,
    0xf4, 0x7, 0xff, 0xff, 0xff, 0xff, 0xff, 0xff,
    0xff, 0xfa, 0xff, 0xff, 0xff, 0xf8, 0xc, 0xff,
    0xff, 0xff, 0xff, 0xff, 0xff, 0xff, 0xff, 0xff,
    0xff, 0xff, 0xf9, 0xd, 0xff, 0xff, 0xff, 0xff,
    0xff, 0xff, 0xff, 0xff, 0xff, 0xff, 0xff, 0xf9,
    0xd, 0xff, 0xff, 0xff, 0xff, 0xff, 0xff, 0xff,
    0xff, 0xff, 0xff, 0xff, 0xf9, 0xd, 0xff, 0xff,
    0xff, 0xff, 0xff, 0xff, 0xff, 0xff, 0xef, 0xff,
    0xff, 0xf7, 0xb, 0xff, 0xff, 0xff, 0xff, 0xff,
    0xff, 0xff, 0xfe, 0x37, 0x88, 0x88, 0x70, 0x2,
    0x78, 0x88, 0x88, 0x88, 0x88, 0x88, 0x88, 0x73,
    0x0, 0x0, 0x0, 0x0, 0x0, 0x0, 0x0, 0x0,
    0x0, 0x0, 0x0, 0x0, 0x0, 0x9f, 0xff, 0xff,
    0xe3, 0x7, 0xef, 0xff, 0xff, 0xff, 0xff, 0xff,
    0xff, 0xf9, 0xff, 0xff, 0xff, 0xf8, 0xc, 0xff,
    0xff, 0xff, 0xff, 0xff, 0xff, 0xff, 0xff, 0xff,
    0xff, 0xff, 0xf9, 0xd, 0xff, 0xff, 0xff, 0xff,
    0xff, 0xff, 0xff, 0xff, 0xff, 0xff, 0xff, 0xf9,
    0xd, 0xff, 0xff, 0xff, 0xff, 0xff, 0xff, 0xff,
    0xff, 0xff, 0xff, 0xff, 0xf9, 0xd, 0xff, 0xff,
    0xff, 0xff, 0xff, 0xff, 0xff, 0xff, 0xff, 0xff,
    0xff, 0xf8, 0xc, 0xff, 0xff, 0xff, 0xff, 0xff,
    0xff, 0xff, 0xff, 0x48, 0x88, 0x88, 0x71, 0x2,
    0x88, 0x88, 0x88, 0x88, 0x88, 0x88, 0x88, 0x84,

    /* U+F00C "" */
    0x0, 0x0, 0x0, 0x0, 0x0, 0x0, 0x0, 0x0,
    0x0, 0x0, 0x0, 0x53, 0x0, 0x0, 0x0, 0x0,
    0x0, 0x0, 0x0, 0x0, 0x0, 0x0, 0x0, 0x9,
    0xff, 0x50, 0x0, 0x0, 0x0, 0x0, 0x0, 0x0,
    0x0, 0x0, 0x0, 0x0, 0x9f, 0xff, 0xf5, 0x0,
    0x0, 0x0, 0x0, 0x0, 0x0, 0x0, 0x0, 0x0,
    0x9, 0xff, 0xff, 0xff, 0x0, 0x0, 0x0, 0x0,
    0x0, 0x0, 0x0, 0x0, 0x0, 0x9f, 0xff, 0xff,
    0xfa, 0x0, 0x0, 0x0, 0x0, 0x0, 0x0, 0x0,
    0x0, 0x9, 0xff, 0xff, 0xff, 0xb0, 0x0, 0x0,
    0x0, 0x0, 0x0, 0x0, 0x0, 0x0, 0x9f, 0xff,
    0xff, 0xfb, 0x0, 0x0, 0xbd, 0x20, 0x0, 0x0,
    0x0, 0x0, 0x9, 0xff, 0xff, 0xff, 0xb0, 0x0,
    0xc, 0xff, 0xe2, 0x0, 0x0, 0x0, 0x0, 0x9f,
    0xff, 0xff, 0xfb, 0x0, 0x0, 0xbf, 0xff, 0xfe,
    0x20, 0x0, 0x0, 0x9, 0xff, 0xff, 0xff, 0xb0,
    0x0, 0x0, 0xef, 0xff, 0xff, 0xe2, 0x0, 0x0,
    0x9f, 0xff, 0xff, 0xfb, 0x0, 0x0, 0x0, 0x4f,
    0xff, 0xff, 0xfe, 0x20, 0x9, 0xff, 0xff, 0xff,
    0xb0, 0x0, 0x0, 0x0, 0x4, 0xff, 0xff, 0xff,
    0xe3, 0x9f, 0xff, 0xff, 0xfb, 0x0, 0x0, 0x0,
    0x0, 0x0, 0x4f, 0xff, 0xff, 0xff, 0xff, 0xff,
    0xff, 0xb0, 0x0, 0x0, 0x0, 0x0, 0x0, 0x4,
    0xff, 0xff, 0xff, 0xff, 0xff, 0xfb, 0x0, 0x0,
    0x0, 0x0, 0x0, 0x0, 0x0, 0x4f, 0xff, 0xff,
    0xff, 0xff, 0xb0, 0x0, 0x0, 0x0, 0x0, 0x0,
    0x0, 0x0, 0x4, 0xff, 0xff, 0xff, 0xfb, 0x0,
    0x0, 0x0, 0x0, 0x0, 0x0, 0x0, 0x0, 0x0,
    0x4f, 0xff, 0xff, 0xb0, 0x0, 0x0, 0x0, 0x0,
    0x0, 0x0, 0x0, 0x0, 0x0, 0x4, 0xff, 0xfb,
    0x0, 0x0, 0x0, 0x0, 0x0, 0x0, 0x0, 0x0,
    0x0, 0x0, 0x0, 0x3d, 0xa0, 0x0, 0x0, 0x0,
    0x0, 0x0, 0x0, 0x0,

    /* U+F00D "" */
    0x3, 0xa7, 0x0, 0x0, 0x0, 0x0, 0x0, 0x8a,
    0x20, 0x3f, 0xff, 0xa0, 0x0, 0x0, 0x0, 0xb,
    0xff, 0xe2, 0xef, 0xff, 0xfa, 0x0, 0x0, 0x0,
    0xbf, 0xff, 0xfb, 0xdf, 0xff, 0xff, 0xa0, 0x0,
    0xb, 0xff, 0xff, 0xfb, 0x3f, 0xff, 0xff, 0xfa,
    0x0, 0xbf, 0xff, 0xff, 0xe2, 0x3, 0xff, 0xff,
    0xff, 0xab, 0xff, 0xff, 0xfe, 0x20, 0x0, 0x3f,
    0xff, 0xff, 0xff, 0xff, 0xff, 0xe2, 0x0, 0x0,
    0x3, 0xff, 0xff, 0xff, 0xff, 0xfe, 0x20, 0x0,
    0x0, 0x0, 0x3f, 0xff, 0xff, 0xff, 0xe2, 0x0,
    0x0, 0x0, 0x0, 0xc, 0xff, 0xff, 0xff, 0xa0,
    0x0, 0x0, 0x0, 0x0, 0xbf, 0xff, 0xff, 0xff,
    0xfa, 0x0, 0x0, 0x0, 0xb, 0xff, 0xff, 0xff,
    0xff, 0xff, 0xa0, 0x0, 0x0, 0xbf, 0xff, 0xff,
    0xef, 0xff, 0xff, 0xfa, 0x0, 0xb, 0xff, 0xff,
    0xfe, 0x23, 0xff, 0xff, 0xff, 0xa0, 0xaf, 0xff,
    0xff, 0xe2, 0x0, 0x3f, 0xff, 0xff, 0xf8, 0xff,
    0xff, 0xfe, 0x20, 0x0, 0x3, 0xff, 0xff, 0xfd,
    0x8f, 0xff, 0xe2, 0x0, 0x0, 0x0, 0x3f, 0xff,
    0xf6, 0x9, 0xfd, 0x20, 0x0, 0x0, 0x0, 0x3,
    0xef, 0x70, 0x0, 0x10, 0x0, 0x0, 0x0, 0x0,
    0x0, 0x1, 0x0,

    /* U+F011 "" */
    0x0, 0x0, 0x0, 0x0, 0x0, 0x8, 0xbb, 0x60,
    0x0, 0x0, 0x0, 0x0, 0x0, 0x0, 0x0, 0x0,
    0x0, 0x0, 0x1f, 0xff, 0xe0, 0x0, 0x0, 0x0,
    0x0, 0x0, 0x0, 0x0, 0x0, 0x10, 0x0, 0x2f,
    0xff, 0xe0, 0x0, 0x2, 0x0, 0x0, 0x0, 0x0,
    0x0, 0x3e, 0xf5, 0x0, 0x2f, 0xff, 0xe0, 0x0,
    0x8f, 0xc1, 0x0, 0x0, 0x0, 0x3, 0xff, 0xfe,
    0x0, 0x2f, 0xff, 0xe0, 0x2, 0xff, 0xfd, 0x10,
    0x0, 0x0, 0x2e, 0xff, 0xff, 0x30, 0x2f, 0xff,
    0xe0, 0x6, 0xff, 0xff, 0xc0, 0x0, 0x0, 0xbf,
    0xff, 0xfa, 0x0, 0x2f, 0xff, 0xe0, 0x0, 0xcf,
    0xff, 0xf8, 0x0, 0x5, 0xff, 0xff, 0x90, 0x0,
    0x2f, 0xff, 0xe0, 0x0, 0xc, 0xff, 0xff, 0x20,
    0xc, 0xff, 0xfc, 0x0, 0x0, 0x2f, 0xff, 0xe0,
    0x0, 0x1, 0xff, 0xff, 0x90, 0x2f, 0xff, 0xf3,
    0x0, 0x0, 0x2f, 0xff, 0xe0, 0x0, 0x0, 0x7f,
    0xff, 0xe0, 0x6f, 0xff, 0xc0, 0x0, 0x0, 0x2f,
    0xff, 0xe0, 0x0, 0x0, 0x1f, 0xff, 0xf3, 0x9f,
    0xff, 0x80, 0x0, 0x0, 0x2f, 0xff, 0xe0, 0x0,
    0x0, 0xb, 0xff, 0xf6, 0xbf, 0xff, 0x60, 0x0,
    0x0, 0x2f, 0xff, 0xe0, 0x0, 0x0, 0x9, 0xff,
    0xf7, 0xbf, 0xff, 0x50, 0x0, 0x0, 0x2f, 0xff,
    0xe0, 0x0, 0x0, 0x8, 0xff, 0xf8, 0xbf, 0xff,
    0x60, 0x0, 0x0, 0xa, 0xdd, 0x70, 0x0, 0x0,
    0xa, 0xff, 0xf6, 0x8f, 0xff, 0x90, 0x0, 0x0,
    0x0, 0x0, 0x0, 0x0, 0x0, 0xd, 0xff, 0xf5,
    0x5f, 0xff, 0xe0, 0x0, 0x0, 0x0, 0x0, 0x0,
    0x0, 0x0, 0x2f, 0xff, 0xf1, 0xf, 0xff, 0xf7,
    0x0, 0x0, 0x0, 0x0, 0x0, 0x0, 0x0, 0xaf,
    0xff, 0xc0, 0x9, 0xff, 0xff, 0x30, 0x0, 0x0,
    0x0, 0x0, 0x0, 0x5, 0xff, 0xff, 0x60, 0x2,
    0xff, 0xff, 0xe2, 0x0, 0x0, 0x0, 0x0, 0x0,
    0x5f, 0xff, 0xfd, 0x0, 0x0, 0x7f, 0xff, 0xff,
    0x60, 0x0, 0x0, 0x0, 0x18, 0xff, 0xff, 0xf4,
    0x0, 0x0, 0xa, 0xff, 0xff, 0xfe, 0x85, 0x34,
    0x59, 0xef, 0xff, 0xff, 0x60, 0x0, 0x0, 0x0,
    0xaf, 0xff, 0xff, 0xff, 0xff, 0xff, 0xff, 0xff,
    0xf7, 0x0, 0x0, 0x0, 0x0, 0x7, 0xff, 0xff,
    0xff, 0xff, 0xff, 0xff, 0xfe, 0x40, 0x0, 0x0,
    0x0, 0x0, 0x0, 0x2a, 0xff, 0xff, 0xff, 0xff,
    0xff, 0x81, 0x0, 0x0, 0x0, 0x0, 0x0, 0x0,
    0x0, 0x16, 0x9c, 0xdc, 0xb9, 0x50, 0x0, 0x0,
    0x0, 0x0,

    /* U+F013 "" */
    0x0, 0x0, 0x0, 0x0, 0x0, 0x13, 0x55, 0x31,
    0x0, 0x0, 0x0, 0x0, 0x0, 0x0, 0x0, 0x0,
    0x0, 0x3, 0xff, 0xff, 0xff, 0x30, 0x0, 0x0,
    0x0, 0x0, 0x0, 0x0, 0x0, 0x0, 0x4, 0xff,
    0xff, 0xff, 0x40, 0x0, 0x0, 0x0, 0x0, 0x0,
    0x0, 0x0, 0x0, 0x4, 0xff, 0xff, 0xff, 0x40,
    0x0, 0x0, 0x0, 0x0, 0x0, 0x1, 0x50, 0x0,
    0x5d, 0xff, 0xff, 0xff, 0xd5, 0x0, 0x6, 0x10,
    0x0, 0x0, 0xd, 0xfd, 0x5c, 0xff, 0xff, 0xff,
    0xff, 0xff, 0xc5, 0xdf, 0xd0, 0x0, 0x0, 0x9f,
    0xff, 0xff, 0xff, 0xff, 0xff, 0xff, 0xff, 0xff,
    0xff, 0xf9, 0x0, 0x3, 0xff, 0xff, 0xff, 0xff,
    0xff, 0xff, 0xff, 0xff, 0xff, 0xff, 0xff, 0x30,
    0xa, 0xff, 0xff, 0xff, 0xff, 0xff, 0xff, 0xff,
    0xff, 0xff, 0xff, 0xff, 0xa0, 0xf, 0xff, 0xff,
    0xff, 0xff, 0xf7, 0x33, 0x7f, 0xff, 0xff, 0xff,
    0xff, 0xf0, 0x5, 0xef, 0xff, 0xff, 0xfe, 0x20,
    0x0, 0x2, 0xef, 0xff, 0xff, 0xfe, 0x50, 0x0,
    0xb, 0xff, 0xff, 0xf5, 0x0, 0x0, 0x0, 0x5f,
    0xff, 0xff, 0xb0, 0x0, 0x0, 0xa, 0xff, 0xff,
    0xf0, 0x0, 0x0, 0x0, 0xf, 0xff, 0xff, 0xa0,
    0x0, 0x0, 0xb, 0xff, 0xff, 0xf0, 0x0, 0x0,
    0x0, 0xf, 0xff, 0xff, 0xb0, 0x0, 0x0, 0xa,
    0xff, 0xff, 0xf2, 0x0, 0x0, 0x0, 0x2f, 0xff,
    0xff, 0xa0, 0x0, 0x0, 0x6f, 0xff, 0xff, 0xfa,
    0x0, 0x0, 0x0, 0xaf, 0xff, 0xff, 0xf6, 0x0,
    0xc, 0xff, 0xff, 0xff, 0xff, 0x90, 0x0, 0x9,
    0xff, 0xff, 0xff, 0xff, 0xd0, 0xd, 0xff, 0xff,
    0xff, 0xff, 0xff, 0xbb, 0xff, 0xff, 0xff, 0xff,
    0xff, 0xd0, 0x6, 0xff, 0xff, 0xff, 0xff, 0xff,
    0xff, 0xff, 0xff, 0xff, 0xff, 0xff, 0x60, 0x0,
    0xef, 0xff, 0xff, 0xff, 0xff, 0xff, 0xff, 0xff,
    0xff, 0xff, 0xfe, 0x0, 0x0, 0x4f, 0xff, 0xdf,
    0xff, 0xff, 0xff, 0xff, 0xff, 0xfd, 0xff, 0xf4,
    0x0, 0x0, 0x7, 0xe5, 0x4, 0xdf, 0xff, 0xff,
    0xff, 0xfd, 0x40, 0x5d, 0x70, 0x0, 0x0, 0x0,
    0x0, 0x0, 0x7, 0xff, 0xff, 0xff, 0x70, 0x0,
    0x0, 0x0, 0x0, 0x0, 0x0, 0x0, 0x0, 0x4,
    0xff, 0xff, 0xff, 0x40, 0x0, 0x0, 0x0, 0x0,
    0x0, 0x0, 0x0, 0x0, 0x3, 0xff, 0xff, 0xff,
    0x30, 0x0, 0x0, 0x0, 0x0, 0x0, 0x0, 0x0,
    0x0, 0x1, 0x9b, 0xdd, 0xc9, 0x10, 0x0, 0x0,
    0x0, 0x0, 0x0, 0x0, 0x0, 0x0, 0x0, 0x0,
    0x0, 0x0, 0x0, 0x0, 0x0, 0x0, 0x0,

    /* U+F015 "" */
    0x0, 0x0, 0x0, 0x0, 0x0, 0x0, 0x0, 0x0,
    0x0, 0x0, 0x0, 0x0, 0x0, 0x0, 0x0, 0x0,
    0x0, 0x0, 0x0, 0x0, 0x0, 0x1b, 0xfd, 0x30,
    0x0, 0x3f, 0xff, 0xb0, 0x0, 0x0, 0x0, 0x0,
    0x0, 0x0, 0x0, 0x3, 0xef, 0xff, 0xf6, 0x0,
    0x4f, 0xff, 0xc0, 0x0, 0x0, 0x0, 0x0, 0x0,
    0x0, 0x0, 0x6f, 0xff, 0xff, 0xff, 0x80, 0x4f,
    0xff, 0xc0, 0x0, 0x0, 0x0, 0x0, 0x0, 0x0,
    0x9, 0xff, 0xff, 0xbf, 0xff, 0xfb, 0x5f, 0xff,
    0xc0, 0x0, 0x0, 0x0, 0x0, 0x0, 0x1, 0xbf,
    0xff, 0xf5, 0x3, 0xef, 0xff, 0xff, 0xff, 0xc0,
    0x0, 0x0, 0x0, 0x0, 0x0, 0x2d, 0xff, 0xfe,
    0x30, 0x20, 0x1c, 0xff, 0xff, 0xff, 0xc0, 0x0,
    0x0, 0x0, 0x0, 0x4, 0xff, 0xff, 0xc1, 0x8,
    0xfb, 0x10, 0xaf, 0xff, 0xff, 0xc0, 0x0, 0x0,
    0x0, 0x0, 0x7f, 0xff, 0xfa, 0x1, 0xbf, 0xff,
    0xd2, 0x7, 0xff, 0xff, 0xd0, 0x0, 0x0, 0x0,
    0xa, 0xff, 0xff, 0x70, 0x2d, 0xff, 0xff, 0xff,
    0x40, 0x4f, 0xff, 0xfc, 0x10, 0x0, 0x1, 0xcf,
    0xff, 0xf4, 0x4, 0xef, 0xff, 0xff, 0xff, 0xf7,
    0x2, 0xdf, 0xff, 0xe3, 0x0, 0x3e, 0xff, 0xfd,
    0x20, 0x6f, 0xff, 0xff, 0xff, 0xff, 0xff, 0xa0,
    0x1b, 0xff, 0xff, 0x50, 0xef, 0xff, 0xc1, 0x9,
    0xff, 0xff, 0xff, 0xff, 0xff, 0xff, 0xfc, 0x10,
    0x9f, 0xff, 0xf2, 0x6f, 0xf9, 0x1, 0xcf, 0xff,
    0xff, 0xff, 0xff, 0xff, 0xff, 0xff, 0xe3, 0x6,
    0xff, 0xa0, 0x7, 0x60, 0xd, 0xff, 0xff, 0xff,
    0xff, 0xff, 0xff, 0xff, 0xff, 0xff, 0x30, 0x39,
    0x0, 0x0, 0x0, 0x2f, 0xff, 0xff, 0xff, 0xff,
    0xff, 0xff, 0xff, 0xff, 0xff, 0x60, 0x0, 0x0,
    0x0, 0x0, 0x2f, 0xff, 0xff, 0xff, 0xff, 0xff,
    0xff, 0xff, 0xff, 0xff, 0x60, 0x0, 0x0, 0x0,
    0x0, 0x2f, 0xff, 0xff, 0xff, 0x83, 0x33, 0x5f,
    0xff, 0xff, 0xff, 0x60, 0x0, 0x0, 0x0, 0x0,
    0x2f, 0xff, 0xff, 0xff, 0x30, 0x0, 0xf, 0xff,
    0xff, 0xff, 0x60, 0x0, 0x0, 0x0, 0x0, 0x2f,
    0xff, 0xff, 0xff, 0x30, 0x0, 0xf, 0xff, 0xff,
    0xff, 0x60, 0x0, 0x0, 0x0, 0x0, 0x2f, 0xff,
    0xff, 0xff, 0x30, 0x0, 0xf, 0xff, 0xff, 0xff,
    0x60, 0x0, 0x0, 0x0, 0x0, 0x2f, 0xff, 0xff,
    0xff, 0x30, 0x0, 0xf, 0xff, 0xff, 0xff, 0x60,
    0x0, 0x0, 0x0, 0x0, 0x1f, 0xff, 0xff, 0xff,
    0x20, 0x0, 0xe, 0xff, 0xff, 0xff, 0x50, 0x0,
    0x0, 0x0, 0x0, 0x9, 0xbb, 0xbb, 0xb9, 0x0,
    0x0, 0x7, 0xbb, 0xbb, 0xba, 0x10, 0x0, 0x0,

    /* U+F019 "" */
    0x0, 0x0, 0x0, 0x0, 0x0, 0xad, 0xdd, 0xda,
    0x0, 0x0, 0x0, 0x0, 0x0, 0x0, 0x0, 0x0,
    0x0, 0x3, 0xff, 0xff, 0xff, 0x30, 0x0, 0x0,
    0x0, 0x0, 0x0, 0x0, 0x0, 0x0, 0x4, 0xff,
    0xff, 0xff, 0x40, 0x0, 0x0, 0x0, 0x0, 0x0,
    0x0, 0x0, 0x0, 0x4, 0xff, 0xff, 0xff, 0x40,
    0x0, 0x0, 0x0, 0x0, 0x0, 0x0, 0x0, 0x0,
    0x4, 0xff, 0xff, 0xff, 0x40, 0x0, 0x0, 0x0,
    0x0, 0x0, 0x0, 0x0, 0x0, 0x4, 0xff, 0xff,
    0xff, 0x40, 0x0, 0x0, 0x0, 0x0, 0x0, 0x0,
    0x0, 0x0, 0x4, 0xff, 0xff, 0xff, 0x40, 0x0,
    0x0, 0x0, 0x0, 0x0, 0x0, 0x0, 0x0, 0x4,
    0xff, 0xff, 0xff, 0x40, 0x0, 0x0, 0x0, 0x0,
    0x0, 0x0, 0x0, 0x0, 0x4, 0xff, 0xff, 0xff,
    0x40, 0x0, 0x0, 0x0, 0x0, 0x0, 0x0, 0x1,
    0x11, 0x14, 0xff, 0xff, 0xff, 0x41, 0x11, 0x10,
    0x0, 0x0, 0x0, 0x0, 0x8f, 0xff, 0xff, 0xff,
    0xff, 0xff, 0xff, 0xff, 0xf8, 0x0, 0x0, 0x0,
    0x0, 0x7f, 0xff, 0xff, 0xff, 0xff, 0xff, 0xff,
    0xff, 0xf7, 0x0, 0x0, 0x0, 0x0, 0x9, 0xff,
    0xff, 0xff, 0xff, 0xff, 0xff, 0xff, 0x90, 0x0,
    0x0, 0x0, 0x0, 0x0, 0x9f, 0xff, 0xff, 0xff,
    0xff, 0xff, 0xf9, 0x0, 0x0, 0x0, 0x0, 0x0,
    0x0, 0x9, 0xff, 0xff, 0xff, 0xff, 0xff, 0x90,
    0x0, 0x0, 0x0, 0x0, 0x0, 0x0, 0x0, 0x9f,
    0xff, 0xff, 0xff, 0xf9, 0x0, 0x0, 0x0, 0x0,
    0x0, 0x0, 0x0, 0x0, 0x9, 0xff, 0xff, 0xff,
    0x90, 0x0, 0x0, 0x0, 0x0, 0x0, 0x0, 0x0,
    0x0, 0x0, 0x9f, 0xff, 0xf9, 0x0, 0x0, 0x0,
    0x0, 0x0, 0x9f, 0xff, 0xff, 0xff, 0xe3, 0x9,
    0xff, 0x90, 0x3e, 0xff, 0xff, 0xff, 0xf9, 0xff,
    0xff, 0xff, 0xff, 0xfe, 0x20, 0x77, 0x2, 0xef,
    0xff, 0xff, 0xff, 0xff, 0xff, 0xff, 0xff, 0xff,
    0xff, 0xe3, 0x0, 0x3e, 0xff, 0xff, 0xff, 0xff,
    0xff, 0xff, 0xff, 0xff, 0xff, 0xff, 0xff, 0xbb,
    0xff, 0xff, 0xff, 0xff, 0xff, 0xff, 0xff, 0xff,
    0xff, 0xff, 0xff, 0xff, 0xff, 0xff, 0xff, 0xcf,
    0xfd, 0xef, 0xff, 0xff, 0xff, 0xff, 0xff, 0xff,
    0xff, 0xff, 0xff, 0xfc, 0x6, 0xf0, 0x2f, 0xff,
    0xff, 0xff, 0xff, 0xff, 0xff, 0xff, 0xff, 0xff,
    0xfe, 0x4a, 0xf5, 0x7f, 0xff, 0xdf, 0xff, 0xff,
    0xff, 0xff, 0xff, 0xff, 0xff, 0xff, 0xff, 0xff,
    0xff, 0xfd, 0x3, 0x33, 0x33, 0x33, 0x33, 0x33,
    0x33, 0x33, 0x33, 0x33, 0x33, 0x33, 0x30,

    /* U+F01C "" */
    0x0, 0x0, 0x0, 0x3, 0x44, 0x44, 0x44, 0x44,
    0x44, 0x44, 0x44, 0x0, 0x0, 0x0, 0x0, 0x0,
    0x0, 0x1, 0xcf, 0xff, 0xff, 0xff, 0xff, 0xff,
    0xff, 0xff, 0xe3, 0x0, 0x0, 0x0, 0x0, 0x0,
    0xb, 0xff, 0xff, 0xff, 0xff, 0xff, 0xff, 0xff,
    0xff, 0xfe, 0x10, 0x0, 0x0, 0x0, 0x0, 0x6f,
    0xff, 0xff, 0xff, 0xff, 0xff, 0xff, 0xff, 0xff,
    0xff, 0xa0, 0x0, 0x0, 0x0, 0x1, 0xff, 0xfd,
    0x0, 0x0, 0x0, 0x0, 0x0, 0x0, 0x9, 0xff,
    0xf5, 0x0, 0x0, 0x0, 0xb, 0xff, 0xf3, 0x0,
    0x0, 0x0, 0x0, 0x0, 0x0, 0x0, 0xdf, 0xfe,
    0x10, 0x0, 0x0, 0x6f, 0xff, 0x70, 0x0, 0x0,
    0x0, 0x0, 0x0, 0x0, 0x0, 0x3f, 0xff, 0xa0,
    0x0, 0x2, 0xff, 0xfc, 0x0, 0x0, 0x0, 0x0,
    0x0, 0x0, 0x0, 0x0, 0x8, 0xff, 0xf5, 0x0,
    0xb, 0xff, 0xf2, 0x0, 0x0, 0x0, 0x0, 0x0,
    0x0, 0x0, 0x0, 0x0, 0xdf, 0xfe, 0x10, 0x6f,
    0xff, 0x60, 0x0, 0x0, 0x0, 0x0, 0x0, 0x0,
    0x0, 0x0, 0x0, 0x3f, 0xff, 0xa0, 0xef, 0xff,
    0xcc, 0xcc, 0xcc, 0x40, 0x0, 0x0, 0x0, 0x1b,
    0xcc, 0xcc, 0xce, 0xff, 0xf2, 0xff, 0xff, 0xff,
    0xff, 0xff, 0xc0, 0x0, 0x0, 0x0, 0x8f, 0xff,
    0xff, 0xff, 0xff, 0xf3, 0xff, 0xff, 0xff, 0xff,
    0xff, 0xf4, 0x0, 0x0, 0x1, 0xff, 0xff, 0xff,
    0xff, 0xff, 0xf4, 0xff, 0xff, 0xff, 0xff, 0xff,
    0xfd, 0x88, 0x88, 0x8b, 0xff, 0xff, 0xff, 0xff,
    0xff, 0xf4, 0xff, 0xff, 0xff, 0xff, 0xff, 0xff,
    0xff, 0xff, 0xff, 0xff, 0xff, 0xff, 0xff, 0xff,
    0xf4, 0xff, 0xff, 0xff, 0xff, 0xff, 0xff, 0xff,
    0xff, 0xff, 0xff, 0xff, 0xff, 0xff, 0xff, 0xf4,
    0xff, 0xff, 0xff, 0xff, 0xff, 0xff, 0xff, 0xff,
    0xff, 0xff, 0xff, 0xff, 0xff, 0xff, 0xf4, 0xff,
    0xff, 0xff, 0xff, 0xff, 0xff, 0xff, 0xff, 0xff,
    0xff, 0xff, 0xff, 0xff, 0xff, 0xf3, 0xcf, 0xff,
    0xff, 0xff, 0xff, 0xff, 0xff, 0xff, 0xff, 0xff,
    0xff, 0xff, 0xff, 0xff, 0xf1, 0x2c, 0xff, 0xff,
    0xff, 0xff, 0xff, 0xff, 0xff, 0xff, 0xff, 0xff,
    0xff, 0xff, 0xfd, 0x40,

    /* U+F021 "" */
    0x0, 0x0, 0x0, 0x0, 0x0, 0x46, 0x77, 0x52,
    0x0, 0x0, 0x0, 0x6e, 0xec, 0x0, 0x0, 0x0,
    0x3, 0xaf, 0xff, 0xff, 0xff, 0xe8, 0x10, 0x0,
    0x9f, 0xff, 0x0, 0x0, 0x1, 0xaf, 0xff, 0xff,
    0xff, 0xff, 0xff, 0xf8, 0x0, 0x8f, 0xff, 0x0,
    0x0, 0x3e, 0xff, 0xff, 0xff, 0xff, 0xff, 0xff,
    0xff, 0xd2, 0x7f, 0xff, 0x0, 0x3, 0xef, 0xff,
    0xfe, 0x84, 0x32, 0x59, 0xff, 0xff, 0xff, 0xaf,
    0xff, 0x0, 0x1e, 0xff, 0xff, 0x80, 0x0, 0x0,
    0x0, 0x18, 0xff, 0xff, 0xff, 0xff, 0x0, 0xbf,
    0xff, 0xe3, 0x0, 0x0, 0x0, 0x0, 0x0, 0x3e,
    0xff, 0xff, 0xff, 0x3, 0xff, 0xff, 0x30, 0x0,
    0x0, 0x0, 0x1, 0x0, 0x2, 0xff, 0xff, 0xff,
    0xb, 0xff, 0xf6, 0x0, 0x0, 0x0, 0x0, 0x5f,
    0xff, 0xfe, 0xff, 0xff, 0xff, 0xf, 0xff, 0xd0,
    0x0, 0x0, 0x0, 0x0, 0x6f, 0xff, 0xff, 0xff,
    0xff, 0xff, 0x4f, 0xff, 0x70, 0x0, 0x0, 0x0,
    0x0, 0x5f, 0xff, 0xff, 0xff, 0xff, 0xff, 0x17,
    0x87, 0x10, 0x0, 0x0, 0x0, 0x0, 0x17, 0x88,
    0x88, 0x88, 0x88, 0x86, 0x0, 0x0, 0x0, 0x0,
    0x0, 0x0, 0x0, 0x0, 0x0, 0x0, 0x0, 0x0,
    0x0, 0x0, 0x0, 0x0, 0x0, 0x0, 0x0, 0x0,
    0x0, 0x0, 0x0, 0x0, 0x0, 0x0, 0x0, 0x0,
    0x0, 0x0, 0x0, 0x0, 0x0, 0x0, 0x0, 0x0,
    0x0, 0x0, 0x0, 0xef, 0xff, 0xff, 0xff, 0xff,
    0xf4, 0x0, 0x0, 0x0, 0x0, 0x5, 0xff, 0xf4,
    0xff, 0xff, 0xff, 0xff, 0xff, 0xf6, 0x0, 0x0,
    0x0, 0x0, 0xb, 0xff, 0xf1, 0xff, 0xff, 0xff,
    0xff, 0xff, 0xf5, 0x0, 0x0, 0x0, 0x0, 0x3f,
    0xff, 0xd0, 0xff, 0xff, 0xfe, 0x56, 0x77, 0x81,
    0x0, 0x0, 0x0, 0x0, 0xdf, 0xff, 0x60, 0xff,
    0xff, 0xff, 0x90, 0x0, 0x0, 0x0, 0x0, 0x0,
    0xb, 0xff, 0xfe, 0x0, 0xff, 0xff, 0xff, 0xfc,
    0x20, 0x0, 0x0, 0x0, 0x2, 0xdf, 0xff, 0xf4,
    0x0, 0xff, 0xfd, 0xff, 0xff, 0xfa, 0x30, 0x0,
    0x3, 0x9f, 0xff, 0xff, 0x80, 0x0, 0xff, 0xf7,
    0x8f, 0xff, 0xff, 0xff, 0xdd, 0xff, 0xff, 0xff,
    0xf8, 0x0, 0x0, 0xff, 0xf8, 0x4, 0xef, 0xff,
    0xff, 0xff, 0xff, 0xff, 0xfe, 0x50, 0x0, 0x0,
    0xff, 0xf8, 0x0, 0x7, 0xdf, 0xff, 0xff, 0xff,
    0xff, 0x91, 0x0, 0x0, 0x0, 0xff, 0xf9, 0x0,
    0x0, 0x3, 0x8b, 0xdd, 0xb9, 0x51, 0x0, 0x0,
    0x0, 0x0, 0x35, 0x51, 0x0, 0x0, 0x0, 0x0,
    0x0, 0x0, 0x0, 0x0, 0x0, 0x0, 0x0,

    /* U+F026 "" */
    0x0, 0x0, 0x0, 0x0, 0x0, 0x7, 0x40, 0x0,
    0x0, 0x0, 0x0, 0xc, 0xff, 0x0, 0x0, 0x0,
    0x0, 0xc, 0xff, 0xf0, 0x0, 0x0, 0x0, 0xc,
    0xff, 0xff, 0x0, 0x0, 0x0, 0xc, 0xff, 0xff,
    0xf6, 0xbb, 0xbb, 0xbd, 0xff, 0xff, 0xff, 0xff,
    0xff, 0xff, 0xff, 0xff, 0xff, 0xff, 0xff, 0xff,
    0xff, 0xff, 0xff, 0xff, 0xff, 0xff, 0xff, 0xff,
    0xff, 0xff, 0xff, 0xff, 0xff, 0xff, 0xff, 0xff,
    0xff, 0xff, 0xff, 0xff, 0xff, 0xff, 0xff, 0xff,
    0xff, 0xff, 0xff, 0xff, 0xff, 0xff, 0xff, 0xff,
    0xff, 0xff, 0xff, 0xff, 0xff, 0xff, 0xff, 0xff,
    0xff, 0xff, 0xff, 0xbf, 0xff, 0xff, 0xff, 0xff,
    0xff, 0xf0, 0x0, 0x0, 0x3, 0xef, 0xff, 0xff,
    0x0, 0x0, 0x0, 0x3, 0xef, 0xff, 0xf0, 0x0,
    0x0, 0x0, 0x3, 0xef, 0xff, 0x0, 0x0, 0x0,
    0x0, 0x3, 0xef, 0xf0, 0x0, 0x0, 0x0, 0x0,
    0x3, 0xd9, 0x0, 0x0, 0x0, 0x0, 0x0, 0x0,
    0x0,

    /* U+F027 "" */
    0x0, 0x0, 0x0, 0x0, 0x0, 0x7, 0x40, 0x0,
    0x0, 0x0, 0x0, 0x0, 0x0, 0x0, 0x0, 0xcf,
    0xf0, 0x0, 0x0, 0x0, 0x0, 0x0, 0x0, 0x0,
    0xc, 0xff, 0xf0, 0x0, 0x0, 0x0, 0x0, 0x0,
    0x0, 0x0, 0xcf, 0xff, 0xf0, 0x0, 0x0, 0x0,
    0x0, 0x0, 0x0, 0xc, 0xff, 0xff, 0xf0, 0x0,
    0x0, 0x0, 0x6b, 0xbb, 0xbb, 0xdf, 0xff, 0xff,
    0xf0, 0x0, 0x0, 0x0, 0xff, 0xff, 0xff, 0xff,
    0xff, 0xff, 0xf0, 0x3, 0xb5, 0x0, 0xff, 0xff,
    0xff, 0xff, 0xff, 0xff, 0xf0, 0x9, 0xff, 0x60,
    0xff, 0xff, 0xff, 0xff, 0xff, 0xff, 0xf0, 0x2,
    0xdf, 0xf1, 0xff, 0xff, 0xff, 0xff, 0xff, 0xff,
    0xf0, 0x0, 0x2f, 0xf6, 0xff, 0xff, 0xff, 0xff,
    0xff, 0xff, 0xf0, 0x0, 0xf, 0xf7, 0xff, 0xff,
    0xff, 0xff, 0xff, 0xff, 0xf0, 0x0, 0x6f, 0xf4,
    0xff, 0xff, 0xff, 0xff, 0xff, 0xff, 0xf0, 0x6,
    0xff, 0xd0, 0xff, 0xff, 0xff, 0xff, 0xff, 0xff,
    0xf0, 0x8, 0xfe, 0x20, 0xbf, 0xff, 0xff, 0xff,
    0xff, 0xff, 0xf0, 0x0, 0x41, 0x0, 0x0, 0x0,
    0x0, 0x3e, 0xff, 0xff, 0xf0, 0x0, 0x0, 0x0,
    0x0, 0x0, 0x0, 0x3, 0xef, 0xff, 0xf0, 0x0,
    0x0, 0x0, 0x0, 0x0, 0x0, 0x0, 0x3e, 0xff,
    0xf0, 0x0, 0x0, 0x0, 0x0, 0x0, 0x0, 0x0,
    0x3, 0xef, 0xf0, 0x0, 0x0, 0x0, 0x0, 0x0,
    0x0, 0x0, 0x0, 0x3d, 0x90, 0x0, 0x0, 0x0,
    0x0, 0x0, 0x0, 0x0, 0x0, 0x0, 0x0, 0x0,
    0x0, 0x0,

    /* U+F028 "" */
    0x0, 0x0, 0x0, 0x0, 0x0, 0x0, 0x0, 0x0,
    0x0, 0x0, 0x0, 0x0, 0x0, 0x0, 0x0, 0x0,
    0x0, 0x0, 0x0, 0x0, 0x0, 0x0, 0x0, 0x0,
    0x0, 0xb, 0xd3, 0x0, 0x0, 0x0, 0x0, 0x0,
    0x0, 0x0, 0x0, 0x0, 0x0, 0x0, 0x0, 0x0,
    0x1f, 0xff, 0x50, 0x0, 0x0, 0x0, 0x0, 0x0,
    0x0, 0x0, 0x7, 0x40, 0x0, 0x0, 0x0, 0x5,
    0xff, 0xf6, 0x0, 0x0, 0x0, 0x0, 0x0, 0x0,
    0x0, 0xcf, 0xf0, 0x0, 0x0, 0x0, 0x0, 0x2e,
    0xff, 0x30, 0x0, 0x0, 0x0, 0x0, 0x0, 0xc,
    0xff, 0xf0, 0x0, 0x0, 0x6d, 0x40, 0x2, 0xff,
    0xe0, 0x0, 0x0, 0x0, 0x0, 0x0, 0xcf, 0xff,
    0xf0, 0x0, 0x0, 0xcf, 0xf7, 0x0, 0x5f, 0xf8,
    0x0, 0x0, 0x0, 0x0, 0xc, 0xff, 0xff, 0xf0,
    0x0, 0x0, 0x3e, 0xff, 0x50, 0xb, 0xff, 0x0,
    0x6b, 0xbb, 0xbb, 0xdf, 0xff, 0xff, 0xf0, 0x0,
    0x0, 0x1, 0xdf, 0xf2, 0x3, 0xff, 0x60, 0xff,
    0xff, 0xff, 0xff, 0xff, 0xff, 0xf0, 0x3, 0xc6,
    0x0, 0x3f, 0xf9, 0x0, 0xdf, 0xb0, 0xff, 0xff,
    0xff, 0xff, 0xff, 0xff, 0xf0, 0x9, 0xff, 0x70,
    0xa, 0xff, 0x0, 0x8f, 0xf0, 0xff, 0xff, 0xff,
    0xff, 0xff, 0xff, 0xf0, 0x2, 0xdf, 0xf1, 0x5,
    0xff, 0x30, 0x5f, 0xf2, 0xff, 0xff, 0xff, 0xff,
    0xff, 0xff, 0xf0, 0x0, 0x1f, 0xf6, 0x2, 0xff,
    0x50, 0x3f, 0xf3, 0xff, 0xff, 0xff, 0xff, 0xff,
    0xff, 0xf0, 0x0, 0xf, 0xf7, 0x1, 0xff, 0x50,
    0x3f, 0xf3, 0xff, 0xff, 0xff, 0xff, 0xff, 0xff,
    0xf0, 0x0, 0x6f, 0xf4, 0x3, 0xff, 0x40, 0x4f,
    0xf2, 0xff, 0xff, 0xff, 0xff, 0xff, 0xff, 0xf0,
    0x6, 0xff, 0xd0, 0x7, 0xff, 0x10, 0x6f, 0xf0,
    0xff, 0xff, 0xff, 0xff, 0xff, 0xff, 0xf0, 0x8,
    0xfd, 0x20, 0xd, 0xfc, 0x0, 0xbf, 0xd0, 0xbf,
    0xff, 0xff, 0xff, 0xff, 0xff, 0xf0, 0x0, 0x40,
    0x0, 0x8f, 0xf5, 0x1, 0xff, 0x90, 0x0, 0x0,
    0x0, 0x3e, 0xff, 0xff, 0xf0, 0x0, 0x0, 0x7,
    0xff, 0xb0, 0x7, 0xff, 0x30, 0x0, 0x0, 0x0,
    0x3, 0xef, 0xff, 0xf0, 0x0, 0x0, 0x9f, 0xfe,
    0x10, 0x1e, 0xfc, 0x0, 0x0, 0x0, 0x0, 0x0,
    0x3e, 0xff, 0xf0, 0x0, 0x0, 0xcf, 0xc1, 0x0,
    0xbf, 0xf3, 0x0, 0x0, 0x0, 0x0, 0x0, 0x3,
    0xef, 0xf0, 0x0, 0x0, 0x15, 0x0, 0x9, 0xff,
    0x90, 0x0, 0x0, 0x0, 0x0, 0x0, 0x0, 0x3d,
    0x90, 0x0, 0x0, 0x0, 0x0, 0xaf, 0xfc, 0x0,
    0x0, 0x0, 0x0, 0x0, 0x0, 0x0, 0x0, 0x0,
    0x0, 0x0, 0x0, 0xc, 0xff, 0xc1, 0x0, 0x0,
    0x0, 0x0, 0x0, 0x0, 0x0, 0x0, 0x0, 0x0,
    0x0, 0x0, 0x1f, 0xfa, 0x0, 0x0, 0x0, 0x0,
    0x0, 0x0, 0x0, 0x0, 0x0, 0x0, 0x0, 0x0,
    0x0, 0x3, 0x50, 0x0, 0x0, 0x0,

    /* U+F03E "" */
    0x7, 0xbb, 0xbb, 0xbb, 0xbb, 0xbb, 0xbb, 0xbb,
    0xbb, 0xbb, 0xbb, 0xbb, 0x70, 0x9f, 0xff, 0xff,
    0xff, 0xff, 0xff, 0xff, 0xff, 0xff, 0xff, 0xff,
    0xff, 0xf9, 0xff, 0xff, 0xff, 0xff, 0xff, 0xff,
    0xff, 0xff, 0xff, 0xff, 0xff, 0xff, 0xff, 0xff,
    0xff, 0x72, 0x4d, 0xff, 0xff, 0xff, 0xff, 0xff,
    0xff, 0xff, 0xff, 0xff, 0xff, 0xf5, 0x0, 0x1,
    0xef, 0xff, 0xff, 0xff, 0xff, 0xff, 0xff, 0xff,
    0xff, 0xff, 0xf0, 0x0, 0x0, 0x9f, 0xff, 0xff,
    0xff, 0xff, 0xff, 0xff, 0xff, 0xff, 0xff, 0xe0,
    0x0, 0x0, 0x8f, 0xff, 0xff, 0xff, 0xfa, 0xcf,
    0xff, 0xff, 0xff, 0xff, 0xf3, 0x0, 0x0, 0xdf,
    0xff, 0xff, 0xff, 0x80, 0xc, 0xff, 0xff, 0xff,
    0xff, 0xfe, 0x40, 0x2b, 0xff, 0xff, 0xff, 0xf8,
    0x0, 0x0, 0xcf, 0xff, 0xff, 0xff, 0xff, 0xff,
    0xff, 0xff, 0xff, 0xff, 0x80, 0x0, 0x0, 0xc,
    0xff, 0xff, 0xff, 0xff, 0xff, 0xe9, 0xff, 0xff,
    0xf8, 0x0, 0x0, 0x0, 0x0, 0xcf, 0xff, 0xff,
    0xff, 0xfe, 0x20, 0x7f, 0xff, 0x80, 0x0, 0x0,
    0x0, 0x0, 0x4f, 0xff, 0xff, 0xff, 0xe2, 0x0,
    0x7, 0xf8, 0x0, 0x0, 0x0, 0x0, 0x0, 0x4f,
    0xff, 0xff, 0xfe, 0x20, 0x0, 0x0, 0x30, 0x0,
    0x0, 0x0, 0x0, 0x0, 0x4f, 0xff, 0xff, 0xf4,
    0x0, 0x0, 0x0, 0x0, 0x0, 0x0, 0x0, 0x0,
    0x0, 0x4f, 0xff, 0xff, 0xf4, 0x0, 0x0, 0x0,
    0x0, 0x0, 0x0, 0x0, 0x0, 0x0, 0x4f, 0xff,
    0xff, 0xf7, 0x44, 0x44, 0x44, 0x44, 0x44, 0x44,
    0x44, 0x44, 0x44, 0x7f, 0xff, 0xff, 0xff, 0xff,
    0xff, 0xff, 0xff, 0xff, 0xff, 0xff, 0xff, 0xff,
    0xff, 0xff, 0xcf, 0xff, 0xff, 0xff, 0xff, 0xff,
    0xff, 0xff, 0xff, 0xff, 0xff, 0xff, 0xfc, 0x2c,
    0xff, 0xff, 0xff, 0xff, 0xff, 0xff, 0xff, 0xff,
    0xff, 0xff, 0xff, 0xc2,

    /* U+F043 "" */
    0x0, 0x0, 0x0, 0x2, 0xcb, 0x10, 0x0, 0x0,
    0x0, 0x0, 0x0, 0x0, 0x9, 0xff, 0x70, 0x0,
    0x0, 0x0, 0x0, 0x0, 0x0, 0xf, 0xff, 0xd0,
    0x0, 0x0, 0x0, 0x0, 0x0, 0x0, 0x5f, 0xff,
    0xf3, 0x0, 0x0, 0x0, 0x0, 0x0, 0x0, 0xcf,
    0xff, 0xfa, 0x0, 0x0, 0x0, 0x0, 0x0, 0x4,
    0xff, 0xff, 0xff, 0x20, 0x0, 0x0, 0x0, 0x0,
    0xc, 0xff, 0xff, 0xff, 0xb0, 0x0, 0x0, 0x0,
    0x0, 0x6f, 0xff, 0xff, 0xff, 0xf4, 0x0, 0x0,
    0x0, 0x1, 0xef, 0xff, 0xff, 0xff, 0xfd, 0x0,
    0x0, 0x0, 0xb, 0xff, 0xff, 0xff, 0xff, 0xff,
    0x90, 0x0, 0x0, 0x7f, 0xff, 0xff, 0xff, 0xff,
    0xff, 0xf5, 0x0, 0x2, 0xff, 0xff, 0xff, 0xff,
    0xff, 0xff, 0xfe, 0x10, 0xb, 0xff, 0xff, 0xff,
    0xff, 0xff, 0xff, 0xff, 0x90, 0x3f, 0xff, 0xff,
    0xff, 0xff, 0xff, 0xff, 0xff, 0xf1, 0x8f, 0xff,
    0xff, 0xff, 0xff, 0xff, 0xff, 0xff, 0xf6, 0xcf,
    0xff, 0xff, 0xff, 0xff, 0xff, 0xff, 0xff, 0xfa,
    0xef, 0xfb, 0xaf, 0xff, 0xff, 0xff, 0xff, 0xff,
    0xfc, 0xff, 0xf4, 0x1f, 0xff, 0xff, 0xff, 0xff,
    0xff, 0xfd, 0xef, 0xf6, 0xe, 0xff, 0xff, 0xff,
    0xff, 0xff, 0xfc, 0xbf, 0xfb, 0x6, 0xff, 0xff,
    0xff, 0xff, 0xff, 0xf8, 0x6f, 0xff, 0x40, 0x6f,
    0xff, 0xff, 0xff, 0xff, 0xf4, 0xe, 0xff, 0xf3,
    0x0, 0x3a, 0xff, 0xff, 0xff, 0xc0, 0x4, 0xff,
    0xff, 0x93, 0x7, 0xff, 0xff, 0xff, 0x30, 0x0,
    0x7f, 0xff, 0xff, 0xff, 0xff, 0xff, 0xf5, 0x0,
    0x0, 0x5, 0xff, 0xff, 0xff, 0xff, 0xfe, 0x40,
    0x0, 0x0, 0x0, 0x18, 0xef, 0xff, 0xfd, 0x80,
    0x0, 0x0, 0x0, 0x0, 0x0, 0x1, 0x33, 0x10,
    0x0, 0x0, 0x0,

    /* U+F048 "" */
    0x0, 0x0, 0x0, 0x0, 0x0, 0x0, 0x0, 0x0,
    0xa, 0xff, 0xd0, 0x0, 0x0, 0x0, 0x0, 0x5f,
    0xd2, 0xbf, 0xfe, 0x0, 0x0, 0x0, 0x0, 0x6f,
    0xff, 0x7b, 0xff, 0xe0, 0x0, 0x0, 0x0, 0x7f,
    0xff, 0xf8, 0xbf, 0xfe, 0x0, 0x0, 0x0, 0x9f,
    0xff, 0xff, 0x8b, 0xff, 0xe0, 0x0, 0x0, 0xaf,
    0xff, 0xff, 0xf8, 0xbf, 0xfe, 0x0, 0x0, 0xbf,
    0xff, 0xff, 0xff, 0x8b, 0xff, 0xe0, 0x1, 0xcf,
    0xff, 0xff, 0xff, 0xf8, 0xbf, 0xfe, 0x1, 0xdf,
    0xff, 0xff, 0xff, 0xff, 0x8b, 0xff, 0xe2, 0xdf,
    0xff, 0xff, 0xff, 0xff, 0xf8, 0xbf, 0xff, 0xef,
    0xff, 0xff, 0xff, 0xff, 0xff, 0x8b, 0xff, 0xff,
    0xff, 0xff, 0xff, 0xff, 0xff, 0xf8, 0xbf, 0xff,
    0xff, 0xff, 0xff, 0xff, 0xff, 0xff, 0x8b, 0xff,
    0xff, 0xff, 0xff, 0xff, 0xff, 0xff, 0xf8, 0xbf,
    0xff, 0xbf, 0xff, 0xff, 0xff, 0xff, 0xff, 0x8b,
    0xff, 0xe0, 0xaf, 0xff, 0xff, 0xff, 0xff, 0xf8,
    0xbf, 0xfe, 0x0, 0x9f, 0xff, 0xff, 0xff, 0xff,
    0x8b, 0xff, 0xe0, 0x0, 0x7f, 0xff, 0xff, 0xff,
    0xf8, 0xbf, 0xfe, 0x0, 0x0, 0x6f, 0xff, 0xff,
    0xff, 0x8b, 0xff, 0xe0, 0x0, 0x0, 0x5f, 0xff,
    0xff, 0xf8, 0xbf, 0xfe, 0x0, 0x0, 0x0, 0x4f,
    0xff, 0xff, 0x8b, 0xff, 0xe0, 0x0, 0x0, 0x0,
    0x3e, 0xff, 0xf8, 0xbf, 0xfe, 0x0, 0x0, 0x0,
    0x0, 0x2e, 0xff, 0x66, 0xbb, 0x80, 0x0, 0x0,
    0x0, 0x0, 0x1a, 0x80, 0x0, 0x0, 0x0, 0x0,
    0x0, 0x0, 0x0, 0x0, 0x0,

    /* U+F04B "" */
    0x0, 0x0, 0x0, 0x0, 0x0, 0x0, 0x0, 0x0,
    0x0, 0x0, 0x0, 0x0, 0x8b, 0x70, 0x0, 0x0,
    0x0, 0x0, 0x0, 0x0, 0x0, 0x0, 0x0, 0xbf,
    0xff, 0xd4, 0x0, 0x0, 0x0, 0x0, 0x0, 0x0,
    0x0, 0x0, 0xf, 0xff, 0xff, 0xfb, 0x20, 0x0,
    0x0, 0x0, 0x0, 0x0, 0x0, 0x0, 0xff, 0xff,
    0xff, 0xff, 0x80, 0x0, 0x0, 0x0, 0x0, 0x0,
    0x0, 0xf, 0xff, 0xff, 0xff, 0xff, 0xe5, 0x0,
    0x0, 0x0, 0x0, 0x0, 0x0, 0xff, 0xff, 0xff,
    0xff, 0xff, 0xfc, 0x20, 0x0, 0x0, 0x0, 0x0,
    0xf, 0xff, 0xff, 0xff, 0xff, 0xff, 0xff, 0x91,
    0x0, 0x0, 0x0, 0x0, 0xff, 0xff, 0xff, 0xff,
    0xff, 0xff, 0xff, 0xe6, 0x0, 0x0, 0x0, 0xf,
    0xff, 0xff, 0xff, 0xff, 0xff, 0xff, 0xff, 0xfc,
    0x30, 0x0, 0x0, 0xff, 0xff, 0xff, 0xff, 0xff,
    0xff, 0xff, 0xff, 0xff, 0x91, 0x0, 0xf, 0xff,
    0xff, 0xff, 0xff, 0xff, 0xff, 0xff, 0xff, 0xff,
    0xf6, 0x0, 0xff, 0xff, 0xff, 0xff, 0xff, 0xff,
    0xff, 0xff, 0xff, 0xff, 0xfc, 0x1f, 0xff, 0xff,
    0xff, 0xff, 0xff, 0xff, 0xff, 0xff, 0xff, 0xff,
    0xf9, 0xff, 0xff, 0xff, 0xff, 0xff, 0xff, 0xff,
    0xff, 0xff, 0xff, 0xff, 0xbf, 0xff, 0xff, 0xff,
    0xff, 0xff, 0xff, 0xff, 0xff, 0xff, 0xff, 0xf5,
    0xff, 0xff, 0xff, 0xff, 0xff, 0xff, 0xff, 0xff,
    0xff, 0xff, 0xe5, 0xf, 0xff, 0xff, 0xff, 0xff,
    0xff, 0xff, 0xff, 0xff, 0xff, 0x80, 0x0, 0xff,
    0xff, 0xff, 0xff, 0xff, 0xff, 0xff, 0xff, 0xfb,
    0x20, 0x0, 0xf, 0xff, 0xff, 0xff, 0xff, 0xff,
    0xff, 0xff, 0xd4, 0x0, 0x0, 0x0, 0xff, 0xff,
    0xff, 0xff, 0xff, 0xff, 0xff, 0x70, 0x0, 0x0,
    0x0, 0xf, 0xff, 0xff, 0xff, 0xff, 0xff, 0xfa,
    0x10, 0x0, 0x0, 0x0, 0x0, 0xff, 0xff, 0xff,
    0xff, 0xff, 0xd4, 0x0, 0x0, 0x0, 0x0, 0x0,
    0xf, 0xff, 0xff, 0xff, 0xff, 0x70, 0x0, 0x0,
    0x0, 0x0, 0x0, 0x0, 0xff, 0xff, 0xff, 0xf9,
    0x10, 0x0, 0x0, 0x0, 0x0, 0x0, 0x0, 0xe,
    0xff, 0xff, 0xc3, 0x0, 0x0, 0x0, 0x0, 0x0,
    0x0, 0x0, 0x0, 0x4f, 0xfe, 0x60, 0x0, 0x0,
    0x0, 0x0, 0x0, 0x0, 0x0, 0x0, 0x0, 0x13,
    0x0, 0x0, 0x0, 0x0, 0x0, 0x0, 0x0, 0x0,
    0x0, 0x0,

    /* U+F04C "" */
    0x0, 0x0, 0x0, 0x0, 0x0, 0x0, 0x0, 0x0,
    0x0, 0x0, 0x0, 0x2, 0xcf, 0xff, 0xff, 0xfa,
    0x0, 0x0, 0x2c, 0xff, 0xff, 0xff, 0xa0, 0xcf,
    0xff, 0xff, 0xff, 0xf8, 0x0, 0xc, 0xff, 0xff,
    0xff, 0xff, 0x8f, 0xff, 0xff, 0xff, 0xff, 0xb0,
    0x0, 0xff, 0xff, 0xff, 0xff, 0xfb, 0xff, 0xff,
    0xff, 0xff, 0xfc, 0x0, 0xf, 0xff, 0xff, 0xff,
    0xff, 0xcf, 0xff, 0xff, 0xff, 0xff, 0xc0, 0x0,
    0xff, 0xff, 0xff, 0xff, 0xfc, 0xff, 0xff, 0xff,
    0xff, 0xfc, 0x0, 0xf, 0xff, 0xff, 0xff, 0xff,
    0xcf, 0xff, 0xff, 0xff, 0xff, 0xc0, 0x0, 0xff,
    0xff, 0xff, 0xff, 0xfc, 0xff, 0xff, 0xff, 0xff,
    0xfc, 0x0, 0xf, 0xff, 0xff, 0xff, 0xff, 0xcf,
    0xff, 0xff, 0xff, 0xff, 0xc0, 0x0, 0xff, 0xff,
    0xff, 0xff, 0xfc, 0xff, 0xff, 0xff, 0xff, 0xfc,
    0x0, 0xf, 0xff, 0xff, 0xff, 0xff, 0xcf, 0xff,
    0xff, 0xff, 0xff, 0xc0, 0x0, 0xff, 0xff, 0xff,
    0xff, 0xfc, 0xff, 0xff, 0xff, 0xff, 0xfc, 0x0,
    0xf, 0xff, 0xff, 0xff, 0xff, 0xcf, 0xff, 0xff,
    0xff, 0xff, 0xc0, 0x0, 0xff, 0xff, 0xff, 0xff,
    0xfc, 0xff, 0xff, 0xff, 0xff, 0xfc, 0x0, 0xf,
    0xff, 0xff, 0xff, 0xff, 0xcf, 0xff, 0xff, 0xff,
    0xff, 0xc0, 0x0, 0xff, 0xff, 0xff, 0xff, 0xfc,
    0xff, 0xff, 0xff, 0xff, 0xfc, 0x0, 0xf, 0xff,
    0xff, 0xff, 0xff, 0xcf, 0xff, 0xff, 0xff, 0xff,
    0xc0, 0x0, 0xff, 0xff, 0xff, 0xff, 0xfc, 0xff,
    0xff, 0xff, 0xff, 0xfc, 0x0, 0xf, 0xff, 0xff,
    0xff, 0xff, 0xcf, 0xff, 0xff, 0xff, 0xff, 0xc0,
    0x0, 0xff, 0xff, 0xff, 0xff, 0xfc, 0xff, 0xff,
    0xff, 0xff, 0xfc, 0x0, 0xf, 0xff, 0xff, 0xff,
    0xff, 0xcf, 0xff, 0xff, 0xff, 0xff, 0xb0, 0x0,
    0xff, 0xff, 0xff, 0xff, 0xfb, 0x9f, 0xff, 0xff,
    0xff, 0xf5, 0x0, 0x9, 0xff, 0xff, 0xff, 0xff,
    0x50, 0x7a, 0xbb, 0xbb, 0xa5, 0x0, 0x0, 0x7,
    0xab, 0xbb, 0xba, 0x50,

    /* U+F04D "" */
    0x0, 0x0, 0x0, 0x0, 0x0, 0x0, 0x0, 0x0,
    0x0, 0x0, 0x0, 0x2, 0xcf, 0xff, 0xff, 0xff,
    0xff, 0xff, 0xff, 0xff, 0xff, 0xff, 0xa0, 0xcf,
    0xff, 0xff, 0xff, 0xff, 0xff, 0xff, 0xff, 0xff,
    0xff, 0xff, 0x8f, 0xff, 0xff, 0xff, 0xff, 0xff,
    0xff, 0xff, 0xff, 0xff, 0xff, 0xfb, 0xff, 0xff,
    0xff, 0xff, 0xff, 0xff, 0xff, 0xff, 0xff, 0xff,
    0xff, 0xcf, 0xff, 0xff, 0xff, 0xff, 0xff, 0xff,
    0xff, 0xff, 0xff, 0xff, 0xfc, 0xff, 0xff, 0xff,
    0xff, 0xff, 0xff, 0xff, 0xff, 0xff, 0xff, 0xff,
    0xcf, 0xff, 0xff, 0xff, 0xff, 0xff, 0xff, 0xff,
    0xff, 0xff, 0xff, 0xfc, 0xff, 0xff, 0xff, 0xff,
    0xff, 0xff, 0xff, 0xff, 0xff, 0xff, 0xff, 0xcf,
    0xff, 0xff, 0xff, 0xff, 0xff, 0xff, 0xff, 0xff,
    0xff, 0xff, 0xfc, 0xff, 0xff, 0xff, 0xff, 0xff,
    0xff, 0xff, 0xff, 0xff, 0xff, 0xff, 0xcf, 0xff,
    0xff, 0xff, 0xff, 0xff, 0xff, 0xff, 0xff, 0xff,
    0xff, 0xfc, 0xff, 0xff, 0xff, 0xff, 0xff, 0xff,
    0xff, 0xff, 0xff, 0xff, 0xff, 0xcf, 0xff, 0xff,
    0xff, 0xff, 0xff, 0xff, 0xff, 0xff, 0xff, 0xff,
    0xfc, 0xff, 0xff, 0xff, 0xff, 0xff, 0xff, 0xff,
    0xff, 0xff, 0xff, 0xff, 0xcf, 0xff, 0xff, 0xff,
    0xff, 0xff, 0xff, 0xff, 0xff, 0xff, 0xff, 0xfc,
    0xff, 0xff, 0xff, 0xff, 0xff, 0xff, 0xff, 0xff,
    0xff, 0xff, 0xff, 0xcf, 0xff, 0xff, 0xff, 0xff,
    0xff, 0xff, 0xff, 0xff, 0xff, 0xff, 0xfc, 0xff,
    0xff, 0xff, 0xff, 0xff, 0xff, 0xff, 0xff, 0xff,
    0xff, 0xff, 0xcf, 0xff, 0xff, 0xff, 0xff, 0xff,
    0xff, 0xff, 0xff, 0xff, 0xff, 0xfc, 0xff, 0xff,
    0xff, 0xff, 0xff, 0xff, 0xff, 0xff, 0xff, 0xff,
    0xff, 0xcf, 0xff, 0xff, 0xff, 0xff, 0xff, 0xff,
    0xff, 0xff, 0xff, 0xff, 0xfb, 0x9f, 0xff, 0xff,
    0xff, 0xff, 0xff, 0xff, 0xff, 0xff, 0xff, 0xff,
    0x50, 0x7a, 0xbb, 0xbb, 0xbb, 0xbb, 0xbb, 0xbb,
    0xbb, 0xbb, 0xba, 0x50,

    /* U+F051 "" */
    0x0, 0x0, 0x0, 0x0, 0x0, 0x0, 0x0, 0x0,
    0x3, 0xee, 0x30, 0x0, 0x0, 0x0, 0x0, 0xff,
    0xf8, 0xaf, 0xff, 0x40, 0x0, 0x0, 0x0, 0x1f,
    0xff, 0x9a, 0xff, 0xff, 0x50, 0x0, 0x0, 0x1,
    0xff, 0xf9, 0xaf, 0xff, 0xff, 0x70, 0x0, 0x0,
    0x1f, 0xff, 0x9a, 0xff, 0xff, 0xff, 0x80, 0x0,
    0x1, 0xff, 0xf9, 0xaf, 0xff, 0xff, 0xff, 0x90,
    0x0, 0x1f, 0xff, 0x9a, 0xff, 0xff, 0xff, 0xff,
    0xa0, 0x1, 0xff, 0xf9, 0xaf, 0xff, 0xff, 0xff,
    0xff, 0xb0, 0x1f, 0xff, 0x9a, 0xff, 0xff, 0xff,
    0xff, 0xff, 0xc2, 0xff, 0xf9, 0xaf, 0xff, 0xff,
    0xff, 0xff, 0xff, 0xef, 0xff, 0x9a, 0xff, 0xff,
    0xff, 0xff, 0xff, 0xff, 0xff, 0xf9, 0xaf, 0xff,
    0xff, 0xff, 0xff, 0xff, 0xff, 0xff, 0x9a, 0xff,
    0xff, 0xff, 0xff, 0xff, 0xff, 0xff, 0xf9, 0xaf,
    0xff, 0xff, 0xff, 0xff, 0xff, 0x9f, 0xff, 0x9a,
    0xff, 0xff, 0xff, 0xff, 0xff, 0x71, 0xff, 0xf9,
    0xaf, 0xff, 0xff, 0xff, 0xff, 0x60, 0x1f, 0xff,
    0x9a, 0xff, 0xff, 0xff, 0xff, 0x50, 0x1, 0xff,
    0xf9, 0xaf, 0xff, 0xff, 0xff, 0x40, 0x0, 0x1f,
    0xff, 0x9a, 0xff, 0xff, 0xfe, 0x30, 0x0, 0x1,
    0xff, 0xf9, 0xaf, 0xff, 0xfe, 0x20, 0x0, 0x0,
    0x1f, 0xff, 0x9a, 0xff, 0xfd, 0x10, 0x0, 0x0,
    0x1, 0xff, 0xf9, 0x8f, 0xfc, 0x10, 0x0, 0x0,
    0x0, 0x1f, 0xff, 0x91, 0x99, 0x0, 0x0, 0x0,
    0x0, 0x0, 0xab, 0xb5, 0x0, 0x0, 0x0, 0x0,
    0x0, 0x0, 0x0, 0x0, 0x0,

    /* U+F052 "" */
    0x0, 0x0, 0x0, 0x0, 0x0, 0x0, 0x0, 0x0,
    0x0, 0x0, 0x0, 0x0, 0x0, 0x0, 0x0, 0x0,
    0x0, 0x2, 0xdf, 0xb1, 0x0, 0x0, 0x0, 0x0,
    0x0, 0x0, 0x0, 0x0, 0x0, 0x2, 0xef, 0xff,
    0xc0, 0x0, 0x0, 0x0, 0x0, 0x0, 0x0, 0x0,
    0x0, 0x1, 0xef, 0xff, 0xff, 0xb0, 0x0, 0x0,
    0x0, 0x0, 0x0, 0x0, 0x0, 0x1, 0xdf, 0xff,
    0xff, 0xff, 0xa0, 0x0, 0x0, 0x0, 0x0, 0x0,
    0x0, 0x0, 0xcf, 0xff, 0xff, 0xff, 0xff, 0x90,
    0x0, 0x0, 0x0, 0x0, 0x0, 0x0, 0xbf, 0xff,
    0xff, 0xff, 0xff, 0xff, 0x70, 0x0, 0x0, 0x0,
    0x0, 0x0, 0xaf, 0xff, 0xff, 0xff, 0xff, 0xff,
    0xff, 0x60, 0x0, 0x0, 0x0, 0x0, 0x9f, 0xff,
    0xff, 0xff, 0xff, 0xff, 0xff, 0xff, 0x50, 0x0,
    0x0, 0x0, 0x7f, 0xff, 0xff, 0xff, 0xff, 0xff,
    0xff, 0xff, 0xff, 0x40, 0x0, 0x0, 0x6f, 0xff,
    0xff, 0xff, 0xff, 0xff, 0xff, 0xff, 0xff, 0xff,
    0x30, 0x0, 0x5f, 0xff, 0xff, 0xff, 0xff, 0xff,
    0xff, 0xff, 0xff, 0xff, 0xfe, 0x20, 0xe, 0xff,
    0xff, 0xff, 0xff, 0xff, 0xff, 0xff, 0xff, 0xff,
    0xff, 0xfa, 0x0, 0xff, 0xff, 0xff, 0xff, 0xff,
    0xff, 0xff, 0xff, 0xff, 0xff, 0xff, 0xa0, 0x8,
    0xff, 0xff, 0xff, 0xff, 0xff, 0xff, 0xff, 0xff,
    0xff, 0xff, 0xf4, 0x0, 0x6, 0x99, 0x99, 0x99,
    0x99, 0x99, 0x99, 0x99, 0x99, 0x99, 0x84, 0x0,
    0x0, 0x0, 0x0, 0x0, 0x0, 0x0, 0x0, 0x0,
    0x0, 0x0, 0x0, 0x0, 0x0, 0x6e, 0xff, 0xff,
    0xff, 0xff, 0xff, 0xff, 0xff, 0xff, 0xff, 0xfd,
    0x30, 0xf, 0xff, 0xff, 0xff, 0xff, 0xff, 0xff,
    0xff, 0xff, 0xff, 0xff, 0xfb, 0x0, 0xff, 0xff,
    0xff, 0xff, 0xff, 0xff, 0xff, 0xff, 0xff, 0xff,
    0xff, 0xc0, 0xf, 0xff, 0xff, 0xff, 0xff, 0xff,
    0xff, 0xff, 0xff, 0xff, 0xff, 0xfc, 0x0, 0xff,
    0xff, 0xff, 0xff, 0xff, 0xff, 0xff, 0xff, 0xff,
    0xff, 0xff, 0xb0, 0xd, 0xff, 0xff, 0xff, 0xff,
    0xff, 0xff, 0xff, 0xff, 0xff, 0xff, 0xf9, 0x0,
    0x28, 0x88, 0x88, 0x88, 0x88, 0x88, 0x88, 0x88,
    0x88, 0x88, 0x87, 0x0,

    /* U+F053 "" */
    0x0, 0x0, 0x0, 0x0, 0x0, 0x5c, 0x50, 0x0,
    0x0, 0x0, 0x0, 0x6, 0xff, 0xf5, 0x0, 0x0,
    0x0, 0x0, 0x6f, 0xff, 0xfc, 0x0, 0x0, 0x0,
    0x6, 0xff, 0xff, 0xf5, 0x0, 0x0, 0x0, 0x6f,
    0xff, 0xff, 0x60, 0x0, 0x0, 0x6, 0xff, 0xff,
    0xf6, 0x0, 0x0, 0x0, 0x5f, 0xff, 0xff, 0x60,
    0x0, 0x0, 0x5, 0xff, 0xff, 0xf6, 0x0, 0x0,
    0x0, 0x5f, 0xff, 0xff, 0x60, 0x0, 0x0, 0x5,
    0xff, 0xff, 0xf6, 0x0, 0x0, 0x0, 0x4f, 0xff,
    0xff, 0x60, 0x0, 0x0, 0x0, 0x8f, 0xff, 0xfe,
    0x10, 0x0, 0x0, 0x0, 0xc, 0xff, 0xff, 0xd1,
    0x0, 0x0, 0x0, 0x0, 0xcf, 0xff, 0xfd, 0x10,
    0x0, 0x0, 0x0, 0xc, 0xff, 0xff, 0xd1, 0x0,
    0x0, 0x0, 0x0, 0xcf, 0xff, 0xfd, 0x10, 0x0,
    0x0, 0x0, 0xc, 0xff, 0xff, 0xd1, 0x0, 0x0,
    0x0, 0x0, 0xcf, 0xff, 0xfd, 0x10, 0x0, 0x0,
    0x0, 0xc, 0xff, 0xff, 0xd1, 0x0, 0x0, 0x0,
    0x0, 0xcf, 0xff, 0xfb, 0x0, 0x0, 0x0, 0x0,
    0xc, 0xff, 0xfa, 0x0, 0x0, 0x0, 0x0, 0x0,
    0xcf, 0xb0, 0x0, 0x0, 0x0, 0x0, 0x0, 0x3,
    0x0,

    /* U+F054 "" */
    0x2, 0xc8, 0x0, 0x0, 0x0, 0x0, 0x0, 0x2e,
    0xff, 0x90, 0x0, 0x0, 0x0, 0x0, 0x8f, 0xff,
    0xf9, 0x0, 0x0, 0x0, 0x0, 0x2e, 0xff, 0xff,
    0x90, 0x0, 0x0, 0x0, 0x3, 0xef, 0xff, 0xf9,
    0x0, 0x0, 0x0, 0x0, 0x3e, 0xff, 0xff, 0x90,
    0x0, 0x0, 0x0, 0x3, 0xef, 0xff, 0xf9, 0x0,
    0x0, 0x0, 0x0, 0x3e, 0xff, 0xff, 0x90, 0x0,
    0x0, 0x0, 0x3, 0xef, 0xff, 0xf9, 0x0, 0x0,
    0x0, 0x0, 0x3e, 0xff, 0xff, 0x90, 0x0, 0x0,
    0x0, 0x3, 0xef, 0xff, 0xf8, 0x0, 0x0, 0x0,
    0x0, 0xbf, 0xff, 0xfc, 0x0, 0x0, 0x0, 0xa,
    0xff, 0xff, 0xe2, 0x0, 0x0, 0x0, 0xaf, 0xff,
    0xfe, 0x20, 0x0, 0x0, 0xa, 0xff, 0xff, 0xe2,
    0x0, 0x0, 0x0, 0xaf, 0xff, 0xfe, 0x20, 0x0,
    0x0, 0xa, 0xff, 0xff, 0xe2, 0x0, 0x0, 0x0,
    0xaf, 0xff, 0xfe, 0x20, 0x0, 0x0, 0xa, 0xff,
    0xff, 0xe2, 0x0, 0x0, 0x0, 0x7f, 0xff, 0xfe,
    0x20, 0x0, 0x0, 0x0, 0x6f, 0xff, 0xe2, 0x0,
    0x0, 0x0, 0x0, 0x8, 0xfe, 0x20, 0x0, 0x0,
    0x0, 0x0, 0x0, 0x31, 0x0, 0x0, 0x0, 0x0,
    0x0,

    /* U+F067 "" */
    0x0, 0x0, 0x0, 0x0, 0x0, 0x12, 0x10, 0x0,
    0x0, 0x0, 0x0, 0x0, 0x0, 0x0, 0x0, 0x0,
    0x9f, 0xff, 0x60, 0x0, 0x0, 0x0, 0x0, 0x0,
    0x0, 0x0, 0x0, 0xf, 0xff, 0xfc, 0x0, 0x0,
    0x0, 0x0, 0x0, 0x0, 0x0, 0x0, 0x1, 0xff,
    0xff, 0xd0, 0x0, 0x0, 0x0, 0x0, 0x0, 0x0,
    0x0, 0x0, 0x1f, 0xff, 0xfd, 0x0, 0x0, 0x0,
    0x0, 0x0, 0x0, 0x0, 0x0, 0x1, 0xff, 0xff,
    0xd0, 0x0, 0x0, 0x0, 0x0, 0x0, 0x0, 0x0,
    0x0, 0x1f, 0xff, 0xfd, 0x0, 0x0, 0x0, 0x0,
    0x0, 0x0, 0x0, 0x0, 0x1, 0xff, 0xff, 0xd0,
    0x0, 0x0, 0x0, 0x0, 0x0, 0x0, 0x0, 0x0,
    0x1f, 0xff, 0xfd, 0x0, 0x0, 0x0, 0x0, 0x0,
    0x23, 0x33, 0x33, 0x33, 0xff, 0xff, 0xd3, 0x33,
    0x33, 0x33, 0x10, 0x9f, 0xff, 0xff, 0xff, 0xff,
    0xff, 0xff, 0xff, 0xff, 0xff, 0xff, 0x5f, 0xff,
    0xff, 0xff, 0xff, 0xff, 0xff, 0xff, 0xff, 0xff,
    0xff, 0xfb, 0xff, 0xff, 0xff, 0xff, 0xff, 0xff,
    0xff, 0xff, 0xff, 0xff, 0xff, 0xce, 0xff, 0xff,
    0xff, 0xff, 0xff, 0xff, 0xff, 0xff, 0xff, 0xff,
    0xfa, 0x3a, 0xbb, 0xbb, 0xbb, 0xbf, 0xff, 0xff,
    0xbb, 0xbb, 0xbb, 0xb9, 0x10, 0x0, 0x0, 0x0,
    0x1, 0xff, 0xff, 0xd0, 0x0, 0x0, 0x0, 0x0,
    0x0, 0x0, 0x0, 0x0, 0x1f, 0xff, 0xfd, 0x0,
    0x0, 0x0, 0x0, 0x0, 0x0, 0x0, 0x0, 0x1,
    0xff, 0xff, 0xd0, 0x0, 0x0, 0x0, 0x0, 0x0,
    0x0, 0x0, 0x0, 0x1f, 0xff, 0xfd, 0x0, 0x0,
    0x0, 0x0, 0x0, 0x0, 0x0, 0x0, 0x1, 0xff,
    0xff, 0xd0, 0x0, 0x0, 0x0, 0x0, 0x0, 0x0,
    0x0, 0x0, 0x1f, 0xff, 0xfd, 0x0, 0x0, 0x0,
    0x0, 0x0, 0x0, 0x0, 0x0, 0x1, 0xff, 0xff,
    0xd0, 0x0, 0x0, 0x0, 0x0, 0x0, 0x0, 0x0,
    0x0, 0xe, 0xff, 0xfa, 0x0, 0x0, 0x0, 0x0,
    0x0, 0x0, 0x0, 0x0, 0x0, 0x39, 0xa8, 0x10,
    0x0, 0x0, 0x0, 0x0,

    /* U+F068 "" */
    0x0, 0x0, 0x0, 0x0, 0x0, 0x0, 0x0, 0x0,
    0x0, 0x0, 0x0, 0x7, 0xff, 0xff, 0xff, 0xff,
    0xff, 0xff, 0xff, 0xff, 0xff, 0xff, 0xf4, 0xff,
    0xff, 0xff, 0xff, 0xff, 0xff, 0xff, 0xff, 0xff,
    0xff, 0xff, 0xbf, 0xff, 0xff, 0xff, 0xff, 0xff,
    0xff, 0xff, 0xff, 0xff, 0xff, 0xfc, 0xef, 0xff,
    0xff, 0xff, 0xff, 0xff, 0xff, 0xff, 0xff, 0xff,
    0xff, 0xa4, 0xcd, 0xdd, 0xdd, 0xdd, 0xdd, 0xdd,
    0xdd, 0xdd, 0xdd, 0xdd, 0xb2,

    /* U+F06E "" */
    0x0, 0x0, 0x0, 0x0, 0x0, 0x2, 0x56, 0x77,
    0x53, 0x0, 0x0, 0x0, 0x0, 0x0, 0x0, 0x0,
    0x0, 0x0, 0x0, 0x49, 0xff, 0xff, 0xff, 0xff,
    0xfb, 0x50, 0x0, 0x0, 0x0, 0x0, 0x0, 0x0,
    0x0, 0x3c, 0xff, 0xff, 0xff, 0xff, 0xff, 0xff,
    0xfe, 0x50, 0x0, 0x0, 0x0, 0x0, 0x0, 0x9,
    0xff, 0xff, 0xfa, 0x40, 0x0, 0x38, 0xff, 0xff,
    0xfb, 0x10, 0x0, 0x0, 0x0, 0x1, 0xcf, 0xff,
    0xfe, 0x30, 0x0, 0x0, 0x0, 0x1c, 0xff, 0xff,
    0xe3, 0x0, 0x0, 0x0, 0x1d, 0xff, 0xff, 0xe2,
    0x0, 0x3, 0x98, 0x30, 0x0, 0xcf, 0xff, 0xff,
    0x30, 0x0, 0x0, 0xcf, 0xff, 0xff, 0x50, 0x0,
    0x4, 0xff, 0xfa, 0x0, 0x2f, 0xff, 0xff, 0xe2,
    0x0, 0x9, 0xff, 0xff, 0xfd, 0x0, 0x0, 0x4,
    0xff, 0xff, 0xa0, 0x9, 0xff, 0xff, 0xfd, 0x0,
    0x3f, 0xff, 0xff, 0xf8, 0x0, 0x0, 0xb, 0xff,
    0xff, 0xf2, 0x4, 0xff, 0xff, 0xff, 0x70, 0xcf,
    0xff, 0xff, 0xf6, 0x1, 0xc9, 0xdf, 0xff, 0xff,
    0xf7, 0x2, 0xff, 0xff, 0xff, 0xf1, 0xef, 0xff,
    0xff, 0xf5, 0x3, 0xff, 0xff, 0xff, 0xff, 0xf7,
    0x1, 0xff, 0xff, 0xff, 0xf2, 0x8f, 0xff, 0xff,
    0xf6, 0x1, 0xff, 0xff, 0xff, 0xff, 0xf5, 0x2,
    0xff, 0xff, 0xff, 0xc0, 0xd, 0xff, 0xff, 0xfa,
    0x0, 0xaf, 0xff, 0xff, 0xff, 0xe0, 0x6, 0xff,
    0xff, 0xff, 0x30, 0x3, 0xff, 0xff, 0xff, 0x10,
    0x1d, 0xff, 0xff, 0xff, 0x40, 0xd, 0xff, 0xff,
    0xf7, 0x0, 0x0, 0x5f, 0xff, 0xff, 0xa0, 0x1,
    0x9f, 0xff, 0xb3, 0x0, 0x7f, 0xff, 0xff, 0xa0,
    0x0, 0x0, 0x7, 0xff, 0xff, 0xf8, 0x0, 0x0,
    0x10, 0x0, 0x5, 0xff, 0xff, 0xfa, 0x0, 0x0,
    0x0, 0x0, 0x4e, 0xff, 0xff, 0xb2, 0x0, 0x0,
    0x1, 0x8f, 0xff, 0xff, 0x80, 0x0, 0x0, 0x0,
    0x0, 0x1, 0xbf, 0xff, 0xff, 0xc8, 0x78, 0xbf,
    0xff, 0xff, 0xd4, 0x0, 0x0, 0x0, 0x0, 0x0,
    0x0, 0x3, 0xbf, 0xff, 0xff, 0xff, 0xff, 0xff,
    0xd6, 0x0, 0x0, 0x0, 0x0, 0x0, 0x0, 0x0,
    0x0, 0x2, 0x7a, 0xdf, 0xff, 0xdb, 0x83, 0x0,
    0x0, 0x0, 0x0, 0x0,

    /* U+F070 "" */
    0x9, 0x60, 0x0, 0x0, 0x0, 0x0, 0x0, 0x0,
    0x0, 0x0, 0x0, 0x0, 0x0, 0x0, 0x0, 0x0,
    0x9, 0xff, 0xa0, 0x0, 0x0, 0x0, 0x0, 0x0,
    0x0, 0x0, 0x0, 0x0, 0x0, 0x0, 0x0, 0x0,
    0x0, 0xef, 0xff, 0xd2, 0x0, 0x0, 0x0, 0x0,
    0x0, 0x0, 0x0, 0x0, 0x0, 0x0, 0x0, 0x0,
    0x0, 0x2, 0xdf, 0xff, 0xf5, 0x0, 0x0, 0x0,
    0x25, 0x77, 0x65, 0x20, 0x0, 0x0, 0x0, 0x0,
    0x0, 0x0, 0x0, 0xaf, 0xff, 0xf9, 0x0, 0x5a,
    0xef, 0xff, 0xff, 0xff, 0xe9, 0x30, 0x0, 0x0,
    0x0, 0x0, 0x0, 0x0, 0x7f, 0xff, 0xfc, 0xef,
    0xff, 0xff, 0xff, 0xff, 0xff, 0xff, 0xb2, 0x0,
    0x0, 0x0, 0x0, 0x0, 0x0, 0x3e, 0xff, 0xff,
    0xff, 0xf8, 0x30, 0x1, 0x4b, 0xff, 0xff, 0xf7,
    0x0, 0x0, 0x0, 0x0, 0x0, 0x0, 0x1c, 0xff,
    0xff, 0xe1, 0x0, 0x0, 0x0, 0x5, 0xff, 0xff,
    0xfb, 0x0, 0x0, 0x0, 0x0, 0x0, 0x0, 0x8,
    0xff, 0xff, 0xb1, 0x7, 0x97, 0x10, 0x3, 0xff,
    0xff, 0xfc, 0x0, 0x0, 0x0, 0x0, 0x10, 0x0,
    0x5, 0xff, 0xff, 0xd3, 0xaf, 0xff, 0x50, 0x7,
    0xff, 0xff, 0xfb, 0x0, 0x0, 0x0, 0x1e, 0xa0,
    0x0, 0x2, 0xdf, 0xff, 0xfd, 0xff, 0xff, 0x40,
    0xe, 0xff, 0xff, 0xf7, 0x0, 0x0, 0x9, 0xff,
    0xd2, 0x0, 0x0, 0xaf, 0xff, 0xff, 0xff, 0xfc,
    0x0, 0xaf, 0xff, 0xff, 0xf2, 0x0, 0x2, 0xff,
    0xff, 0xf5, 0x0, 0x0, 0x6f, 0xff, 0xff, 0xff,
    0xf0, 0x8, 0xff, 0xff, 0xff, 0xa0, 0x0, 0x4f,
    0xff, 0xff, 0xf8, 0x0, 0x0, 0x3e, 0xff, 0xff,
    0xff, 0x10, 0x7f, 0xff, 0xff, 0xfc, 0x0, 0x0,
    0xef, 0xff, 0xff, 0xf1, 0x0, 0x0, 0x1b, 0xff,
    0xff, 0xf0, 0x9, 0xff, 0xff, 0xff, 0x60, 0x0,
    0x5, 0xff, 0xff, 0xff, 0x50, 0x0, 0x0, 0x7,
    0xff, 0xff, 0xb1, 0xdf, 0xff, 0xff, 0xc0, 0x0,
    0x0, 0x9, 0xff, 0xff, 0xfc, 0x0, 0x0, 0x0,
    0x4, 0xef, 0xff, 0xef, 0xff, 0xff, 0xe1, 0x0,
    0x0, 0x0, 0xc, 0xff, 0xff, 0xf5, 0x0, 0x0,
    0x0, 0x1, 0xcf, 0xff, 0xff, 0xff, 0xf3, 0x0,
    0x0, 0x0, 0x0, 0xc, 0xff, 0xff, 0xf4, 0x0,
    0x0, 0x0, 0x0, 0x9f, 0xff, 0xff, 0xf4, 0x0,
    0x0, 0x0, 0x0, 0x0, 0x9, 0xff, 0xff, 0xf8,
    0x10, 0x0, 0x0, 0x0, 0x5f, 0xff, 0xfd, 0x20,
    0x0, 0x0, 0x0, 0x0, 0x0, 0x5, 0xef, 0xff,
    0xff, 0xa8, 0x78, 0x0, 0x0, 0x2d, 0xff, 0xff,
    0x50, 0x0, 0x0, 0x0, 0x0, 0x0, 0x0, 0x7e,
    0xff, 0xff, 0xff, 0xfd, 0x20, 0x0, 0xa, 0xff,
    0xff, 0x80, 0x0, 0x0, 0x0, 0x0, 0x0, 0x0,
    0x4, 0x8b, 0xef, 0xfe, 0xc8, 0x0, 0x0, 0x7,
    0xff, 0xff, 0xc1, 0x0, 0x0, 0x0, 0x0, 0x0,
    0x0, 0x0, 0x0, 0x0, 0x0, 0x0, 0x0, 0x0,
    0x3, 0xef, 0xff, 0xe3, 0x0, 0x0, 0x0, 0x0,
    0x0, 0x0, 0x0, 0x0, 0x0, 0x0, 0x0, 0x0,
    0x0, 0x1, 0xcf, 0xff, 0x50, 0x0, 0x0, 0x0,
    0x0, 0x0, 0x0, 0x0, 0x0, 0x0, 0x0, 0x0,
    0x0, 0x0, 0x0, 0x8f, 0xa0, 0x0, 0x0, 0x0,
    0x0, 0x0, 0x0, 0x0, 0x0, 0x0, 0x0, 0x0,
    0x0, 0x0, 0x0, 0x0, 0x20, 0x0,

    /* U+F071 "" */
    0x0, 0x0, 0x0, 0x0, 0x0, 0x0, 0x0, 0x9d,
    0xb2, 0x0, 0x0, 0x0, 0x0, 0x0, 0x0, 0x0,
    0x0, 0x0, 0x0, 0x0, 0x0, 0x0, 0x9f, 0xff,
    0xd0, 0x0, 0x0, 0x0, 0x0, 0x0, 0x0, 0x0,
    0x0, 0x0, 0x0, 0x0, 0x0, 0x2f, 0xff, 0xff,
    0x60, 0x0, 0x0, 0x0, 0x0, 0x0, 0x0, 0x0,
    0x0, 0x0, 0x0, 0x0, 0xb, 0xff, 0xff, 0xfe,
    0x10, 0x0, 0x0, 0x0, 0x0, 0x0, 0x0, 0x0,
    0x0, 0x0, 0x0, 0x5, 0xff, 0xff, 0xff, 0xf9,
    0x0, 0x0, 0x0, 0x0, 0x0, 0x0, 0x0, 0x0,
    0x0, 0x0, 0x0, 0xdf, 0xff, 0xff, 0xff, 0xf2,
    0x0, 0x0, 0x0, 0x0, 0x0, 0x0, 0x0, 0x0,
    0x0, 0x0, 0x7f, 0xff, 0xff, 0xff, 0xff, 0xb0,
    0x0, 0x0, 0x0, 0x0, 0x0, 0x0, 0x0, 0x0,
    0x0, 0x1f, 0xff, 0xff, 0xff, 0xff, 0xff, 0x40,
    0x0, 0x0, 0x0, 0x0, 0x0, 0x0, 0x0, 0x0,
    0x9, 0xff, 0xff, 0xff, 0xff, 0xff, 0xfd, 0x0,
    0x0, 0x0, 0x0, 0x0, 0x0, 0x0, 0x0, 0x3,
    0xff, 0xff, 0x80, 0x0, 0x4f, 0xff, 0xf7, 0x0,
    0x0, 0x0, 0x0, 0x0, 0x0, 0x0, 0x0, 0xcf,
    0xff, 0xf6, 0x0, 0x3, 0xff, 0xff, 0xf1, 0x0,
    0x0, 0x0, 0x0, 0x0, 0x0, 0x0, 0x5f, 0xff,
    0xff, 0x70, 0x0, 0x3f, 0xff, 0xff, 0x90, 0x0,
    0x0, 0x0, 0x0, 0x0, 0x0, 0xe, 0xff, 0xff,
    0xf8, 0x0, 0x4, 0xff, 0xff, 0xff, 0x20, 0x0,
    0x0, 0x0, 0x0, 0x0, 0x7, 0xff, 0xff, 0xff,
    0x90, 0x0, 0x5f, 0xff, 0xff, 0xfb, 0x0, 0x0,
    0x0, 0x0, 0x0, 0x1, 0xff, 0xff, 0xff, 0xfa,
    0x0, 0x6, 0xff, 0xff, 0xff, 0xf5, 0x0, 0x0,
    0x0, 0x0, 0x0, 0xaf, 0xff, 0xff, 0xff, 0xb0,
    0x0, 0x7f, 0xff, 0xff, 0xff, 0xd0, 0x0, 0x0,
    0x0, 0x0, 0x3f, 0xff, 0xff, 0xff, 0xfd, 0x0,
    0x9, 0xff, 0xff, 0xff, 0xff, 0x70, 0x0, 0x0,
    0x0, 0xc, 0xff, 0xff, 0xff, 0xff, 0xfe, 0xee,
    0xff, 0xff, 0xff, 0xff, 0xff, 0x10, 0x0, 0x0,
    0x5, 0xff, 0xff, 0xff, 0xff, 0xff, 0x50, 0x3d,
    0xff, 0xff, 0xff, 0xff, 0xf9, 0x0, 0x0, 0x0,
    0xef, 0xff, 0xff, 0xff, 0xff, 0x80, 0x0, 0x4f,
    0xff, 0xff, 0xff, 0xff, 0xf3, 0x0, 0x0, 0x8f,
    0xff, 0xff, 0xff, 0xff, 0xf5, 0x0, 0x1, 0xff,
    0xff, 0xff, 0xff, 0xff, 0xc0, 0x0, 0x1f, 0xff,
    0xff, 0xff, 0xff, 0xff, 0x90, 0x0, 0x5f, 0xff,
    0xff, 0xff, 0xff, 0xff, 0x50, 0xa, 0xff, 0xff,
    0xff, 0xff, 0xff, 0xff, 0x72, 0x5e, 0xff, 0xff,
    0xff, 0xff, 0xff, 0xfe, 0x0, 0xff, 0xff, 0xff,
    0xff, 0xff, 0xff, 0xff, 0xff, 0xff, 0xff, 0xff,
    0xff, 0xff, 0xff, 0xf3, 0xd, 0xff, 0xff, 0xff,
    0xff, 0xff, 0xff, 0xff, 0xff, 0xff, 0xff, 0xff,
    0xff, 0xff, 0xff, 0x10, 0x4f, 0xff, 0xff, 0xff,
    0xff, 0xff, 0xff, 0xff, 0xff, 0xff, 0xff, 0xff,
    0xff, 0xff, 0x80, 0x0, 0x13, 0x33, 0x33, 0x33,
    0x33, 0x33, 0x33, 0x33, 0x33, 0x33, 0x33, 0x33,
    0x33, 0x10, 0x0,

    /* U+F074 "" */
    0x0, 0x0, 0x0, 0x0, 0x0, 0x0, 0x0, 0x0,
    0x0, 0x0, 0x10, 0x0, 0x0, 0x0, 0x0, 0x0,
    0x0, 0x0, 0x0, 0x0, 0x0, 0x0, 0x4, 0xfd,
    0x10, 0x0, 0x0, 0x0, 0x0, 0x0, 0x0, 0x0,
    0x0, 0x0, 0x0, 0x7, 0xff, 0xd1, 0x0, 0x0,
    0x0, 0x0, 0x0, 0x0, 0x0, 0x0, 0x0, 0x0,
    0x8, 0xff, 0xfd, 0x10, 0xdf, 0xff, 0xff, 0xc1,
    0x0, 0x0, 0x0, 0x3, 0xef, 0xff, 0xff, 0xff,
    0xd1, 0xff, 0xff, 0xff, 0xfc, 0x0, 0x0, 0x0,
    0x3f, 0xff, 0xff, 0xff, 0xff, 0xfc, 0xff, 0xff,
    0xff, 0xff, 0xc0, 0x0, 0x2, 0xef, 0xff, 0xff,
    0xff, 0xff, 0xfd, 0xff, 0xff, 0xff, 0xff, 0xfb,
    0x0, 0x2e, 0xff, 0xff, 0xff, 0xff, 0xff, 0xe2,
    0x1, 0x11, 0x1b, 0xff, 0xfc, 0x1, 0xdf, 0xff,
    0xf8, 0x18, 0xff, 0xfe, 0x20, 0x0, 0x0, 0x0,
    0xcf, 0xd1, 0x1d, 0xff, 0xff, 0x90, 0x8, 0xff,
    0xe2, 0x0, 0x0, 0x0, 0x0, 0xa, 0x10, 0xcf,
    0xff, 0xf9, 0x0, 0x6, 0xfe, 0x20, 0x0, 0x0,
    0x0, 0x0, 0x0, 0xc, 0xff, 0xff, 0xa0, 0x0,
    0x0, 0x41, 0x0, 0x0, 0x0, 0x0, 0x0, 0x0,
    0xbf, 0xff, 0xfb, 0x0, 0x0, 0x0, 0x10, 0x0,
    0x0, 0x0, 0x0, 0x0, 0xa, 0xff, 0xff, 0xc0,
    0x26, 0x0, 0x4, 0xfc, 0x10, 0x0, 0x0, 0x0,
    0x0, 0x9f, 0xff, 0xfc, 0x1, 0xdf, 0x50, 0x7,
    0xff, 0xc1, 0x0, 0x0, 0x0, 0x9, 0xff, 0xff,
    0xd1, 0x1d, 0xff, 0xf5, 0x8, 0xff, 0xfc, 0x10,
    0xde, 0xee, 0xef, 0xff, 0xfd, 0x10, 0x3f, 0xff,
    0xff, 0xef, 0xff, 0xff, 0xc1, 0xff, 0xff, 0xff,
    0xff, 0xe2, 0x0, 0x4, 0xff, 0xff, 0xff, 0xff,
    0xff, 0xfc, 0xff, 0xff, 0xff, 0xfe, 0x20, 0x0,
    0x0, 0x5f, 0xff, 0xff, 0xff, 0xff, 0xfe, 0xff,
    0xff, 0xff, 0xe3, 0x0, 0x0, 0x0, 0x6, 0xff,
    0xff, 0xff, 0xff, 0xe3, 0x12, 0x22, 0x22, 0x10,
    0x0, 0x0, 0x0, 0x0, 0x12, 0x29, 0xff, 0xfe,
    0x30, 0x0, 0x0, 0x0, 0x0, 0x0, 0x0, 0x0,
    0x0, 0x0, 0x8, 0xff, 0xe3, 0x0, 0x0, 0x0,
    0x0, 0x0, 0x0, 0x0, 0x0, 0x0, 0x0, 0x6,
    0xfe, 0x30, 0x0, 0x0, 0x0, 0x0, 0x0, 0x0,
    0x0, 0x0, 0x0, 0x0, 0x0, 0x52, 0x0, 0x0,

    /* U+F077 "" */
    0x0, 0x0, 0x0, 0x0, 0x0, 0x26, 0x0, 0x0,
    0x0, 0x0, 0x0, 0x0, 0x0, 0x0, 0x0, 0x0,
    0x3f, 0xfb, 0x0, 0x0, 0x0, 0x0, 0x0, 0x0,
    0x0, 0x0, 0x0, 0x3f, 0xff, 0xfb, 0x0, 0x0,
    0x0, 0x0, 0x0, 0x0, 0x0, 0x0, 0x3f, 0xff,
    0xff, 0xfb, 0x0, 0x0, 0x0, 0x0, 0x0, 0x0,
    0x0, 0x3f, 0xff, 0xff, 0xff, 0xfb, 0x0, 0x0,
    0x0, 0x0, 0x0, 0x0, 0x3f, 0xff, 0xff, 0xff,
    0xff, 0xfb, 0x0, 0x0, 0x0, 0x0, 0x0, 0x3f,
    0xff, 0xff, 0x91, 0xdf, 0xff, 0xfb, 0x0, 0x0,
    0x0, 0x0, 0x3f, 0xff, 0xff, 0x90, 0x1, 0xdf,
    0xff, 0xfb, 0x0, 0x0, 0x0, 0x3f, 0xff, 0xff,
    0x90, 0x0, 0x1, 0xdf, 0xff, 0xfb, 0x0, 0x0,
    0x3f, 0xff, 0xff, 0x90, 0x0, 0x0, 0x1, 0xdf,
    0xff, 0xfb, 0x0, 0x3f, 0xff, 0xff, 0x90, 0x0,
    0x0, 0x0, 0x1, 0xdf, 0xff, 0xfb, 0xb, 0xff,
    0xff, 0x90, 0x0, 0x0, 0x0, 0x0, 0x1, 0xdf,
    0xff, 0xf5, 0x5f, 0xff, 0x90, 0x0, 0x0, 0x0,
    0x0, 0x0, 0x1, 0xdf, 0xfd, 0x10, 0x6e, 0x80,
    0x0, 0x0, 0x0, 0x0, 0x0, 0x0, 0x1, 0xcc,
    0x10,

    /* U+F078 "" */
    0x1, 0x62, 0x0, 0x0, 0x0, 0x0, 0x0, 0x0,
    0x0, 0x4, 0x40, 0x1, 0xdf, 0xe2, 0x0, 0x0,
    0x0, 0x0, 0x0, 0x0, 0x7, 0xff, 0x70, 0xaf,
    0xff, 0xe2, 0x0, 0x0, 0x0, 0x0, 0x0, 0x7,
    0xff, 0xff, 0x48, 0xff, 0xff, 0xe2, 0x0, 0x0,
    0x0, 0x0, 0x7, 0xff, 0xff, 0xf2, 0xa, 0xff,
    0xff, 0xe2, 0x0, 0x0, 0x0, 0x7, 0xff, 0xff,
    0xf4, 0x0, 0xa, 0xff, 0xff, 0xe2, 0x0, 0x0,
    0x7, 0xff, 0xff, 0xf4, 0x0, 0x0, 0xa, 0xff,
    0xff, 0xe2, 0x0, 0x7, 0xff, 0xff, 0xf4, 0x0,
    0x0, 0x0, 0xa, 0xff, 0xff, 0xe2, 0x7, 0xff,
    0xff, 0xf4, 0x0, 0x0, 0x0, 0x0, 0xa, 0xff,
    0xff, 0xe9, 0xff, 0xff, 0xf4, 0x0, 0x0, 0x0,
    0x0, 0x0, 0xa, 0xff, 0xff, 0xff, 0xff, 0xf4,
    0x0, 0x0, 0x0, 0x0, 0x0, 0x0, 0xa, 0xff,
    0xff, 0xff, 0xf4, 0x0, 0x0, 0x0, 0x0, 0x0,
    0x0, 0x0, 0xa, 0xff, 0xff, 0xf4, 0x0, 0x0,
    0x0, 0x0, 0x0, 0x0, 0x0, 0x0, 0xa, 0xff,
    0xf4, 0x0, 0x0, 0x0, 0x0, 0x0, 0x0, 0x0,
    0x0, 0x0, 0x9, 0xe4, 0x0, 0x0, 0x0, 0x0,
    0x0,

    /* U+F079 "" */
    0x0, 0x0, 0x3, 0xa4, 0x0, 0x0, 0x0, 0x0,
    0x0, 0x0, 0x0, 0x0, 0x0, 0x0, 0x0, 0x0,
    0x0, 0x0, 0x4, 0xff, 0xf4, 0x0, 0x0, 0x0,
    0x0, 0x0, 0x0, 0x0, 0x0, 0x0, 0x0, 0x0,
    0x0, 0x0, 0x4, 0xff, 0xff, 0xf4, 0x0, 0x2d,
    0xff, 0xff, 0xff, 0xff, 0xff, 0xff, 0xd2, 0x0,
    0x0, 0x0, 0x4, 0xff, 0xff, 0xff, 0xf4, 0x5,
    0xff, 0xff, 0xff, 0xff, 0xff, 0xff, 0xff, 0x60,
    0x0, 0x0, 0x4, 0xff, 0xff, 0xff, 0xff, 0xf4,
    0xa, 0xff, 0xff, 0xff, 0xff, 0xff, 0xff, 0xf6,
    0x0, 0x0, 0x4, 0xff, 0xff, 0xff, 0xff, 0xff,
    0xf4, 0x4, 0x44, 0x44, 0x44, 0x44, 0x4e, 0xff,
    0x60, 0x0, 0x0, 0xcf, 0xff, 0x6f, 0xff, 0x6f,
    0xff, 0xc0, 0x0, 0x0, 0x0, 0x0, 0x0, 0xdf,
    0xf6, 0x0, 0x0, 0x6, 0xff, 0x42, 0xff, 0xf2,
    0x4f, 0xf6, 0x0, 0x0, 0x0, 0x0, 0x0, 0xd,
    0xff, 0x60, 0x0, 0x0, 0x3, 0x20, 0x2f, 0xff,
    0x20, 0x23, 0x0, 0x0, 0x0, 0x0, 0x0, 0x0,
    0xdf, 0xf6, 0x0, 0x0, 0x0, 0x0, 0x2, 0xff,
    0xf2, 0x0, 0x0, 0x0, 0x0, 0x0, 0x0, 0x0,
    0xd, 0xff, 0x60, 0x0, 0x0, 0x0, 0x0, 0x2f,
    0xff, 0x20, 0x0, 0x0, 0x0, 0x0, 0x0, 0x0,
    0x0, 0xdf, 0xf6, 0x0, 0x0, 0x0, 0x0, 0x2,
    0xff, 0xf2, 0x0, 0x0, 0x0, 0x0, 0x0, 0x0,
    0x0, 0xd, 0xff, 0x60, 0x0, 0x0, 0x0, 0x0,
    0x2f, 0xff, 0x20, 0x0, 0x0, 0x0, 0x0, 0x0,
    0xbe, 0x40, 0xdf, 0xf6, 0xa, 0xf5, 0x0, 0x0,
    0x2, 0xff, 0xf2, 0x0, 0x0, 0x0, 0x0, 0x0,
    0x7f, 0xff, 0x3d, 0xff, 0x69, 0xff, 0xf1, 0x0,
    0x0, 0x2f, 0xff, 0x20, 0x0, 0x0, 0x0, 0x0,
    0x4, 0xff, 0xfe, 0xef, 0xfd, 0xff, 0xfd, 0x0,
    0x0, 0x2, 0xff, 0xff, 0xff, 0xff, 0xff, 0xff,
    0xf9, 0x5, 0xff, 0xff, 0xff, 0xff, 0xfd, 0x10,
    0x0, 0x0, 0x2f, 0xff, 0xff, 0xff, 0xff, 0xff,
    0xff, 0xf7, 0x5, 0xff, 0xff, 0xff, 0xfd, 0x10,
    0x0, 0x0, 0x0, 0xff, 0xff, 0xff, 0xff, 0xff,
    0xff, 0xff, 0x80, 0x5, 0xff, 0xff, 0xfc, 0x10,
    0x0, 0x0, 0x0, 0x1, 0x44, 0x44, 0x44, 0x44,
    0x44, 0x44, 0x40, 0x0, 0x5, 0xff, 0xfc, 0x10,
    0x0, 0x0, 0x0, 0x0, 0x0, 0x0, 0x0, 0x0,
    0x0, 0x0, 0x0, 0x0, 0x0, 0x5, 0xfc, 0x10,
    0x0, 0x0, 0x0, 0x0, 0x0, 0x0, 0x0, 0x0,
    0x0, 0x0, 0x0, 0x0, 0x0, 0x0, 0x0, 0x0,
    0x0, 0x0, 0x0,

    /* U+F07B "" */
    0x4, 0x78, 0x88, 0x88, 0x88, 0x60, 0x0, 0x0,
    0x0, 0x0, 0x0, 0x0, 0x0, 0x7f, 0xff, 0xff,
    0xff, 0xff, 0xf8, 0x0, 0x0, 0x0, 0x0, 0x0,
    0x0, 0x0, 0xef, 0xff, 0xff, 0xff, 0xff, 0xff,
    0x80, 0x0, 0x0, 0x0, 0x0, 0x0, 0x0, 0xff,
    0xff, 0xff, 0xff, 0xff, 0xff, 0xf9, 0x44, 0x44,
    0x44, 0x44, 0x43, 0x0, 0xff, 0xff, 0xff, 0xff,
    0xff, 0xff, 0xff, 0xff, 0xff, 0xff, 0xff, 0xff,
    0xf4, 0xff, 0xff, 0xff, 0xff, 0xff, 0xff, 0xff,
    0xff, 0xff, 0xff, 0xff, 0xff, 0xfd, 0xff, 0xff,
    0xff, 0xff, 0xff, 0xff, 0xff, 0xff, 0xff, 0xff,
    0xff, 0xff, 0xff, 0xff, 0xff, 0xff, 0xff, 0xff,
    0xff, 0xff, 0xff, 0xff, 0xff, 0xff, 0xff, 0xff,
    0xff, 0xff, 0xff, 0xff, 0xff, 0xff, 0xff, 0xff,
    0xff, 0xff, 0xff, 0xff, 0xff, 0xff, 0xff, 0xff,
    0xff, 0xff, 0xff, 0xff, 0xff, 0xff, 0xff, 0xff,
    0xff, 0xff, 0xff, 0xff, 0xff, 0xff, 0xff, 0xff,
    0xff, 0xff, 0xff, 0xff, 0xff, 0xff, 0xff, 0xff,
    0xff, 0xff, 0xff, 0xff, 0xff, 0xff, 0xff, 0xff,
    0xff, 0xff, 0xff, 0xff, 0xff, 0xff, 0xff, 0xff,
    0xff, 0xff, 0xff, 0xff, 0xff, 0xff, 0xff, 0xff,
    0xff, 0xff, 0xff, 0xff, 0xff, 0xff, 0xff, 0xff,
    0xff, 0xff, 0xff, 0xff, 0xff, 0xff, 0xff, 0xff,
    0xff, 0xff, 0xff, 0xff, 0xff, 0xff, 0xff, 0xff,
    0xff, 0xff, 0xff, 0xff, 0xff, 0xff, 0xff, 0xff,
    0xff, 0xff, 0xff, 0xff, 0xff, 0xff, 0xff, 0xff,
    0xff, 0xff, 0xff, 0xff, 0xff, 0xff, 0xff, 0xff,
    0xff, 0xff, 0xff, 0xff, 0xff, 0xff, 0xff, 0xff,
    0xff, 0xff, 0xff, 0xff, 0xff, 0xff, 0xff, 0xff,
    0xff, 0xff, 0xcf, 0xff, 0xff, 0xff, 0xff, 0xff,
    0xff, 0xff, 0xff, 0xff, 0xff, 0xff, 0xfc, 0x2c,
    0xff, 0xff, 0xff, 0xff, 0xff, 0xff, 0xff, 0xff,
    0xff, 0xff, 0xff, 0xc2,

    /* U+F093 "" */
    0x0, 0x0, 0x0, 0x0, 0x0, 0x0, 0x8b, 0x10,
    0x0, 0x0, 0x0, 0x0, 0x0, 0x0, 0x0, 0x0,
    0x0, 0x0, 0x8, 0xff, 0xd1, 0x0, 0x0, 0x0,
    0x0, 0x0, 0x0, 0x0, 0x0, 0x0, 0x0, 0x8f,
    0xff, 0xfd, 0x10, 0x0, 0x0, 0x0, 0x0, 0x0,
    0x0, 0x0, 0x0, 0x8, 0xff, 0xff, 0xff, 0xd1,
    0x0, 0x0, 0x0, 0x0, 0x0, 0x0, 0x0, 0x0,
    0x8f, 0xff, 0xff, 0xff, 0xfd, 0x10, 0x0, 0x0,
    0x0, 0x0, 0x0, 0x0, 0x8, 0xff, 0xff, 0xff,
    0xff, 0xff, 0xd1, 0x0, 0x0, 0x0, 0x0, 0x0,
    0x0, 0x8f, 0xff, 0xff, 0xff, 0xff, 0xff, 0xfd,
    0x10, 0x0, 0x0, 0x0, 0x0, 0x8, 0xff, 0xff,
    0xff, 0xff, 0xff, 0xff, 0xff, 0xd1, 0x0, 0x0,
    0x0, 0x0, 0x6f, 0xff, 0xff, 0xff, 0xff, 0xff,
    0xff, 0xff, 0xfb, 0x0, 0x0, 0x0, 0x0, 0x4e,
    0xee, 0xee, 0xff, 0xff, 0xff, 0xfe, 0xee, 0xe8,
    0x0, 0x0, 0x0, 0x0, 0x0, 0x0, 0x1, 0xff,
    0xff, 0xff, 0x60, 0x0, 0x0, 0x0, 0x0, 0x0,
    0x0, 0x0, 0x0, 0x1, 0xff, 0xff, 0xff, 0x60,
    0x0, 0x0, 0x0, 0x0, 0x0, 0x0, 0x0, 0x0,
    0x1, 0xff, 0xff, 0xff, 0x60, 0x0, 0x0, 0x0,
    0x0, 0x0, 0x0, 0x0, 0x0, 0x1, 0xff, 0xff,
    0xff, 0x60, 0x0, 0x0, 0x0, 0x0, 0x0, 0x0,
    0x0, 0x0, 0x1, 0xff, 0xff, 0xff, 0x60, 0x0,
    0x0, 0x0, 0x0, 0x0, 0x0, 0x0, 0x0, 0x1,
    0xff, 0xff, 0xff, 0x60, 0x0, 0x0, 0x0, 0x0,
    0x0, 0x0, 0x0, 0x0, 0x1, 0xff, 0xff, 0xff,
    0x60, 0x0, 0x0, 0x0, 0x0, 0x0, 0x0, 0x0,
    0x0, 0x1, 0xff, 0xff, 0xff, 0x60, 0x0, 0x0,
    0x0, 0x0, 0x9f, 0xff, 0xff, 0xff, 0x20, 0xff,
    0xff, 0xff, 0x62, 0xff, 0xff, 0xff, 0xf9, 0xff,
    0xff, 0xff, 0xff, 0x50, 0x7b, 0xbb, 0xb9, 0x15,
    0xff, 0xff, 0xff, 0xff, 0xff, 0xff, 0xff, 0xff,
    0xe2, 0x0, 0x0, 0x0, 0x2e, 0xff, 0xff, 0xff,
    0xff, 0xff, 0xff, 0xff, 0xff, 0xff, 0xba, 0xaa,
    0xab, 0xff, 0xff, 0xff, 0xff, 0xff, 0xff, 0xff,
    0xff, 0xff, 0xff, 0xff, 0xff, 0xff, 0xff, 0xcf,
    0xfd, 0xef, 0xff, 0xff, 0xff, 0xff, 0xff, 0xff,
    0xff, 0xff, 0xff, 0xfc, 0x6, 0xf0, 0x2f, 0xff,
    0xff, 0xff, 0xff, 0xff, 0xff, 0xff, 0xff, 0xff,
    0xfe, 0x4a, 0xf5, 0x7f, 0xff, 0xdf, 0xff, 0xff,
    0xff, 0xff, 0xff, 0xff, 0xff, 0xff, 0xff, 0xff,
    0xff, 0xfd, 0x3, 0x33, 0x33, 0x33, 0x33, 0x33,
    0x33, 0x33, 0x33, 0x33, 0x33, 0x33, 0x30,

    /* U+F095 "" */
    0x0, 0x0, 0x0, 0x0, 0x0, 0x0, 0x0, 0x0,
    0x0, 0x4, 0xb8, 0x41, 0x0, 0x0, 0x0, 0x0,
    0x0, 0x0, 0x0, 0x0, 0x0, 0x0, 0x0, 0xdf,
    0xff, 0xfd, 0x93, 0x0, 0x0, 0x0, 0x0, 0x0,
    0x0, 0x0, 0x0, 0x0, 0x4f, 0xff, 0xff, 0xff,
    0xe0, 0x0, 0x0, 0x0, 0x0, 0x0, 0x0, 0x0,
    0x0, 0xb, 0xff, 0xff, 0xff, 0xff, 0x0, 0x0,
    0x0, 0x0, 0x0, 0x0, 0x0, 0x0, 0x2, 0xff,
    0xff, 0xff, 0xff, 0xe0, 0x0, 0x0, 0x0, 0x0,
    0x0, 0x0, 0x0, 0x0, 0x8f, 0xff, 0xff, 0xff,
    0xfd, 0x0, 0x0, 0x0, 0x0, 0x0, 0x0, 0x0,
    0x0, 0xf, 0xff, 0xff, 0xff, 0xff, 0xb0, 0x0,
    0x0, 0x0, 0x0, 0x0, 0x0, 0x0, 0x1, 0xff,
    0xff, 0xff, 0xff, 0xf8, 0x0, 0x0, 0x0, 0x0,
    0x0, 0x0, 0x0, 0x0, 0x4, 0xef, 0xff, 0xff,
    0xff, 0x40, 0x0, 0x0, 0x0, 0x0, 0x0, 0x0,
    0x0, 0x0, 0x2, 0xdf, 0xff, 0xff, 0xf0, 0x0,
    0x0, 0x0, 0x0, 0x0, 0x0, 0x0, 0x0, 0x0,
    0x1, 0xdf, 0xff, 0xfb, 0x0, 0x0, 0x0, 0x0,
    0x0, 0x0, 0x0, 0x0, 0x0, 0x0, 0x2f, 0xff,
    0xff, 0x50, 0x0, 0x0, 0x0, 0x0, 0x0, 0x0,
    0x0, 0x0, 0x0, 0xb, 0xff, 0xff, 0xe0, 0x0,
    0x0, 0x0, 0x0, 0x0, 0x0, 0x0, 0x0, 0x0,
    0x5, 0xff, 0xff, 0xf6, 0x0, 0x0, 0x0, 0x0,
    0x0, 0x0, 0x0, 0x0, 0x0, 0x3, 0xff, 0xff,
    0xfd, 0x0, 0x0, 0x0, 0x0, 0x0, 0x0, 0x0,
    0x0, 0x0, 0x1, 0xef, 0xff, 0xff, 0x30, 0x0,
    0x0, 0x0, 0x0, 0x6c, 0xb0, 0x0, 0x0, 0x2,
    0xef, 0xff, 0xff, 0x80, 0x0, 0x0, 0x0, 0x28,
    0xef, 0xff, 0xa0, 0x0, 0x4, 0xff, 0xff, 0xff,
    0xb0, 0x0, 0x0, 0x3, 0xbf, 0xff, 0xff, 0xff,
    0x70, 0x1a, 0xff, 0xff, 0xff, 0xc0, 0x0, 0x0,
    0x0, 0xff, 0xff, 0xff, 0xff, 0xff, 0x9f, 0xff,
    0xff, 0xff, 0xd1, 0x0, 0x0, 0x0, 0xd, 0xff,
    0xff, 0xff, 0xff, 0xff, 0xff, 0xff, 0xff, 0xc1,
    0x0, 0x0, 0x0, 0x0, 0x9f, 0xff, 0xff, 0xff,
    0xff, 0xff, 0xff, 0xff, 0x90, 0x0, 0x0, 0x0,
    0x0, 0x6, 0xff, 0xff, 0xff, 0xff, 0xff, 0xff,
    0xfe, 0x50, 0x0, 0x0, 0x0, 0x0, 0x0, 0x2f,
    0xff, 0xff, 0xff, 0xff, 0xff, 0xf8, 0x0, 0x0,
    0x0, 0x0, 0x0, 0x0, 0x0, 0xef, 0xff, 0xff,
    0xff, 0xfd, 0x71, 0x0, 0x0, 0x0, 0x0, 0x0,
    0x0, 0x0, 0x9, 0xff, 0xff, 0xeb, 0x73, 0x0,
    0x0, 0x0, 0x0, 0x0, 0x0, 0x0, 0x0, 0x0,
    0x3, 0x32, 0x0, 0x0, 0x0, 0x0, 0x0, 0x0,
    0x0, 0x0, 0x0, 0x0, 0x0,

    /* U+F0C4 "" */
    0x0, 0x0, 0x10, 0x0, 0x0, 0x0, 0x0, 0x0,
    0x0, 0x0, 0x0, 0x0, 0x0, 0x7e, 0xff, 0xd5,
    0x0, 0x0, 0x0, 0x0, 0x0, 0x24, 0x20, 0x0,
    0xb, 0xff, 0xff, 0xff, 0x70, 0x0, 0x0, 0x0,
    0x1b, 0xff, 0xfd, 0x20, 0x6f, 0xff, 0xff, 0xff,
    0xf2, 0x0, 0x0, 0x1, 0xdf, 0xff, 0xff, 0xa0,
    0xcf, 0xfd, 0x35, 0xff, 0xf8, 0x0, 0x0, 0x1d,
    0xff, 0xff, 0xfd, 0x10, 0xff, 0xf5, 0x0, 0x9f,
    0xfb, 0x0, 0x1, 0xcf, 0xff, 0xff, 0xd1, 0x0,
    0xff, 0xf6, 0x0, 0xaf, 0xfb, 0x0, 0xc, 0xff,
    0xff, 0xfd, 0x10, 0x0, 0xbf, 0xff, 0x89, 0xff,
    0xf8, 0x0, 0xcf, 0xff, 0xff, 0xd1, 0x0, 0x0,
    0x4f, 0xff, 0xff, 0xff, 0xff, 0x4c, 0xff, 0xff,
    0xfd, 0x10, 0x0, 0x0, 0x6, 0xff, 0xff, 0xff,
    0xff, 0xff, 0xff, 0xff, 0xd1, 0x0, 0x0, 0x0,
    0x0, 0x3a, 0xce, 0xff, 0xff, 0xff, 0xff, 0xfd,
    0x10, 0x0, 0x0, 0x0, 0x0, 0x0, 0x0, 0xaf,
    0xff, 0xff, 0xff, 0xd1, 0x0, 0x0, 0x0, 0x0,
    0x0, 0x0, 0x0, 0x1f, 0xff, 0xff, 0xff, 0x60,
    0x0, 0x0, 0x0, 0x0, 0x0, 0x0, 0x12, 0xdf,
    0xff, 0xff, 0xff, 0xf4, 0x0, 0x0, 0x0, 0x0,
    0x0, 0x7e, 0xff, 0xff, 0xff, 0xff, 0xff, 0xff,
    0x40, 0x0, 0x0, 0x0, 0xb, 0xff, 0xff, 0xff,
    0xff, 0xef, 0xff, 0xff, 0xf4, 0x0, 0x0, 0x0,
    0x6f, 0xff, 0xff, 0xff, 0xfc, 0x18, 0xff, 0xff,
    0xff, 0x40, 0x0, 0x0, 0xcf, 0xfd, 0x35, 0xff,
    0xf8, 0x0, 0x8f, 0xff, 0xff, 0xf4, 0x0, 0x0,
    0xff, 0xf5, 0x0, 0x9f, 0xfb, 0x0, 0x9, 0xff,
    0xff, 0xff, 0x40, 0x0, 0xff, 0xf6, 0x0, 0xaf,
    0xfb, 0x0, 0x0, 0x9f, 0xff, 0xff, 0xf3, 0x0,
    0xbf, 0xff, 0x89, 0xff, 0xf7, 0x0, 0x0, 0x9,
    0xff, 0xff, 0xff, 0x30, 0x4f, 0xff, 0xff, 0xff,
    0xe1, 0x0, 0x0, 0x0, 0xaf, 0xff, 0xff, 0x90,
    0x6, 0xff, 0xff, 0xfe, 0x30, 0x0, 0x0, 0x0,
    0x7, 0xef, 0xe8, 0x0, 0x0, 0x3a, 0xcc, 0x81,
    0x0, 0x0, 0x0, 0x0, 0x0, 0x0, 0x0, 0x0,

    /* U+F0C5 "" */
    0x0, 0x0, 0x0, 0x4c, 0xdd, 0xdd, 0xdd, 0xdd,
    0x11, 0xb2, 0x0, 0x0, 0x0, 0x0, 0xa, 0xff,
    0xff, 0xff, 0xff, 0xf1, 0x1f, 0xe2, 0x0, 0x0,
    0x0, 0x0, 0xaf, 0xff, 0xff, 0xff, 0xff, 0x11,
    0xff, 0xe2, 0x0, 0x0, 0x0, 0xa, 0xff, 0xff,
    0xff, 0xff, 0xf1, 0x1f, 0xff, 0xe2, 0x0, 0x0,
    0x0, 0xaf, 0xff, 0xff, 0xff, 0xff, 0x11, 0xff,
    0xff, 0xb9, 0xff, 0xfd, 0xa, 0xff, 0xff, 0xff,
    0xff, 0xf1, 0x0, 0x0, 0x0, 0xff, 0xff, 0xe0,
    0xaf, 0xff, 0xff, 0xff, 0xff, 0x70, 0x0, 0x0,
    0xf, 0xff, 0xfe, 0xa, 0xff, 0xff, 0xff, 0xff,
    0xff, 0xff, 0xff, 0xfc, 0xff, 0xff, 0xe0, 0xaf,
    0xff, 0xff, 0xff, 0xff, 0xff, 0xff, 0xff, 0xcf,
    0xff, 0xfe, 0xa, 0xff, 0xff, 0xff, 0xff, 0xff,
    0xff, 0xff, 0xfc, 0xff, 0xff, 0xe0, 0xaf, 0xff,
    0xff, 0xff, 0xff, 0xff, 0xff, 0xff, 0xcf, 0xff,
    0xfe, 0xa, 0xff, 0xff, 0xff, 0xff, 0xff, 0xff,
    0xff, 0xfc, 0xff, 0xff, 0xe0, 0xaf, 0xff, 0xff,
    0xff, 0xff, 0xff, 0xff, 0xff, 0xcf, 0xff, 0xfe,
    0xa, 0xff, 0xff, 0xff, 0xff, 0xff, 0xff, 0xff,
    0xfc, 0xff, 0xff, 0xe0, 0xaf, 0xff, 0xff, 0xff,
    0xff, 0xff, 0xff, 0xff, 0xcf, 0xff, 0xfe, 0xa,
    0xff, 0xff, 0xff, 0xff, 0xff, 0xff, 0xff, 0xfc,
    0xff, 0xff, 0xe0, 0xaf, 0xff, 0xff, 0xff, 0xff,
    0xff, 0xff, 0xff, 0xcf, 0xff, 0xfe, 0xa, 0xff,
    0xff, 0xff, 0xff, 0xff, 0xff, 0xff, 0xfc, 0xff,
    0xff, 0xe0, 0xaf, 0xff, 0xff, 0xff, 0xff, 0xff,
    0xff, 0xff, 0xcf, 0xff, 0xfe, 0xa, 0xff, 0xff,
    0xff, 0xff, 0xff, 0xff, 0xff, 0xfc, 0xff, 0xff,
    0xf0, 0x9f, 0xff, 0xff, 0xff, 0xff, 0xff, 0xff,
    0xff, 0xbf, 0xff, 0xff, 0x41, 0x89, 0x99, 0x99,
    0x99, 0x99, 0x99, 0x99, 0x82, 0xff, 0xff, 0xfe,
    0x50, 0x0, 0x0, 0x0, 0x0, 0x0, 0x0, 0x0,
    0xf, 0xff, 0xff, 0xff, 0xff, 0xff, 0xff, 0xff,
    0xf1, 0x0, 0x0, 0x0, 0xff, 0xff, 0xff, 0xff,
    0xff, 0xff, 0xff, 0xff, 0x10, 0x0, 0x0, 0xd,
    0xff, 0xff, 0xff, 0xff, 0xff, 0xff, 0xff, 0xe0,
    0x0, 0x0, 0x0, 0x13, 0x44, 0x44, 0x44, 0x44,
    0x44, 0x44, 0x31, 0x0, 0x0, 0x0, 0x0,

    /* U+F0C7 "" */
    0x0, 0x12, 0x22, 0x22, 0x22, 0x22, 0x22, 0x21,
    0x0, 0x0, 0x0, 0x3, 0xef, 0xff, 0xff, 0xff,
    0xff, 0xff, 0xff, 0xff, 0x70, 0x0, 0x0, 0xcf,
    0xff, 0xff, 0xff, 0xff, 0xff, 0xff, 0xff, 0xff,
    0x80, 0x0, 0xf, 0xff, 0xff, 0xff, 0xff, 0xff,
    0xff, 0xff, 0xff, 0xff, 0x80, 0x0, 0xff, 0xf6,
    0x22, 0x22, 0x22, 0x22, 0x22, 0x24, 0xff, 0xff,
    0x80, 0xf, 0xff, 0x40, 0x0, 0x0, 0x0, 0x0,
    0x0, 0xe, 0xff, 0xff, 0x70, 0xff, 0xf4, 0x0,
    0x0, 0x0, 0x0, 0x0, 0x0, 0xef, 0xff, 0xff,
    0x4f, 0xff, 0x40, 0x0, 0x0, 0x0, 0x0, 0x0,
    0xe, 0xff, 0xff, 0xf8, 0xff, 0xf4, 0x0, 0x0,
    0x0, 0x0, 0x0, 0x0, 0xef, 0xff, 0xff, 0x9f,
    0xff, 0x40, 0x0, 0x0, 0x0, 0x0, 0x0, 0xe,
    0xff, 0xff, 0xf9, 0xff, 0xf9, 0x44, 0x44, 0x44,
    0x44, 0x44, 0x45, 0xff, 0xff, 0xff, 0x9f, 0xff,
    0xff, 0xff, 0xff, 0xff, 0xff, 0xff, 0xff, 0xff,
    0xff, 0xf9, 0xff, 0xff, 0xff, 0xff, 0xff, 0xff,
    0xff, 0xff, 0xff, 0xff, 0xff, 0x9f, 0xff, 0xff,
    0xff, 0xff, 0xff, 0xff, 0xff, 0xff, 0xff, 0xff,
    0xf9, 0xff, 0xff, 0xff, 0xff, 0xf9, 0x10, 0x4d,
    0xff, 0xff, 0xff, 0xff, 0x9f, 0xff, 0xff, 0xff,
    0xfa, 0x0, 0x0, 0x2f, 0xff, 0xff, 0xff, 0xf9,
    0xff, 0xff, 0xff, 0xff, 0x40, 0x0, 0x0, 0xbf,
    0xff, 0xff, 0xff, 0x9f, 0xff, 0xff, 0xff, 0xf2,
    0x0, 0x0, 0x9, 0xff, 0xff, 0xff, 0xf9, 0xff,
    0xff, 0xff, 0xff, 0x60, 0x0, 0x0, 0xcf, 0xff,
    0xff, 0xff, 0x9f, 0xff, 0xff, 0xff, 0xfe, 0x10,
    0x0, 0x6f, 0xff, 0xff, 0xff, 0xf9, 0xff, 0xff,
    0xff, 0xff, 0xfe, 0x87, 0xbf, 0xff, 0xff, 0xff,
    0xff, 0x9f, 0xff, 0xff, 0xff, 0xff, 0xff, 0xff,
    0xff, 0xff, 0xff, 0xff, 0xf8, 0xaf, 0xff, 0xff,
    0xff, 0xff, 0xff, 0xff, 0xff, 0xff, 0xff, 0xff,
    0x41, 0x9d, 0xdd, 0xdd, 0xdd, 0xdd, 0xdd, 0xdd,
    0xdd, 0xdd, 0xdc, 0x60,

    /* U+F0C9 "" */
    0x8b, 0xbb, 0xbb, 0xbb, 0xbb, 0xbb, 0xbb, 0xbb,
    0xbb, 0xbb, 0xbb, 0x5f, 0xff, 0xff, 0xff, 0xff,
    0xff, 0xff, 0xff, 0xff, 0xff, 0xff, 0xfb, 0xff,
    0xff, 0xff, 0xff, 0xff, 0xff, 0xff, 0xff, 0xff,
    0xff, 0xff, 0xcc, 0xff, 0xff, 0xff, 0xff, 0xff,
    0xff, 0xff, 0xff, 0xff, 0xff, 0xf8, 0x0, 0x0,
    0x0, 0x0, 0x0, 0x0, 0x0, 0x0, 0x0, 0x0,
    0x0, 0x0, 0x0, 0x0, 0x0, 0x0, 0x0, 0x0,
    0x0, 0x0, 0x0, 0x0, 0x0, 0x0, 0x0, 0x0,
    0x0, 0x0, 0x0, 0x0, 0x0, 0x0, 0x0, 0x0,
    0x0, 0x0, 0x0, 0x0, 0x0, 0x0, 0x0, 0x0,
    0x0, 0x0, 0x0, 0x0, 0x69, 0x99, 0x99, 0x99,
    0x99, 0x99, 0x99, 0x99, 0x99, 0x99, 0x99, 0x4f,
    0xff, 0xff, 0xff, 0xff, 0xff, 0xff, 0xff, 0xff,
    0xff, 0xff, 0xfb, 0xff, 0xff, 0xff, 0xff, 0xff,
    0xff, 0xff, 0xff, 0xff, 0xff, 0xff, 0xcd, 0xff,
    0xff, 0xff, 0xff, 0xff, 0xff, 0xff, 0xff, 0xff,
    0xff, 0xf9, 0x0, 0x0, 0x0, 0x0, 0x0, 0x0,
    0x0, 0x0, 0x0, 0x0, 0x0, 0x0, 0x0, 0x0,
    0x0, 0x0, 0x0, 0x0, 0x0, 0x0, 0x0, 0x0,
    0x0, 0x0, 0x0, 0x0, 0x0, 0x0, 0x0, 0x0,
    0x0, 0x0, 0x0, 0x0, 0x0, 0x0, 0x0, 0x0,
    0x0, 0x0, 0x0, 0x0, 0x0, 0x0, 0x0, 0x0,
    0x69, 0x99, 0x99, 0x99, 0x99, 0x99, 0x99, 0x99,
    0x99, 0x99, 0x99, 0x4f, 0xff, 0xff, 0xff, 0xff,
    0xff, 0xff, 0xff, 0xff, 0xff, 0xff, 0xfb, 0xff,
    0xff, 0xff, 0xff, 0xff, 0xff, 0xff, 0xff, 0xff,
    0xff, 0xff, 0xcd, 0xff, 0xff, 0xff, 0xff, 0xff,
    0xff, 0xff, 0xff, 0xff, 0xff, 0xf9, 0x0, 0x0,
    0x0, 0x0, 0x0, 0x0, 0x0, 0x0, 0x0, 0x0,
    0x0, 0x0,

    /* U+F0E0 "" */
    0x1, 0x44, 0x44, 0x44, 0x44, 0x44, 0x44, 0x44,
    0x44, 0x44, 0x44, 0x44, 0x10, 0x4f, 0xff, 0xff,
    0xff, 0xff, 0xff, 0xff, 0xff, 0xff, 0xff, 0xff,
    0xff, 0xf4, 0xdf, 0xff, 0xff, 0xff, 0xff, 0xff,
    0xff, 0xff, 0xff, 0xff, 0xff, 0xff, 0xfd, 0xff,
    0xff, 0xff, 0xff, 0xff, 0xff, 0xff, 0xff, 0xff,
    0xff, 0xff, 0xff, 0xff, 0xef, 0xff, 0xff, 0xff,
    0xff, 0xff, 0xff, 0xff, 0xff, 0xff, 0xff, 0xff,
    0xfe, 0x2d, 0xff, 0xff, 0xff, 0xff, 0xff, 0xff,
    0xff, 0xff, 0xff, 0xff, 0xff, 0xd2, 0x0, 0xaf,
    0xff, 0xff, 0xff, 0xff, 0xff, 0xff, 0xff, 0xff,
    0xff, 0xfa, 0x0, 0xb2, 0x5, 0xff, 0xff, 0xff,
    0xff, 0xff, 0xff, 0xff, 0xff, 0xff, 0x60, 0x4e,
    0xff, 0x60, 0x2d, 0xff, 0xff, 0xff, 0xff, 0xff,
    0xff, 0xff, 0xd2, 0x8, 0xff, 0xff, 0xfa, 0x10,
    0x9f, 0xff, 0xff, 0xff, 0xff, 0xff, 0xf9, 0x2,
    0xcf, 0xff, 0xff, 0xff, 0xe4, 0x5, 0xef, 0xff,
    0xff, 0xff, 0xfe, 0x50, 0x5f, 0xff, 0xff, 0xff,
    0xff, 0xff, 0x80, 0x1c, 0xff, 0xff, 0xff, 0xc1,
    0xa, 0xff, 0xff, 0xff, 0xff, 0xff, 0xff, 0xfc,
    0x20, 0x8f, 0xff, 0xf8, 0x3, 0xdf, 0xff, 0xff,
    0xff, 0xff, 0xff, 0xff, 0xff, 0xf5, 0x2, 0x99,
    0x20, 0x6f, 0xff, 0xff, 0xff, 0xff, 0xff, 0xff,
    0xff, 0xff, 0xff, 0xb3, 0x0, 0x3b, 0xff, 0xff,
    0xff, 0xff, 0xff, 0xff, 0xff, 0xff, 0xff, 0xff,
    0xff, 0xff, 0xff, 0xff, 0xff, 0xff, 0xff, 0xff,
    0xff, 0xff, 0xff, 0xff, 0xff, 0xff, 0xff, 0xff,
    0xff, 0xff, 0xff, 0xff, 0xff, 0xff, 0xff, 0xff,
    0xff, 0xff, 0xff, 0xff, 0xff, 0xff, 0xff, 0xff,
    0xff, 0xff, 0xcf, 0xff, 0xff, 0xff, 0xff, 0xff,
    0xff, 0xff, 0xff, 0xff, 0xff, 0xff, 0xfc, 0x2c,
    0xff, 0xff, 0xff, 0xff, 0xff, 0xff, 0xff, 0xff,
    0xff, 0xff, 0xff, 0xc2,

    /* U+F0E7 "" */
    0x0, 0x9, 0xaa, 0xaa, 0xaa, 0xa9, 0x0, 0x0,
    0x0, 0x0, 0x5f, 0xff, 0xff, 0xff, 0xff, 0x50,
    0x0, 0x0, 0x0, 0x8f, 0xff, 0xff, 0xff, 0xff,
    0x10, 0x0, 0x0, 0x0, 0xaf, 0xff, 0xff, 0xff,
    0xfc, 0x0, 0x0, 0x0, 0x0, 0xcf, 0xff, 0xff,
    0xff, 0xf7, 0x0, 0x0, 0x0, 0x0, 0xef, 0xff,
    0xff, 0xff, 0xf2, 0x0, 0x0, 0x0, 0x0, 0xff,
    0xff, 0xff, 0xff, 0xd0, 0x0, 0x0, 0x0, 0x3,
    0xff, 0xff, 0xff, 0xff, 0x70, 0x0, 0x0, 0x0,
    0x5, 0xff, 0xff, 0xff, 0xff, 0xa8, 0x88, 0x88,
    0x60, 0x7, 0xff, 0xff, 0xff, 0xff, 0xff, 0xff,
    0xff, 0xf3, 0x9, 0xff, 0xff, 0xff, 0xff, 0xff,
    0xff, 0xff, 0xe0, 0xb, 0xff, 0xff, 0xff, 0xff,
    0xff, 0xff, 0xff, 0x60, 0xd, 0xff, 0xff, 0xff,
    0xff, 0xff, 0xff, 0xfc, 0x0, 0xf, 0xff, 0xff,
    0xff, 0xff, 0xff, 0xff, 0xf3, 0x0, 0x9, 0xff,
    0xff, 0xff, 0xff, 0xff, 0xff, 0xa0, 0x0, 0x0,
    0x0, 0x0, 0x0, 0xdf, 0xff, 0xff, 0x10, 0x0,
    0x0, 0x0, 0x0, 0x1, 0xff, 0xff, 0xf7, 0x0,
    0x0, 0x0, 0x0, 0x0, 0x5, 0xff, 0xff, 0xe0,
    0x0, 0x0, 0x0, 0x0, 0x0, 0x9, 0xff, 0xff,
    0x50, 0x0, 0x0, 0x0, 0x0, 0x0, 0xd, 0xff,
    0xfc, 0x0, 0x0, 0x0, 0x0, 0x0, 0x0, 0xf,
    0xff, 0xf3, 0x0, 0x0, 0x0, 0x0, 0x0, 0x0,
    0x4f, 0xff, 0x90, 0x0, 0x0, 0x0, 0x0, 0x0,
    0x0, 0x8f, 0xfe, 0x10, 0x0, 0x0, 0x0, 0x0,
    0x0, 0x0, 0xcf, 0xf7, 0x0, 0x0, 0x0, 0x0,
    0x0, 0x0, 0x0, 0xff, 0xd0, 0x0, 0x0, 0x0,
    0x0, 0x0, 0x0, 0x0, 0xff, 0x40, 0x0, 0x0,
    0x0, 0x0, 0x0, 0x0, 0x0, 0x23, 0x0, 0x0,
    0x0, 0x0, 0x0,

    /* U+F0EA "" */
    0x0, 0x0, 0x0, 0x6c, 0xc8, 0x0, 0x0, 0x0,
    0x0, 0x0, 0x0, 0x0, 0x33, 0x33, 0x8f, 0xff,
    0xfb, 0x33, 0x33, 0x10, 0x0, 0x0, 0x0, 0xdf,
    0xff, 0xff, 0xf7, 0x5f, 0xff, 0xff, 0xff, 0x10,
    0x0, 0x0, 0xf, 0xff, 0xff, 0xff, 0x0, 0xbf,
    0xff, 0xff, 0xf3, 0x0, 0x0, 0x0, 0xff, 0xff,
    0xff, 0xf5, 0x3f, 0xff, 0xff, 0xff, 0x30, 0x0,
    0x0, 0xf, 0xff, 0xff, 0xff, 0xff, 0xff, 0xff,
    0xff, 0xf3, 0x0, 0x0, 0x0, 0xff, 0xff, 0xff,
    0xff, 0xff, 0xff, 0xff, 0xff, 0x30, 0x0, 0x0,
    0xf, 0xff, 0xff, 0xff, 0xa2, 0x0, 0x0, 0x0,
    0x0, 0x0, 0x0, 0x0, 0xff, 0xff, 0xff, 0xd0,
    0x7d, 0xdd, 0xdd, 0xdd, 0x21, 0xb2, 0x0, 0xf,
    0xff, 0xff, 0xf8, 0xe, 0xff, 0xff, 0xff, 0xf3,
    0x1f, 0xe2, 0x0, 0xff, 0xff, 0xff, 0x80, 0xef,
    0xff, 0xff, 0xff, 0x31, 0xff, 0xe2, 0xf, 0xff,
    0xff, 0xf8, 0xe, 0xff, 0xff, 0xff, 0xf3, 0x1f,
    0xff, 0xe2, 0xff, 0xff, 0xff, 0x80, 0xef, 0xff,
    0xff, 0xff, 0x31, 0xff, 0xff, 0xbf, 0xff, 0xff,
    0xf8, 0xe, 0xff, 0xff, 0xff, 0xf3, 0x0, 0x0,
    0x0, 0xff, 0xff, 0xff, 0x80, 0xef, 0xff, 0xff,
    0xff, 0xa2, 0x22, 0x22, 0x1f, 0xff, 0xff, 0xf8,
    0xe, 0xff, 0xff, 0xff, 0xff, 0xff, 0xff, 0xfc,
    0xff, 0xff, 0xff, 0x80, 0xef, 0xff, 0xff, 0xff,
    0xff, 0xff, 0xff, 0xcf, 0xff, 0xff, 0xf8, 0xe,
    0xff, 0xff, 0xff, 0xff, 0xff, 0xff, 0xfc, 0xff,
    0xff, 0xff, 0x80, 0xef, 0xff, 0xff, 0xff, 0xff,
    0xff, 0xff, 0xcf, 0xff, 0xff, 0xf8, 0xe, 0xff,
    0xff, 0xff, 0xff, 0xff, 0xff, 0xfc, 0xef, 0xff,
    0xff, 0x80, 0xef, 0xff, 0xff, 0xff, 0xff, 0xff,
    0xff, 0xc2, 0x56, 0x66, 0x63, 0xe, 0xff, 0xff,
    0xff, 0xff, 0xff, 0xff, 0xfc, 0x0, 0x0, 0x0,
    0x0, 0xef, 0xff, 0xff, 0xff, 0xff, 0xff, 0xff,
    0xc0, 0x0, 0x0, 0x0, 0xe, 0xff, 0xff, 0xff,
    0xff, 0xff, 0xff, 0xfc, 0x0, 0x0, 0x0, 0x0,
    0xef, 0xff, 0xff, 0xff, 0xff, 0xff, 0xff, 0xc0,
    0x0, 0x0, 0x0, 0xc, 0xff, 0xff, 0xff, 0xff,
    0xff, 0xff, 0xfa, 0x0, 0x0, 0x0, 0x0, 0x3,
    0x44, 0x44, 0x44, 0x44, 0x44, 0x43, 0x0,

    /* U+F0F3 "" */
    0x0, 0x0, 0x0, 0x0, 0x0, 0x9e, 0x60, 0x0,
    0x0, 0x0, 0x0, 0x0, 0x0, 0x0, 0x0, 0x0,
    0x3f, 0xff, 0x0, 0x0, 0x0, 0x0, 0x0, 0x0,
    0x0, 0x0, 0x0, 0x5, 0xff, 0xf1, 0x0, 0x0,
    0x0, 0x0, 0x0, 0x0, 0x0, 0x0, 0x7e, 0xff,
    0xff, 0xfc, 0x40, 0x0, 0x0, 0x0, 0x0, 0x0,
    0x1, 0xcf, 0xff, 0xff, 0xff, 0xff, 0x90, 0x0,
    0x0, 0x0, 0x0, 0x0, 0xdf, 0xff, 0xff, 0xff,
    0xff, 0xff, 0xa0, 0x0, 0x0, 0x0, 0x0, 0x9f,
    0xff, 0xff, 0xff, 0xff, 0xff, 0xff, 0x50, 0x0,
    0x0, 0x0, 0x2f, 0xff, 0xff, 0xff, 0xff, 0xff,
    0xff, 0xfd, 0x0, 0x0, 0x0, 0x7, 0xff, 0xff,
    0xff, 0xff, 0xff, 0xff, 0xff, 0xf3, 0x0, 0x0,
    0x0, 0xaf, 0xff, 0xff, 0xff, 0xff, 0xff, 0xff,
    0xff, 0x50, 0x0, 0x0, 0xb, 0xff, 0xff, 0xff,
    0xff, 0xff, 0xff, 0xff, 0xf7, 0x0, 0x0, 0x0,
    0xcf, 0xff, 0xff, 0xff, 0xff, 0xff, 0xff, 0xff,
    0x80, 0x0, 0x0, 0xd, 0xff, 0xff, 0xff, 0xff,
    0xff, 0xff, 0xff, 0xf9, 0x0, 0x0, 0x0, 0xff,
    0xff, 0xff, 0xff, 0xff, 0xff, 0xff, 0xff, 0xc0,
    0x0, 0x0, 0x4f, 0xff, 0xff, 0xff, 0xff, 0xff,
    0xff, 0xff, 0xff, 0x0, 0x0, 0x9, 0xff, 0xff,
    0xff, 0xff, 0xff, 0xff, 0xff, 0xff, 0xf5, 0x0,
    0x1, 0xef, 0xff, 0xff, 0xff, 0xff, 0xff, 0xff,
    0xff, 0xff, 0xb0, 0x0, 0xbf, 0xff, 0xff, 0xff,
    0xff, 0xff, 0xff, 0xff, 0xff, 0xff, 0x70, 0x9f,
    0xff, 0xff, 0xff, 0xff, 0xff, 0xff, 0xff, 0xff,
    0xff, 0xff, 0x5f, 0xff, 0xff, 0xff, 0xff, 0xff,
    0xff, 0xff, 0xff, 0xff, 0xff, 0xfb, 0x9f, 0xff,
    0xff, 0xff, 0xff, 0xff, 0xff, 0xff, 0xff, 0xff,
    0xff, 0x60, 0x12, 0x22, 0x22, 0x22, 0x22, 0x22,
    0x22, 0x22, 0x22, 0x22, 0x10, 0x0, 0x0, 0x0,
    0x0, 0x0, 0x0, 0x0, 0x0, 0x0, 0x0, 0x0,
    0x0, 0x0, 0x0, 0x0, 0xc, 0xff, 0xff, 0xf8,
    0x0, 0x0, 0x0, 0x0, 0x0, 0x0, 0x0, 0x0,
    0x7f, 0xff, 0xff, 0x30, 0x0, 0x0, 0x0, 0x0,
    0x0, 0x0, 0x0, 0x0, 0x9f, 0xff, 0x60, 0x0,
    0x0, 0x0, 0x0, 0x0, 0x0, 0x0, 0x0, 0x0,
    0x13, 0x0, 0x0, 0x0, 0x0, 0x0, 0x0,

    /* U+F11C "" */
    0x1, 0x44, 0x44, 0x44, 0x44, 0x44, 0x44, 0x44,
    0x44, 0x44, 0x44, 0x44, 0x44, 0x42, 0x0, 0x5f,
    0xff, 0xff, 0xff, 0xff, 0xff, 0xff, 0xff, 0xff,
    0xff, 0xff, 0xff, 0xff, 0xff, 0x80, 0xef, 0xff,
    0xff, 0xff, 0xff, 0xff, 0xff, 0xff, 0xff, 0xff,
    0xff, 0xff, 0xff, 0xff, 0xf1, 0xff, 0xff, 0xff,
    0xff, 0xff, 0xff, 0xff, 0xff, 0xff, 0xff, 0xff,
    0xff, 0xff, 0xff, 0xf3, 0xff, 0xf4, 0x0, 0x9f,
    0x20, 0xb, 0xf1, 0x0, 0xcf, 0x0, 0xf, 0xc0,
    0x1, 0xff, 0xf4, 0xff, 0xf4, 0x0, 0x8f, 0x10,
    0xa, 0xf0, 0x0, 0xbe, 0x0, 0xe, 0xb0, 0x0,
    0xff, 0xf4, 0xff, 0xf5, 0x0, 0xaf, 0x20, 0xb,
    0xf1, 0x0, 0xcf, 0x0, 0xf, 0xc0, 0x1, 0xff,
    0xf4, 0xff, 0xff, 0xff, 0xff, 0xff, 0xff, 0xff,
    0xff, 0xff, 0xff, 0xff, 0xff, 0xff, 0xff, 0xf4,
    0xff, 0xff, 0xff, 0xaa, 0xbf, 0xea, 0xac, 0xfe,
    0xaa, 0xdf, 0xda, 0xad, 0xff, 0xff, 0xf4, 0xff,
    0xff, 0xfb, 0x0, 0x1f, 0x80, 0x2, 0xf7, 0x0,
    0x4f, 0x40, 0x7, 0xff, 0xff, 0xf4, 0xff, 0xff,
    0xfb, 0x0, 0x1f, 0x80, 0x2, 0xf7, 0x0, 0x4f,
    0x40, 0x7, 0xff, 0xff, 0xf4, 0xff, 0xff, 0xfc,
    0x0, 0x3f, 0xa0, 0x4, 0xf9, 0x0, 0x6f, 0x60,
    0x8, 0xff, 0xff, 0xf4, 0xff, 0xff, 0xff, 0xff,
    0xff, 0xff, 0xff, 0xff, 0xff, 0xff, 0xff, 0xff,
    0xff, 0xff, 0xf4, 0xff, 0xfc, 0x99, 0xef, 0xb9,
    0x99, 0x99, 0x99, 0x99, 0x99, 0xaf, 0xf9, 0x9a,
    0xff, 0xf4, 0xff, 0xf4, 0x0, 0x8f, 0x10, 0x0,
    0x0, 0x0, 0x0, 0x0, 0xe, 0xb0, 0x0, 0xff,
    0xf4, 0xff, 0xf4, 0x0, 0x8f, 0x10, 0x0, 0x0,
    0x0, 0x0, 0x0, 0xe, 0xb0, 0x0, 0xff, 0xf4,
    0xff, 0xf8, 0x44, 0xbf, 0x64, 0x44, 0x44, 0x44,
    0x44, 0x44, 0x4f, 0xd4, 0x45, 0xff, 0xf4, 0xff,
    0xff, 0xff, 0xff, 0xff, 0xff, 0xff, 0xff, 0xff,
    0xff, 0xff, 0xff, 0xff, 0xff, 0xf3, 0xcf, 0xff,
    0xff, 0xff, 0xff, 0xff, 0xff, 0xff, 0xff, 0xff,
    0xff, 0xff, 0xff, 0xff, 0xf1, 0x2c, 0xff, 0xff,
    0xff, 0xff, 0xff, 0xff, 0xff, 0xff, 0xff, 0xff,
    0xff, 0xff, 0xfd, 0x40,

    /* U+F124 "" */
    0x0, 0x0, 0x0, 0x0, 0x0, 0x0, 0x0, 0x0,
    0x0, 0x0, 0x0, 0x0, 0x0, 0x0, 0x0, 0x0,
    0x0, 0x0, 0x0, 0x0, 0x0, 0x0, 0x0, 0x0,
    0x0, 0x17, 0xb7, 0x0, 0x0, 0x0, 0x0, 0x0,
    0x0, 0x0, 0x0, 0x0, 0x0, 0x0, 0x29, 0xff,
    0xff, 0x80, 0x0, 0x0, 0x0, 0x0, 0x0, 0x0,
    0x0, 0x0, 0x0, 0x3a, 0xff, 0xff, 0xff, 0xf0,
    0x0, 0x0, 0x0, 0x0, 0x0, 0x0, 0x0, 0x0,
    0x4b, 0xff, 0xff, 0xff, 0xff, 0xd0, 0x0, 0x0,
    0x0, 0x0, 0x0, 0x0, 0x0, 0x5d, 0xff, 0xff,
    0xff, 0xff, 0xff, 0x60, 0x0, 0x0, 0x0, 0x0,
    0x0, 0x0, 0x7e, 0xff, 0xff, 0xff, 0xff, 0xff,
    0xfe, 0x0, 0x0, 0x0, 0x0, 0x0, 0x1, 0x8f,
    0xff, 0xff, 0xff, 0xff, 0xff, 0xff, 0xf7, 0x0,
    0x0, 0x0, 0x0, 0x2, 0x9f, 0xff, 0xff, 0xff,
    0xff, 0xff, 0xff, 0xff, 0xf1, 0x0, 0x0, 0x0,
    0x3, 0xbf, 0xff, 0xff, 0xff, 0xff, 0xff, 0xff,
    0xff, 0xff, 0x90, 0x0, 0x0, 0x5, 0xcf, 0xff,
    0xff, 0xff, 0xff, 0xff, 0xff, 0xff, 0xff, 0xff,
    0x20, 0x0, 0x2, 0xdf, 0xff, 0xff, 0xff, 0xff,
    0xff, 0xff, 0xff, 0xff, 0xff, 0xfa, 0x0, 0x0,
    0xc, 0xff, 0xff, 0xff, 0xff, 0xff, 0xff, 0xff,
    0xff, 0xff, 0xff, 0xf3, 0x0, 0x0, 0xf, 0xff,
    0xff, 0xff, 0xff, 0xff, 0xff, 0xff, 0xff, 0xff,
    0xff, 0xb0, 0x0, 0x0, 0xb, 0xff, 0xff, 0xff,
    0xff, 0xff, 0xff, 0xff, 0xff, 0xff, 0xff, 0x40,
    0x0, 0x0, 0x1, 0xad, 0xee, 0xee, 0xee, 0xee,
    0xff, 0xff, 0xff, 0xff, 0xfd, 0x0, 0x0, 0x0,
    0x0, 0x0, 0x0, 0x0, 0x0, 0x0, 0xaf, 0xff,
    0xff, 0xff, 0xf5, 0x0, 0x0, 0x0, 0x0, 0x0,
    0x0, 0x0, 0x0, 0x0, 0xaf, 0xff, 0xff, 0xff,
    0xe0, 0x0, 0x0, 0x0, 0x0, 0x0, 0x0, 0x0,
    0x0, 0x0, 0xaf, 0xff, 0xff, 0xff, 0x60, 0x0,
    0x0, 0x0, 0x0, 0x0, 0x0, 0x0, 0x0, 0x0,
    0xaf, 0xff, 0xff, 0xfe, 0x0, 0x0, 0x0, 0x0,
    0x0, 0x0, 0x0, 0x0, 0x0, 0x0, 0xaf, 0xff,
    0xff, 0xf8, 0x0, 0x0, 0x0, 0x0, 0x0, 0x0,
    0x0, 0x0, 0x0, 0x0, 0xaf, 0xff, 0xff, 0xf1,
    0x0, 0x0, 0x0, 0x0, 0x0, 0x0, 0x0, 0x0,
    0x0, 0x0, 0xaf, 0xff, 0xff, 0x90, 0x0, 0x0,
    0x0, 0x0, 0x0, 0x0, 0x0, 0x0, 0x0, 0x0,
    0xaf, 0xff, 0xff, 0x20, 0x0, 0x0, 0x0, 0x0,
    0x0, 0x0, 0x0, 0x0, 0x0, 0x0, 0x9f, 0xff,
    0xfa, 0x0, 0x0, 0x0, 0x0, 0x0, 0x0, 0x0,
    0x0, 0x0, 0x0, 0x0, 0x7f, 0xff, 0xf3, 0x0,
    0x0, 0x0, 0x0, 0x0, 0x0, 0x0, 0x0, 0x0,
    0x0, 0x0, 0x1c, 0xff, 0x80, 0x0, 0x0, 0x0,
    0x0, 0x0, 0x0, 0x0, 0x0, 0x0, 0x0, 0x0,
    0x0, 0x31, 0x0, 0x0, 0x0, 0x0, 0x0, 0x0,

    /* U+F15B "" */
    0x48, 0x88, 0x88, 0x88, 0x88, 0x83, 0x7, 0x0,
    0x0, 0x0, 0xff, 0xff, 0xff, 0xff, 0xff, 0xf6,
    0xf, 0xc1, 0x0, 0x0, 0xff, 0xff, 0xff, 0xff,
    0xff, 0xf6, 0xf, 0xfc, 0x10, 0x0, 0xff, 0xff,
    0xff, 0xff, 0xff, 0xf6, 0xf, 0xff, 0xc1, 0x0,
    0xff, 0xff, 0xff, 0xff, 0xff, 0xf6, 0xf, 0xff,
    0xfc, 0x10, 0xff, 0xff, 0xff, 0xff, 0xff, 0xf6,
    0xf, 0xff, 0xff, 0xc0, 0xff, 0xff, 0xff, 0xff,
    0xff, 0xf6, 0xf, 0xff, 0xff, 0xf6, 0xff, 0xff,
    0xff, 0xff, 0xff, 0xf9, 0x0, 0x0, 0x0, 0x0,
    0xff, 0xff, 0xff, 0xff, 0xff, 0xff, 0xdd, 0xdd,
    0xdd, 0xd6, 0xff, 0xff, 0xff, 0xff, 0xff, 0xff,
    0xff, 0xff, 0xff, 0xf8, 0xff, 0xff, 0xff, 0xff,
    0xff, 0xff, 0xff, 0xff, 0xff, 0xf8, 0xff, 0xff,
    0xff, 0xff, 0xff, 0xff, 0xff, 0xff, 0xff, 0xf8,
    0xff, 0xff, 0xff, 0xff, 0xff, 0xff, 0xff, 0xff,
    0xff, 0xf8, 0xff, 0xff, 0xff, 0xff, 0xff, 0xff,
    0xff, 0xff, 0xff, 0xf8, 0xff, 0xff, 0xff, 0xff,
    0xff, 0xff, 0xff, 0xff, 0xff, 0xf8, 0xff, 0xff,
    0xff, 0xff, 0xff, 0xff, 0xff, 0xff, 0xff, 0xf8,
    0xff, 0xff, 0xff, 0xff, 0xff, 0xff, 0xff, 0xff,
    0xff, 0xf8, 0xff, 0xff, 0xff, 0xff, 0xff, 0xff,
    0xff, 0xff, 0xff, 0xf8, 0xff, 0xff, 0xff, 0xff,
    0xff, 0xff, 0xff, 0xff, 0xff, 0xf8, 0xff, 0xff,
    0xff, 0xff, 0xff, 0xff, 0xff, 0xff, 0xff, 0xf8,
    0xff, 0xff, 0xff, 0xff, 0xff, 0xff, 0xff, 0xff,
    0xff, 0xf8, 0xff, 0xff, 0xff, 0xff, 0xff, 0xff,
    0xff, 0xff, 0xff, 0xf8, 0xff, 0xff, 0xff, 0xff,
    0xff, 0xff, 0xff, 0xff, 0xff, 0xf8, 0xff, 0xff,
    0xff, 0xff, 0xff, 0xff, 0xff, 0xff, 0xff, 0xf8,
    0xff, 0xff, 0xff, 0xff, 0xff, 0xff, 0xff, 0xff,
    0xff, 0xf7, 0xbf, 0xff, 0xff, 0xff, 0xff, 0xff,
    0xff, 0xff, 0xff, 0xf3, 0x0, 0x0, 0x0, 0x0,
    0x0, 0x0, 0x0, 0x0, 0x0, 0x0,

    /* U+F1EB "" */
    0x0, 0x0, 0x0, 0x0, 0x0, 0x0, 0x0, 0x1,
    0x21, 0x0, 0x0, 0x0, 0x0, 0x0, 0x0, 0x0,
    0x0, 0x0, 0x0, 0x0, 0x0, 0x26, 0xad, 0xff,
    0xff, 0xff, 0xeb, 0x84, 0x0, 0x0, 0x0, 0x0,
    0x0, 0x0, 0x0, 0x0, 0x17, 0xdf, 0xff, 0xff,
    0xff, 0xff, 0xff, 0xff, 0xff, 0xa3, 0x0, 0x0,
    0x0, 0x0, 0x0, 0x1, 0x8f, 0xff, 0xff, 0xff,
    0xff, 0xff, 0xff, 0xff, 0xff, 0xff, 0xfc, 0x40,
    0x0, 0x0, 0x0, 0x5, 0xef, 0xff, 0xff, 0xff,
    0xff, 0xff, 0xff, 0xff, 0xff, 0xff, 0xff, 0xff,
    0xa1, 0x0, 0x0, 0x1b, 0xff, 0xff, 0xff, 0xfc,
    0x84, 0x20, 0x0, 0x1, 0x36, 0xae, 0xff, 0xff,
    0xff, 0xf5, 0x0, 0x2d, 0xff, 0xff, 0xfe, 0x81,
    0x0, 0x0, 0x0, 0x0, 0x0, 0x0, 0x4, 0xbf,
    0xff, 0xff, 0xf7, 0xd, 0xff, 0xff, 0xf8, 0x0,
    0x0, 0x0, 0x0, 0x0, 0x0, 0x0, 0x0, 0x0,
    0x3c, 0xff, 0xff, 0xf5, 0x8f, 0xff, 0xd2, 0x0,
    0x0, 0x0, 0x0, 0x0, 0x0, 0x0, 0x0, 0x0,
    0x0, 0x8, 0xff, 0xfe, 0x10, 0x8f, 0xa0, 0x0,
    0x0, 0x0, 0x38, 0xcd, 0xef, 0xec, 0xa6, 0x10,
    0x0, 0x0, 0x4, 0xfe, 0x20, 0x0, 0x30, 0x0,
    0x0, 0x7, 0xef, 0xff, 0xff, 0xff, 0xff, 0xff,
    0xa3, 0x0, 0x0, 0x1, 0x10, 0x0, 0x0, 0x0,
    0x0, 0x4e, 0xff, 0xff, 0xff, 0xff, 0xff, 0xff,
    0xff, 0xfa, 0x0, 0x0, 0x0, 0x0, 0x0, 0x0,
    0x0, 0x8f, 0xff, 0xff, 0xff, 0xff, 0xff, 0xff,
    0xff, 0xff, 0xfd, 0x30, 0x0, 0x0, 0x0, 0x0,
    0x0, 0x3f, 0xff, 0xff, 0xfb, 0x63, 0x21, 0x24,
    0x8d, 0xff, 0xff, 0xfb, 0x0, 0x0, 0x0, 0x0,
    0x0, 0x0, 0xaf, 0xff, 0x91, 0x0, 0x0, 0x0,
    0x0, 0x5, 0xdf, 0xfe, 0x30, 0x0, 0x0, 0x0,
    0x0, 0x0, 0x0, 0x9e, 0x40, 0x0, 0x0, 0x0,
    0x0, 0x0, 0x0, 0xae, 0x30, 0x0, 0x0, 0x0,
    0x0, 0x0, 0x0, 0x0, 0x0, 0x0, 0x0, 0x0,
    0x0, 0x0, 0x0, 0x0, 0x0, 0x0, 0x0, 0x0,
    0x0, 0x0, 0x0, 0x0, 0x0, 0x0, 0x0, 0x5,
    0xbd, 0x91, 0x0, 0x0, 0x0, 0x0, 0x0, 0x0,
    0x0, 0x0, 0x0, 0x0, 0x0, 0x0, 0x0, 0x5,
    0xff, 0xff, 0xd0, 0x0, 0x0, 0x0, 0x0, 0x0,
    0x0, 0x0, 0x0, 0x0, 0x0, 0x0, 0x0, 0x0,
    0xdf, 0xff, 0xff, 0x50, 0x0, 0x0, 0x0, 0x0,
    0x0, 0x0, 0x0, 0x0, 0x0, 0x0, 0x0, 0x0,
    0xf, 0xff, 0xff, 0xf7, 0x0, 0x0, 0x0, 0x0,
    0x0, 0x0, 0x0, 0x0, 0x0, 0x0, 0x0, 0x0,
    0x0, 0xcf, 0xff, 0xff, 0x40, 0x0, 0x0, 0x0,
    0x0, 0x0, 0x0, 0x0, 0x0, 0x0, 0x0, 0x0,
    0x0, 0x3, 0xff, 0xff, 0xa0, 0x0, 0x0, 0x0,
    0x0, 0x0, 0x0, 0x0, 0x0, 0x0, 0x0, 0x0,
    0x0, 0x0, 0x1, 0x79, 0x50, 0x0, 0x0, 0x0,
    0x0, 0x0, 0x0, 0x0,

    /* U+F240 "" */
    0x1b, 0xef, 0xff, 0xff, 0xff, 0xff, 0xff, 0xff,
    0xff, 0xff, 0xff, 0xff, 0xff, 0xff, 0xe9, 0x0,
    0xb, 0xff, 0xff, 0xff, 0xff, 0xff, 0xff, 0xff,
    0xff, 0xff, 0xff, 0xff, 0xff, 0xff, 0xff, 0xf7,
    0x0, 0xff, 0xff, 0xff, 0xff, 0xff, 0xff, 0xff,
    0xff, 0xff, 0xff, 0xff, 0xff, 0xff, 0xff, 0xff,
    0xa0, 0xf, 0xff, 0x74, 0x44, 0x44, 0x44, 0x44,
    0x44, 0x44, 0x44, 0x44, 0x44, 0x44, 0x44, 0xaf,
    0xfe, 0x90, 0xff, 0xf4, 0x0, 0x0, 0x0, 0x0,
    0x0, 0x0, 0x0, 0x0, 0x0, 0x0, 0x0, 0x8,
    0xff, 0xff, 0x4f, 0xff, 0x42, 0xff, 0xff, 0xff,
    0xff, 0xff, 0xff, 0xff, 0xff, 0xff, 0xff, 0xf0,
    0x8f, 0xff, 0xf5, 0xff, 0xf4, 0x2f, 0xff, 0xff,
    0xff, 0xff, 0xff, 0xff, 0xff, 0xff, 0xff, 0xff,
    0x4, 0x8f, 0xff, 0x5f, 0xff, 0x42, 0xff, 0xff,
    0xff, 0xff, 0xff, 0xff, 0xff, 0xff, 0xff, 0xff,
    0xf0, 0x0, 0xef, 0xf5, 0xff, 0xf4, 0x2f, 0xff,
    0xff, 0xff, 0xff, 0xff, 0xff, 0xff, 0xff, 0xff,
    0xff, 0x0, 0xe, 0xff, 0x5f, 0xff, 0x42, 0xff,
    0xff, 0xff, 0xff, 0xff, 0xff, 0xff, 0xff, 0xff,
    0xff, 0xf0, 0x13, 0xff, 0xf5, 0xff, 0xf4, 0x2f,
    0xff, 0xff, 0xff, 0xff, 0xff, 0xff, 0xff, 0xff,
    0xff, 0xff, 0x8, 0xff, 0xff, 0x5f, 0xff, 0x41,
    0x88, 0x88, 0x88, 0x88, 0x88, 0x88, 0x88, 0x88,
    0x88, 0x88, 0x80, 0x8f, 0xff, 0xf5, 0xff, 0xf4,
    0x0, 0x0, 0x0, 0x0, 0x0, 0x0, 0x0, 0x0,
    0x0, 0x0, 0x0, 0x8, 0xff, 0xfe, 0x1f, 0xff,
    0xff, 0xff, 0xff, 0xff, 0xff, 0xff, 0xff, 0xff,
    0xff, 0xff, 0xff, 0xff, 0xff, 0xfb, 0x0, 0xdf,
    0xff, 0xff, 0xff, 0xff, 0xff, 0xff, 0xff, 0xff,
    0xff, 0xff, 0xff, 0xff, 0xff, 0xff, 0x90, 0x5,
    0xff, 0xff, 0xff, 0xff, 0xff, 0xff, 0xff, 0xff,
    0xff, 0xff, 0xff, 0xff, 0xff, 0xff, 0xe1, 0x0,
    0x1, 0x44, 0x44, 0x44, 0x44, 0x44, 0x44, 0x44,
    0x44, 0x44, 0x44, 0x44, 0x44, 0x44, 0x30, 0x0,
    0x0,

    /* U+F241 "" */
    0x1b, 0xef, 0xff, 0xff, 0xff, 0xff, 0xff, 0xff,
    0xff, 0xff, 0xff, 0xff, 0xff, 0xff, 0xe9, 0x0,
    0xb, 0xff, 0xff, 0xff, 0xff, 0xff, 0xff, 0xff,
    0xff, 0xff, 0xff, 0xff, 0xff, 0xff, 0xff, 0xf7,
    0x0, 0xff, 0xff, 0xff, 0xff, 0xff, 0xff, 0xff,
    0xff, 0xff, 0xff, 0xff, 0xff, 0xff, 0xff, 0xff,
    0xa0, 0xf, 0xff, 0x74, 0x44, 0x44, 0x44, 0x44,
    0x44, 0x44, 0x44, 0x44, 0x44, 0x44, 0x44, 0xaf,
    0xfe, 0x90, 0xff, 0xf4, 0x0, 0x0, 0x0, 0x0,
    0x0, 0x0, 0x0, 0x0, 0x0, 0x0, 0x0, 0x8,
    0xff, 0xff, 0x4f, 0xff, 0x42, 0xff, 0xff, 0xff,
    0xff, 0xff, 0xff, 0xff, 0xff, 0x20, 0x0, 0x0,
    0x8f, 0xff, 0xf5, 0xff, 0xf4, 0x2f, 0xff, 0xff,
    0xff, 0xff, 0xff, 0xff, 0xff, 0xf2, 0x0, 0x0,
    0x4, 0x8f, 0xff, 0x5f, 0xff, 0x42, 0xff, 0xff,
    0xff, 0xff, 0xff, 0xff, 0xff, 0xff, 0x20, 0x0,
    0x0, 0x0, 0xef, 0xf5, 0xff, 0xf4, 0x2f, 0xff,
    0xff, 0xff, 0xff, 0xff, 0xff, 0xff, 0xf2, 0x0,
    0x0, 0x0, 0xe, 0xff, 0x5f, 0xff, 0x42, 0xff,
    0xff, 0xff, 0xff, 0xff, 0xff, 0xff, 0xff, 0x20,
    0x0, 0x0, 0x13, 0xff, 0xf5, 0xff, 0xf4, 0x2f,
    0xff, 0xff, 0xff, 0xff, 0xff, 0xff, 0xff, 0xf2,
    0x0, 0x0, 0x8, 0xff, 0xff, 0x5f, 0xff, 0x41,
    0x88, 0x88, 0x88, 0x88, 0x88, 0x88, 0x88, 0x88,
    0x10, 0x0, 0x0, 0x8f, 0xff, 0xf5, 0xff, 0xf4,
    0x0, 0x0, 0x0, 0x0, 0x0, 0x0, 0x0, 0x0,
    0x0, 0x0, 0x0, 0x8, 0xff, 0xfe, 0x1f, 0xff,
    0xff, 0xff, 0xff, 0xff, 0xff, 0xff, 0xff, 0xff,
    0xff, 0xff, 0xff, 0xff, 0xff, 0xfb, 0x0, 0xdf,
    0xff, 0xff, 0xff, 0xff, 0xff, 0xff, 0xff, 0xff,
    0xff, 0xff, 0xff, 0xff, 0xff, 0xff, 0x90, 0x5,
    0xff, 0xff, 0xff, 0xff, 0xff, 0xff, 0xff, 0xff,
    0xff, 0xff, 0xff, 0xff, 0xff, 0xff, 0xe1, 0x0,
    0x1, 0x44, 0x44, 0x44, 0x44, 0x44, 0x44, 0x44,
    0x44, 0x44, 0x44, 0x44, 0x44, 0x44, 0x30, 0x0,
    0x0,

    /* U+F242 "" */
    0x1b, 0xef, 0xff, 0xff, 0xff, 0xff, 0xff, 0xff,
    0xff, 0xff, 0xff, 0xff, 0xff, 0xff, 0xe9, 0x0,
    0xb, 0xff, 0xff, 0xff, 0xff, 0xff, 0xff, 0xff,
    0xff, 0xff, 0xff, 0xff, 0xff, 0xff, 0xff, 0xf7,
    0x0, 0xff, 0xff, 0xff, 0xff, 0xff, 0xff, 0xff,
    0xff, 0xff, 0xff, 0xff, 0xff, 0xff, 0xff, 0xff,
    0xa0, 0xf, 0xff, 0x74, 0x44, 0x44, 0x44, 0x44,
    0x44, 0x44, 0x44, 0x44, 0x44, 0x44, 0x44, 0xaf,
    0xfe, 0x90, 0xff, 0xf4, 0x0, 0x0, 0x0, 0x0,
    0x0, 0x0, 0x0, 0x0, 0x0, 0x0, 0x0, 0x8,
    0xff, 0xff, 0x4f, 0xff, 0x42, 0xff, 0xff, 0xff,
    0xff, 0xff, 0xf4, 0x0, 0x0, 0x0, 0x0, 0x0,
    0x8f, 0xff, 0xf5, 0xff, 0xf4, 0x2f, 0xff, 0xff,
    0xff, 0xff, 0xff, 0x40, 0x0, 0x0, 0x0, 0x0,
    0x4, 0x8f, 0xff, 0x5f, 0xff, 0x42, 0xff, 0xff,
    0xff, 0xff, 0xff, 0xf4, 0x0, 0x0, 0x0, 0x0,
    0x0, 0x0, 0xef, 0xf5, 0xff, 0xf4, 0x2f, 0xff,
    0xff, 0xff, 0xff, 0xff, 0x40, 0x0, 0x0, 0x0,
    0x0, 0x0, 0xe, 0xff, 0x5f, 0xff, 0x42, 0xff,
    0xff, 0xff, 0xff, 0xff, 0xf4, 0x0, 0x0, 0x0,
    0x0, 0x0, 0x13, 0xff, 0xf5, 0xff, 0xf4, 0x2f,
    0xff, 0xff, 0xff, 0xff, 0xff, 0x40, 0x0, 0x0,
    0x0, 0x0, 0x8, 0xff, 0xff, 0x5f, 0xff, 0x41,
    0x88, 0x88, 0x88, 0x88, 0x88, 0x82, 0x0, 0x0,
    0x0, 0x0, 0x0, 0x8f, 0xff, 0xf5, 0xff, 0xf4,
    0x0, 0x0, 0x0, 0x0, 0x0, 0x0, 0x0, 0x0,
    0x0, 0x0, 0x0, 0x8, 0xff, 0xfe, 0x1f, 0xff,
    0xff, 0xff, 0xff, 0xff, 0xff, 0xff, 0xff, 0xff,
    0xff, 0xff, 0xff, 0xff, 0xff, 0xfb, 0x0, 0xdf,
    0xff, 0xff, 0xff, 0xff, 0xff, 0xff, 0xff, 0xff,
    0xff, 0xff, 0xff, 0xff, 0xff, 0xff, 0x90, 0x5,
    0xff, 0xff, 0xff, 0xff, 0xff, 0xff, 0xff, 0xff,
    0xff, 0xff, 0xff, 0xff, 0xff, 0xff, 0xe1, 0x0,
    0x1, 0x44, 0x44, 0x44, 0x44, 0x44, 0x44, 0x44,
    0x44, 0x44, 0x44, 0x44, 0x44, 0x44, 0x30, 0x0,
    0x0,

    /* U+F243 "" */
    0x1b, 0xef, 0xff, 0xff, 0xff, 0xff, 0xff, 0xff,
    0xff, 0xff, 0xff, 0xff, 0xff, 0xff, 0xe9, 0x0,
    0xb, 0xff, 0xff, 0xff, 0xff, 0xff, 0xff, 0xff,
    0xff, 0xff, 0xff, 0xff, 0xff, 0xff, 0xff, 0xf7,
    0x0, 0xff, 0xff, 0xff, 0xff, 0xff, 0xff, 0xff,
    0xff, 0xff, 0xff, 0xff, 0xff, 0xff, 0xff, 0xff,
    0xa0, 0xf, 0xff, 0x74, 0x44, 0x44, 0x44, 0x44,
    0x44, 0x44, 0x44, 0x44, 0x44, 0x44, 0x44, 0xaf,
    0xfe, 0x90, 0xff, 0xf4, 0x0, 0x0, 0x0, 0x0,
    0x0, 0x0, 0x0, 0x0, 0x0, 0x0, 0x0, 0x8,
    0xff, 0xff, 0x4f, 0xff, 0x41, 0xff, 0xff, 0xff,
    0x60, 0x0, 0x0, 0x0, 0x0, 0x0, 0x0, 0x0,
    0x8f, 0xff, 0xf5, 0xff, 0xf4, 0x1f, 0xff, 0xff,
    0xf6, 0x0, 0x0, 0x0, 0x0, 0x0, 0x0, 0x0,
    0x4, 0x8f, 0xff, 0x5f, 0xff, 0x41, 0xff, 0xff,
    0xff, 0x60, 0x0, 0x0, 0x0, 0x0, 0x0, 0x0,
    0x0, 0x0, 0xef, 0xf5, 0xff, 0xf4, 0x1f, 0xff,
    0xff, 0xf6, 0x0, 0x0, 0x0, 0x0, 0x0, 0x0,
    0x0, 0x0, 0xe, 0xff, 0x5f, 0xff, 0x41, 0xff,
    0xff, 0xff, 0x60, 0x0, 0x0, 0x0, 0x0, 0x0,
    0x0, 0x0, 0x13, 0xff, 0xf5, 0xff, 0xf4, 0x1f,
    0xff, 0xff, 0xf6, 0x0, 0x0, 0x0, 0x0, 0x0,
    0x0, 0x0, 0x8, 0xff, 0xff, 0x5f, 0xff, 0x40,
    0x88, 0x88, 0x88, 0x30, 0x0, 0x0, 0x0, 0x0,
    0x0, 0x0, 0x0, 0x8f, 0xff, 0xf5, 0xff, 0xf4,
    0x0, 0x0, 0x0, 0x0, 0x0, 0x0, 0x0, 0x0,
    0x0, 0x0, 0x0, 0x8, 0xff, 0xfe, 0x1f, 0xff,
    0xff, 0xff, 0xff, 0xff, 0xff, 0xff, 0xff, 0xff,
    0xff, 0xff, 0xff, 0xff, 0xff, 0xfb, 0x0, 0xdf,
    0xff, 0xff, 0xff, 0xff, 0xff, 0xff, 0xff, 0xff,
    0xff, 0xff, 0xff, 0xff, 0xff, 0xff, 0x90, 0x5,
    0xff, 0xff, 0xff, 0xff, 0xff, 0xff, 0xff, 0xff,
    0xff, 0xff, 0xff, 0xff, 0xff, 0xff, 0xe1, 0x0,
    0x1, 0x44, 0x44, 0x44, 0x44, 0x44, 0x44, 0x44,
    0x44, 0x44, 0x44, 0x44, 0x44, 0x44, 0x30, 0x0,
    0x0,

    /* U+F244 "" */
    0x1b, 0xef, 0xff, 0xff, 0xff, 0xff, 0xff, 0xff,
    0xff, 0xff, 0xff, 0xff, 0xff, 0xff, 0xe9, 0x0,
    0xb, 0xff, 0xff, 0xff, 0xff, 0xff, 0xff, 0xff,
    0xff, 0xff, 0xff, 0xff, 0xff, 0xff, 0xff, 0xf7,
    0x0, 0xff, 0xff, 0xff, 0xff, 0xff, 0xff, 0xff,
    0xff, 0xff, 0xff, 0xff, 0xff, 0xff, 0xff, 0xff,
    0xa0, 0xf, 0xff, 0x74, 0x44, 0x44, 0x44, 0x44,
    0x44, 0x44, 0x44, 0x44, 0x44, 0x44, 0x44, 0xaf,
    0xfe, 0x90, 0xff, 0xf4, 0x0, 0x0, 0x0, 0x0,
    0x0, 0x0, 0x0, 0x0, 0x0, 0x0, 0x0, 0x8,
    0xff, 0xff, 0x4f, 0xff, 0x40, 0x0, 0x0, 0x0,
    0x0, 0x0, 0x0, 0x0, 0x0, 0x0, 0x0, 0x0,
    0x8f, 0xff, 0xf5, 0xff, 0xf4, 0x0, 0x0, 0x0,
    0x0, 0x0, 0x0, 0x0, 0x0, 0x0, 0x0, 0x0,
    0x4, 0x8f, 0xff, 0x5f, 0xff, 0x40, 0x0, 0x0,
    0x0, 0x0, 0x0, 0x0, 0x0, 0x0, 0x0, 0x0,
    0x0, 0x0, 0xef, 0xf5, 0xff, 0xf4, 0x0, 0x0,
    0x0, 0x0, 0x0, 0x0, 0x0, 0x0, 0x0, 0x0,
    0x0, 0x0, 0xe, 0xff, 0x5f, 0xff, 0x40, 0x0,
    0x0, 0x0, 0x0, 0x0, 0x0, 0x0, 0x0, 0x0,
    0x0, 0x0, 0x13, 0xff, 0xf5, 0xff, 0xf4, 0x0,
    0x0, 0x0, 0x0, 0x0, 0x0, 0x0, 0x0, 0x0,
    0x0, 0x0, 0x8, 0xff, 0xff, 0x5f, 0xff, 0x40,
    0x0, 0x0, 0x0, 0x0, 0x0, 0x0, 0x0, 0x0,
    0x0, 0x0, 0x0, 0x8f, 0xff, 0xf5, 0xff, 0xf4,
    0x0, 0x0, 0x0, 0x0, 0x0, 0x0, 0x0, 0x0,
    0x0, 0x0, 0x0, 0x8, 0xff, 0xfe, 0x1f, 0xff,
    0xff, 0xff, 0xff, 0xff, 0xff, 0xff, 0xff, 0xff,
    0xff, 0xff, 0xff, 0xff, 0xff, 0xfb, 0x0, 0xdf,
    0xff, 0xff, 0xff, 0xff, 0xff, 0xff, 0xff, 0xff,
    0xff, 0xff, 0xff, 0xff, 0xff, 0xff, 0x90, 0x5,
    0xff, 0xff, 0xff, 0xff, 0xff, 0xff, 0xff, 0xff,
    0xff, 0xff, 0xff, 0xff, 0xff, 0xff, 0xe1, 0x0,
    0x1, 0x44, 0x44, 0x44, 0x44, 0x44, 0x44, 0x44,
    0x44, 0x44, 0x44, 0x44, 0x44, 0x44, 0x30, 0x0,
    0x0,

    /* U+F287 "" */
    0x0, 0x0, 0x0, 0x0, 0x0, 0x0, 0x0, 0x0,
    0x1, 0x77, 0x10, 0x0, 0x0, 0x0, 0x0, 0x0,
    0x0, 0x0, 0x0, 0x0, 0x0, 0x0, 0x0, 0x0,
    0x2, 0xef, 0xfe, 0x20, 0x0, 0x0, 0x0, 0x0,
    0x0, 0x0, 0x0, 0x0, 0x0, 0x0, 0x0, 0x5,
    0xbc, 0xdf, 0xff, 0xf9, 0x0, 0x0, 0x0, 0x0,
    0x0, 0x0, 0x0, 0x0, 0x0, 0x0, 0x0, 0x8,
    0xff, 0xff, 0xff, 0xff, 0xa0, 0x0, 0x0, 0x0,
    0x0, 0x0, 0x0, 0x0, 0x0, 0x0, 0x0, 0x2,
    0xfe, 0x31, 0x5f, 0xff, 0xf4, 0x0, 0x0, 0x0,
    0x0, 0x0, 0x0, 0x0, 0x0, 0x0, 0x0, 0x0,
    0xbf, 0x50, 0x0, 0x5c, 0xc5, 0x0, 0x0, 0x0,
    0x0, 0x0, 0x0, 0x0, 0x46, 0x50, 0x0, 0x0,
    0x3f, 0xc0, 0x0, 0x0, 0x0, 0x0, 0x0, 0x0,
    0x0, 0x0, 0x0, 0x0, 0xbf, 0xff, 0xd2, 0x0,
    0xa, 0xf4, 0x0, 0x0, 0x0, 0x0, 0x0, 0x0,
    0x0, 0xc8, 0x0, 0x0, 0x9f, 0xff, 0xff, 0xc0,
    0x4, 0xfc, 0x0, 0x0, 0x0, 0x0, 0x0, 0x0,
    0x0, 0xe, 0xfe, 0x50, 0xe, 0xff, 0xff, 0xff,
    0xcc, 0xff, 0xec, 0xcc, 0xcc, 0xcc, 0xcc, 0xcc,
    0xcc, 0xcc, 0xff, 0xff, 0xb2, 0xff, 0xff, 0xff,
    0xff, 0xff, 0xff, 0xff, 0xff, 0xff, 0xff, 0xff,
    0xff, 0xff, 0xff, 0xff, 0xff, 0x5b, 0xff, 0xff,
    0xfe, 0x0, 0x0, 0x2, 0xdf, 0x40, 0x0, 0x0,
    0x0, 0x0, 0x0, 0xef, 0xfa, 0x10, 0x2e, 0xff,
    0xff, 0x40, 0x0, 0x0, 0x3, 0xfb, 0x0, 0x0,
    0x0, 0x0, 0x0, 0xd, 0xd3, 0x0, 0x0, 0x18,
    0xb9, 0x20, 0x0, 0x0, 0x0, 0xb, 0xf3, 0x0,
    0x0, 0x0, 0x0, 0x0, 0x20, 0x0, 0x0, 0x0,
    0x0, 0x0, 0x0, 0x0, 0x0, 0x0, 0x5f, 0xa0,
    0x0, 0x33, 0x33, 0x30, 0x0, 0x0, 0x0, 0x0,
    0x0, 0x0, 0x0, 0x0, 0x0, 0x0, 0x0, 0xdf,
    0x30, 0x1f, 0xff, 0xff, 0x50, 0x0, 0x0, 0x0,
    0x0, 0x0, 0x0, 0x0, 0x0, 0x0, 0x0, 0x4,
    0xfe, 0x77, 0xff, 0xff, 0xf5, 0x0, 0x0, 0x0,
    0x0, 0x0, 0x0, 0x0, 0x0, 0x0, 0x0, 0x0,
    0x7, 0xff, 0xff, 0xff, 0xff, 0x50, 0x0, 0x0,
    0x0, 0x0, 0x0, 0x0, 0x0, 0x0, 0x0, 0x0,
    0x0, 0x2, 0x56, 0xff, 0xff, 0xf5, 0x0, 0x0,
    0x0, 0x0, 0x0, 0x0, 0x0, 0x0, 0x0, 0x0,
    0x0, 0x0, 0x0, 0x1f, 0xff, 0xff, 0x50, 0x0,
    0x0, 0x0, 0x0, 0x0, 0x0, 0x0, 0x0, 0x0,
    0x0, 0x0, 0x0, 0x0, 0x23, 0x33, 0x30, 0x0,
    0x0, 0x0, 0x0,

    /* U+F293 "" */
    0x0, 0x0, 0x0, 0x26, 0xac, 0xdc, 0xb8, 0x40,
    0x0, 0x0, 0x0, 0x0, 0x1, 0x9f, 0xff, 0xff,
    0xff, 0xff, 0xd3, 0x0, 0x0, 0x0, 0x2, 0xdf,
    0xff, 0xfe, 0x9f, 0xff, 0xff, 0xf5, 0x0, 0x0,
    0x1, 0xdf, 0xff, 0xff, 0xe0, 0xaf, 0xff, 0xff,
    0xf3, 0x0, 0x0, 0x8f, 0xff, 0xff, 0xfe, 0x0,
    0xbf, 0xff, 0xff, 0xc0, 0x0, 0xf, 0xff, 0xff,
    0xff, 0xe0, 0x0, 0xcf, 0xff, 0xff, 0x30, 0x5,
    0xff, 0xff, 0xff, 0xfe, 0x0, 0x1, 0xdf, 0xff,
    0xf8, 0x0, 0xaf, 0xff, 0xd9, 0xff, 0xe0, 0x3a,
    0x1, 0xdf, 0xff, 0xc0, 0xd, 0xff, 0xf1, 0x8,
    0xfe, 0x2, 0xfa, 0x2, 0xef, 0xff, 0x0, 0xff,
    0xff, 0xb0, 0x8, 0xe0, 0x2f, 0x50, 0x5f, 0xff,
    0xf1, 0x1f, 0xff, 0xff, 0xa0, 0x7, 0x2, 0x50,
    0x4f, 0xff, 0xff, 0x22, 0xff, 0xff, 0xff, 0xa0,
    0x0, 0x0, 0x2f, 0xff, 0xff, 0xf3, 0x3f, 0xff,
    0xff, 0xff, 0xa0, 0x0, 0x1e, 0xff, 0xff, 0xff,
    0x43, 0xff, 0xff, 0xff, 0xff, 0x40, 0x7, 0xff,
    0xff, 0xff, 0xf4, 0x3f, 0xff, 0xff, 0xff, 0x50,
    0x0, 0x9, 0xff, 0xff, 0xff, 0x32, 0xff, 0xff,
    0xff, 0x50, 0x0, 0x0, 0xa, 0xff, 0xff, 0xf3,
    0xf, 0xff, 0xff, 0x50, 0x1c, 0x2, 0xb0, 0xb,
    0xff, 0xff, 0x20, 0xef, 0xff, 0x50, 0x1d, 0xf0,
    0x2f, 0xa0, 0xd, 0xff, 0xf0, 0xc, 0xff, 0xf4,
    0x1d, 0xff, 0x2, 0xf5, 0x4, 0xff, 0xfe, 0x0,
    0x8f, 0xff, 0xfd, 0xff, 0xf0, 0x25, 0x3, 0xff,
    0xff, 0xa0, 0x3, 0xff, 0xff, 0xff, 0xff, 0x0,
    0x3, 0xff, 0xff, 0xf6, 0x0, 0xc, 0xff, 0xff,
    0xff, 0xf0, 0x3, 0xff, 0xff, 0xff, 0x0, 0x0,
    0x3f, 0xff, 0xff, 0xff, 0x3, 0xff, 0xff, 0xff,
    0x70, 0x0, 0x0, 0x6f, 0xff, 0xff, 0xf3, 0xff,
    0xff, 0xff, 0xc0, 0x0, 0x0, 0x0, 0x4e, 0xff,
    0xff, 0xff, 0xff, 0xff, 0xc1, 0x0, 0x0, 0x0,
    0x0, 0x6, 0xbf, 0xff, 0xff, 0xea, 0x40, 0x0,
    0x0, 0x0, 0x0, 0x0, 0x0, 0x0, 0x11, 0x0,
    0x0, 0x0, 0x0, 0x0,

    /* U+F2ED "" */
    0x0, 0x0, 0x0, 0x4, 0xbc, 0xcc, 0xcc, 0xa1,
    0x0, 0x0, 0x0, 0x0, 0x22, 0x22, 0x22, 0xef,
    0xff, 0xff, 0xff, 0xa2, 0x22, 0x22, 0x10, 0xef,
    0xff, 0xff, 0xff, 0xff, 0xff, 0xff, 0xff, 0xff,
    0xff, 0xff, 0xaf, 0xff, 0xff, 0xff, 0xff, 0xff,
    0xff, 0xff, 0xff, 0xff, 0xff, 0xfc, 0xef, 0xff,
    0xff, 0xff, 0xff, 0xff, 0xff, 0xff, 0xff, 0xff,
    0xff, 0xa0, 0x22, 0x22, 0x22, 0x22, 0x22, 0x22,
    0x22, 0x22, 0x22, 0x22, 0x10, 0x1, 0x44, 0x44,
    0x44, 0x44, 0x44, 0x44, 0x44, 0x44, 0x44, 0x40,
    0x0, 0x6f, 0xff, 0xff, 0xff, 0xff, 0xff, 0xff,
    0xff, 0xff, 0xff, 0x20, 0x6, 0xff, 0xff, 0xff,
    0xff, 0xff, 0xff, 0xff, 0xff, 0xff, 0xf2, 0x0,
    0x6f, 0xff, 0xff, 0xff, 0xff, 0xff, 0xff, 0xff,
    0xff, 0xff, 0x20, 0x6, 0xff, 0xfd, 0x1d, 0xff,
    0xb1, 0xef, 0xf9, 0x2f, 0xff, 0xf2, 0x0, 0x6f,
    0xff, 0xb0, 0xbf, 0xf9, 0xd, 0xff, 0x70, 0xff,
    0xff, 0x20, 0x6, 0xff, 0xfb, 0xb, 0xff, 0x90,
    0xdf, 0xf7, 0xf, 0xff, 0xf2, 0x0, 0x6f, 0xff,
    0xb0, 0xbf, 0xf9, 0xd, 0xff, 0x70, 0xff, 0xff,
    0x20, 0x6, 0xff, 0xfb, 0xb, 0xff, 0x90, 0xdf,
    0xf7, 0xf, 0xff, 0xf2, 0x0, 0x6f, 0xff, 0xb0,
    0xbf, 0xf9, 0xd, 0xff, 0x70, 0xff, 0xff, 0x20,
    0x6, 0xff, 0xfb, 0xb, 0xff, 0x90, 0xdf, 0xf7,
    0xf, 0xff, 0xf2, 0x0, 0x6f, 0xff, 0xb0, 0xbf,
    0xf9, 0xd, 0xff, 0x70, 0xff, 0xff, 0x20, 0x6,
    0xff, 0xfb, 0xb, 0xff, 0x90, 0xdf, 0xf7, 0xf,
    0xff, 0xf2, 0x0, 0x6f, 0xff, 0xb0, 0xbf, 0xf9,
    0xd, 0xff, 0x70, 0xff, 0xff, 0x20, 0x6, 0xff,
    0xfb, 0xb, 0xff, 0x90, 0xdf, 0xf7, 0xf, 0xff,
    0xf2, 0x0, 0x6f, 0xff, 0xb0, 0xbf, 0xf9, 0xd,
    0xff, 0x70, 0xff, 0xff, 0x20, 0x6, 0xff, 0xfd,
    0x1d, 0xff, 0xb1, 0xef, 0xf9, 0x2f, 0xff, 0xf2,
    0x0, 0x5f, 0xff, 0xff, 0xff, 0xff, 0xff, 0xff,
    0xff, 0xff, 0xff, 0x10, 0x3, 0xff, 0xff, 0xff,
    0xff, 0xff, 0xff, 0xff, 0xff, 0xff, 0xf0, 0x0,
    0x9, 0xff, 0xff, 0xff, 0xff, 0xff, 0xff, 0xff,
    0xff, 0xf6, 0x0, 0x0, 0x2, 0x34, 0x44, 0x44,
    0x44, 0x44, 0x44, 0x44, 0x31, 0x0, 0x0,

    /* U+F304 "" */
    0x0, 0x0, 0x0, 0x0, 0x0, 0x0, 0x0, 0x0,
    0x0, 0x0, 0x7b, 0x70, 0x0, 0x0, 0x0, 0x0,
    0x0, 0x0, 0x0, 0x0, 0x0, 0x0, 0x0, 0xbf,
    0xff, 0xc0, 0x0, 0x0, 0x0, 0x0, 0x0, 0x0,
    0x0, 0x0, 0x0, 0x0, 0xbf, 0xff, 0xff, 0xc0,
    0x0, 0x0, 0x0, 0x0, 0x0, 0x0, 0x0, 0x0,
    0x0, 0xbf, 0xff, 0xff, 0xff, 0xc0, 0x0, 0x0,
    0x0, 0x0, 0x0, 0x0, 0x0, 0x0, 0x7, 0xff,
    0xff, 0xff, 0xff, 0x90, 0x0, 0x0, 0x0, 0x0,
    0x0, 0x0, 0x0, 0xb5, 0x7, 0xff, 0xff, 0xff,
    0xff, 0x0, 0x0, 0x0, 0x0, 0x0, 0x0, 0x0,
    0xbf, 0xf5, 0x7, 0xff, 0xff, 0xff, 0xd0, 0x0,
    0x0, 0x0, 0x0, 0x0, 0x0, 0xbf, 0xff, 0xf5,
    0x7, 0xff, 0xff, 0xf3, 0x0, 0x0, 0x0, 0x0,
    0x0, 0x0, 0xbf, 0xff, 0xff, 0xf5, 0x7, 0xff,
    0xf4, 0x0, 0x0, 0x0, 0x0, 0x0, 0x0, 0xbf,
    0xff, 0xff, 0xff, 0xf5, 0x7, 0xf4, 0x0, 0x0,
    0x0, 0x0, 0x0, 0x0, 0xbf, 0xff, 0xff, 0xff,
    0xff, 0xf5, 0x2, 0x0, 0x0, 0x0, 0x0, 0x0,
    0x0, 0xbf, 0xff, 0xff, 0xff, 0xff, 0xff, 0xf1,
    0x0, 0x0, 0x0, 0x0, 0x0, 0x0, 0xbf, 0xff,
    0xff, 0xff, 0xff, 0xff, 0xf4, 0x0, 0x0, 0x0,
    0x0, 0x0, 0x0, 0xbf, 0xff, 0xff, 0xff, 0xff,
    0xff, 0xf4, 0x0, 0x0, 0x0, 0x0, 0x0, 0x0,
    0xbf, 0xff, 0xff, 0xff, 0xff, 0xff, 0xf4, 0x0,
    0x0, 0x0, 0x0, 0x0, 0x0, 0xbf, 0xff, 0xff,
    0xff, 0xff, 0xff, 0xf4, 0x0, 0x0, 0x0, 0x0,
    0x0, 0x0, 0xbf, 0xff, 0xff, 0xff, 0xff, 0xff,
    0xf4, 0x0, 0x0, 0x0, 0x0, 0x0, 0x0, 0xbf,
    0xff, 0xff, 0xff, 0xff, 0xff, 0xf4, 0x0, 0x0,
    0x0, 0x0, 0x0, 0x0, 0xbf, 0xff, 0xff, 0xff,
    0xff, 0xff, 0xf4, 0x0, 0x0, 0x0, 0x0, 0x0,
    0x0, 0x6f, 0xff, 0xff, 0xff, 0xff, 0xff, 0xf4,
    0x0, 0x0, 0x0, 0x0, 0x0, 0x0, 0x8, 0xff,
    0xff, 0xff, 0xff, 0xff, 0xf4, 0x0, 0x0, 0x0,
    0x0, 0x0, 0x0, 0x0, 0x9f, 0xff, 0xff, 0xff,
    0xff, 0xf4, 0x0, 0x0, 0x0, 0x0, 0x0, 0x0,
    0x0, 0xb, 0xff, 0xff, 0xff, 0xff, 0xf4, 0x0,
    0x0, 0x0, 0x0, 0x0, 0x0, 0x0, 0x0, 0xdf,
    0xff, 0xff, 0xff, 0xf4, 0x0, 0x0, 0x0, 0x0,
    0x0, 0x0, 0x0, 0x0, 0xf, 0xff, 0xff, 0xff,
    0xf4, 0x0, 0x0, 0x0, 0x0, 0x0, 0x0, 0x0,
    0x0, 0x0, 0xdf, 0xff, 0xec, 0xa4, 0x0, 0x0,
    0x0, 0x0, 0x0, 0x0, 0x0, 0x0, 0x0, 0x0,
    0x31, 0x0, 0x0, 0x0, 0x0, 0x0, 0x0, 0x0,
    0x0, 0x0, 0x0, 0x0, 0x0,

    /* U+F55A "" */
    0x0, 0x0, 0x0, 0x0, 0x4, 0x78, 0x88, 0x88,
    0x88, 0x88, 0x88, 0x88, 0x88, 0x88, 0x87, 0x30,
    0x0, 0x0, 0x0, 0x0, 0x1c, 0xff, 0xff, 0xff,
    0xff, 0xff, 0xff, 0xff, 0xff, 0xff, 0xff, 0xff,
    0x80, 0x0, 0x0, 0x0, 0x1d, 0xff, 0xff, 0xff,
    0xff, 0xff, 0xff, 0xff, 0xff, 0xff, 0xff, 0xff,
    0xff, 0x30, 0x0, 0x0, 0x1d, 0xff, 0xff, 0xff,
    0xff, 0xff, 0xff, 0xff, 0xff, 0xff, 0xff, 0xff,
    0xff, 0xf7, 0x0, 0x0, 0x1d, 0xff, 0xff, 0xff,
    0xff, 0xfa, 0xdf, 0xff, 0xff, 0xda, 0xff, 0xff,
    0xff, 0xff, 0x80, 0x0, 0x1d, 0xff, 0xff, 0xff,
    0xff, 0xf7, 0x1, 0xdf, 0xff, 0xd1, 0x8, 0xff,
    0xff, 0xff, 0xf8, 0x0, 0x1d, 0xff, 0xff, 0xff,
    0xff, 0xfd, 0x0, 0x1, 0xdf, 0xd1, 0x0, 0xd,
    0xff, 0xff, 0xff, 0x80, 0x1d, 0xff, 0xff, 0xff,
    0xff, 0xff, 0xf7, 0x0, 0x1, 0xb1, 0x0, 0x7,
    0xff, 0xff, 0xff, 0xf8, 0x1d, 0xff, 0xff, 0xff,
    0xff, 0xff, 0xff, 0xf7, 0x0, 0x0, 0x0, 0x7,
    0xff, 0xff, 0xff, 0xff, 0x8c, 0xff, 0xff, 0xff,
    0xff, 0xff, 0xff, 0xff, 0xf7, 0x0, 0x0, 0x7,
    0xff, 0xff, 0xff, 0xff, 0xf8, 0xff, 0xff, 0xff,
    0xff, 0xff, 0xff, 0xff, 0xff, 0xd0, 0x0, 0x0,
    0xdf, 0xff, 0xff, 0xff, 0xff, 0x86, 0xff, 0xff,
    0xff, 0xff, 0xff, 0xff, 0xff, 0xd1, 0x0, 0x0,
    0x1, 0xdf, 0xff, 0xff, 0xff, 0xf8, 0x7, 0xff,
    0xff, 0xff, 0xff, 0xff, 0xff, 0xd1, 0x0, 0x3,
    0x0, 0x1, 0xdf, 0xff, 0xff, 0xff, 0x80, 0x7,
    0xff, 0xff, 0xff, 0xff, 0xff, 0xe1, 0x0, 0x7,
    0xf7, 0x0, 0x1, 0xef, 0xff, 0xff, 0xf8, 0x0,
    0x7, 0xff, 0xff, 0xff, 0xff, 0xfe, 0x10, 0x7,
    0xff, 0xf7, 0x0, 0x2e, 0xff, 0xff, 0xff, 0x80,
    0x0, 0x7, 0xff, 0xff, 0xff, 0xff, 0xfd, 0x27,
    0xff, 0xff, 0xf7, 0x2e, 0xff, 0xff, 0xff, 0xf8,
    0x0, 0x0, 0x6, 0xff, 0xff, 0xff, 0xff, 0xff,
    0xff, 0xff, 0xff, 0xff, 0xff, 0xff, 0xff, 0xff,
    0x70, 0x0, 0x0, 0x6, 0xff, 0xff, 0xff, 0xff,
    0xff, 0xff, 0xff, 0xff, 0xff, 0xff, 0xff, 0xff,
    0xf5, 0x0, 0x0, 0x0, 0x6, 0xff, 0xff, 0xff,
    0xff, 0xff, 0xff, 0xff, 0xff, 0xff, 0xff, 0xff,
    0xfe, 0x0, 0x0, 0x0, 0x0, 0x4, 0xdf, 0xff,
    0xff, 0xff, 0xff, 0xff, 0xff, 0xff, 0xff, 0xff,
    0xfb, 0x20,

    /* U+F7C2 "" */
    0x0, 0x0, 0x1, 0xdf, 0xff, 0xff, 0xff, 0xff,
    0xd9, 0x0, 0x0, 0x0, 0x1d, 0xff, 0xff, 0xff,
    0xff, 0xff, 0xff, 0xb0, 0x0, 0x1, 0xdf, 0xff,
    0xff, 0xff, 0xff, 0xff, 0xff, 0xf2, 0x0, 0x1d,
    0xfc, 0x44, 0xfc, 0x44, 0xfc, 0x44, 0xff, 0xf5,
    0x1, 0xdf, 0xfb, 0x0, 0xeb, 0x0, 0xeb, 0x0,
    0xef, 0xf5, 0x1d, 0xff, 0xfb, 0x0, 0xeb, 0x0,
    0xeb, 0x0, 0xef, 0xf5, 0xdf, 0xff, 0xfb, 0x0,
    0xeb, 0x0, 0xeb, 0x0, 0xef, 0xf5, 0xff, 0xff,
    0xfb, 0x0, 0xeb, 0x0, 0xeb, 0x0, 0xef, 0xf5,
    0xff, 0xff, 0xff, 0xdd, 0xff, 0xdd, 0xff, 0xdd,
    0xff, 0xf5, 0xff, 0xff, 0xff, 0xff, 0xff, 0xff,
    0xff, 0xff, 0xff, 0xf5, 0xff, 0xff, 0xff, 0xff,
    0xff, 0xff, 0xff, 0xff, 0xff, 0xf5, 0xff, 0xff,
    0xff, 0xff, 0xff, 0xff, 0xff, 0xff, 0xff, 0xf5,
    0xff, 0xff, 0xff, 0xff, 0xff, 0xff, 0xff, 0xff,
    0xff, 0xf5, 0xff, 0xff, 0xff, 0xff, 0xff, 0xff,
    0xff, 0xff, 0xff, 0xf5, 0xff, 0xff, 0xff, 0xff,
    0xff, 0xff, 0xff, 0xff, 0xff, 0xf5, 0xff, 0xff,
    0xff, 0xff, 0xff, 0xff, 0xff, 0xff, 0xff, 0xf5,
    0xff, 0xff, 0xff, 0xff, 0xff, 0xff, 0xff, 0xff,
    0xff, 0xf5, 0xff, 0xff, 0xff, 0xff, 0xff, 0xff,
    0xff, 0xff, 0xff, 0xf5, 0xff, 0xff, 0xff, 0xff,
    0xff, 0xff, 0xff, 0xff, 0xff, 0xf5, 0xff, 0xff,
    0xff, 0xff, 0xff, 0xff, 0xff, 0xff, 0xff, 0xf5,
    0xff, 0xff, 0xff, 0xff, 0xff, 0xff, 0xff, 0xff,
    0xff, 0xf5, 0xff, 0xff, 0xff, 0xff, 0xff, 0xff,
    0xff, 0xff, 0xff, 0xf5, 0xff, 0xff, 0xff, 0xff,
    0xff, 0xff, 0xff, 0xff, 0xff, 0xf5, 0xdf, 0xff,
    0xff, 0xff, 0xff, 0xff, 0xff, 0xff, 0xff, 0xf3,
    0x7f, 0xff, 0xff, 0xff, 0xff, 0xff, 0xff, 0xff,
    0xff, 0xc0, 0x7, 0xef, 0xff, 0xff, 0xff, 0xff,
    0xff, 0xff, 0xfa, 0x10, 0x0, 0x0, 0x0, 0x0,
    0x0, 0x0, 0x0, 0x0, 0x0, 0x0,

    /* U+F8A2 "" */
    0x0, 0x0, 0x0, 0x0, 0x0, 0x0, 0x0, 0x0,
    0x0, 0x0, 0x0, 0x0, 0x0, 0x0, 0x0, 0x0,
    0x0, 0x0, 0x0, 0x0, 0x0, 0x0, 0x0, 0x0,
    0x0, 0x5, 0xf1, 0x0, 0x0, 0x0, 0x0, 0x0,
    0x0, 0x0, 0x0, 0x0, 0x0, 0x0, 0x5, 0xff,
    0x10, 0x0, 0x0, 0x0, 0x0, 0x0, 0x0, 0x0,
    0x0, 0x0, 0x0, 0x5, 0xff, 0xf1, 0x0, 0x0,
    0x1, 0xaa, 0x0, 0x0, 0x0, 0x0, 0x0, 0x0,
    0x0, 0xef, 0xff, 0x10, 0x0, 0x1, 0xdf, 0xf3,
    0x0, 0x0, 0x0, 0x0, 0x0, 0x0, 0xf, 0xff,
    0xf1, 0x0, 0x2, 0xdf, 0xff, 0x30, 0x0, 0x0,
    0x0, 0x0, 0x0, 0x0, 0xff, 0xff, 0x10, 0x2,
    0xef, 0xff, 0xf3, 0x0, 0x0, 0x0, 0x0, 0x0,
    0x0, 0xf, 0xff, 0xf1, 0x3, 0xef, 0xff, 0xff,
    0x86, 0x66, 0x66, 0x66, 0x66, 0x66, 0x66, 0xff,
    0xff, 0x14, 0xff, 0xff, 0xff, 0xff, 0xff, 0xff,
    0xff, 0xff, 0xff, 0xff, 0xff, 0xff, 0xf1, 0xdf,
    0xff, 0xff, 0xff, 0xff, 0xff, 0xff, 0xff, 0xff,
    0xff, 0xff, 0xff, 0xff, 0x17, 0xff, 0xff, 0xff,
    0xff, 0xff, 0xff, 0xff, 0xff, 0xff, 0xff, 0xff,
    0xff, 0xf1, 0x7, 0xff, 0xff, 0xff, 0xcb, 0xbb,
    0xbb, 0xbb, 0xbb, 0xbb, 0xbb, 0xbb, 0xa7, 0x0,
    0x6, 0xff, 0xff, 0xf3, 0x0, 0x0, 0x0, 0x0,
    0x0, 0x0, 0x0, 0x0, 0x0, 0x0, 0x5, 0xff,
    0xff, 0x30, 0x0, 0x0, 0x0, 0x0, 0x0, 0x0,
    0x0, 0x0, 0x0, 0x0, 0x4, 0xff, 0xf3, 0x0,
    0x0, 0x0, 0x0, 0x0, 0x0, 0x0, 0x0, 0x0,
    0x0, 0x0, 0x3, 0xee, 0x10, 0x0, 0x0, 0x0,
    0x0, 0x0, 0x0, 0x0, 0x0, 0x0, 0x0, 0x0,
    0x0, 0x0, 0x0, 0x0, 0x0, 0x0, 0x0, 0x0,
    0x0, 0x0, 0x0
};


/*---------------------
 *  GLYPH DESCRIPTION
 *--------------------*/

static const lv_font_fmt_txt_glyph_dsc_t glyph_dsc[] = {
    {.bitmap_index = 0, .adv_w = 0, .box_w = 0, .box_h = 0, .ofs_x = 0, .ofs_y = 0} /* id = 0 reserved */,
    {.bitmap_index = 0, .adv_w = 107, .box_w = 0, .box_h = 0, .ofs_x = 0, .ofs_y = 0},
    {.bitmap_index = 0, .adv_w = 153, .box_w = 5, .box_h = 18, .ofs_x = 2, .ofs_y = 0},
    {.bitmap_index = 45, .adv_w = 171, .box_w = 9, .box_h = 8, .ofs_x = 1, .ofs_y = 11},
    {.bitmap_index = 81, .adv_w = 250, .box_w = 16, .box_h = 18, .ofs_x = 0, .ofs_y = 0},
    {.bitmap_index = 225, .adv_w = 243, .box_w = 13, .box_h = 24, .ofs_x = 1, .ofs_y = -4},
    {.bitmap_index = 381, .adv_w = 344, .box_w = 19, .box_h = 18, .ofs_x = 1, .ofs_y = 0},
    {.bitmap_index = 552, .adv_w = 266, .box_w = 17, .box_h = 18, .ofs_x = 0, .ofs_y = 0},
    {.bitmap_index = 705, .adv_w = 99, .box_w = 4, .box_h = 8, .ofs_x = 1, .ofs_y = 11},
    {.bitmap_index = 721, .adv_w = 159, .box_w = 9, .box_h = 24, .ofs_x = 1, .ofs_y = -5},
    {.bitmap_index = 829, .adv_w = 159, .box_w = 9, .box_h = 24, .ofs_x = 0, .ofs_y = -5},
    {.bitmap_index = 937, .adv_w = 188, .box_w = 11, .box_h = 10, .ofs_x = 0, .ofs_y = 9},
    {.bitmap_index = 992, .adv_w = 237, .box_w = 15, .box_h = 13, .ofs_x = 0, .ofs_y = 1},
    {.bitmap_index = 1090, .adv_w = 133, .box_w = 7, .box_h = 8, .ofs_x = 0, .ofs_y = -3},
    {.bitmap_index = 1118, .adv_w = 183, .box_w = 9, .box_h = 3, .ofs_x = 1, .ofs_y = 7},
    {.bitmap_index = 1132, .adv_w = 133, .box_w = 5, .box_h = 5, .ofs_x = 2, .ofs_y = 0},
    {.bitmap_index = 1145, .adv_w = 208, .box_w = 11, .box_h = 19, .ofs_x = 1, .ofs_y = -1},
    {.bitmap_index = 1250, .adv_w = 243, .box_w = 13, .box_h = 18, .ofs_x = 1, .ofs_y = 0},
    {.bitmap_index = 1367, .adv_w = 243, .box_w = 9, .box_h = 18, .ofs_x = 2, .ofs_y = 0},
    {.bitmap_index = 1448, .adv_w = 243, .box_w = 13, .box_h = 18, .ofs_x = 1, .ofs_y = 0},
    {.bitmap_index = 1565, .adv_w = 243, .box_w = 13, .box_h = 18, .ofs_x = 1, .ofs_y = 0},
    {.bitmap_index = 1682, .adv_w = 243, .box_w = 15, .box_h = 18, .ofs_x = 0, .ofs_y = 0},
    {.bitmap_index = 1817, .adv_w = 243, .box_w = 12, .box_h = 18, .ofs_x = 2, .ofs_y = 0},
    {.bitmap_index = 1925, .adv_w = 243, .box_w = 13, .box_h = 18, .ofs_x = 1, .ofs_y = 0},
    {.bitmap_index = 2042, .adv_w = 243, .box_w = 13, .box_h = 18, .ofs_x = 1, .ofs_y = 0},
    {.bitmap_index = 2159, .adv_w = 243, .box_w = 14, .box_h = 18, .ofs_x = 1, .ofs_y = 0},
    {.bitmap_index = 2285, .adv_w = 243, .box_w = 13, .box_h = 18, .ofs_x = 1, .ofs_y = 0},
    {.bitmap_index = 2402, .adv_w = 164, .box_w = 5, .box_h = 14, .ofs_x = 3, .ofs_y = 0},
    {.bitmap_index = 2437, .adv_w = 164, .box_w = 7, .box_h = 18, .ofs_x = 1, .ofs_y = -4},
    {.bitmap_index = 2500, .adv_w = 237, .box_w = 15, .box_h = 15, .ofs_x = 0, .ofs_y = 0},
    {.bitmap_index = 2613, .adv_w = 237, .box_w = 15, .box_h = 9, .ofs_x = 0, .ofs_y = 3},
    {.bitmap_index = 2681, .adv_w = 237, .box_w = 15, .box_h = 15, .ofs_x = 0, .ofs_y = 0},
    {.bitmap_index = 2794, .adv_w = 184, .box_w = 10, .box_h = 18, .ofs_x = 1, .ofs_y = 0},
    {.bitmap_index = 2884, .adv_w = 356, .box_w = 21, .box_h = 21, .ofs_x = 1, .ofs_y = -3},
    {.bitmap_index = 3105, .adv_w = 293, .box_w = 19, .box_h = 18, .ofs_x = 0, .ofs_y = 0},
    {.bitmap_index = 3276, .adv_w = 265, .box_w = 13, .box_h = 18, .ofs_x = 2, .ofs_y = 0},
    {.bitmap_index = 3393, .adv_w = 250, .box_w = 14, .box_h = 18, .ofs_x = 1, .ofs_y = 0},
    {.bitmap_index = 3519, .adv_w = 295, .box_w = 15, .box_h = 18, .ofs_x = 2, .ofs_y = 0},
    {.bitmap_index = 3654, .adv_w = 233, .box_w = 12, .box_h = 18, .ofs_x = 2, .ofs_y = 0},
    {.bitmap_index = 3762, .adv_w = 223, .box_w = 11, .box_h = 18, .ofs_x = 2, .ofs_y = 0},
    {.bitmap_index = 3861, .adv_w = 287, .box_w = 16, .box_h = 18, .ofs_x = 1, .ofs_y = 0},
    {.bitmap_index = 4005, .adv_w = 301, .box_w = 15, .box_h = 18, .ofs_x = 2, .ofs_y = 0},
    {.bitmap_index = 4140, .adv_w = 123, .box_w = 4, .box_h = 18, .ofs_x = 2, .ofs_y = 0},
    {.bitmap_index = 4176, .adv_w = 121, .box_w = 9, .box_h = 23, .ofs_x = -3, .ofs_y = -5},
    {.bitmap_index = 4280, .adv_w = 267, .box_w = 15, .box_h = 18, .ofs_x = 2, .ofs_y = 0},
    {.bitmap_index = 4415, .adv_w = 217, .box_w = 11, .box_h = 18, .ofs_x = 2, .ofs_y = 0},
    {.bitmap_index = 4514, .adv_w = 359, .box_w = 19, .box_h = 18, .ofs_x = 2, .ofs_y = 0},
    {.bitmap_index = 4685, .adv_w = 312, .box_w = 16, .box_h = 18, .ofs_x = 2, .ofs_y = 0},
    {.bitmap_index = 4829, .adv_w = 310, .box_w = 17, .box_h = 18, .ofs_x = 1, .ofs_y = 0},
    {.bitmap_index = 4982, .adv_w = 258, .box_w = 13, .box_h = 18, .ofs_x = 2, .ofs_y = 0},
    {.bitmap_index = 5099, .adv_w = 310, .box_w = 17, .box_h = 22, .ofs_x = 1, .ofs_y = -4},
    {.bitmap_index = 5286, .adv_w = 265, .box_w = 15, .box_h = 18, .ofs_x = 2, .ofs_y = 0},
    {.bitmap_index = 5421, .adv_w = 239, .box_w = 13, .box_h = 18, .ofs_x = 1, .ofs_y = 0},
    {.bitmap_index = 5538, .adv_w = 226, .box_w = 14, .box_h = 18, .ofs_x = 0, .ofs_y = 0},
    {.bitmap_index = 5664, .adv_w = 300, .box_w = 15, .box_h = 18, .ofs_x = 2, .ofs_y = 0},
    {.bitmap_index = 5799, .adv_w = 279, .box_w = 18, .box_h = 18, .ofs_x = 0, .ofs_y = 0},
    {.bitmap_index = 5961, .adv_w = 388, .box_w = 24, .box_h = 18, .ofs_x = 0, .ofs_y = 0},
    {.bitmap_index = 6177, .adv_w = 277, .box_w = 17, .box_h = 18, .ofs_x = 0, .ofs_y = 0},
    {.bitmap_index = 6330, .adv_w = 266, .box_w = 17, .box_h = 18, .ofs_x = 0, .ofs_y = 0},
    {.bitmap_index = 6483, .adv_w = 267, .box_w = 15, .box_h = 18, .ofs_x = 1, .ofs_y = 0},
    {.bitmap_index = 6618, .adv_w = 132, .box_w = 7, .box_h = 24, .ofs_x = 1, .ofs_y = -5},
    {.bitmap_index = 6702, .adv_w = 211, .box_w = 13, .box_h = 22, .ofs_x = 0, .ofs_y = -3},
    {.bitmap_index = 6845, .adv_w = 132, .box_w = 7, .box_h = 24, .ofs_x = 0, .ofs_y = -5},
    {.bitmap_index = 6929, .adv_w = 237, .box_w = 13, .box_h = 10, .ofs_x = 1, .ofs_y = 8},
    {.bitmap_index = 6994, .adv_w = 208, .box_w = 13, .box_h = 3, .ofs_x = 0, .ofs_y = -5},
    {.bitmap_index = 7014, .adv_w = 168, .box_w = 7, .box_h = 4, .ofs_x = 1, .ofs_y = 16},
    {.bitmap_index = 7028, .adv_w = 256, .box_w = 13, .box_h = 14, .ofs_x = 1, .ofs_y = 0},
    {.bitmap_index = 7119, .adv_w = 266, .box_w = 14, .box_h = 19, .ofs_x = 2, .ofs_y = 0},
    {.bitmap_index = 7252, .adv_w = 207, .box_w = 11, .box_h = 14, .ofs_x = 1, .ofs_y = 0},
    {.bitmap_index = 7329, .adv_w = 266, .box_w = 14, .box_h = 19, .ofs_x = 1, .ofs_y = 0},
    {.bitmap_index = 7462, .adv_w = 243, .box_w = 13, .box_h = 14, .ofs_x = 1, .ofs_y = 0},
    {.bitmap_index = 7553, .adv_w = 148, .box_w = 10, .box_h = 19, .ofs_x = 0, .ofs_y = 0},
    {.bitmap_index = 7648, .adv_w = 267, .box_w = 14, .box_h = 19, .ofs_x = 1, .ofs_y = -5},
    {.bitmap_index = 7781, .adv_w = 262, .box_w = 13, .box_h = 19, .ofs_x = 2, .ofs_y = 0},
    {.bitmap_index = 7905, .adv_w = 116, .box_w = 5, .box_h = 19, .ofs_x = 1, .ofs_y = 0},
    {.bitmap_index = 7953, .adv_w = 116, .box_w = 8, .box_h = 24, .ofs_x = -2, .ofs_y = -5},
    {.bitmap_index = 8049, .adv_w = 230, .box_w = 13, .box_h = 19, .ofs_x = 2, .ofs_y = 0},
    {.bitmap_index = 8173, .adv_w = 124, .box_w = 6, .box_h = 19, .ofs_x = 2, .ofs_y = 0},
    {.bitmap_index = 8230, .adv_w = 389, .box_w = 21, .box_h = 14, .ofs_x = 2, .ofs_y = 0},
    {.bitmap_index = 8377, .adv_w = 262, .box_w = 13, .box_h = 14, .ofs_x = 2, .ofs_y = 0},
    {.bitmap_index = 8468, .adv_w = 258, .box_w = 14, .box_h = 14, .ofs_x = 1, .ofs_y = 0},
    {.bitmap_index = 8566, .adv_w = 266, .box_w = 14, .box_h = 19, .ofs_x = 2, .ofs_y = -5},
    {.bitmap_index = 8699, .adv_w = 266, .box_w = 14, .box_h = 19, .ofs_x = 1, .ofs_y = -5},
    {.bitmap_index = 8832, .adv_w = 164, .box_w = 8, .box_h = 14, .ofs_x = 2, .ofs_y = 0},
    {.bitmap_index = 8888, .adv_w = 202, .box_w = 11, .box_h = 14, .ofs_x = 1, .ofs_y = 0},
    {.bitmap_index = 8965, .adv_w = 146, .box_w = 9, .box_h = 17, .ofs_x = 0, .ofs_y = 0},
    {.bitmap_index = 9042, .adv_w = 260, .box_w = 14, .box_h = 14, .ofs_x = 1, .ofs_y = 0},
    {.bitmap_index = 9140, .adv_w = 233, .box_w = 15, .box_h = 14, .ofs_x = 0, .ofs_y = 0},
    {.bitmap_index = 9245, .adv_w = 357, .box_w = 22, .box_h = 14, .ofs_x = 0, .ofs_y = 0},
    {.bitmap_index = 9399, .adv_w = 236, .box_w = 15, .box_h = 14, .ofs_x = 0, .ofs_y = 0},
    {.bitmap_index = 9504, .adv_w = 234, .box_w = 15, .box_h = 19, .ofs_x = 0, .ofs_y = -5},
    {.bitmap_index = 9647, .adv_w = 222, .box_w = 12, .box_h = 14, .ofs_x = 1, .ofs_y = 0},
    {.bitmap_index = 9731, .adv_w = 138, .box_w = 8, .box_h = 24, .ofs_x = 0, .ofs_y = -5},
    {.bitmap_index = 9827, .adv_w = 87, .box_w = 4, .box_h = 24, .ofs_x = 1, .ofs_y = -5},
    {.bitmap_index = 9875, .adv_w = 138, .box_w = 8, .box_h = 24, .ofs_x = 0, .ofs_y = -5},
    {.bitmap_index = 9971, .adv_w = 237, .box_w = 15, .box_h = 5, .ofs_x = 0, .ofs_y = 5},
    {.bitmap_index = 10009, .adv_w = 409, .box_w = 24, .box_h = 23, .ofs_x = 1, .ofs_y = -3},
    {.bitmap_index = 10285, .adv_w = 409, .box_w = 25, .box_h = 25, .ofs_x = 0, .ofs_y = -3},
    {.bitmap_index = 10598, .adv_w = 409, .box_w = 24, .box_h = 24, .ofs_x = 1, .ofs_y = -3},
    {.bitmap_index = 10886, .adv_w = 409, .box_w = 24, .box_h = 24, .ofs_x = 1, .ofs_y = -3},
    {.bitmap_index = 11174, .adv_w = 409, .box_w = 24, .box_h = 25, .ofs_x = 0, .ofs_y = -3},
    {.bitmap_index = 11474, .adv_w = 409, .box_w = 24, .box_h = 26, .ofs_x = 1, .ofs_y = -4},
    {.bitmap_index = 11786, .adv_w = 416, .box_w = 27, .box_h = 28, .ofs_x = 0, .ofs_y = -4},
    {.bitmap_index = 12164, .adv_w = 416, .box_w = 26, .box_h = 20, .ofs_x = 0, .ofs_y = 0},
    {.bitmap_index = 12424, .adv_w = 416, .box_w = 26, .box_h = 24, .ofs_x = 0, .ofs_y = -2},
    {.bitmap_index = 12736, .adv_w = 416, .box_w = 26, .box_h = 20, .ofs_x = 0, .ofs_y = 0},
    {.bitmap_index = 12996, .adv_w = 286, .box_w = 18, .box_h = 19, .ofs_x = 0, .ofs_y = 0},
    {.bitmap_index = 13167, .adv_w = 416, .box_w = 26, .box_h = 26, .ofs_x = 0, .ofs_y = -3},
    {.bitmap_index = 13505, .adv_w = 416, .box_w = 26, .box_h = 27, .ofs_x = 0, .ofs_y = -4},
    {.bitmap_index = 13856, .adv_w = 468, .box_w = 30, .box_h = 24, .ofs_x = 0, .ofs_y = -2},
    {.bitmap_index = 14216, .adv_w = 416, .box_w = 26, .box_h = 27, .ofs_x = 0, .ofs_y = -4},
    {.bitmap_index = 14567, .adv_w = 468, .box_w = 30, .box_h = 20, .ofs_x = 0, .ofs_y = 0},
    {.bitmap_index = 14867, .adv_w = 416, .box_w = 26, .box_h = 27, .ofs_x = 0, .ofs_y = -4},
    {.bitmap_index = 15218, .adv_w = 208, .box_w = 13, .box_h = 21, .ofs_x = 0, .ofs_y = -1},
    {.bitmap_index = 15355, .adv_w = 312, .box_w = 20, .box_h = 21, .ofs_x = 0, .ofs_y = -1},
    {.bitmap_index = 15565, .adv_w = 468, .box_w = 30, .box_h = 26, .ofs_x = 0, .ofs_y = -3},
    {.bitmap_index = 15955, .adv_w = 416, .box_w = 26, .box_h = 20, .ofs_x = 0, .ofs_y = 0},
    {.bitmap_index = 16215, .adv_w = 286, .box_w = 18, .box_h = 27, .ofs_x = 0, .ofs_y = -4},
    {.bitmap_index = 16458, .adv_w = 364, .box_w = 17, .box_h = 25, .ofs_x = 3, .ofs_y = -3},
    {.bitmap_index = 16671, .adv_w = 364, .box_w = 23, .box_h = 28, .ofs_x = 0, .ofs_y = -4},
    {.bitmap_index = 16993, .adv_w = 364, .box_w = 23, .box_h = 24, .ofs_x = 0, .ofs_y = -2},
    {.bitmap_index = 17269, .adv_w = 364, .box_w = 23, .box_h = 24, .ofs_x = 0, .ofs_y = -2},
    {.bitmap_index = 17545, .adv_w = 364, .box_w = 17, .box_h = 25, .ofs_x = 3, .ofs_y = -3},
    {.bitmap_index = 17758, .adv_w = 364, .box_w = 25, .box_h = 24, .ofs_x = -1, .ofs_y = -2},
    {.bitmap_index = 18058, .adv_w = 260, .box_w = 14, .box_h = 23, .ofs_x = 1, .ofs_y = -2},
    {.bitmap_index = 18219, .adv_w = 260, .box_w = 14, .box_h = 23, .ofs_x = 1, .ofs_y = -2},
    {.bitmap_index = 18380, .adv_w = 364, .box_w = 23, .box_h = 24, .ofs_x = 0, .ofs_y = -2},
    {.bitmap_index = 18656, .adv_w = 364, .box_w = 23, .box_h = 6, .ofs_x = 0, .ofs_y = 7},
    {.bitmap_index = 18725, .adv_w = 468, .box_w = 30, .box_h = 20, .ofs_x = 0, .ofs_y = 0},
    {.bitmap_index = 19025, .adv_w = 520, .box_w = 33, .box_h = 27, .ofs_x = 0, .ofs_y = -4},
    {.bitmap_index = 19471, .adv_w = 468, .box_w = 31, .box_h = 27, .ofs_x = -1, .ofs_y = -4},
    {.bitmap_index = 19890, .adv_w = 416, .box_w = 26, .box_h = 24, .ofs_x = 0, .ofs_y = -2},
    {.bitmap_index = 20202, .adv_w = 364, .box_w = 23, .box_h = 14, .ofs_x = 0, .ofs_y = 3},
    {.bitmap_index = 20363, .adv_w = 364, .box_w = 23, .box_h = 14, .ofs_x = 0, .ofs_y = 3},
    {.bitmap_index = 20524, .adv_w = 520, .box_w = 33, .box_h = 21, .ofs_x = 0, .ofs_y = -1},
    {.bitmap_index = 20871, .adv_w = 416, .box_w = 26, .box_h = 20, .ofs_x = 0, .ofs_y = 0},
    {.bitmap_index = 21131, .adv_w = 416, .box_w = 26, .box_h = 27, .ofs_x = 0, .ofs_y = -4},
    {.bitmap_index = 21482, .adv_w = 416, .box_w = 27, .box_h = 27, .ofs_x = -1, .ofs_y = -4},
    {.bitmap_index = 21847, .adv_w = 364, .box_w = 24, .box_h = 24, .ofs_x = 0, .ofs_y = -2},
    {.bitmap_index = 22135, .adv_w = 364, .box_w = 23, .box_h = 27, .ofs_x = 0, .ofs_y = -4},
    {.bitmap_index = 22446, .adv_w = 364, .box_w = 23, .box_h = 24, .ofs_x = 0, .ofs_y = -2},
    {.bitmap_index = 22722, .adv_w = 364, .box_w = 23, .box_h = 21, .ofs_x = 0, .ofs_y = -1},
    {.bitmap_index = 22964, .adv_w = 416, .box_w = 26, .box_h = 20, .ofs_x = 0, .ofs_y = 0},
    {.bitmap_index = 23224, .adv_w = 260, .box_w = 18, .box_h = 27, .ofs_x = -1, .ofs_y = -4},
    {.bitmap_index = 23467, .adv_w = 364, .box_w = 23, .box_h = 27, .ofs_x = 0, .ofs_y = -4},
    {.bitmap_index = 23778, .adv_w = 364, .box_w = 23, .box_h = 27, .ofs_x = 0, .ofs_y = -4},
    {.bitmap_index = 24089, .adv_w = 468, .box_w = 30, .box_h = 20, .ofs_x = 0, .ofs_y = 0},
    {.bitmap_index = 24389, .adv_w = 416, .box_w = 28, .box_h = 28, .ofs_x = -1, .ofs_y = -4},
    {.bitmap_index = 24781, .adv_w = 312, .box_w = 20, .box_h = 27, .ofs_x = 0, .ofs_y = -4},
    {.bitmap_index = 25051, .adv_w = 520, .box_w = 33, .box_h = 24, .ofs_x = 0, .ofs_y = -2},
    {.bitmap_index = 25447, .adv_w = 520, .box_w = 33, .box_h = 17, .ofs_x = 0, .ofs_y = 1},
    {.bitmap_index = 25728, .adv_w = 520, .box_w = 33, .box_h = 17, .ofs_x = 0, .ofs_y = 1},
    {.bitmap_index = 26009, .adv_w = 520, .box_w = 33, .box_h = 17, .ofs_x = 0, .ofs_y = 1},
    {.bitmap_index = 26290, .adv_w = 520, .box_w = 33, .box_h = 17, .ofs_x = 0, .ofs_y = 1},
    {.bitmap_index = 26571, .adv_w = 520, .box_w = 33, .box_h = 17, .ofs_x = 0, .ofs_y = 1},
    {.bitmap_index = 26852, .adv_w = 520, .box_w = 33, .box_h = 21, .ofs_x = 0, .ofs_y = -1},
    {.bitmap_index = 27199, .adv_w = 364, .box_w = 21, .box_h = 27, .ofs_x = 1, .ofs_y = -4},
    {.bitmap_index = 27483, .adv_w = 364, .box_w = 23, .box_h = 27, .ofs_x = 0, .ofs_y = -4},
    {.bitmap_index = 27794, .adv_w = 416, .box_w = 27, .box_h = 27, .ofs_x = -1, .ofs_y = -4},
    {.bitmap_index = 28159, .adv_w = 520, .box_w = 33, .box_h = 20, .ofs_x = 0, .ofs_y = 0},
    {.bitmap_index = 28489, .adv_w = 312, .box_w = 20, .box_h = 27, .ofs_x = 0, .ofs_y = -4},
    {.bitmap_index = 28759, .adv_w = 418, .box_w = 27, .box_h = 18, .ofs_x = 0, .ofs_y = 1}
};

/*---------------------
 *  CHARACTER MAPPING
 *--------------------*/

static const uint16_t unicode_list_1[] = {
    0x0, 0xa6d, 0x1bb2, 0x1f61, 0x256c, 0x3092, 0x9e75, 0x9e7c,
    0x9e7f, 0x9e80, 0x9e81, 0x9e85, 0x9e87, 0x9e89, 0x9e8d, 0x9e90,
    0x9e95, 0x9e9a, 0x9e9b, 0x9e9c, 0x9eb2, 0x9eb7, 0x9ebc, 0x9ebf,
    0x9ec0, 0x9ec1, 0x9ec5, 0x9ec6, 0x9ec7, 0x9ec8, 0x9edb, 0x9edc,
    0x9ee2, 0x9ee4, 0x9ee5, 0x9ee8, 0x9eeb, 0x9eec, 0x9eed, 0x9eef,
    0x9f07, 0x9f09, 0x9f38, 0x9f39, 0x9f3b, 0x9f3d, 0x9f54, 0x9f5b,
    0x9f5e, 0x9f67, 0x9f90, 0x9f98, 0x9fcf, 0xa05f, 0xa0b4, 0xa0b5,
    0xa0b6, 0xa0b7, 0xa0b8, 0xa0fb, 0xa107, 0xa161, 0xa178, 0xa3ce,
    0xa636, 0xa716
};

/*Collect the unicode lists and glyph_id offsets*/
static const lv_font_fmt_txt_cmap_t cmaps[] =
{
    {
        .range_start = 32, .range_length = 95, .glyph_id_start = 1,
        .unicode_list = NULL, .glyph_id_ofs_list = NULL, .list_length = 0, .type = LV_FONT_FMT_TXT_CMAP_FORMAT0_TINY
    },
    {
        .range_start = 20876, .range_length = 42775, .glyph_id_start = 96,
        .unicode_list = unicode_list_1, .glyph_id_ofs_list = NULL, .list_length = 66, .type = LV_FONT_FMT_TXT_CMAP_SPARSE_TINY
    }
};

/*-----------------
 *    KERNING
 *----------------*/


/*Pair left and right glyphs for kerning*/
static const uint8_t kern_pair_glyph_ids[] =
{
    3, 3,
    3, 8,
    3, 13,
    3, 15,
    8, 3,
    8, 8,
    8, 13,
    8, 15,
    9, 75,
    13, 3,
    13, 8,
    13, 18,
    13, 24,
    13, 26,
    15, 3,
    15, 8,
    15, 18,
    15, 24,
    15, 26,
    16, 16,
    18, 13,
    18, 15,
    18, 27,
    18, 28,
    24, 13,
    24, 15,
    24, 27,
    24, 28,
    27, 18,
    27, 24,
    28, 18,
    28, 24,
    34, 3,
    34, 8,
    34, 36,
    34, 40,
    34, 48,
    34, 50,
    34, 53,
    34, 54,
    34, 55,
    34, 56,
    34, 58,
    34, 71,
    34, 77,
    34, 85,
    34, 87,
    34, 90,
    35, 36,
    35, 40,
    35, 48,
    35, 50,
    35, 53,
    35, 55,
    35, 57,
    35, 58,
    37, 13,
    37, 15,
    37, 34,
    37, 53,
    37, 55,
    37, 56,
    37, 57,
    37, 58,
    37, 59,
    37, 66,
    38, 75,
    39, 13,
    39, 15,
    39, 34,
    39, 66,
    39, 73,
    39, 76,
    40, 55,
    40, 58,
    43, 43,
    44, 34,
    44, 36,
    44, 40,
    44, 48,
    44, 50,
    44, 53,
    44, 54,
    44, 55,
    44, 56,
    44, 58,
    44, 68,
    44, 69,
    44, 70,
    44, 72,
    44, 77,
    44, 80,
    44, 82,
    44, 84,
    44, 85,
    44, 86,
    44, 87,
    44, 88,
    44, 90,
    45, 3,
    45, 8,
    45, 34,
    45, 36,
    45, 40,
    45, 48,
    45, 50,
    45, 53,
    45, 54,
    45, 55,
    45, 56,
    45, 58,
    45, 87,
    45, 88,
    45, 90,
    48, 13,
    48, 15,
    48, 34,
    48, 53,
    48, 55,
    48, 56,
    48, 57,
    48, 58,
    48, 59,
    48, 66,
    49, 13,
    49, 15,
    49, 34,
    49, 53,
    49, 55,
    49, 56,
    49, 57,
    49, 58,
    49, 59,
    49, 66,
    50, 13,
    50, 15,
    50, 34,
    50, 43,
    50, 53,
    50, 55,
    50, 56,
    50, 57,
    50, 58,
    50, 59,
    50, 66,
    51, 36,
    51, 40,
    51, 48,
    51, 50,
    51, 53,
    51, 54,
    51, 55,
    51, 56,
    51, 57,
    51, 58,
    51, 68,
    51, 69,
    51, 70,
    51, 72,
    51, 80,
    51, 82,
    51, 85,
    51, 86,
    51, 87,
    51, 89,
    51, 90,
    52, 13,
    52, 15,
    52, 52,
    52, 53,
    52, 55,
    52, 56,
    52, 58,
    52, 85,
    52, 87,
    52, 88,
    52, 89,
    52, 90,
    53, 3,
    53, 8,
    53, 13,
    53, 15,
    53, 34,
    53, 36,
    53, 40,
    53, 48,
    53, 50,
    53, 52,
    53, 66,
    53, 68,
    53, 69,
    53, 70,
    53, 72,
    53, 74,
    53, 75,
    53, 78,
    53, 79,
    53, 80,
    53, 81,
    53, 82,
    53, 83,
    53, 84,
    53, 85,
    53, 86,
    53, 87,
    53, 88,
    53, 89,
    53, 90,
    53, 91,
    54, 34,
    54, 57,
    54, 89,
    55, 13,
    55, 15,
    55, 27,
    55, 28,
    55, 34,
    55, 36,
    55, 40,
    55, 48,
    55, 50,
    55, 52,
    55, 66,
    55, 68,
    55, 69,
    55, 70,
    55, 72,
    55, 73,
    55, 76,
    55, 80,
    55, 82,
    55, 84,
    55, 87,
    55, 90,
    56, 13,
    56, 15,
    56, 27,
    56, 28,
    56, 34,
    56, 36,
    56, 40,
    56, 48,
    56, 50,
    56, 66,
    56, 68,
    56, 69,
    56, 70,
    56, 72,
    56, 80,
    56, 82,
    56, 84,
    57, 34,
    57, 36,
    57, 40,
    57, 48,
    57, 50,
    57, 53,
    57, 54,
    57, 55,
    57, 56,
    57, 58,
    57, 68,
    57, 69,
    57, 70,
    57, 72,
    57, 77,
    57, 80,
    57, 82,
    57, 84,
    57, 85,
    57, 86,
    57, 87,
    57, 88,
    57, 90,
    58, 3,
    58, 8,
    58, 13,
    58, 15,
    58, 27,
    58, 28,
    58, 34,
    58, 36,
    58, 40,
    58, 48,
    58, 50,
    58, 52,
    58, 66,
    58, 68,
    58, 69,
    58, 70,
    58, 71,
    58, 72,
    58, 73,
    58, 74,
    58, 76,
    58, 78,
    58, 79,
    58, 80,
    58, 81,
    58, 82,
    58, 83,
    58, 84,
    58, 85,
    58, 86,
    58, 87,
    58, 89,
    58, 90,
    58, 91,
    59, 36,
    59, 40,
    59, 48,
    59, 50,
    60, 75,
    66, 53,
    66, 55,
    66, 58,
    66, 87,
    66, 88,
    66, 90,
    67, 13,
    67, 15,
    67, 53,
    67, 55,
    67, 56,
    67, 57,
    67, 58,
    67, 87,
    67, 89,
    67, 90,
    70, 13,
    70, 15,
    70, 53,
    70, 58,
    70, 75,
    71, 3,
    71, 8,
    71, 10,
    71, 11,
    71, 13,
    71, 15,
    71, 32,
    71, 53,
    71, 55,
    71, 56,
    71, 57,
    71, 58,
    71, 62,
    71, 66,
    71, 68,
    71, 69,
    71, 70,
    71, 71,
    71, 72,
    71, 73,
    71, 74,
    71, 75,
    71, 76,
    71, 77,
    71, 80,
    71, 82,
    71, 84,
    71, 85,
    71, 87,
    71, 90,
    71, 94,
    73, 53,
    73, 58,
    73, 87,
    73, 88,
    73, 90,
    74, 3,
    74, 8,
    74, 10,
    74, 32,
    74, 53,
    74, 62,
    74, 94,
    75, 53,
    76, 53,
    76, 54,
    76, 56,
    76, 66,
    76, 68,
    76, 69,
    76, 70,
    76, 72,
    76, 77,
    76, 80,
    76, 82,
    76, 86,
    77, 71,
    77, 85,
    77, 87,
    77, 88,
    77, 90,
    78, 53,
    78, 58,
    78, 87,
    78, 88,
    78, 90,
    79, 53,
    79, 58,
    79, 87,
    79, 88,
    79, 90,
    80, 13,
    80, 15,
    80, 53,
    80, 55,
    80, 56,
    80, 57,
    80, 58,
    80, 87,
    80, 89,
    80, 90,
    81, 13,
    81, 15,
    81, 53,
    81, 55,
    81, 56,
    81, 57,
    81, 58,
    81, 87,
    81, 89,
    81, 90,
    82, 53,
    82, 58,
    82, 75,
    83, 3,
    83, 8,
    83, 13,
    83, 15,
    83, 66,
    83, 68,
    83, 69,
    83, 70,
    83, 71,
    83, 80,
    83, 82,
    83, 85,
    83, 87,
    83, 90,
    84, 53,
    84, 55,
    84, 56,
    84, 57,
    84, 58,
    84, 87,
    84, 89,
    84, 90,
    85, 71,
    85, 85,
    86, 53,
    86, 58,
    87, 13,
    87, 15,
    87, 53,
    87, 57,
    87, 66,
    87, 68,
    87, 69,
    87, 70,
    87, 80,
    87, 82,
    88, 13,
    88, 15,
    88, 53,
    88, 57,
    88, 66,
    89, 53,
    89, 54,
    89, 56,
    89, 66,
    89, 68,
    89, 69,
    89, 70,
    89, 72,
    89, 77,
    89, 80,
    89, 82,
    89, 86,
    90, 13,
    90, 15,
    90, 53,
    90, 57,
    90, 66,
    90, 68,
    90, 69,
    90, 70,
    90, 80,
    90, 82,
    91, 53,
    92, 73,
    92, 75,
    92, 76
};

/* Kerning between the respective left and right glyphs
 * 4.4 format which needs to scaled with `kern_scale`*/
static const int8_t kern_pair_values[] =
{
    -5, -12, -72, -72, -5, -12, -72, -72,
    25, -67, -67, -58, -23, -13, -67, -67,
    -58, -23, -13, -50, -35, -35, -38, -38,
    -67, -67, -35, -35, -30, -22, -30, -22,
    -42, -42, -7, -7, -7, -7, -33, -2,
    -30, -12, -37, -8, -4, -8, -8, -8,
    -2, -2, -2, -2, -15, -8, -8, -12,
    -22, -22, -8, -15, -12, -5, -10, -17,
    -8, -10, 5, -60, -60, -17, -22, 3,
    3, -7, -13, 8, -5, -10, -10, -10,
    -10, -5, -13, -10, -10, -17, -13, -13,
    -13, -13, -13, -13, -13, -5, -6, -15,
    -25, -17, -25, -38, -38, 8, -18, -18,
    -18, -18, -27, -5, -30, -13, -42, -20,
    -12, -20, -22, -22, -8, -15, -12, -5,
    -10, -17, -8, -10, -77, -77, -25, -7,
    -2, -2, -21, -8, -13, -25, -22, -22,
    -8, 8, -15, -12, -5, -10, -17, -8,
    -10, -5, -5, -5, -5, -17, -4, -11,
    -6, -8, -20, -8, -8, -8, -8, -8,
    -8, -8, -2, -4, 8, -4, -8, -8,
    -3, -7, -12, -6, -12, -3, -8, -4,
    -3, -8, 10, 10, -61, -61, -33, -8,
    -8, -8, -8, -3, -33, -22, -22, -22,
    -22, -8, -5, -22, -22, -22, -15, -22,
    -22, -25, 8, -27, -10, -5, -10, -10,
    -22, -2, -5, -3, -58, -58, -20, -20,
    -31, -12, -12, -12, -12, -6, -23, -12,
    -12, -12, -12, 5, 5, -12, -12, -12,
    -5, -5, -30, -30, -10, -10, -16, -5,
    -5, -5, -5, -17, -8, -8, -8, -8,
    -8, -8, -8, -5, -10, -10, -10, -10,
    -5, -13, -10, -10, -17, -13, -13, -13,
    -13, -13, -13, -13, -5, -6, -15, -25,
    -17, -25, 7, 7, -65, -65, -25, -25,
    -37, -17, -17, -17, -17, -3, -45, -25,
    -25, -25, -7, -25, 3, -5, 3, -20,
    -20, -25, -17, -25, -20, -28, -3, -17,
    -17, -20, -17, -20, -8, -8, -8, -8,
    33, -25, -12, -32, -6, -6, -6, -17,
    -17, -22, -15, -8, -13, -25, -4, -8,
    -4, -8, -8, -18, -17, 8, 13, 13,
    7, 28, -7, -7, 17, 17, 12, 12,
    12, 7, 15, -9, -5, -5, -5, 5,
    -10, -3, -5, -5, -3, -5, -5, -5,
    -5, 5, 2, 2, 13, -15, -10, -6,
    -2, -6, 10, 10, 10, 13, -8, 23,
    18, -8, -10, -3, -8, -8, -8, -8,
    -8, -7, -8, -8, -8, -6, -8, -2,
    -5, -2, -5, -15, -10, -6, -2, -6,
    -15, -10, -6, -2, -6, -17, -17, -22,
    -15, -8, -13, -25, -4, -8, -4, -17,
    -17, -22, -15, -8, -13, -25, -4, -8,
    -4, -5, -5, 8, 10, 10, -39, -39,
    -18, -5, -5, -5, 3, -5, -5, 8,
    2, 2, -22, -12, -8, -5, -25, -5,
    -4, -5, 3, 2, -17, -5, -36, -36,
    -10, -10, -15, -4, -4, -4, -4, -4,
    -22, -22, -5, -10, -14, -10, -3, -8,
    -8, -8, -8, -8, -7, -8, -8, -8,
    -6, -36, -36, -10, -10, -15, -4, -4,
    -4, -4, -4, -22, 10, 30, 10
};

/*Collect the kern pair's data in one place*/
static const lv_font_fmt_txt_kern_pair_t kern_pairs =
{
    .glyph_ids = kern_pair_glyph_ids,
    .values = kern_pair_values,
    .pair_cnt = 495,
    .glyph_ids_size = 0
};

/*--------------------
 *  ALL CUSTOM DATA
 *--------------------*/

#if LVGL_VERSION_MAJOR == 8
/*Store all the custom data of the font*/
static  lv_font_fmt_txt_glyph_cache_t cache;
#endif

#if LVGL_VERSION_MAJOR >= 8
static const lv_font_fmt_txt_dsc_t font_dsc = {
#else
static lv_font_fmt_txt_dsc_t font_dsc = {
#endif
    .glyph_bitmap = glyph_bitmap,
    .glyph_dsc = glyph_dsc,
    .cmaps = cmaps,
    .kern_dsc = &kern_pairs,
    .kern_scale = 16,
    .cmap_num = 2,
    .bpp = 4,
    .kern_classes = 0,
    .bitmap_format = 0,
#if LVGL_VERSION_MAJOR == 8
    .cache = &cache
#endif
};



/*-----------------
 *  PUBLIC FONT
 *----------------*/

/*Initialize a public general font descriptor*/
#if LVGL_VERSION_MAJOR >= 8
const lv_font_t lv_font_Alibaba_PuHuiTi_2_0_75_SemiBold_75_SemiBold_26 = {
#else
lv_font_t lv_font_Alibaba_PuHuiTi_2_0_75_SemiBold_75_SemiBold_26 = {
#endif
    .get_glyph_dsc = lv_font_get_glyph_dsc_fmt_txt,    /*Function pointer to get glyph's data*/
    .get_glyph_bitmap = lv_font_get_bitmap_fmt_txt,    /*Function pointer to get glyph's bitmap*/
    .line_height = 29,          /*The maximum line height required by the font*/
    .base_line = 5,             /*Baseline measured from the bottom of the line*/
#if !(LVGL_VERSION_MAJOR == 6 && LVGL_VERSION_MINOR == 0)
    .subpx = LV_FONT_SUBPX_NONE,
#endif
#if LV_VERSION_CHECK(7, 4, 0) || LVGL_VERSION_MAJOR >= 8
    .underline_position = -2,
    .underline_thickness = 1,
#endif
    .dsc = &font_dsc,          /*The custom font data. Will be accessed by `get_glyph_bitmap/dsc` */
#if LV_VERSION_CHECK(8, 2, 0) || LVGL_VERSION_MAJOR >= 9
    .fallback = NULL,
#endif
    .user_data = NULL,
};



#endif /*#if LV_FONT_ALIBABA_PUHUITI_2_0_75_SEMIBOLD_75_SEMIBOLD_26*/

