/*******************************************************************************
 * Size: 17 px
 * Bpp: 4
 * Opts: --font D:\test\ktv_demo\assets\fonts\Alibaba_PuHuiTi_2_0_65_Medium_65_Medium\Alibaba_PuHuiTi_2_0_65_Medium_65_Medium.ttf -r 0x20-0x7F --symbols  0123456789IPVa一下伴余停剩台唱已暂点调重音首 --size 17 -o \\192.168.30.245\weichao.lian\klok\projects\multimedia\ktv_example\ap\ui\beken_generated\fonts\lv_font_Alibaba_PuHuiTi_2_0_65_Medium_65_Medium_17.c --format lvgl --bpp 4 --no-compress --lv-include lvgl.h --font C:\Users\weichao.lian\Downloads\lvgl_ui_designer_2.0.2\resources\assets\fonts\FontAwesome5.woff -r 61441, 61448, 61451, 61452, 61453, 61457, 61459, 61461, 61465, 61468,                                61473, 61478, 61479, 61480, 61502, 61507, 61512, 61515, 61516, 61517,                                61521, 61522, 61523, 61524, 61543, 61544, 61550, 61552, 61553, 61556,                                61559, 61560, 61561, 61563, 61587, 61589, 61636, 61637, 61639, 61641,                                61664, 61671, 61674, 61683, 61724, 61732, 61787, 61931, 62016, 62017,                                62018, 62019, 62020, 62087, 62099, 62189, 62212, 62810, 63426, 63650
 ******************************************************************************/

#ifdef LV_LVGL_H_INCLUDE_SIMPLE
#include "lvgl.h"
#else
#include "lvgl.h"
#endif

#ifndef LV_FONT_ALIBABA_PUHUITI_2_0_65_MEDIUM_65_MEDIUM_17
#define LV_FONT_ALIBABA_PUHUITI_2_0_65_MEDIUM_65_MEDIUM_17 1
#endif

#if LV_FONT_ALIBABA_PUHUITI_2_0_65_MEDIUM_65_MEDIUM_17

/*-----------------
 *    BITMAPS
 *----------------*/

/*Store the image of the glyphs*/
static LV_ATTRIBUTE_LARGE_CONST const uint8_t glyph_bitmap[] = {
    /* U+0020 " " */

    /* U+0021 "!" */
    0xe, 0xf1, 0xe, 0xf0, 0xd, 0xf0, 0xd, 0xf0,
    0xc, 0xf0, 0xb, 0xe0, 0xb, 0xd0, 0x8, 0xa0,
    0x3, 0x30, 0x1f, 0xf3, 0xe, 0xf2,

    /* U+0022 "\"" */
    0xdf, 0x1f, 0xcc, 0xe0, 0xfb, 0xad, 0xe, 0xa9,
    0xc0, 0xd8, 0x69, 0x9, 0x60,

    /* U+0023 "#" */
    0x0, 0xd, 0xc0, 0x9, 0xf0, 0x0, 0x1f, 0x80,
    0xe, 0xb0, 0xbf, 0xff, 0xff, 0xff, 0xfe, 0x45,
    0xbf, 0x65, 0x9f, 0x85, 0x0, 0xbe, 0x0, 0x7f,
    0x20, 0x0, 0xdc, 0x0, 0xaf, 0x0, 0x1, 0xfa,
    0x11, 0xcd, 0x11, 0xbf, 0xff, 0xff, 0xff, 0xfe,
    0x39, 0xf6, 0x46, 0xf9, 0x43, 0x9, 0xf0, 0x6,
    0xf3, 0x0, 0xd, 0xc0, 0x9, 0xf0, 0x0,

    /* U+0024 "$" */
    0x0, 0xc, 0x60, 0x0, 0x0, 0xc, 0x60, 0x0,
    0x9, 0xef, 0xfe, 0xc0, 0x8f, 0x9d, 0xa8, 0xa0,
    0xcd, 0xc, 0x60, 0x0, 0xce, 0xc, 0x60, 0x0,
    0x7f, 0xde, 0x80, 0x0, 0x5, 0xbf, 0xff, 0x80,
    0x0, 0xc, 0x9b, 0xf6, 0x0, 0xc, 0x60, 0xfa,
    0x0, 0xc, 0x61, 0xf9, 0xda, 0x9e, 0xcd, 0xf5,
    0xbe, 0xff, 0xfd, 0x70, 0x0, 0xc, 0x60, 0x0,
    0x0, 0xc, 0x60, 0x0, 0x0, 0x6, 0x30, 0x0,

    /* U+0025 "%" */
    0x2c, 0xfd, 0x30, 0x0, 0xaa, 0x0, 0xab, 0x19,
    0xc0, 0x4, 0xf1, 0x0, 0xd6, 0x4, 0xf0, 0xd,
    0x70, 0x0, 0xd6, 0x4, 0xf0, 0x7d, 0x0, 0x0,
    0xab, 0x9, 0xc1, 0xf4, 0x0, 0x0, 0x2c, 0xfc,
    0x3a, 0xa3, 0xcf, 0xc2, 0x0, 0x0, 0x4f, 0x1c,
    0x90, 0xab, 0x0, 0x0, 0xd7, 0xf, 0x50, 0x6e,
    0x0, 0x7, 0xd0, 0xf, 0x50, 0x6e, 0x0, 0x1f,
    0x40, 0xc, 0x80, 0x9b, 0x0, 0xaa, 0x0, 0x3,
    0xcd, 0xc2,

    /* U+0026 "&" */
    0x0, 0x8, 0xef, 0xc2, 0x0, 0x0, 0x7, 0xfb,
    0x7f, 0xd0, 0x0, 0x0, 0xbf, 0x10, 0xbf, 0x0,
    0x0, 0x9, 0xf4, 0x4f, 0xc0, 0x0, 0x0, 0x2f,
    0xff, 0xb1, 0x0, 0x0, 0x1b, 0xff, 0xd0, 0x5,
    0xc3, 0xd, 0xf4, 0x7f, 0xa0, 0xaf, 0x15, 0xf8,
    0x0, 0x9f, 0xaf, 0xb0, 0x6f, 0x90, 0x0, 0xbf,
    0xf2, 0x1, 0xef, 0xa8, 0xaf, 0xff, 0xb6, 0x2,
    0xbe, 0xfd, 0x82, 0x9e, 0xc0,

    /* U+0027 "'" */
    0xdf, 0xc, 0xe0, 0xad, 0x9, 0xc0, 0x69, 0x0,

    /* U+0028 "(" */
    0x0, 0x8f, 0x40, 0x3f, 0xa0, 0xb, 0xf2, 0x2,
    0xfb, 0x0, 0x7f, 0x60, 0xb, 0xf2, 0x0, 0xdf,
    0x0, 0xe, 0xf0, 0x0, 0xef, 0x0, 0xc, 0xf2,
    0x0, 0x8f, 0x50, 0x3, 0xfa, 0x0, 0xc, 0xf2,
    0x0, 0x3f, 0xa0, 0x0, 0x9f, 0x30,

    /* U+0029 ")" */
    0xd, 0xd0, 0x0, 0x4, 0xf8, 0x0, 0x0, 0xcf,
    0x10, 0x0, 0x5f, 0x80, 0x0, 0x1f, 0xd0, 0x0,
    0xd, 0xf1, 0x0, 0xb, 0xf2, 0x0, 0xa, 0xf3,
    0x0, 0xb, 0xf2, 0x0, 0xd, 0xf0, 0x0, 0x1f,
    0xc0, 0x0, 0x6f, 0x70, 0x0, 0xdf, 0x10, 0x5,
    0xf7, 0x0, 0x1e, 0xd0, 0x0,

    /* U+002A "*" */
    0x0, 0xf, 0x80, 0x0, 0x71, 0xe7, 0x45, 0x5f,
    0xff, 0xff, 0xd0, 0x1a, 0xff, 0x30, 0x5, 0xf7,
    0xec, 0x0, 0x3a, 0x5, 0x80,

    /* U+002B "+" */
    0x0, 0x1, 0xf9, 0x0, 0x0, 0x0, 0x1f, 0x90,
    0x0, 0x0, 0x1, 0xf9, 0x0, 0x4, 0x99, 0x9f,
    0xd9, 0x99, 0x7f, 0xff, 0xff, 0xff, 0xf0, 0x0,
    0x1f, 0x90, 0x0, 0x0, 0x1, 0xf9, 0x0, 0x0,
    0x0, 0x1f, 0x90, 0x0, 0x0, 0x0, 0x21, 0x0,
    0x0,

    /* U+002C "," */
    0x0, 0x66, 0x0, 0xfb, 0x4, 0xf6, 0xb, 0xe0,
    0x2f, 0x60,

    /* U+002D "-" */
    0x12, 0x22, 0x20, 0xdf, 0xff, 0xf4, 0x45, 0x55,
    0x51,

    /* U+002E "." */
    0x15, 0x29, 0xfd, 0x6f, 0xb0,

    /* U+002F "/" */
    0x0, 0x0, 0x28, 0x10, 0x0, 0x9, 0xe0, 0x0,
    0x0, 0xe8, 0x0, 0x0, 0x4f, 0x30, 0x0, 0xa,
    0xd0, 0x0, 0x1, 0xf7, 0x0, 0x0, 0x6f, 0x10,
    0x0, 0xc, 0xb0, 0x0, 0x2, 0xf5, 0x0, 0x0,
    0x8f, 0x0, 0x0, 0xd, 0x90, 0x0, 0x3, 0xf4,
    0x0, 0x0, 0x9e, 0x0, 0x0, 0x0,

    /* U+0030 "0" */
    0x0, 0x4c, 0xff, 0xb3, 0x0, 0x4, 0xfe, 0x9a,
    0xff, 0x20, 0xb, 0xf3, 0x0, 0x5f, 0x90, 0xf,
    0xd0, 0x0, 0xf, 0xd0, 0x1f, 0xc0, 0x0, 0xe,
    0xf0, 0x2f, 0xb0, 0x0, 0xd, 0xf0, 0x1f, 0xc0,
    0x0, 0xe, 0xf0, 0xf, 0xd0, 0x0, 0xf, 0xd0,
    0xc, 0xf3, 0x0, 0x5f, 0x90, 0x4, 0xfe, 0x99,
    0xff, 0x20, 0x0, 0x5c, 0xff, 0xc3, 0x0,

    /* U+0031 "1" */
    0x17, 0xad, 0xf7, 0x5f, 0xcc, 0xf7, 0x0, 0x6,
    0xf7, 0x0, 0x6, 0xf7, 0x0, 0x6, 0xf7, 0x0,
    0x6, 0xf7, 0x0, 0x6, 0xf7, 0x0, 0x6, 0xf7,
    0x0, 0x6, 0xf7, 0x0, 0x6, 0xf7, 0x0, 0x6,
    0xf7,

    /* U+0032 "2" */
    0x3, 0xdf, 0xfe, 0xa2, 0x0, 0x3a, 0x88, 0xbf,
    0xf1, 0x0, 0x0, 0x0, 0x9f, 0x60, 0x0, 0x0,
    0x7, 0xf6, 0x0, 0x0, 0x0, 0xcf, 0x30, 0x0,
    0x0, 0x7f, 0xa0, 0x0, 0x0, 0x8f, 0xb0, 0x0,
    0x0, 0xaf, 0xa0, 0x0, 0x3, 0xdf, 0x60, 0x0,
    0x0, 0xff, 0xc9, 0x99, 0x98, 0x1f, 0xff, 0xff,
    0xff, 0xe0,

    /* U+0033 "3" */
    0x3d, 0xff, 0xea, 0x30, 0x39, 0x88, 0xaf, 0xf1,
    0x0, 0x0, 0xa, 0xf3, 0x0, 0x12, 0x6e, 0xd0,
    0x7, 0xff, 0xfb, 0x10, 0x2, 0x45, 0xaf, 0xc0,
    0x0, 0x0, 0x8, 0xf5, 0x0, 0x0, 0x5, 0xf8,
    0x0, 0x0, 0xa, 0xf6, 0x99, 0x89, 0xcf, 0xd0,
    0xbf, 0xff, 0xd8, 0x10,

    /* U+0034 "4" */
    0x0, 0x0, 0xc, 0xfc, 0x0, 0x0, 0x0, 0x9f,
    0xfc, 0x0, 0x0, 0x5, 0xf6, 0xfc, 0x0, 0x0,
    0x2e, 0xa0, 0xfc, 0x0, 0x0, 0xce, 0x10, 0xfc,
    0x0, 0x9, 0xf3, 0x0, 0xfc, 0x0, 0x4f, 0x70,
    0x0, 0xfc, 0x0, 0x7f, 0xff, 0xff, 0xff, 0xf2,
    0x38, 0x88, 0x88, 0xfe, 0x81, 0x0, 0x0, 0x0,
    0xfc, 0x0, 0x0, 0x0, 0x0, 0xfc, 0x0,

    /* U+0035 "5" */
    0xd, 0xff, 0xff, 0xf0, 0xf, 0xd8, 0x88, 0x80,
    0x1f, 0x80, 0x0, 0x0, 0x4f, 0x50, 0x0, 0x0,
    0x6f, 0xff, 0xfc, 0x50, 0x35, 0x45, 0x8e, 0xf4,
    0x0, 0x0, 0x5, 0xfa, 0x0, 0x0, 0x2, 0xfb,
    0x0, 0x0, 0x7, 0xf9, 0x69, 0x89, 0xcf, 0xe2,
    0x7e, 0xff, 0xd9, 0x20,

    /* U+0036 "6" */
    0x0, 0x1, 0x8c, 0xe6, 0x0, 0x3, 0xef, 0xda,
    0x30, 0x1, 0xee, 0x40, 0x0, 0x0, 0x8f, 0x30,
    0x0, 0x0, 0xd, 0xfa, 0xff, 0xe7, 0x0, 0xff,
    0xa5, 0x5c, 0xf6, 0x1f, 0xd0, 0x0, 0xf, 0xc0,
    0xfb, 0x0, 0x0, 0xdd, 0xd, 0xe1, 0x0, 0x2f,
    0xb0, 0x6f, 0xd8, 0x8e, 0xf3, 0x0, 0x5c, 0xfe,
    0xc4, 0x0,

    /* U+0037 "7" */
    0x1f, 0xff, 0xff, 0xff, 0xc0, 0x88, 0x88, 0x88,
    0xfb, 0x0, 0x0, 0x0, 0x6f, 0x50, 0x0, 0x0,
    0xe, 0xd0, 0x0, 0x0, 0x7, 0xf5, 0x0, 0x0,
    0x0, 0xed, 0x0, 0x0, 0x0, 0x7f, 0x60, 0x0,
    0x0, 0xe, 0xd0, 0x0, 0x0, 0x8, 0xf6, 0x0,
    0x0, 0x1, 0xfd, 0x0, 0x0, 0x0, 0x8f, 0x60,
    0x0, 0x0,

    /* U+0038 "8" */
    0x0, 0x8d, 0xff, 0xc6, 0x0, 0x8, 0xfb, 0x77,
    0xcf, 0x60, 0xc, 0xe0, 0x0, 0x1f, 0xa0, 0x8,
    0xf6, 0x12, 0x8f, 0x50, 0x0, 0x9f, 0xff, 0xf7,
    0x0, 0x7, 0xfa, 0x55, 0xbf, 0x50, 0xf, 0xc0,
    0x0, 0xe, 0xe0, 0x2f, 0x90, 0x0, 0xb, 0xf0,
    0x1f, 0xc0, 0x0, 0xe, 0xf0, 0xb, 0xfc, 0x88,
    0xdf, 0x80, 0x0, 0x7d, 0xff, 0xc6, 0x0,

    /* U+0039 "9" */
    0x0, 0x6d, 0xff, 0xb3, 0x0, 0x5f, 0xd8, 0x9f,
    0xf3, 0xd, 0xe0, 0x0, 0x3f, 0xa0, 0xfa, 0x0,
    0x0, 0xed, 0xf, 0xb0, 0x0, 0xf, 0xd0, 0xbf,
    0x71, 0x2a, 0xfd, 0x1, 0xbf, 0xff, 0xcf, 0xa0,
    0x0, 0x13, 0x15, 0xf5, 0x0, 0x0, 0x4, 0xed,
    0x0, 0x5, 0xad, 0xfe, 0x20, 0x0, 0x9e, 0xc7,
    0x10, 0x0,

    /* U+003A ":" */
    0xcf, 0x5e, 0xf7, 0x35, 0x0, 0x0, 0x0, 0x0,
    0x0, 0x35, 0xe, 0xf7, 0xcf, 0x50,

    /* U+003B ";" */
    0xc, 0xf5, 0xe, 0xf7, 0x3, 0x50, 0x0, 0x0,
    0x0, 0x0, 0x0, 0x0, 0x1, 0x41, 0x7, 0xf4,
    0xb, 0xf0, 0x1f, 0x90, 0x9f, 0x10, 0x53, 0x0,

    /* U+003C "<" */
    0x0, 0x0, 0x0, 0x0, 0x10, 0x0, 0x0, 0x5,
    0xbf, 0x0, 0x2, 0x8e, 0xfd, 0x70, 0x5c, 0xff,
    0xa4, 0x0, 0x7f, 0xd6, 0x10, 0x0, 0x7, 0xfa,
    0x30, 0x0, 0x0, 0x18, 0xef, 0xd7, 0x10, 0x0,
    0x0, 0x5b, 0xff, 0xb5, 0x0, 0x0, 0x1, 0x7e,
    0xf0, 0x0, 0x0, 0x0, 0x4,

    /* U+003D "=" */
    0x49, 0x99, 0x99, 0x99, 0x97, 0xff, 0xff, 0xff,
    0xff, 0x0, 0x0, 0x0, 0x0, 0x0, 0x0, 0x0,
    0x0, 0x0, 0x49, 0x99, 0x99, 0x99, 0x97, 0xff,
    0xff, 0xff, 0xff,

    /* U+003E ">" */
    0x10, 0x0, 0x0, 0x0, 0x7, 0xe8, 0x20, 0x0,
    0x0, 0x2a, 0xff, 0xc5, 0x0, 0x0, 0x1, 0x7d,
    0xff, 0x93, 0x0, 0x0, 0x3, 0x9f, 0xf0, 0x0,
    0x0, 0x16, 0xdf, 0x0, 0x4, 0xaf, 0xfc, 0x51,
    0x7d, 0xfe, 0x82, 0x0, 0x7f, 0xb5, 0x0, 0x0,
    0x2, 0x10, 0x0, 0x0, 0x0,

    /* U+003F "?" */
    0x3d, 0xff, 0xeb, 0x20, 0x4b, 0x99, 0xdf, 0xc0,
    0x0, 0x0, 0xf, 0xf0, 0x0, 0x0, 0x1f, 0xe0,
    0x0, 0x0, 0xbf, 0x70, 0x0, 0x1d, 0xf6, 0x0,
    0x0, 0x7f, 0x50, 0x0, 0x0, 0x49, 0x0, 0x0,
    0x0, 0x24, 0x0, 0x0, 0x0, 0xdf, 0x70, 0x0,
    0x0, 0xbf, 0x50, 0x0,

    /* U+0040 "@" */
    0x0, 0x0, 0x18, 0xce, 0xfe, 0xa3, 0x0, 0x0,
    0x0, 0x6f, 0xe8, 0x65, 0x7c, 0xf8, 0x0, 0x0,
    0x7f, 0x80, 0x0, 0x0, 0x8, 0xf5, 0x0, 0x3f,
    0x90, 0x2b, 0xfd, 0xad, 0xd, 0xc0, 0xa, 0xe0,
    0xe, 0xd4, 0x8f, 0xb0, 0x8f, 0x0, 0xf9, 0x7,
    0xf2, 0x1, 0xf8, 0x7, 0xf0, 0x1f, 0x60, 0xbd,
    0x0, 0x2f, 0x50, 0x8f, 0x2, 0xf6, 0xc, 0xc0,
    0x6, 0xf3, 0xb, 0xc0, 0x1f, 0x80, 0xaf, 0x23,
    0xef, 0x64, 0xf5, 0x0, 0xcd, 0x2, 0xef, 0xfa,
    0xbf, 0xf8, 0x0, 0x5, 0xf8, 0x0, 0x20, 0x0,
    0x21, 0x0, 0x0, 0x8, 0xfc, 0x52, 0x11, 0x25,
    0x20, 0x0, 0x0, 0x4, 0xcf, 0xff, 0xff, 0xe4,
    0x0, 0x0, 0x0, 0x0, 0x3, 0x33, 0x10, 0x0,
    0x0,

    /* U+0041 "A" */
    0x0, 0x0, 0x9f, 0xf5, 0x0, 0x0, 0x0, 0x0,
    0xfe, 0xfb, 0x0, 0x0, 0x0, 0x6, 0xf6, 0xbf,
    0x20, 0x0, 0x0, 0xd, 0xf1, 0x5f, 0x80, 0x0,
    0x0, 0x3f, 0xa0, 0xe, 0xe0, 0x0, 0x0, 0xaf,
    0x30, 0x9, 0xf5, 0x0, 0x1, 0xff, 0x99, 0x9b,
    0xfc, 0x0, 0x7, 0xff, 0xff, 0xff, 0xff, 0x20,
    0xd, 0xf1, 0x0, 0x0, 0x7f, 0x80, 0x4f, 0xb0,
    0x0, 0x0, 0x1f, 0xe0, 0xaf, 0x40, 0x0, 0x0,
    0xa, 0xf5,

    /* U+0042 "B" */
    0x8f, 0xff, 0xfe, 0xa2, 0x8, 0xfb, 0x88, 0xcf,
    0xd0, 0x8f, 0x60, 0x0, 0xcf, 0x28, 0xf6, 0x0,
    0xb, 0xf2, 0x8f, 0x71, 0x26, 0xfc, 0x8, 0xff,
    0xff, 0xfd, 0x20, 0x8f, 0x94, 0x57, 0xef, 0x28,
    0xf6, 0x0, 0x6, 0xf8, 0x8f, 0x60, 0x0, 0x7f,
    0x88, 0xfb, 0x89, 0xaf, 0xf3, 0x8f, 0xff, 0xfe,
    0xc4, 0x0,

    /* U+0043 "C" */
    0x0, 0x4b, 0xef, 0xfd, 0x30, 0x9f, 0xfc, 0xaa,
    0xc5, 0x4f, 0xe2, 0x0, 0x0, 0xa, 0xf7, 0x0,
    0x0, 0x0, 0xcf, 0x30, 0x0, 0x0, 0xd, 0xf2,
    0x0, 0x0, 0x0, 0xcf, 0x30, 0x0, 0x0, 0xa,
    0xf6, 0x0, 0x0, 0x0, 0x5f, 0xe1, 0x0, 0x0,
    0x0, 0xbf, 0xfb, 0xaa, 0xc7, 0x0, 0x6c, 0xef,
    0xec, 0x40,

    /* U+0044 "D" */
    0x8f, 0xff, 0xfe, 0xb6, 0x0, 0x8f, 0xb9, 0x9b,
    0xff, 0xa0, 0x8f, 0x60, 0x0, 0x2f, 0xf4, 0x8f,
    0x60, 0x0, 0x7, 0xf9, 0x8f, 0x60, 0x0, 0x3,
    0xfb, 0x8f, 0x60, 0x0, 0x2, 0xfc, 0x8f, 0x60,
    0x0, 0x3, 0xfb, 0x8f, 0x60, 0x0, 0x7, 0xf9,
    0x8f, 0x60, 0x0, 0x4e, 0xf3, 0x8f, 0xc9, 0xad,
    0xff, 0x80, 0x8f, 0xff, 0xfe, 0xa4, 0x0,

    /* U+0045 "E" */
    0x8f, 0xff, 0xff, 0xf4, 0x8f, 0xc9, 0x99, 0x92,
    0x8f, 0x60, 0x0, 0x0, 0x8f, 0x60, 0x0, 0x0,
    0x8f, 0xb8, 0x88, 0x70, 0x8f, 0xff, 0xff, 0xe0,
    0x8f, 0x60, 0x0, 0x0, 0x8f, 0x60, 0x0, 0x0,
    0x8f, 0x60, 0x0, 0x0, 0x8f, 0xca, 0xaa, 0xa6,
    0x8f, 0xff, 0xff, 0xfa,

    /* U+0046 "F" */
    0x8f, 0xff, 0xff, 0xf4, 0x8f, 0xc9, 0x99, 0x92,
    0x8f, 0x60, 0x0, 0x0, 0x8f, 0x60, 0x0, 0x0,
    0x8f, 0xc9, 0x99, 0x80, 0x8f, 0xff, 0xff, 0xe0,
    0x8f, 0x60, 0x0, 0x0, 0x8f, 0x60, 0x0, 0x0,
    0x8f, 0x60, 0x0, 0x0, 0x8f, 0x60, 0x0, 0x0,
    0x8f, 0x60, 0x0, 0x0,

    /* U+0047 "G" */
    0x0, 0x4a, 0xef, 0xfe, 0xb0, 0x9, 0xff, 0xca,
    0xab, 0xd0, 0x4f, 0xf3, 0x0, 0x0, 0x0, 0xaf,
    0x70, 0x0, 0x0, 0x0, 0xcf, 0x40, 0x5, 0x88,
    0x83, 0xdf, 0x30, 0x9, 0xff, 0xf6, 0xcf, 0x30,
    0x0, 0x6, 0xf6, 0xaf, 0x70, 0x0, 0x6, 0xf6,
    0x5f, 0xe1, 0x0, 0x6, 0xf6, 0xb, 0xff, 0xb9,
    0x9c, 0xf6, 0x0, 0x6c, 0xef, 0xfe, 0xb3,

    /* U+0048 "H" */
    0x8f, 0x60, 0x0, 0x3, 0xfb, 0x8f, 0x60, 0x0,
    0x3, 0xfb, 0x8f, 0x60, 0x0, 0x3, 0xfb, 0x8f,
    0x60, 0x0, 0x3, 0xfb, 0x8f, 0xff, 0xff, 0xff,
    0xfb, 0x8f, 0xb8, 0x88, 0x89, 0xfb, 0x8f, 0x60,
    0x0, 0x3, 0xfb, 0x8f, 0x60, 0x0, 0x3, 0xfb,
    0x8f, 0x60, 0x0, 0x3, 0xfb, 0x8f, 0x60, 0x0,
    0x3, 0xfb, 0x8f, 0x60, 0x0, 0x3, 0xfb,

    /* U+0049 "I" */
    0x8f, 0x68, 0xf6, 0x8f, 0x68, 0xf6, 0x8f, 0x68,
    0xf6, 0x8f, 0x68, 0xf6, 0x8f, 0x68, 0xf6, 0x8f,
    0x60,

    /* U+004A "J" */
    0x0, 0x8, 0xf6, 0x0, 0x8, 0xf6, 0x0, 0x8,
    0xf6, 0x0, 0x8, 0xf6, 0x0, 0x8, 0xf6, 0x0,
    0x8, 0xf6, 0x0, 0x8, 0xf6, 0x0, 0x8, 0xf6,
    0x0, 0x8, 0xf6, 0x0, 0x8, 0xf6, 0x0, 0x8,
    0xf6, 0x0, 0xb, 0xf4, 0x39, 0xbf, 0xd0, 0x5f,
    0xea, 0x20,

    /* U+004B "K" */
    0x8f, 0x60, 0x0, 0x6f, 0xc0, 0x8f, 0x60, 0x5,
    0xfd, 0x10, 0x8f, 0x60, 0x3f, 0xe2, 0x0, 0x8f,
    0x62, 0xef, 0x20, 0x0, 0x8f, 0xbd, 0xf3, 0x0,
    0x0, 0x8f, 0xff, 0xe1, 0x0, 0x0, 0x8f, 0x67,
    0xfc, 0x0, 0x0, 0x8f, 0x60, 0xaf, 0x90, 0x0,
    0x8f, 0x60, 0xd, 0xf7, 0x0, 0x8f, 0x60, 0x2,
    0xff, 0x40, 0x8f, 0x60, 0x0, 0x4f, 0xe2,

    /* U+004C "L" */
    0x8f, 0x60, 0x0, 0x0, 0x8f, 0x60, 0x0, 0x0,
    0x8f, 0x60, 0x0, 0x0, 0x8f, 0x60, 0x0, 0x0,
    0x8f, 0x60, 0x0, 0x0, 0x8f, 0x60, 0x0, 0x0,
    0x8f, 0x60, 0x0, 0x0, 0x8f, 0x60, 0x0, 0x0,
    0x8f, 0x60, 0x0, 0x0, 0x8f, 0xca, 0xaa, 0xa3,
    0x8f, 0xff, 0xff, 0xf5,

    /* U+004D "M" */
    0x8f, 0xfc, 0x0, 0x0, 0x4f, 0xff, 0x8f, 0xff,
    0x20, 0x0, 0xaf, 0xff, 0x8f, 0x9f, 0x80, 0x1,
    0xfa, 0xff, 0x8f, 0x5d, 0xe0, 0x7, 0xf4, 0xff,
    0x8f, 0x57, 0xf4, 0xd, 0xd0, 0xff, 0x8f, 0x51,
    0xfa, 0x3f, 0x70, 0xff, 0x8f, 0x50, 0xaf, 0xbf,
    0x10, 0xff, 0x8f, 0x50, 0x4f, 0xfa, 0x0, 0xff,
    0x8f, 0x50, 0x9, 0xa3, 0x0, 0xff, 0x8f, 0x50,
    0x0, 0x0, 0x0, 0xff, 0x8f, 0x50, 0x0, 0x0,
    0x0, 0xff,

    /* U+004E "N" */
    0x8f, 0xfb, 0x0, 0x0, 0xbf, 0x38, 0xff, 0xf4,
    0x0, 0xb, 0xf3, 0x8f, 0x8f, 0xc0, 0x0, 0xbf,
    0x38, 0xf5, 0x9f, 0x50, 0xb, 0xf3, 0x8f, 0x51,
    0xfe, 0x0, 0xbf, 0x38, 0xf5, 0x7, 0xf7, 0xb,
    0xf3, 0x8f, 0x50, 0xd, 0xe1, 0xbf, 0x38, 0xf5,
    0x0, 0x5f, 0x8b, 0xf3, 0x8f, 0x50, 0x0, 0xcf,
    0xdf, 0x38, 0xf5, 0x0, 0x3, 0xff, 0xf3, 0x8f,
    0x50, 0x0, 0xa, 0xff, 0x30,

    /* U+004F "O" */
    0x0, 0x7c, 0xef, 0xeb, 0x40, 0x0, 0xcf, 0xea,
    0x9b, 0xff, 0x70, 0x5f, 0xc0, 0x0, 0x2, 0xff,
    0xa, 0xf5, 0x0, 0x0, 0xb, 0xf5, 0xcf, 0x30,
    0x0, 0x0, 0x8f, 0x7d, 0xf2, 0x0, 0x0, 0x8,
    0xf7, 0xcf, 0x30, 0x0, 0x0, 0x8f, 0x7a, 0xf5,
    0x0, 0x0, 0xb, 0xf5, 0x6f, 0xc0, 0x0, 0x2,
    0xff, 0x0, 0xcf, 0xe9, 0x9a, 0xff, 0x70, 0x0,
    0x8c, 0xff, 0xeb, 0x50, 0x0,

    /* U+0050 "P" */
    0x8f, 0xff, 0xfe, 0xa2, 0x8, 0xfb, 0x88, 0xcf,
    0xe1, 0x8f, 0x60, 0x0, 0xbf, 0x58, 0xf6, 0x0,
    0x8, 0xf7, 0x8f, 0x60, 0x0, 0xbf, 0x58, 0xfb,
    0x89, 0xcf, 0xe0, 0x8f, 0xff, 0xfe, 0xa2, 0x8,
    0xf6, 0x0, 0x0, 0x0, 0x8f, 0x60, 0x0, 0x0,
    0x8, 0xf6, 0x0, 0x0, 0x0, 0x8f, 0x60, 0x0,
    0x0, 0x0,

    /* U+0051 "Q" */
    0x0, 0x7c, 0xef, 0xeb, 0x40, 0x0, 0xcf, 0xea,
    0x9b, 0xff, 0x70, 0x5f, 0xc0, 0x0, 0x2, 0xff,
    0xa, 0xf5, 0x0, 0x0, 0xb, 0xf5, 0xcf, 0x30,
    0x0, 0x0, 0x8f, 0x7d, 0xf2, 0x0, 0x0, 0x8,
    0xf8, 0xcf, 0x30, 0x0, 0x0, 0x8f, 0x7a, 0xf5,
    0x0, 0x0, 0xb, 0xf5, 0x6f, 0xc0, 0x0, 0x2,
    0xff, 0x10, 0xcf, 0xe9, 0x9a, 0xff, 0x60, 0x0,
    0x8d, 0xff, 0xfb, 0x30, 0x0, 0x0, 0x0, 0x4f,
    0xc0, 0x0, 0x0, 0x0, 0x0, 0x7f, 0xb0, 0x0,

    /* U+0052 "R" */
    0x8f, 0xff, 0xfe, 0xa2, 0x0, 0x8f, 0xb8, 0x8b,
    0xfe, 0x0, 0x8f, 0x60, 0x0, 0xaf, 0x40, 0x8f,
    0x60, 0x0, 0x9f, 0x40, 0x8f, 0x72, 0x25, 0xef,
    0x10, 0x8f, 0xff, 0xff, 0xe5, 0x0, 0x8f, 0x95,
    0xbf, 0x50, 0x0, 0x8f, 0x60, 0x1f, 0xe1, 0x0,
    0x8f, 0x60, 0x6, 0xfb, 0x0, 0x8f, 0x60, 0x0,
    0xbf, 0x60, 0x8f, 0x60, 0x0, 0x2f, 0xf2,

    /* U+0053 "S" */
    0x0, 0x7d, 0xff, 0xeb, 0x10, 0x8f, 0xea, 0x9a,
    0xd1, 0xd, 0xf1, 0x0, 0x0, 0x0, 0xdf, 0x10,
    0x0, 0x0, 0x8, 0xfd, 0x84, 0x0, 0x0, 0x5,
    0xbf, 0xff, 0x90, 0x0, 0x0, 0x3, 0xcf, 0x70,
    0x0, 0x0, 0x3, 0xfb, 0x0, 0x0, 0x0, 0x5f,
    0xa0, 0xeb, 0xa9, 0xbf, 0xf5, 0xb, 0xdf, 0xfe,
    0xc5, 0x0,

    /* U+0054 "T" */
    0xbf, 0xff, 0xff, 0xff, 0xd7, 0x99, 0xcf, 0xc9,
    0x98, 0x0, 0x6, 0xf8, 0x0, 0x0, 0x0, 0x6f,
    0x80, 0x0, 0x0, 0x6, 0xf8, 0x0, 0x0, 0x0,
    0x6f, 0x80, 0x0, 0x0, 0x6, 0xf8, 0x0, 0x0,
    0x0, 0x6f, 0x80, 0x0, 0x0, 0x6, 0xf8, 0x0,
    0x0, 0x0, 0x6f, 0x80, 0x0, 0x0, 0x6, 0xf8,
    0x0, 0x0,

    /* U+0055 "U" */
    0x9f, 0x50, 0x0, 0x3, 0xfa, 0x9f, 0x50, 0x0,
    0x3, 0xfa, 0x9f, 0x50, 0x0, 0x3, 0xfa, 0x9f,
    0x50, 0x0, 0x3, 0xfa, 0x9f, 0x50, 0x0, 0x3,
    0xfa, 0x9f, 0x50, 0x0, 0x3, 0xfa, 0x9f, 0x50,
    0x0, 0x3, 0xfa, 0x8f, 0x50, 0x0, 0x4, 0xfa,
    0x6f, 0xb0, 0x0, 0x9, 0xf8, 0x1e, 0xfd, 0xa9,
    0xcf, 0xe1, 0x2, 0x9e, 0xff, 0xea, 0x20,

    /* U+0056 "V" */
    0x9f, 0x70, 0x0, 0x0, 0x6f, 0x83, 0xfd, 0x0,
    0x0, 0xc, 0xf3, 0xd, 0xf3, 0x0, 0x1, 0xfd,
    0x0, 0x7f, 0x80, 0x0, 0x7f, 0x70, 0x1, 0xfe,
    0x0, 0xc, 0xf1, 0x0, 0xb, 0xf3, 0x2, 0xfb,
    0x0, 0x0, 0x5f, 0x90, 0x8f, 0x50, 0x0, 0x0,
    0xfe, 0xd, 0xe0, 0x0, 0x0, 0xa, 0xf7, 0xf9,
    0x0, 0x0, 0x0, 0x4f, 0xff, 0x30, 0x0, 0x0,
    0x0, 0xef, 0xd0, 0x0, 0x0,

    /* U+0057 "W" */
    0x7f, 0x80, 0x0, 0x0, 0x0, 0x0, 0xe, 0xf1,
    0x3f, 0xb0, 0x0, 0x5c, 0xc0, 0x0, 0x2f, 0xc0,
    0xf, 0xf0, 0x0, 0xaf, 0xf4, 0x0, 0x5f, 0x80,
    0xc, 0xf3, 0x0, 0xec, 0xf9, 0x0, 0x9f, 0x40,
    0x8, 0xf6, 0x3, 0xf5, 0xdd, 0x0, 0xcf, 0x10,
    0x4, 0xfa, 0x8, 0xf1, 0x8f, 0x20, 0xfc, 0x0,
    0x0, 0xfd, 0xc, 0xc0, 0x4f, 0x64, 0xf8, 0x0,
    0x0, 0xcf, 0x3f, 0x70, 0xf, 0xb7, 0xf4, 0x0,
    0x0, 0x8f, 0xbf, 0x30, 0xb, 0xfb, 0xf0, 0x0,
    0x0, 0x4f, 0xfe, 0x0, 0x6, 0xff, 0xc0, 0x0,
    0x0, 0xf, 0xf9, 0x0, 0x2, 0xff, 0x80, 0x0,

    /* U+0058 "X" */
    0x1e, 0xf3, 0x0, 0x0, 0xef, 0x20, 0x6f, 0xc0,
    0x0, 0x9f, 0x70, 0x0, 0xbf, 0x60, 0x3f, 0xc0,
    0x0, 0x2, 0xfe, 0x1d, 0xf2, 0x0, 0x0, 0x7,
    0xfe, 0xf7, 0x0, 0x0, 0x0, 0x1f, 0xff, 0x10,
    0x0, 0x0, 0x9, 0xfc, 0xfa, 0x0, 0x0, 0x4,
    0xfc, 0xc, 0xf5, 0x0, 0x1, 0xef, 0x20, 0x3f,
    0xe1, 0x0, 0xaf, 0x70, 0x0, 0x8f, 0xa0, 0x5f,
    0xd0, 0x0, 0x0, 0xef, 0x40,

    /* U+0059 "Y" */
    0x9f, 0x90, 0x0, 0x1, 0xef, 0x20, 0xef, 0x30,
    0x0, 0x9f, 0x70, 0x4, 0xfd, 0x0, 0x3f, 0xc0,
    0x0, 0xa, 0xf7, 0xd, 0xf2, 0x0, 0x0, 0x1e,
    0xf9, 0xf7, 0x0, 0x0, 0x0, 0x5f, 0xfc, 0x0,
    0x0, 0x0, 0x0, 0xcf, 0x40, 0x0, 0x0, 0x0,
    0xb, 0xf3, 0x0, 0x0, 0x0, 0x0, 0xbf, 0x30,
    0x0, 0x0, 0x0, 0xb, 0xf3, 0x0, 0x0, 0x0,
    0x0, 0xbf, 0x30, 0x0, 0x0,

    /* U+005A "Z" */
    0xb, 0xff, 0xff, 0xff, 0xfa, 0x0, 0x7a, 0xaa,
    0xaa, 0xef, 0x90, 0x0, 0x0, 0x0, 0x5f, 0xd1,
    0x0, 0x0, 0x0, 0x3f, 0xe2, 0x0, 0x0, 0x0,
    0x1e, 0xf4, 0x0, 0x0, 0x0, 0xd, 0xf6, 0x0,
    0x0, 0x0, 0xb, 0xf8, 0x0, 0x0, 0x0, 0x9,
    0xfa, 0x0, 0x0, 0x0, 0x6, 0xfc, 0x0, 0x0,
    0x0, 0x0, 0xff, 0xcb, 0xbb, 0xbb, 0xb0, 0xf,
    0xff, 0xff, 0xff, 0xff, 0x10,

    /* U+005B "[" */
    0xdf, 0xfb, 0xdf, 0x75, 0xdf, 0x0, 0xdf, 0x0,
    0xdf, 0x0, 0xdf, 0x0, 0xdf, 0x0, 0xdf, 0x0,
    0xdf, 0x0, 0xdf, 0x0, 0xdf, 0x0, 0xdf, 0x0,
    0xdf, 0x0, 0xdf, 0x75, 0xdf, 0xfb,

    /* U+005C "\\" */
    0x6f, 0x20, 0x0, 0x0, 0x0, 0xe9, 0x0, 0x0,
    0x0, 0x8, 0xf1, 0x0, 0x0, 0x0, 0x1f, 0x70,
    0x0, 0x0, 0x0, 0x9e, 0x0, 0x0, 0x0, 0x2,
    0xf6, 0x0, 0x0, 0x0, 0xa, 0xd0, 0x0, 0x0,
    0x0, 0x3f, 0x50, 0x0, 0x0, 0x0, 0xcc, 0x0,
    0x0, 0x0, 0x4, 0xf3, 0x0, 0x0, 0x0, 0xd,
    0xb0, 0x0, 0x0, 0x0, 0x6f, 0x20, 0x0, 0x0,
    0x0, 0xe9, 0x0, 0x0, 0x0, 0x7, 0xf1,

    /* U+005D "]" */
    0x7f, 0xff, 0x3, 0x7e, 0xf0, 0x0, 0xdf, 0x0,
    0xd, 0xf0, 0x0, 0xdf, 0x0, 0xd, 0xf0, 0x0,
    0xdf, 0x0, 0xd, 0xf0, 0x0, 0xdf, 0x0, 0xd,
    0xf0, 0x0, 0xdf, 0x0, 0xd, 0xf0, 0x0, 0xdf,
    0x3, 0x7e, 0xf0, 0x7f, 0xff, 0x0,

    /* U+005E "^" */
    0x0, 0x8f, 0xf2, 0x0, 0x0, 0xfb, 0xf8, 0x0,
    0x6, 0xf3, 0xaf, 0x0, 0xd, 0xc0, 0x3f, 0x60,
    0x4f, 0x50, 0xc, 0xd0, 0xce, 0x0, 0x5, 0xf4,

    /* U+005F "_" */
    0x11, 0x11, 0x11, 0x11, 0xf, 0xff, 0xff, 0xff,
    0xf8, 0x44, 0x44, 0x44, 0x44, 0x20,

    /* U+0060 "`" */
    0x6, 0x82, 0x0, 0x2e, 0xb0, 0x0, 0x3f, 0x50,

    /* U+0061 "a" */
    0x0, 0xe, 0xff, 0xe9, 0x10, 0x0, 0x98, 0x8d,
    0xfa, 0x0, 0x0, 0x0, 0xf, 0xe0, 0x0, 0x0,
    0x11, 0xdf, 0x3, 0xbf, 0xff, 0xff, 0xf0, 0xef,
    0x64, 0x44, 0xef, 0x1f, 0xb0, 0x0, 0xe, 0xf0,
    0xef, 0x64, 0x6d, 0xff, 0x3, 0xcf, 0xfc, 0x5b,
    0xf0,

    /* U+0062 "b" */
    0x9f, 0x40, 0x0, 0x0, 0x9, 0xf4, 0x0, 0x0,
    0x0, 0x9f, 0x40, 0x0, 0x0, 0x9, 0xf5, 0xae,
    0xfc, 0x50, 0x9f, 0xea, 0x78, 0xff, 0x49, 0xf9,
    0x0, 0x5, 0xfa, 0x9f, 0x40, 0x0, 0x1f, 0xd9,
    0xf2, 0x0, 0x0, 0xfe, 0x9f, 0x40, 0x0, 0x1f,
    0xc9, 0xf9, 0x0, 0x5, 0xf9, 0x9f, 0xeb, 0x78,
    0xef, 0x39, 0xf3, 0xbf, 0xfd, 0x50,

    /* U+0063 "c" */
    0x0, 0x5c, 0xff, 0xe8, 0x5, 0xfe, 0x98, 0x98,
    0xc, 0xf3, 0x0, 0x0, 0xf, 0xe0, 0x0, 0x0,
    0xf, 0xd0, 0x0, 0x0, 0xf, 0xe0, 0x0, 0x0,
    0xc, 0xf3, 0x0, 0x0, 0x5, 0xfe, 0x98, 0x98,
    0x0, 0x5c, 0xff, 0xe8,

    /* U+0064 "d" */
    0x0, 0x0, 0x0, 0x6, 0xf6, 0x0, 0x0, 0x0,
    0x6, 0xf6, 0x0, 0x0, 0x0, 0x6, 0xf6, 0x0,
    0x7d, 0xfe, 0x97, 0xf6, 0x5, 0xfe, 0x77, 0xce,
    0xf6, 0xc, 0xf2, 0x0, 0xc, 0xf6, 0xf, 0xe0,
    0x0, 0x7, 0xf6, 0xf, 0xd0, 0x0, 0x5, 0xf6,
    0xf, 0xe0, 0x0, 0x6, 0xf6, 0xd, 0xf1, 0x0,
    0xb, 0xf6, 0x7, 0xfc, 0x55, 0x9f, 0xf6, 0x0,
    0x7d, 0xfe, 0xa5, 0xf6,

    /* U+0065 "e" */
    0x0, 0x5c, 0xff, 0xd7, 0x0, 0x5f, 0xd7, 0x7b,
    0xf6, 0xc, 0xf1, 0x0, 0xe, 0xc0, 0xfd, 0x23,
    0x45, 0xee, 0xf, 0xff, 0xff, 0xff, 0xe0, 0xfd,
    0x0, 0x0, 0x0, 0xc, 0xf3, 0x0, 0x0, 0x0,
    0x5f, 0xf9, 0x78, 0xb7, 0x0, 0x5c, 0xff, 0xec,
    0x40,

    /* U+0066 "f" */
    0x0, 0x4d, 0xff, 0x10, 0xf, 0xf6, 0x50, 0x3,
    0xfa, 0x0, 0xb, 0xff, 0xff, 0xa0, 0x48, 0xfc,
    0x64, 0x0, 0x3f, 0x90, 0x0, 0x3, 0xf9, 0x0,
    0x0, 0x3f, 0x90, 0x0, 0x3, 0xf9, 0x0, 0x0,
    0x3f, 0x90, 0x0, 0x3, 0xf9, 0x0, 0x0, 0x3f,
    0x90, 0x0,

    /* U+0067 "g" */
    0x0, 0x6d, 0xfe, 0x97, 0xf6, 0x5, 0xfe, 0x77,
    0xbe, 0xf6, 0xc, 0xf2, 0x0, 0xb, 0xf6, 0xf,
    0xe0, 0x0, 0x6, 0xf6, 0xf, 0xd0, 0x0, 0x5,
    0xf6, 0xf, 0xe0, 0x0, 0x6, 0xf6, 0xd, 0xf2,
    0x0, 0xb, 0xf6, 0x7, 0xfd, 0x76, 0xbe, 0xf6,
    0x0, 0x7d, 0xfe, 0xa8, 0xf6, 0x0, 0x0, 0x0,
    0xc, 0xf3, 0x0, 0x67, 0x78, 0xdf, 0xb0, 0x0,
    0x8e, 0xff, 0xd7, 0x0,

    /* U+0068 "h" */
    0x9f, 0x40, 0x0, 0x0, 0x9, 0xf4, 0x0, 0x0,
    0x0, 0x9f, 0x40, 0x0, 0x0, 0x9, 0xf6, 0xae,
    0xfc, 0x30, 0x9f, 0xfb, 0x8a, 0xfe, 0x9, 0xf9,
    0x0, 0xb, 0xf3, 0x9f, 0x40, 0x0, 0x9f, 0x49,
    0xf4, 0x0, 0x9, 0xf4, 0x9f, 0x40, 0x0, 0x9f,
    0x49, 0xf4, 0x0, 0x9, 0xf4, 0x9f, 0x40, 0x0,
    0x9f, 0x49, 0xf4, 0x0, 0x9, 0xf4,

    /* U+0069 "i" */
    0x9f, 0x48, 0xf4, 0x0, 0x9, 0xf4, 0x9f, 0x49,
    0xf4, 0x9f, 0x49, 0xf4, 0x9f, 0x49, 0xf4, 0x9f,
    0x49, 0xf4,

    /* U+006A "j" */
    0x0, 0x9, 0xf4, 0x0, 0x8, 0xf4, 0x0, 0x0,
    0x0, 0x0, 0x9, 0xf4, 0x0, 0x9, 0xf4, 0x0,
    0x9, 0xf4, 0x0, 0x9, 0xf4, 0x0, 0x9, 0xf4,
    0x0, 0x9, 0xf4, 0x0, 0x9, 0xf4, 0x0, 0x9,
    0xf4, 0x0, 0x9, 0xf3, 0x0, 0xa, 0xf2, 0x6,
    0x7f, 0xe0, 0x1f, 0xfd, 0x40,

    /* U+006B "k" */
    0x9f, 0x40, 0x0, 0x0, 0x9, 0xf4, 0x0, 0x0,
    0x0, 0x9f, 0x40, 0x0, 0x0, 0x9, 0xf4, 0x0,
    0xaf, 0x70, 0x9f, 0x40, 0x6f, 0x90, 0x9, 0xf4,
    0x2f, 0xb0, 0x0, 0x9f, 0x5d, 0xc0, 0x0, 0x9,
    0xff, 0xf8, 0x0, 0x0, 0x9f, 0x8f, 0xf4, 0x0,
    0x9, 0xf4, 0x4f, 0xe2, 0x0, 0x9f, 0x40, 0x7f,
    0xd0, 0x9, 0xf4, 0x0, 0xaf, 0xa0,

    /* U+006C "l" */
    0x9f, 0x40, 0x9f, 0x40, 0x9f, 0x40, 0x9f, 0x40,
    0x9f, 0x40, 0x9f, 0x40, 0x9f, 0x40, 0x9f, 0x40,
    0x9f, 0x40, 0x9f, 0x40, 0x8f, 0xa5, 0x2c, 0xfa,

    /* U+006D "m" */
    0x9f, 0x7c, 0xff, 0xa2, 0x9e, 0xfd, 0x50, 0x9f,
    0xf7, 0x6b, 0xff, 0xc6, 0x7e, 0xf2, 0x9f, 0x60,
    0x2, 0xfe, 0x0, 0x8, 0xf5, 0x9f, 0x40, 0x0,
    0xfd, 0x0, 0x6, 0xf7, 0x9f, 0x40, 0x0, 0xfd,
    0x0, 0x6, 0xf7, 0x9f, 0x40, 0x0, 0xfd, 0x0,
    0x6, 0xf7, 0x9f, 0x40, 0x0, 0xfd, 0x0, 0x6,
    0xf7, 0x9f, 0x40, 0x0, 0xfd, 0x0, 0x6, 0xf7,
    0x9f, 0x40, 0x0, 0xfd, 0x0, 0x6, 0xf7,

    /* U+006E "n" */
    0x9f, 0x7b, 0xff, 0xc3, 0x9, 0xff, 0x96, 0x8f,
    0xe0, 0x9f, 0x70, 0x0, 0xbf, 0x39, 0xf4, 0x0,
    0x9, 0xf4, 0x9f, 0x40, 0x0, 0x9f, 0x49, 0xf4,
    0x0, 0x9, 0xf4, 0x9f, 0x40, 0x0, 0x9f, 0x49,
    0xf4, 0x0, 0x9, 0xf4, 0x9f, 0x40, 0x0, 0x9f,
    0x40,

    /* U+006F "o" */
    0x0, 0x5c, 0xff, 0xe9, 0x10, 0x5, 0xfd, 0x76,
    0xaf, 0xd0, 0xc, 0xf2, 0x0, 0xa, 0xf5, 0xf,
    0xe0, 0x0, 0x6, 0xf8, 0xf, 0xd0, 0x0, 0x5,
    0xf9, 0xf, 0xe0, 0x0, 0x6, 0xf8, 0xc, 0xf2,
    0x0, 0xa, 0xf5, 0x5, 0xfd, 0x76, 0xaf, 0xd0,
    0x0, 0x5c, 0xff, 0xe9, 0x10,

    /* U+0070 "p" */
    0x9f, 0x6b, 0xff, 0xc5, 0x9, 0xfe, 0x84, 0x5d,
    0xf4, 0x9f, 0x80, 0x0, 0x4f, 0xa9, 0xf4, 0x0,
    0x0, 0xfd, 0x9f, 0x20, 0x0, 0xf, 0xe9, 0xf4,
    0x0, 0x1, 0xfc, 0x9f, 0x90, 0x0, 0x5f, 0x99,
    0xfe, 0xb7, 0x8f, 0xf3, 0x9f, 0x5b, 0xff, 0xd5,
    0x9, 0xf4, 0x0, 0x0, 0x0, 0x9f, 0x40, 0x0,
    0x0, 0x9, 0xf4, 0x0, 0x0, 0x0,

    /* U+0071 "q" */
    0x0, 0x7d, 0xfe, 0x97, 0xf6, 0x5, 0xfe, 0x77,
    0xce, 0xf6, 0xc, 0xf2, 0x0, 0xc, 0xf6, 0xf,
    0xe0, 0x0, 0x7, 0xf6, 0xf, 0xd0, 0x0, 0x5,
    0xf6, 0xf, 0xe0, 0x0, 0x7, 0xf6, 0xd, 0xf2,
    0x0, 0xc, 0xf6, 0x7, 0xfe, 0x77, 0xce, 0xf6,
    0x0, 0x7d, 0xfe, 0x97, 0xf6, 0x0, 0x0, 0x0,
    0x6, 0xf6, 0x0, 0x0, 0x0, 0x6, 0xf6, 0x0,
    0x0, 0x0, 0x6, 0xf6,

    /* U+0072 "r" */
    0x9f, 0x5a, 0xf3, 0x9f, 0xec, 0x71, 0x9f, 0xb0,
    0x0, 0x9f, 0x40, 0x0, 0x9f, 0x40, 0x0, 0x9f,
    0x40, 0x0, 0x9f, 0x40, 0x0, 0x9f, 0x40, 0x0,
    0x9f, 0x40, 0x0,

    /* U+0073 "s" */
    0x1, 0x9e, 0xfe, 0xb0, 0xa, 0xf8, 0x67, 0x80,
    0xe, 0xd0, 0x0, 0x0, 0xb, 0xf9, 0x40, 0x0,
    0x1, 0x9e, 0xff, 0x70, 0x0, 0x0, 0x3c, 0xf2,
    0x0, 0x0, 0x7, 0xf3, 0xa, 0x76, 0x7e, 0xf0,
    0xd, 0xef, 0xeb, 0x30,

    /* U+0074 "t" */
    0x7, 0xf6, 0x0, 0x7, 0xf6, 0x0, 0xcf, 0xff,
    0xf8, 0x5a, 0xfa, 0x63, 0x7, 0xf6, 0x0, 0x7,
    0xf6, 0x0, 0x7, 0xf6, 0x0, 0x7, 0xf6, 0x0,
    0x6, 0xf6, 0x0, 0x4, 0xfd, 0x73, 0x0, 0x9e,
    0xf7,

    /* U+0075 "u" */
    0xaf, 0x30, 0x0, 0xbf, 0x1a, 0xf3, 0x0, 0xb,
    0xf1, 0xaf, 0x30, 0x0, 0xbf, 0x1a, 0xf3, 0x0,
    0xb, 0xf1, 0xaf, 0x30, 0x0, 0xbf, 0x1a, 0xf3,
    0x0, 0xb, 0xf1, 0x9f, 0x50, 0x0, 0xef, 0x15,
    0xfd, 0x66, 0xcf, 0xf1, 0x8, 0xef, 0xe8, 0x9f,
    0x10,

    /* U+0076 "v" */
    0xaf, 0x40, 0x0, 0xf, 0xe0, 0x4f, 0x90, 0x0,
    0x5f, 0x80, 0xe, 0xe0, 0x0, 0xaf, 0x20, 0x8,
    0xf4, 0x0, 0xfc, 0x0, 0x2, 0xfa, 0x6, 0xf6,
    0x0, 0x0, 0xcf, 0xb, 0xf1, 0x0, 0x0, 0x6f,
    0x7f, 0xa0, 0x0, 0x0, 0x1f, 0xff, 0x40, 0x0,
    0x0, 0xa, 0xfe, 0x0, 0x0,

    /* U+0077 "w" */
    0x8f, 0x50, 0x0, 0xff, 0x60, 0x0, 0xee, 0x3,
    0xf9, 0x0, 0x4f, 0xfa, 0x0, 0x2f, 0x90, 0xf,
    0xd0, 0x9, 0xfb, 0xf0, 0x6, 0xf5, 0x0, 0xbf,
    0x10, 0xdb, 0x5f, 0x30, 0xaf, 0x10, 0x6, 0xf5,
    0x2f, 0x61, 0xf8, 0xe, 0xc0, 0x0, 0x2f, 0x97,
    0xf1, 0xc, 0xd2, 0xf7, 0x0, 0x0, 0xdd, 0xbd,
    0x0, 0x8f, 0x8f, 0x30, 0x0, 0x9, 0xff, 0x80,
    0x3, 0xff, 0xe0, 0x0, 0x0, 0x4f, 0xf3, 0x0,
    0xe, 0xfa, 0x0, 0x0,

    /* U+0078 "x" */
    0x4f, 0xc0, 0x0, 0x8f, 0x80, 0x9, 0xf7, 0x2,
    0xfd, 0x0, 0x0, 0xef, 0x2c, 0xf3, 0x0, 0x0,
    0x4f, 0xef, 0x80, 0x0, 0x0, 0xd, 0xff, 0x10,
    0x0, 0x0, 0x6f, 0xcf, 0xa0, 0x0, 0x2, 0xfe,
    0xa, 0xf5, 0x0, 0xc, 0xf4, 0x1, 0xfe, 0x10,
    0x7f, 0x90, 0x0, 0x6f, 0xb0,

    /* U+0079 "y" */
    0xaf, 0x50, 0x0, 0xe, 0xe0, 0x3f, 0xb0, 0x0,
    0x4f, 0x80, 0xd, 0xf1, 0x0, 0xaf, 0x20, 0x6,
    0xf7, 0x0, 0xfc, 0x0, 0x0, 0xed, 0x5, 0xf6,
    0x0, 0x0, 0x8f, 0x3b, 0xf0, 0x0, 0x0, 0x2f,
    0xaf, 0x90, 0x0, 0x0, 0xb, 0xff, 0x30, 0x0,
    0x0, 0x5, 0xfd, 0x0, 0x0, 0x0, 0xa, 0xf6,
    0x0, 0x0, 0x7, 0xcf, 0xb0, 0x0, 0x0, 0xc,
    0xd8, 0x0, 0x0, 0x0,

    /* U+007A "z" */
    0xd, 0xff, 0xff, 0xfe, 0x0, 0x67, 0x77, 0xcf,
    0xb0, 0x0, 0x0, 0x3f, 0xe1, 0x0, 0x0, 0x1e,
    0xf3, 0x0, 0x0, 0xc, 0xf5, 0x0, 0x0, 0x9,
    0xf8, 0x0, 0x0, 0x6, 0xfb, 0x0, 0x0, 0x2,
    0xff, 0x98, 0x88, 0x81, 0x3f, 0xff, 0xff, 0xff,
    0x30,

    /* U+007B "{" */
    0x0, 0x3c, 0xd0, 0xe, 0xf7, 0x1, 0xfb, 0x0,
    0x2f, 0xb0, 0x2, 0xfb, 0x0, 0x2f, 0xb0, 0x6,
    0xf9, 0x4, 0xfe, 0x10, 0x19, 0xf8, 0x0, 0x2f,
    0xb0, 0x2, 0xfb, 0x0, 0x2f, 0xb0, 0x1, 0xfb,
    0x0, 0xe, 0xf7, 0x0, 0x3c, 0xd0,

    /* U+007C "|" */
    0x2f, 0x82, 0xf8, 0x2f, 0x82, 0xf8, 0x2f, 0x82,
    0xf8, 0x2f, 0x82, 0xf8, 0x2f, 0x82, 0xf8, 0x2f,
    0x82, 0xf8, 0x2f, 0x82, 0xf8, 0x2f, 0x80,

    /* U+007D "}" */
    0x7d, 0x70, 0x3, 0xcf, 0x40, 0x5, 0xf7, 0x0,
    0x4f, 0x80, 0x4, 0xf8, 0x0, 0x4f, 0x80, 0x2,
    0xfb, 0x10, 0x9, 0xfa, 0x2, 0xfd, 0x30, 0x4f,
    0x80, 0x4, 0xf8, 0x0, 0x4f, 0x80, 0x5, 0xf7,
    0x3, 0xcf, 0x40, 0x7e, 0x70, 0x0,

    /* U+007E "~" */
    0x0, 0x11, 0x0, 0x0, 0x0, 0xa, 0xff, 0xd6,
    0x3b, 0xf0, 0x5f, 0x86, 0xcf, 0xff, 0x70, 0x13,
    0x0, 0x2, 0x42, 0x0,

    /* U+4E00 "一" */
    0x1a, 0xaa, 0xaa, 0xaa, 0xaa, 0xaa, 0xaa, 0xa9,
    0x1f, 0xff, 0xff, 0xff, 0xff, 0xff, 0xff, 0xfe,
    0x1, 0x11, 0x11, 0x11, 0x11, 0x11, 0x11, 0x11,

    /* U+4E0B "下" */
    0x99, 0x99, 0x99, 0x99, 0x99, 0x99, 0x99, 0x6f,
    0xff, 0xff, 0xff, 0xff, 0xff, 0xff, 0xfa, 0x0,
    0x0, 0x0, 0xec, 0x0, 0x0, 0x0, 0x0, 0x0,
    0x0, 0xe, 0xc0, 0x0, 0x0, 0x0, 0x0, 0x0,
    0x0, 0xec, 0x83, 0x0, 0x0, 0x0, 0x0, 0x0,
    0xe, 0xde, 0xf6, 0x0, 0x0, 0x0, 0x0, 0x0,
    0xec, 0x2d, 0xf9, 0x0, 0x0, 0x0, 0x0, 0xe,
    0xc0, 0xb, 0xfc, 0x10, 0x0, 0x0, 0x0, 0xec,
    0x0, 0x9, 0xf6, 0x0, 0x0, 0x0, 0xe, 0xc0,
    0x0, 0x6, 0x0, 0x0, 0x0, 0x0, 0xec, 0x0,
    0x0, 0x0, 0x0, 0x0, 0x0, 0xe, 0xc0, 0x0,
    0x0, 0x0, 0x0, 0x0, 0x0, 0xec, 0x0, 0x0,
    0x0, 0x0, 0x0, 0x0, 0xe, 0xc0, 0x0, 0x0,
    0x0, 0x0, 0x0, 0x0, 0xec, 0x0, 0x0, 0x0,
    0x0,

    /* U+4F34 "伴" */
    0x0, 0x0, 0x20, 0x0, 0x2, 0x61, 0x0, 0x0,
    0x0, 0x1, 0xf9, 0x21, 0x5, 0xf3, 0x1, 0x40,
    0x0, 0x7, 0xf4, 0xf9, 0x5, 0xf3, 0x8, 0xf1,
    0x0, 0xe, 0xc0, 0x8f, 0x25, 0xf3, 0x1e, 0xa0,
    0x0, 0x6f, 0x70, 0x1f, 0x95, 0xf3, 0x9f, 0x20,
    0x1, 0xef, 0x70, 0x7, 0x65, 0xf3, 0x78, 0x0,
    0xa, 0xff, 0x70, 0x67, 0x7a, 0xf9, 0x77, 0x70,
    0x6f, 0x9f, 0x70, 0xdf, 0xff, 0xff, 0xff, 0xf1,
    0x3c, 0x1f, 0x70, 0x0, 0x5, 0xf3, 0x0, 0x0,
    0x0, 0x1f, 0x70, 0x0, 0x5, 0xf3, 0x0, 0x0,
    0x0, 0x1f, 0x7b, 0xff, 0xff, 0xff, 0xff, 0xfd,
    0x0, 0x1f, 0x76, 0x88, 0x8a, 0xf9, 0x88, 0x87,
    0x0, 0x1f, 0x70, 0x0, 0x5, 0xf3, 0x0, 0x0,
    0x0, 0x1f, 0x70, 0x0, 0x5, 0xf3, 0x0, 0x0,
    0x0, 0x1f, 0x70, 0x0, 0x5, 0xf3, 0x0, 0x0,
    0x0, 0x1e, 0x70, 0x0, 0x5, 0xf3, 0x0, 0x0,

    /* U+4F59 "余" */
    0x0, 0x0, 0x0, 0xb, 0xd4, 0x0, 0x0, 0x0,
    0x0, 0x0, 0x0, 0xaf, 0xde, 0x20, 0x0, 0x0,
    0x0, 0x0, 0xa, 0xf6, 0x2e, 0xe3, 0x0, 0x0,
    0x0, 0x2, 0xcf, 0x80, 0x2, 0xef, 0x60, 0x0,
    0x0, 0x7f, 0xf5, 0x0, 0x0, 0x1c, 0xfb, 0x30,
    0x3e, 0xfc, 0xdf, 0xff, 0xff, 0xff, 0xbf, 0xf9,
    0xd, 0x60, 0x68, 0x8c, 0xf9, 0x88, 0x22, 0xb6,
    0x0, 0x0, 0x0, 0x7, 0xf2, 0x0, 0x0, 0x0,
    0x5, 0x88, 0x88, 0x8b, 0xf9, 0x88, 0x88, 0x80,
    0x9, 0xff, 0xff, 0xff, 0xff, 0xff, 0xff, 0xf1,
    0x0, 0x0, 0x50, 0x7, 0xf2, 0x5, 0x0, 0x0,
    0x0, 0x7, 0xf6, 0x7, 0xf2, 0x2f, 0xd2, 0x0,
    0x0, 0x7f, 0xb0, 0x7, 0xf2, 0x4, 0xef, 0x40,
    0x9, 0xfb, 0x0, 0x1a, 0xf2, 0x0, 0x2d, 0xf4,
    0xd, 0x90, 0x9, 0xff, 0xf0, 0x0, 0x1, 0xc1,
    0x1, 0x0, 0x3, 0x97, 0x20, 0x0, 0x0, 0x0,

    /* U+505C "停" */
    0x0, 0x3, 0x81, 0x0, 0x9, 0x60, 0x0, 0x0,
    0x0, 0x9, 0xf2, 0x22, 0x2c, 0xe2, 0x22, 0x20,
    0x0, 0xe, 0xbc, 0xff, 0xff, 0xff, 0xff, 0xf5,
    0x0, 0x5f, 0x51, 0x11, 0x11, 0x11, 0x11, 0x10,
    0x0, 0xcf, 0x10, 0xff, 0xff, 0xff, 0xff, 0x20,
    0x4, 0xff, 0x10, 0xf8, 0x11, 0x11, 0x6f, 0x20,
    0xc, 0xff, 0x10, 0xff, 0xee, 0xee, 0xff, 0x20,
    0x7f, 0xbf, 0x10, 0x33, 0x33, 0x33, 0x33, 0x10,
    0x2b, 0x5f, 0x3f, 0xff, 0xff, 0xff, 0xff, 0xf5,
    0x0, 0x5f, 0x3f, 0x52, 0x22, 0x22, 0x24, 0xf5,
    0x0, 0x5f, 0x3f, 0x66, 0x66, 0x66, 0x65, 0xf5,
    0x0, 0x5f, 0x10, 0x5d, 0xde, 0xfd, 0xd7, 0x0,
    0x0, 0x5f, 0x10, 0x0, 0x8, 0xf0, 0x0, 0x0,
    0x0, 0x5f, 0x10, 0x0, 0x8, 0xf0, 0x0, 0x0,
    0x0, 0x5f, 0x10, 0x4, 0x7d, 0xf0, 0x0, 0x0,
    0x0, 0x5f, 0x10, 0x7, 0xfe, 0x70, 0x0, 0x0,
    0x0, 0x0, 0x0, 0x0, 0x0, 0x0, 0x0, 0x0,

    /* U+5269 "剩" */
    0x0, 0x0, 0x0, 0x1, 0x31, 0x0, 0x1, 0x50,
    0x2, 0xab, 0xcd, 0xff, 0xf6, 0x0, 0x5, 0xf0,
    0x2, 0x98, 0x7f, 0x83, 0x10, 0xe, 0x45, 0xf0,
    0x3, 0x33, 0x3f, 0x73, 0x33, 0xe, 0x45, 0xf0,
    0xf, 0xff, 0xff, 0xff, 0xff, 0x4e, 0x45, 0xf0,
    0x2, 0x39, 0x2f, 0x68, 0x42, 0xe, 0x45, 0xf0,
    0x7, 0x9f, 0x1f, 0x5d, 0x8c, 0x1e, 0x45, 0xf0,
    0xa, 0xbf, 0x1f, 0x5d, 0xf9, 0xe, 0x45, 0xf0,
    0x0, 0x6f, 0x1f, 0x5d, 0x64, 0x3e, 0x45, 0xf0,
    0x1f, 0xff, 0x7f, 0x5d, 0xbc, 0x8e, 0x45, 0xf0,
    0x5, 0x29, 0xff, 0x88, 0xba, 0x2e, 0x45, 0xf0,
    0x0, 0xc, 0xdf, 0xef, 0x40, 0xc, 0x35, 0xf0,
    0x1, 0xcf, 0x2f, 0x5b, 0xf6, 0x0, 0x5, 0xf0,
    0x3e, 0xf4, 0xf, 0x50, 0xaf, 0x50, 0x6, 0xf0,
    0x5f, 0x40, 0xf, 0x50, 0xa, 0x15, 0xcf, 0xf0,
    0x2, 0x0, 0xf, 0x50, 0x0, 0x3, 0xfc, 0x60,

    /* U+53F0 "台" */
    0x0, 0x0, 0x0, 0x0, 0x0, 0x0, 0x0, 0x0,
    0x0, 0x0, 0x2d, 0x40, 0x0, 0x0, 0x0, 0x0,
    0x0, 0x1d, 0xf2, 0x1, 0x0, 0x0, 0x0, 0x0,
    0xc, 0xf4, 0x0, 0xcc, 0x10, 0x0, 0x0, 0xb,
    0xf5, 0x0, 0x3, 0xfc, 0x10, 0x0, 0x1c, 0xf5,
    0x0, 0x0, 0x5, 0xfc, 0x0, 0x5f, 0xff, 0xde,
    0xef, 0xff, 0xff, 0xfb, 0x4, 0xec, 0xcb, 0xaa,
    0x98, 0x87, 0x79, 0xf4, 0x0, 0x0, 0x0, 0x0,
    0x0, 0x0, 0x4, 0x0, 0x7, 0x77, 0x77, 0x77,
    0x77, 0x77, 0x0, 0x1, 0xff, 0xff, 0xff, 0xff,
    0xff, 0xf0, 0x0, 0x1f, 0x80, 0x0, 0x0, 0x0,
    0x9f, 0x0, 0x1, 0xf7, 0x0, 0x0, 0x0, 0x9,
    0xf0, 0x0, 0x1f, 0x70, 0x0, 0x0, 0x0, 0x9f,
    0x0, 0x1, 0xfb, 0x77, 0x77, 0x77, 0x7c, 0xf0,
    0x0, 0x1f, 0xff, 0xff, 0xff, 0xff, 0xff, 0x0,
    0x1, 0xf7, 0x0, 0x0, 0x0, 0x9, 0xf0, 0x0,

    /* U+5531 "唱" */
    0x13, 0x33, 0x20, 0xef, 0xff, 0xff, 0xf8, 0x6,
    0xff, 0xfe, 0xe, 0xa5, 0x55, 0x5f, 0x80, 0x6f,
    0xad, 0xe0, 0xea, 0x44, 0x44, 0xf8, 0x6, 0xf0,
    0x8e, 0xe, 0xff, 0xff, 0xff, 0x80, 0x6f, 0x8,
    0xe0, 0xe8, 0x0, 0x0, 0xe8, 0x6, 0xf0, 0x8e,
    0xe, 0xff, 0xff, 0xff, 0x80, 0x6f, 0x8, 0xe0,
    0x34, 0x44, 0x44, 0x42, 0x6, 0xf0, 0x8e, 0x15,
    0x55, 0x55, 0x55, 0x50, 0x6f, 0x8, 0xe4, 0xff,
    0xff, 0xff, 0xff, 0x26, 0xf0, 0x8e, 0x4f, 0x0,
    0x0, 0x5, 0xf2, 0x6f, 0x29, 0xe4, 0xff, 0xff,
    0xff, 0xff, 0x26, 0xff, 0xfe, 0x4f, 0x54, 0x44,
    0x48, 0xf2, 0x38, 0x88, 0x74, 0xf4, 0x44, 0x44,
    0x7f, 0x20, 0x0, 0x0, 0x4f, 0xff, 0xff, 0xff,
    0xf2, 0x0, 0x0, 0x4, 0xf0, 0x0, 0x0, 0x5f,
    0x20, 0x0, 0x0, 0x0, 0x0, 0x0, 0x0, 0x0,

    /* U+5DF2 "已" */
    0xa, 0xaa, 0xaa, 0xaa, 0xaa, 0xaa, 0xa0, 0x1,
    0xff, 0xff, 0xff, 0xff, 0xff, 0xff, 0x0, 0x0,
    0x0, 0x0, 0x0, 0x0, 0xa, 0xf0, 0x0, 0x58,
    0x0, 0x0, 0x0, 0x0, 0xaf, 0x0, 0xa, 0xf0,
    0x0, 0x0, 0x0, 0xa, 0xf0, 0x0, 0xaf, 0x88,
    0x88, 0x88, 0x88, 0xdf, 0x0, 0xa, 0xff, 0xff,
    0xff, 0xff, 0xff, 0xf0, 0x0, 0xaf, 0x0, 0x0,
    0x0, 0x0, 0x0, 0x0, 0xa, 0xf0, 0x0, 0x0,
    0x0, 0x0, 0x0, 0x0, 0xaf, 0x0, 0x0, 0x0,
    0x0, 0x0, 0x50, 0xa, 0xf0, 0x0, 0x0, 0x0,
    0x0, 0x2f, 0x70, 0xaf, 0x10, 0x0, 0x0, 0x0,
    0x5, 0xf5, 0x8, 0xfd, 0x99, 0x88, 0x88, 0x9a,
    0xff, 0x10, 0x1a, 0xef, 0xff, 0xff, 0xff, 0xfd,
    0x70, 0x0, 0x0, 0x0, 0x0, 0x0, 0x0, 0x0,
    0x0,

    /* U+6682 "暂" */
    0x0, 0x2, 0x71, 0x0, 0x0, 0x0, 0x0, 0x0,
    0x3, 0x3a, 0xf3, 0x33, 0x15, 0x78, 0xbf, 0xc0,
    0xe, 0xff, 0xff, 0xff, 0x6f, 0xfd, 0xb8, 0x40,
    0x0, 0xcb, 0x6a, 0x0, 0x4f, 0x10, 0x0, 0x0,
    0x7, 0xfe, 0xef, 0xdd, 0x4f, 0xdd, 0xdd, 0xdb,
    0x2, 0x44, 0xaf, 0x44, 0x5f, 0x77, 0xfb, 0x75,
    0x5, 0x67, 0xcf, 0xbc, 0x8e, 0x0, 0xe8, 0x0,
    0xd, 0xca, 0xdf, 0x76, 0xe9, 0x0, 0xe8, 0x0,
    0x0, 0x0, 0x6a, 0x3, 0xd1, 0x0, 0x85, 0x0,
    0x0, 0x3f, 0xff, 0xff, 0xff, 0xff, 0xf7, 0x0,
    0x0, 0x3f, 0x83, 0x33, 0x33, 0x35, 0xf7, 0x0,
    0x0, 0x3f, 0x83, 0x33, 0x33, 0x35, 0xf7, 0x0,
    0x0, 0x3f, 0xff, 0xff, 0xff, 0xff, 0xf7, 0x0,
    0x0, 0x3f, 0x72, 0x22, 0x22, 0x24, 0xf7, 0x0,
    0x0, 0x3f, 0xff, 0xff, 0xff, 0xff, 0xf7, 0x0,
    0x0, 0x3f, 0x60, 0x0, 0x0, 0x1, 0xf7, 0x0,

    /* U+70B9 "点" */
    0x0, 0x0, 0x0, 0x7, 0x90, 0x0, 0x0, 0x0,
    0x0, 0x0, 0x0, 0xa, 0xe0, 0x0, 0x0, 0x0,
    0x0, 0x0, 0x0, 0xa, 0xff, 0xff, 0xff, 0xf5,
    0x0, 0x0, 0x0, 0xa, 0xf8, 0x88, 0x88, 0x82,
    0x0, 0x0, 0x0, 0xa, 0xe0, 0x0, 0x0, 0x0,
    0x0, 0x1f, 0xff, 0xff, 0xff, 0xff, 0xff, 0x0,
    0x0, 0x1f, 0xc9, 0x99, 0x99, 0x99, 0xcf, 0x0,
    0x0, 0x1f, 0x70, 0x0, 0x0, 0x0, 0x8f, 0x0,
    0x0, 0x1f, 0x70, 0x0, 0x0, 0x0, 0x8f, 0x0,
    0x0, 0x1f, 0xc9, 0x99, 0x99, 0x99, 0xcf, 0x0,
    0x0, 0x1f, 0xff, 0xff, 0xff, 0xff, 0xff, 0x0,
    0x0, 0x27, 0x10, 0x20, 0x2, 0x20, 0x18, 0x0,
    0x0, 0x9f, 0x16, 0xf2, 0xb, 0xc0, 0x3f, 0x90,
    0x1, 0xf9, 0x2, 0xf6, 0x5, 0xf2, 0x9, 0xf2,
    0xa, 0xf1, 0x0, 0xf9, 0x0, 0xf7, 0x1, 0xfb,
    0x8, 0x80, 0x0, 0x74, 0x0, 0x51, 0x0, 0x63,

    /* U+8C03 "调" */
    0x0, 0x70, 0x0, 0x0, 0x0, 0x0, 0x0, 0x0,
    0x2f, 0xa0, 0x4f, 0xff, 0xff, 0xff, 0xfe, 0x0,
    0x8f, 0x64, 0xf8, 0x77, 0x87, 0x7b, 0xf0, 0x0,
    0xda, 0x4f, 0x20, 0x6f, 0x0, 0x7f, 0x0, 0x2,
    0x4, 0xf5, 0xcd, 0xfc, 0xa7, 0xf0, 0x99, 0x80,
    0x4f, 0x37, 0xaf, 0x76, 0x7f, 0xf, 0xfe, 0x4,
    0xf2, 0x17, 0xf1, 0x17, 0xf0, 0x8, 0xe0, 0x4f,
    0xaf, 0xff, 0xff, 0xaf, 0x0, 0x8e, 0x4, 0xf2,
    0x0, 0x0, 0x7, 0xf0, 0x8, 0xe0, 0x5f, 0x2f,
    0xff, 0xf6, 0x7f, 0x0, 0x8e, 0x25, 0xf1, 0xf7,
    0x4e, 0x77, 0xf0, 0x8, 0xfe, 0xcf, 0xf, 0x40,
    0xd7, 0x7f, 0x0, 0x8f, 0xca, 0xd0, 0xf9, 0x6e,
    0x77, 0xf0, 0xb, 0xe1, 0xea, 0xd, 0xdd, 0xd5,
    0x7f, 0x0, 0x34, 0x4f, 0x60, 0x0, 0x3, 0xae,
    0xd0, 0x0, 0x5, 0xd0, 0x0, 0x0, 0x1c, 0xa3,
    0x0, 0x0, 0x0, 0x0, 0x0, 0x0, 0x0, 0x0,

    /* U+91CD "重" */
    0x0, 0x0, 0x0, 0x0, 0x1, 0x23, 0x45, 0x10,
    0x0, 0xae, 0xef, 0xff, 0xff, 0xff, 0xff, 0x40,
    0x0, 0x46, 0x66, 0x59, 0xf5, 0x21, 0x10, 0x0,
    0x2d, 0xdd, 0xdd, 0xde, 0xfd, 0xdd, 0xdd, 0xdb,
    0x5, 0x55, 0x55, 0x59, 0xf7, 0x55, 0x55, 0x55,
    0x0, 0x2, 0x22, 0x28, 0xf4, 0x22, 0x22, 0x0,
    0x0, 0x5f, 0xff, 0xff, 0xff, 0xff, 0xff, 0x10,
    0x0, 0x5f, 0x52, 0x27, 0xf4, 0x22, 0x8f, 0x10,
    0x0, 0x5f, 0xff, 0xff, 0xff, 0xff, 0xff, 0x10,
    0x0, 0x5f, 0x42, 0x27, 0xf3, 0x22, 0x8f, 0x10,
    0x0, 0x4f, 0xff, 0xff, 0xff, 0xff, 0xff, 0x0,
    0x0, 0x1, 0x11, 0x17, 0xf3, 0x11, 0x11, 0x0,
    0x0, 0xbf, 0xff, 0xff, 0xff, 0xff, 0xff, 0x70,
    0x2, 0x34, 0x44, 0x48, 0xf5, 0x44, 0x44, 0x31,
    0xd, 0xff, 0xff, 0xff, 0xff, 0xff, 0xff, 0xf8,

    /* U+97F3 "音" */
    0x0, 0x0, 0x0, 0x6, 0xb0, 0x0, 0x0, 0x0,
    0x0, 0x33, 0x33, 0x39, 0xf5, 0x33, 0x33, 0x20,
    0x2, 0xff, 0xff, 0xff, 0xff, 0xff, 0xff, 0xe0,
    0x0, 0x33, 0x8f, 0x53, 0x33, 0x7f, 0x63, 0x30,
    0x0, 0x0, 0x4f, 0x50, 0x0, 0x8f, 0x0, 0x0,
    0x7, 0x77, 0x8f, 0xb7, 0x77, 0xde, 0x77, 0x75,
    0xf, 0xff, 0xff, 0xff, 0xff, 0xff, 0xff, 0xfc,
    0x0, 0x0, 0x0, 0x0, 0x0, 0x0, 0x0, 0x0,
    0x0, 0x1f, 0xff, 0xff, 0xff, 0xff, 0xfc, 0x0,
    0x0, 0x1f, 0xb8, 0x88, 0x88, 0x88, 0xed, 0x0,
    0x0, 0x1f, 0x80, 0x0, 0x0, 0x0, 0xcd, 0x0,
    0x0, 0x1f, 0xff, 0xff, 0xff, 0xff, 0xfd, 0x0,
    0x0, 0x1f, 0xa5, 0x55, 0x55, 0x55, 0xdd, 0x0,
    0x0, 0x1f, 0xa6, 0x66, 0x66, 0x66, 0xdd, 0x0,
    0x0, 0x1f, 0xff, 0xff, 0xff, 0xff, 0xfd, 0x0,
    0x0, 0x1f, 0x70, 0x0, 0x0, 0x0, 0xcd, 0x0,

    /* U+9996 "首" */
    0x0, 0x0, 0x1, 0x0, 0x0, 0x1, 0x0, 0x0,
    0x0, 0x0, 0x7e, 0x10, 0x0, 0x5f, 0x40, 0x0,
    0x0, 0x0, 0x1e, 0x90, 0x1, 0xec, 0x0, 0x0,
    0xf, 0xff, 0xff, 0xff, 0xff, 0xff, 0xff, 0xfa,
    0x7, 0x77, 0x77, 0x7d, 0xf7, 0x77, 0x77, 0x75,
    0x0, 0x0, 0x0, 0xe, 0xc0, 0x0, 0x0, 0x0,
    0x0, 0x1f, 0xff, 0xff, 0xff, 0xff, 0xfb, 0x0,
    0x0, 0x2f, 0xa6, 0x66, 0x66, 0x66, 0xeb, 0x0,
    0x0, 0x2f, 0x71, 0x11, 0x11, 0x11, 0xdb, 0x0,
    0x0, 0x2f, 0xff, 0xff, 0xff, 0xff, 0xfb, 0x0,
    0x0, 0x2f, 0x94, 0x44, 0x44, 0x44, 0xdb, 0x0,
    0x0, 0x2f, 0x95, 0x55, 0x55, 0x55, 0xdb, 0x0,
    0x0, 0x2f, 0xff, 0xff, 0xff, 0xff, 0xfb, 0x0,
    0x0, 0x2f, 0x60, 0x0, 0x0, 0x0, 0xdb, 0x0,
    0x0, 0x2f, 0xa6, 0x66, 0x66, 0x66, 0xeb, 0x0,
    0x0, 0x2f, 0xff, 0xff, 0xff, 0xff, 0xfb, 0x0,
    0x0, 0x2f, 0x60, 0x0, 0x0, 0x0, 0xdb, 0x0,
    0x0, 0x1, 0x0, 0x0, 0x0, 0x0, 0x0, 0x0,

    /* U+F001 "" */
    0x0, 0x0, 0x0, 0x0, 0x0, 0x0, 0x0, 0x38,
    0xc8, 0x0, 0x0, 0x0, 0x0, 0x0, 0x15, 0xae,
    0xff, 0xfe, 0x0, 0x0, 0x0, 0x2, 0x7c, 0xff,
    0xff, 0xff, 0xfe, 0x0, 0x0, 0x6, 0xef, 0xff,
    0xff, 0xff, 0xff, 0xfe, 0x0, 0x0, 0xe, 0xff,
    0xff, 0xff, 0xff, 0xfe, 0xfe, 0x0, 0x0, 0xe,
    0xff, 0xff, 0xff, 0xb6, 0x13, 0xfe, 0x0, 0x0,
    0xe, 0xff, 0xd9, 0x40, 0x0, 0x3, 0xfe, 0x0,
    0x0, 0xe, 0xf4, 0x0, 0x0, 0x0, 0x3, 0xfe,
    0x0, 0x0, 0xe, 0xf3, 0x0, 0x0, 0x0, 0x3,
    0xfe, 0x0, 0x0, 0xe, 0xf3, 0x0, 0x0, 0x0,
    0x3, 0xfe, 0x0, 0x0, 0xe, 0xf3, 0x0, 0x0,
    0x1, 0x35, 0xfe, 0x0, 0x0, 0xe, 0xf3, 0x0,
    0x0, 0x9f, 0xff, 0xfe, 0x0, 0x0, 0x1e, 0xf3,
    0x0, 0x5, 0xff, 0xff, 0xfe, 0x4, 0xdf, 0xff,
    0xf3, 0x0, 0x4, 0xff, 0xff, 0xfb, 0xf, 0xff,
    0xff, 0xf3, 0x0, 0x0, 0x5c, 0xfe, 0x91, 0xf,
    0xff, 0xff, 0xf1, 0x0, 0x0, 0x0, 0x0, 0x0,
    0x4, 0xdf, 0xfd, 0x40, 0x0, 0x0, 0x0, 0x0,
    0x0, 0x0, 0x0, 0x10, 0x0, 0x0, 0x0, 0x0,
    0x0, 0x0,

    /* U+F008 "" */
    0x90, 0x9, 0xcc, 0xcc, 0xcc, 0xcc, 0xc9, 0x0,
    0x9f, 0xbb, 0xff, 0xdd, 0xdd, 0xdd, 0xdf, 0xfb,
    0xbf, 0xf7, 0x6e, 0xc0, 0x0, 0x0, 0x0, 0xce,
    0x67, 0xff, 0x10, 0xdc, 0x0, 0x0, 0x0, 0xc,
    0xd0, 0x1f, 0xf9, 0x8f, 0xc0, 0x0, 0x0, 0x0,
    0xcf, 0x89, 0xff, 0xa9, 0xfd, 0x22, 0x22, 0x22,
    0x2d, 0xf9, 0xaf, 0xf1, 0xd, 0xff, 0xff, 0xff,
    0xff, 0xfd, 0x1, 0xff, 0x65, 0xee, 0x66, 0x66,
    0x66, 0x6e, 0xe5, 0x6f, 0xfc, 0xcf, 0xc0, 0x0,
    0x0, 0x0, 0xcf, 0xcc, 0xff, 0x10, 0xdc, 0x0,
    0x0, 0x0, 0xc, 0xd0, 0x1f, 0xf3, 0x2d, 0xc0,
    0x0, 0x0, 0x0, 0xcd, 0x23, 0xff, 0xff, 0xff,
    0x99, 0x99, 0x99, 0x9f, 0xff, 0xff, 0xd1, 0xd,
    0xff, 0xff, 0xff, 0xff, 0xfd, 0x1, 0xd0,

    /* U+F00B "" */
    0xcf, 0xff, 0xb0, 0xcf, 0xff, 0xff, 0xff, 0xff,
    0xcf, 0xff, 0xff, 0xf, 0xff, 0xff, 0xff, 0xff,
    0xff, 0xff, 0xff, 0xf0, 0xff, 0xff, 0xff, 0xff,
    0xff, 0xff, 0xff, 0xfe, 0xe, 0xff, 0xff, 0xff,
    0xff, 0xff, 0x24, 0x44, 0x20, 0x24, 0x44, 0x44,
    0x44, 0x44, 0x22, 0x44, 0x42, 0x2, 0x44, 0x44,
    0x44, 0x44, 0x42, 0xff, 0xff, 0xe0, 0xef, 0xff,
    0xff, 0xff, 0xff, 0xff, 0xff, 0xff, 0xf, 0xff,
    0xff, 0xff, 0xff, 0xff, 0xff, 0xff, 0xf0, 0xff,
    0xff, 0xff, 0xff, 0xff, 0xfc, 0xff, 0xfb, 0xc,
    0xff, 0xff, 0xff, 0xff, 0xfc, 0x13, 0x33, 0x10,
    0x13, 0x33, 0x33, 0x33, 0x33, 0x1e, 0xff, 0xfd,
    0xe, 0xff, 0xff, 0xff, 0xff, 0xfe, 0xff, 0xff,
    0xf0, 0xff, 0xff, 0xff, 0xff, 0xff, 0xff, 0xff,
    0xff, 0xf, 0xff, 0xff, 0xff, 0xff, 0xff, 0xdf,
    0xff, 0xc0, 0xdf, 0xff, 0xff, 0xff, 0xff, 0xd0,
    0x11, 0x10, 0x0, 0x11, 0x11, 0x11, 0x11, 0x10,

    /* U+F00C "" */
    0x0, 0x0, 0x0, 0x0, 0x0, 0x0, 0x0, 0x87,
    0x0, 0x0, 0x0, 0x0, 0x0, 0x0, 0x0, 0x9f,
    0xf7, 0x0, 0x0, 0x0, 0x0, 0x0, 0x0, 0x9f,
    0xff, 0xe0, 0x0, 0x0, 0x0, 0x0, 0x0, 0x9f,
    0xff, 0xf3, 0x3, 0x40, 0x0, 0x0, 0x0, 0x9f,
    0xff, 0xf3, 0x4, 0xff, 0x50, 0x0, 0x0, 0x9f,
    0xff, 0xf3, 0x0, 0xef, 0xff, 0x50, 0x0, 0x9f,
    0xff, 0xf3, 0x0, 0x7, 0xff, 0xff, 0x50, 0x9f,
    0xff, 0xf3, 0x0, 0x0, 0x7, 0xff, 0xff, 0xbf,
    0xff, 0xf3, 0x0, 0x0, 0x0, 0x7, 0xff, 0xff,
    0xff, 0xf3, 0x0, 0x0, 0x0, 0x0, 0x7, 0xff,
    0xff, 0xf3, 0x0, 0x0, 0x0, 0x0, 0x0, 0x6,
    0xff, 0xf3, 0x0, 0x0, 0x0, 0x0, 0x0, 0x0,
    0x6, 0xe3, 0x0, 0x0, 0x0, 0x0, 0x0,

    /* U+F00D "" */
    0x1, 0x0, 0x0, 0x0, 0x0, 0x0, 0x5f, 0xc1,
    0x0, 0x0, 0x3f, 0xd1, 0xef, 0xfc, 0x10, 0x3,
    0xff, 0xf9, 0x8f, 0xff, 0xc1, 0x3f, 0xff, 0xf4,
    0x9, 0xff, 0xfd, 0xff, 0xff, 0x40, 0x0, 0x9f,
    0xff, 0xff, 0xf4, 0x0, 0x0, 0xa, 0xff, 0xff,
    0x50, 0x0, 0x0, 0x3f, 0xff, 0xff, 0xc1, 0x0,
    0x3, 0xff, 0xff, 0xff, 0xfc, 0x10, 0x3f, 0xff,
    0xf4, 0x9f, 0xff, 0xc1, 0xef, 0xff, 0x40, 0x9,
    0xff, 0xf9, 0xaf, 0xf4, 0x0, 0x0, 0x9f, 0xf5,
    0x7, 0x30, 0x0, 0x0, 0x6, 0x40,

    /* U+F011 "" */
    0x0, 0x0, 0x0, 0x9, 0xd7, 0x0, 0x0, 0x0,
    0x0, 0x0, 0x1, 0x0, 0xef, 0xb0, 0x2, 0x0,
    0x0, 0x0, 0x1d, 0xf1, 0xe, 0xfb, 0x3, 0xfb,
    0x0, 0x0, 0x1d, 0xff, 0x60, 0xef, 0xb0, 0x9f,
    0xfb, 0x0, 0x9, 0xff, 0xb0, 0xe, 0xfb, 0x1,
    0xdf, 0xf6, 0x1, 0xff, 0xd0, 0x0, 0xef, 0xb0,
    0x2, 0xff, 0xd0, 0x7f, 0xf5, 0x0, 0xe, 0xfb,
    0x0, 0x9, 0xff, 0x3a, 0xff, 0x10, 0x0, 0xef,
    0xb0, 0x0, 0x4f, 0xf6, 0xbf, 0xf0, 0x0, 0xe,
    0xfb, 0x0, 0x2, 0xff, 0x8a, 0xff, 0x0, 0x0,
    0x7a, 0x50, 0x0, 0x3f, 0xf7, 0x8f, 0xf3, 0x0,
    0x0, 0x0, 0x0, 0x7, 0xff, 0x53, 0xff, 0xb0,
    0x0, 0x0, 0x0, 0x0, 0xdf, 0xf0, 0xc, 0xff,
    0x70, 0x0, 0x0, 0x0, 0xaf, 0xf9, 0x0, 0x2f,
    0xff, 0xa2, 0x0, 0x3, 0xcf, 0xfd, 0x10, 0x0,
    0x4f, 0xff, 0xfe, 0xde, 0xff, 0xfe, 0x20, 0x0,
    0x0, 0x2d, 0xff, 0xff, 0xff, 0xfb, 0x10, 0x0,
    0x0, 0x0, 0x4, 0x9c, 0xdc, 0x93, 0x0, 0x0,
    0x0,

    /* U+F013 "" */
    0x0, 0x0, 0x0, 0x37, 0x97, 0x30, 0x0, 0x0,
    0x0, 0x0, 0x0, 0xa, 0xff, 0xfa, 0x0, 0x0,
    0x0, 0x0, 0x0, 0x0, 0xbf, 0xff, 0xb0, 0x0,
    0x0, 0x0, 0xd, 0xb6, 0xef, 0xff, 0xff, 0xe6,
    0xbd, 0x0, 0x9, 0xff, 0xff, 0xff, 0xff, 0xff,
    0xff, 0xf9, 0x1, 0xff, 0xff, 0xff, 0xff, 0xff,
    0xff, 0xff, 0xf1, 0x3f, 0xff, 0xff, 0xd3, 0x3,
    0xdf, 0xff, 0xff, 0x30, 0x1e, 0xff, 0xf2, 0x0,
    0x2, 0xff, 0xfe, 0x10, 0x0, 0xdf, 0xfe, 0x0,
    0x0, 0xe, 0xff, 0xd0, 0x0, 0xd, 0xff, 0xf0,
    0x0, 0x0, 0xff, 0xfd, 0x0, 0x2c, 0xff, 0xff,
    0xa0, 0x0, 0xaf, 0xff, 0xfc, 0x22, 0xff, 0xff,
    0xff, 0xec, 0xef, 0xff, 0xff, 0xf3, 0xb, 0xff,
    0xff, 0xff, 0xff, 0xff, 0xff, 0xfb, 0x0, 0x2f,
    0xea, 0xff, 0xff, 0xff, 0xfa, 0xef, 0x20, 0x0,
    0x20, 0x3, 0xdf, 0xff, 0xd3, 0x0, 0x20, 0x0,
    0x0, 0x0, 0xa, 0xff, 0xfa, 0x0, 0x0, 0x0,
    0x0, 0x0, 0x0, 0x6b, 0xdc, 0x60, 0x0, 0x0,
    0x0, 0x0, 0x0, 0x0, 0x0, 0x0, 0x0, 0x0,
    0x0,

    /* U+F015 "" */
    0x0, 0x0, 0x0, 0x0, 0x6c, 0x70, 0x5, 0xdd,
    0x20, 0x0, 0x0, 0x0, 0x0, 0x9, 0xff, 0xfb,
    0x7, 0xff, 0x30, 0x0, 0x0, 0x0, 0x1, 0xcf,
    0xfb, 0xff, 0xd9, 0xff, 0x30, 0x0, 0x0, 0x0,
    0x3e, 0xff, 0x50, 0x3e, 0xff, 0xff, 0x30, 0x0,
    0x0, 0x5, 0xff, 0xe3, 0x5f, 0x62, 0xdf, 0xff,
    0x30, 0x0, 0x0, 0x8f, 0xfc, 0x17, 0xff, 0xf9,
    0x1b, 0xff, 0x90, 0x0, 0xa, 0xff, 0xa1, 0xaf,
    0xff, 0xff, 0xc1, 0x8f, 0xfb, 0x10, 0xcf, 0xf7,
    0x1c, 0xff, 0xff, 0xff, 0xfd, 0x25, 0xff, 0xe0,
    0x8f, 0x43, 0xef, 0xff, 0xff, 0xff, 0xff, 0xf4,
    0x3e, 0xa0, 0x1, 0xc, 0xff, 0xff, 0xff, 0xff,
    0xff, 0xfe, 0x1, 0x0, 0x0, 0xd, 0xff, 0xff,
    0xdc, 0xdf, 0xff, 0xff, 0x0, 0x0, 0x0, 0xd,
    0xff, 0xff, 0x0, 0xd, 0xff, 0xff, 0x0, 0x0,
    0x0, 0xd, 0xff, 0xff, 0x0, 0xd, 0xff, 0xff,
    0x0, 0x0, 0x0, 0xd, 0xff, 0xff, 0x0, 0xd,
    0xff, 0xff, 0x0, 0x0, 0x0, 0xc, 0xff, 0xfe,
    0x0, 0xc, 0xff, 0xfe, 0x0, 0x0, 0x0, 0x0,
    0x0, 0x0, 0x0, 0x0, 0x0, 0x0, 0x0, 0x0,

    /* U+F019 "" */
    0x0, 0x0, 0x0, 0x4c, 0xcc, 0x40, 0x0, 0x0,
    0x0, 0x0, 0x0, 0x9, 0xff, 0xf9, 0x0, 0x0,
    0x0, 0x0, 0x0, 0x0, 0xaf, 0xff, 0xa0, 0x0,
    0x0, 0x0, 0x0, 0x0, 0xa, 0xff, 0xfa, 0x0,
    0x0, 0x0, 0x0, 0x0, 0x0, 0xaf, 0xff, 0xa0,
    0x0, 0x0, 0x0, 0x0, 0x0, 0xa, 0xff, 0xfa,
    0x0, 0x0, 0x0, 0x0, 0x5, 0x66, 0xcf, 0xff,
    0xc6, 0x65, 0x0, 0x0, 0x1, 0xff, 0xff, 0xff,
    0xff, 0xff, 0xf1, 0x0, 0x0, 0x4, 0xff, 0xff,
    0xff, 0xff, 0xf3, 0x0, 0x0, 0x0, 0x3, 0xff,
    0xff, 0xff, 0xf3, 0x0, 0x0, 0x0, 0x0, 0x3,
    0xff, 0xff, 0xf3, 0x0, 0x0, 0x0, 0x11, 0x11,
    0x13, 0xef, 0xe3, 0x11, 0x11, 0x10, 0xef, 0xff,
    0xff, 0x53, 0xc3, 0x5f, 0xff, 0xff, 0xef, 0xff,
    0xff, 0xff, 0x83, 0x8f, 0xff, 0xff, 0xff, 0xff,
    0xff, 0xff, 0xff, 0xff, 0xff, 0xff, 0xff, 0xff,
    0xff, 0xff, 0xff, 0xff, 0xff, 0xb4, 0xd2, 0xff,
    0xdf, 0xff, 0xff, 0xff, 0xff, 0xff, 0xff, 0xff,
    0xd0,

    /* U+F01C "" */
    0x0, 0x1, 0xcf, 0xff, 0xff, 0xff, 0xff, 0xc2,
    0x0, 0x0, 0x0, 0xb, 0xff, 0xff, 0xff, 0xff,
    0xff, 0xfc, 0x0, 0x0, 0x0, 0x5f, 0xf4, 0x22,
    0x22, 0x22, 0x23, 0xff, 0x70, 0x0, 0x1, 0xef,
    0x80, 0x0, 0x0, 0x0, 0x0, 0x6f, 0xf2, 0x0,
    0xa, 0xfd, 0x0, 0x0, 0x0, 0x0, 0x0, 0xc,
    0xfc, 0x0, 0x5f, 0xf4, 0x0, 0x0, 0x0, 0x0,
    0x0, 0x2, 0xff, 0x70, 0xef, 0xd6, 0x66, 0x40,
    0x0, 0x0, 0x36, 0x66, 0xcf, 0xf0, 0xff, 0xff,
    0xff, 0xf1, 0x0, 0x0, 0xef, 0xff, 0xff, 0xf1,
    0xff, 0xff, 0xff, 0xfa, 0x44, 0x48, 0xff, 0xff,
    0xff, 0xf2, 0xff, 0xff, 0xff, 0xff, 0xff, 0xff,
    0xff, 0xff, 0xff, 0xf2, 0xff, 0xff, 0xff, 0xff,
    0xff, 0xff, 0xff, 0xff, 0xff, 0xf2, 0xff, 0xff,
    0xff, 0xff, 0xff, 0xff, 0xff, 0xff, 0xff, 0xf1,
    0x7f, 0xff, 0xff, 0xff, 0xff, 0xff, 0xff, 0xff,
    0xff, 0x90,

    /* U+F021 "" */
    0x0, 0x0, 0x0, 0x0, 0x0, 0x0, 0x0, 0x1,
    0x10, 0x0, 0x0, 0x4, 0x78, 0x63, 0x0, 0x5,
    0xff, 0x0, 0x0, 0x8f, 0xff, 0xff, 0xfd, 0x60,
    0x4f, 0xf0, 0x1, 0xdf, 0xff, 0xfe, 0xff, 0xff,
    0xc5, 0xff, 0x1, 0xef, 0xfb, 0x30, 0x0, 0x4b,
    0xff, 0xff, 0xf0, 0xaf, 0xf7, 0x0, 0x0, 0x0,
    0x5, 0xff, 0xff, 0x2f, 0xf8, 0x0, 0x0, 0x6,
    0xfe, 0xef, 0xff, 0xf7, 0xff, 0x0, 0x0, 0x0,
    0x6f, 0xff, 0xff, 0xff, 0x25, 0x40, 0x0, 0x0,
    0x1, 0x55, 0x55, 0x55, 0x40, 0x0, 0x0, 0x0,
    0x0, 0x0, 0x0, 0x0, 0x0, 0x45, 0x55, 0x55,
    0x51, 0x0, 0x0, 0x0, 0x35, 0x2f, 0xff, 0xff,
    0xff, 0x60, 0x0, 0x0, 0xf, 0xf7, 0xff, 0xff,
    0xef, 0xf6, 0x0, 0x0, 0x7, 0xff, 0x2f, 0xff,
    0xf3, 0x0, 0x0, 0x0, 0x4, 0xff, 0xb0, 0xff,
    0xff, 0xf7, 0x0, 0x0, 0x7, 0xff, 0xf2, 0xf,
    0xf7, 0xff, 0xff, 0xa8, 0xae, 0xff, 0xf4, 0x0,
    0xff, 0x42, 0xaf, 0xff, 0xff, 0xff, 0xc2, 0x0,
    0xf, 0xf5, 0x0, 0x28, 0xbd, 0xc9, 0x40, 0x0,
    0x0, 0x11, 0x0, 0x0, 0x0, 0x0, 0x0, 0x0,
    0x0, 0x0,

    /* U+F026 "" */
    0x0, 0x0, 0x0, 0x8, 0x20, 0x0, 0x0, 0xb,
    0xf7, 0x0, 0x0, 0xb, 0xff, 0x84, 0x66, 0x6b,
    0xff, 0xf8, 0xff, 0xff, 0xff, 0xff, 0x8f, 0xff,
    0xff, 0xff, 0xf8, 0xff, 0xff, 0xff, 0xff, 0x8f,
    0xff, 0xff, 0xff, 0xf8, 0xff, 0xff, 0xff, 0xff,
    0x8c, 0xff, 0xff, 0xff, 0xf8, 0x0, 0x0, 0x4f,
    0xff, 0x80, 0x0, 0x0, 0x4f, 0xf8, 0x0, 0x0,
    0x0, 0x4f, 0x60, 0x0, 0x0, 0x0, 0x10,

    /* U+F027 "" */
    0x0, 0x0, 0x0, 0x7, 0x20, 0x0, 0x0, 0x0,
    0x0, 0xb, 0xf7, 0x0, 0x0, 0x0, 0x0, 0xb,
    0xff, 0x80, 0x0, 0x4, 0x66, 0x6b, 0xff, 0xf8,
    0x0, 0x0, 0xff, 0xff, 0xff, 0xff, 0x80, 0xca,
    0xf, 0xff, 0xff, 0xff, 0xf8, 0x8, 0xf7, 0xff,
    0xff, 0xff, 0xff, 0x80, 0xe, 0xbf, 0xff, 0xff,
    0xff, 0xf8, 0x4, 0xf9, 0xff, 0xff, 0xff, 0xff,
    0x80, 0xde, 0x1c, 0xff, 0xff, 0xff, 0xf8, 0x2,
    0x10, 0x0, 0x0, 0x4f, 0xff, 0x80, 0x0, 0x0,
    0x0, 0x0, 0x4f, 0xf8, 0x0, 0x0, 0x0, 0x0,
    0x0, 0x4f, 0x60, 0x0, 0x0, 0x0, 0x0, 0x0,
    0x10, 0x0, 0x0,

    /* U+F028 "" */
    0x0, 0x0, 0x0, 0x0, 0x0, 0x0, 0x0, 0x40,
    0x0, 0x0, 0x0, 0x0, 0x0, 0x0, 0x0, 0x0,
    0x4, 0xfa, 0x0, 0x0, 0x0, 0x0, 0x0, 0x8,
    0x20, 0x0, 0x0, 0x8f, 0xc0, 0x0, 0x0, 0x0,
    0x0, 0xbf, 0x70, 0x0, 0x93, 0x7, 0xf8, 0x0,
    0x0, 0x0, 0xb, 0xff, 0x80, 0x0, 0xef, 0x50,
    0xbf, 0x20, 0x46, 0x66, 0xbf, 0xff, 0x80, 0x0,
    0x2d, 0xf1, 0x3f, 0x90, 0xff, 0xff, 0xff, 0xff,
    0x80, 0xcb, 0x4, 0xf8, 0xc, 0xd0, 0xff, 0xff,
    0xff, 0xff, 0x80, 0x7f, 0x70, 0xdc, 0x9, 0xf0,
    0xff, 0xff, 0xff, 0xff, 0x80, 0xe, 0xb0, 0xbe,
    0x8, 0xf1, 0xff, 0xff, 0xff, 0xff, 0x80, 0x4f,
    0x90, 0xcd, 0x8, 0xf1, 0xff, 0xff, 0xff, 0xff,
    0x80, 0xde, 0x12, 0xf9, 0xb, 0xe0, 0xcf, 0xff,
    0xff, 0xff, 0x80, 0x21, 0xb, 0xf3, 0x1f, 0xa0,
    0x0, 0x0, 0x4f, 0xff, 0x80, 0x0, 0xbf, 0x80,
    0x8f, 0x40, 0x0, 0x0, 0x4, 0xff, 0x80, 0x0,
    0xd7, 0x3, 0xfb, 0x0, 0x0, 0x0, 0x0, 0x4f,
    0x60, 0x0, 0x0, 0x4f, 0xe1, 0x0, 0x0, 0x0,
    0x0, 0x1, 0x0, 0x0, 0x3, 0xfd, 0x20, 0x0,
    0x0, 0x0, 0x0, 0x0, 0x0, 0x0, 0x1, 0x81,
    0x0, 0x0,

    /* U+F03E "" */
    0x5c, 0xdd, 0xdd, 0xdd, 0xdd, 0xdd, 0xdd, 0xdc,
    0x5e, 0xff, 0xff, 0xff, 0xff, 0xff, 0xff, 0xff,
    0xfe, 0xff, 0x91, 0x4e, 0xff, 0xff, 0xff, 0xff,
    0xff, 0xff, 0xf0, 0x0, 0x8f, 0xff, 0xff, 0xff,
    0xff, 0xff, 0xff, 0x0, 0x8, 0xff, 0xff, 0xf4,
    0xbf, 0xff, 0xff, 0xfa, 0x36, 0xff, 0xff, 0xf3,
    0x0, 0xbf, 0xff, 0xff, 0xff, 0xef, 0xff, 0xf3,
    0x0, 0x0, 0xbf, 0xff, 0xff, 0xd1, 0x5f, 0xf3,
    0x0, 0x0, 0x2, 0xff, 0xff, 0xd1, 0x0, 0x53,
    0x0, 0x0, 0x0, 0x2f, 0xff, 0xf2, 0x0, 0x0,
    0x0, 0x0, 0x0, 0x2, 0xff, 0xff, 0x32, 0x22,
    0x22, 0x22, 0x22, 0x22, 0x3f, 0xff, 0xff, 0xff,
    0xff, 0xff, 0xff, 0xff, 0xff, 0xff, 0x7f, 0xff,
    0xff, 0xff, 0xff, 0xff, 0xff, 0xff, 0x70,

    /* U+F043 "" */
    0x0, 0x0, 0xb, 0x80, 0x0, 0x0, 0x0, 0x0,
    0x5f, 0xf1, 0x0, 0x0, 0x0, 0x0, 0xbf, 0xf6,
    0x0, 0x0, 0x0, 0x3, 0xff, 0xfe, 0x0, 0x0,
    0x0, 0xb, 0xff, 0xff, 0x70, 0x0, 0x0, 0x5f,
    0xff, 0xff, 0xf1, 0x0, 0x1, 0xef, 0xff, 0xff,
    0xfb, 0x0, 0xb, 0xff, 0xff, 0xff, 0xff, 0x70,
    0x4f, 0xff, 0xff, 0xff, 0xff, 0xf1, 0xbf, 0xff,
    0xff, 0xff, 0xff, 0xf6, 0xef, 0xdf, 0xff, 0xff,
    0xff, 0xf9, 0xff, 0x2c, 0xff, 0xff, 0xff, 0xfa,
    0xdf, 0x57, 0xff, 0xff, 0xff, 0xf8, 0x8f, 0xd1,
    0x8e, 0xff, 0xff, 0xf3, 0x1e, 0xfd, 0x40, 0xcf,
    0xff, 0xa0, 0x3, 0xef, 0xff, 0xff, 0xfc, 0x0,
    0x0, 0x19, 0xff, 0xfd, 0x70, 0x0, 0x0, 0x0,
    0x1, 0x10, 0x0, 0x0,

    /* U+F048 "" */
    0x0, 0x0, 0x0, 0x0, 0x0, 0xb, 0xd5, 0x0,
    0x0, 0x3, 0xc5, 0xef, 0x70, 0x0, 0x4, 0xff,
    0xbe, 0xf7, 0x0, 0x5, 0xff, 0xfb, 0xef, 0x70,
    0x6, 0xff, 0xff, 0xbe, 0xf7, 0x7, 0xff, 0xff,
    0xfb, 0xef, 0x78, 0xff, 0xff, 0xff, 0xbe, 0xfe,
    0xff, 0xff, 0xff, 0xfb, 0xef, 0xff, 0xff, 0xff,
    0xff, 0xbe, 0xff, 0xff, 0xff, 0xff, 0xfb, 0xef,
    0x8c, 0xff, 0xff, 0xff, 0xbe, 0xf7, 0xb, 0xff,
    0xff, 0xfb, 0xef, 0x70, 0x9, 0xff, 0xff, 0xbe,
    0xf7, 0x0, 0x8, 0xff, 0xfb, 0xef, 0x70, 0x0,
    0x7, 0xff, 0xbe, 0xf7, 0x0, 0x0, 0x5, 0xf7,
    0x0, 0x0, 0x0, 0x0, 0x0, 0x0,

    /* U+F04B "" */
    0x0, 0x0, 0x0, 0x0, 0x0, 0x0, 0x0, 0x5,
    0xd8, 0x10, 0x0, 0x0, 0x0, 0x0, 0x0, 0xef,
    0xfe, 0x60, 0x0, 0x0, 0x0, 0x0, 0xf, 0xff,
    0xff, 0xc3, 0x0, 0x0, 0x0, 0x0, 0xff, 0xff,
    0xff, 0xf9, 0x10, 0x0, 0x0, 0xf, 0xff, 0xff,
    0xff, 0xff, 0x70, 0x0, 0x0, 0xff, 0xff, 0xff,
    0xff, 0xff, 0xd4, 0x0, 0xf, 0xff, 0xff, 0xff,
    0xff, 0xff, 0xfa, 0x10, 0xff, 0xff, 0xff, 0xff,
    0xff, 0xff, 0xff, 0x5f, 0xff, 0xff, 0xff, 0xff,
    0xff, 0xff, 0xfc, 0xff, 0xff, 0xff, 0xff, 0xff,
    0xff, 0xff, 0x8f, 0xff, 0xff, 0xff, 0xff, 0xff,
    0xfe, 0x50, 0xff, 0xff, 0xff, 0xff, 0xff, 0xf8,
    0x0, 0xf, 0xff, 0xff, 0xff, 0xff, 0xb2, 0x0,
    0x0, 0xff, 0xff, 0xff, 0xfd, 0x40, 0x0, 0x0,
    0xf, 0xff, 0xff, 0xf7, 0x0, 0x0, 0x0, 0x0,
    0xff, 0xff, 0xa1, 0x0, 0x0, 0x0, 0x0, 0x9,
    0xfc, 0x30, 0x0, 0x0, 0x0, 0x0, 0x0, 0x0,
    0x0, 0x0, 0x0, 0x0, 0x0, 0x0, 0x0,

    /* U+F04C "" */
    0x5c, 0xdd, 0xd9, 0x0, 0xa, 0xdd, 0xdc, 0x4f,
    0xff, 0xff, 0xf5, 0x6, 0xff, 0xff, 0xfd, 0xff,
    0xff, 0xff, 0x60, 0x7f, 0xff, 0xff, 0xef, 0xff,
    0xff, 0xf6, 0x7, 0xff, 0xff, 0xfe, 0xff, 0xff,
    0xff, 0x60, 0x7f, 0xff, 0xff, 0xef, 0xff, 0xff,
    0xf6, 0x7, 0xff, 0xff, 0xfe, 0xff, 0xff, 0xff,
    0x60, 0x7f, 0xff, 0xff, 0xef, 0xff, 0xff, 0xf6,
    0x7, 0xff, 0xff, 0xfe, 0xff, 0xff, 0xff, 0x60,
    0x7f, 0xff, 0xff, 0xef, 0xff, 0xff, 0xf6, 0x7,
    0xff, 0xff, 0xfe, 0xff, 0xff, 0xff, 0x60, 0x7f,
    0xff, 0xff, 0xef, 0xff, 0xff, 0xf6, 0x7, 0xff,
    0xff, 0xfe, 0xff, 0xff, 0xff, 0x60, 0x7f, 0xff,
    0xff, 0xef, 0xff, 0xff, 0xf5, 0x6, 0xff, 0xff,
    0xfe, 0x8f, 0xff, 0xfc, 0x0, 0x1d, 0xff, 0xff,
    0x60, 0x0, 0x0, 0x0, 0x0, 0x0, 0x0, 0x0,

    /* U+F04D "" */
    0x5c, 0xdd, 0xdd, 0xdd, 0xdd, 0xdd, 0xdc, 0x3f,
    0xff, 0xff, 0xff, 0xff, 0xff, 0xff, 0xfd, 0xff,
    0xff, 0xff, 0xff, 0xff, 0xff, 0xff, 0xef, 0xff,
    0xff, 0xff, 0xff, 0xff, 0xff, 0xfe, 0xff, 0xff,
    0xff, 0xff, 0xff, 0xff, 0xff, 0xef, 0xff, 0xff,
    0xff, 0xff, 0xff, 0xff, 0xfe, 0xff, 0xff, 0xff,
    0xff, 0xff, 0xff, 0xff, 0xef, 0xff, 0xff, 0xff,
    0xff, 0xff, 0xff, 0xfe, 0xff, 0xff, 0xff, 0xff,
    0xff, 0xff, 0xff, 0xef, 0xff, 0xff, 0xff, 0xff,
    0xff, 0xff, 0xfe, 0xff, 0xff, 0xff, 0xff, 0xff,
    0xff, 0xff, 0xef, 0xff, 0xff, 0xff, 0xff, 0xff,
    0xff, 0xfe, 0xff, 0xff, 0xff, 0xff, 0xff, 0xff,
    0xff, 0xef, 0xff, 0xff, 0xff, 0xff, 0xff, 0xff,
    0xfd, 0x8f, 0xff, 0xff, 0xff, 0xff, 0xff, 0xff,
    0x60, 0x0, 0x0, 0x0, 0x0, 0x0, 0x0, 0x0,

    /* U+F051 "" */
    0x0, 0x0, 0x0, 0x0, 0x0, 0x5, 0xc3, 0x0,
    0x0, 0x5, 0xdb, 0xbf, 0xf4, 0x0, 0x0, 0x7f,
    0xeb, 0xff, 0xf5, 0x0, 0x7, 0xfe, 0xbf, 0xff,
    0xf6, 0x0, 0x7f, 0xeb, 0xff, 0xff, 0xf7, 0x7,
    0xfe, 0xbf, 0xff, 0xff, 0xf9, 0x7f, 0xeb, 0xff,
    0xff, 0xff, 0xfe, 0xfe, 0xbf, 0xff, 0xff, 0xff,
    0xff, 0xeb, 0xff, 0xff, 0xff, 0xff, 0xfe, 0xbf,
    0xff, 0xff, 0xfb, 0x8f, 0xeb, 0xff, 0xff, 0xfa,
    0x7, 0xfe, 0xbf, 0xff, 0xf9, 0x0, 0x7f, 0xeb,
    0xff, 0xf8, 0x0, 0x7, 0xfe, 0xbf, 0xf7, 0x0,
    0x0, 0x7f, 0xe7, 0xf6, 0x0, 0x0, 0x7, 0xfe,
    0x0, 0x0, 0x0, 0x0, 0x0, 0x0,

    /* U+F052 "" */
    0x0, 0x0, 0x0, 0x9, 0xe7, 0x0, 0x0, 0x0,
    0x0, 0x0, 0x0, 0x9, 0xff, 0xf6, 0x0, 0x0,
    0x0, 0x0, 0x0, 0x7, 0xff, 0xff, 0xf5, 0x0,
    0x0, 0x0, 0x0, 0x6, 0xff, 0xff, 0xff, 0xf4,
    0x0, 0x0, 0x0, 0x5, 0xff, 0xff, 0xff, 0xff,
    0xf3, 0x0, 0x0, 0x4, 0xff, 0xff, 0xff, 0xff,
    0xff, 0xe2, 0x0, 0x3, 0xff, 0xff, 0xff, 0xff,
    0xff, 0xff, 0xe2, 0x0, 0xdf, 0xff, 0xff, 0xff,
    0xff, 0xff, 0xff, 0xb0, 0xe, 0xff, 0xff, 0xff,
    0xff, 0xff, 0xff, 0xfb, 0x0, 0x29, 0x99, 0x99,
    0x99, 0x99, 0x99, 0x98, 0x10, 0x0, 0x23, 0x33,
    0x33, 0x33, 0x33, 0x33, 0x20, 0x0, 0xdf, 0xff,
    0xff, 0xff, 0xff, 0xff, 0xff, 0xb0, 0xf, 0xff,
    0xff, 0xff, 0xff, 0xff, 0xff, 0xfe, 0x0, 0xff,
    0xff, 0xff, 0xff, 0xff, 0xff, 0xff, 0xe0, 0xc,
    0xff, 0xff, 0xff, 0xff, 0xff, 0xff, 0xfa, 0x0,
    0x0, 0x11, 0x11, 0x11, 0x11, 0x11, 0x10, 0x0,

    /* U+F053 "" */
    0x0, 0x0, 0x0, 0x3, 0x70, 0x0, 0x0, 0x0,
    0x4f, 0xf7, 0x0, 0x0, 0x4, 0xff, 0xf6, 0x0,
    0x0, 0x4f, 0xff, 0x70, 0x0, 0x4, 0xff, 0xf7,
    0x0, 0x0, 0x4f, 0xff, 0x70, 0x0, 0x4, 0xff,
    0xf7, 0x0, 0x0, 0xf, 0xff, 0x90, 0x0, 0x0,
    0x8, 0xff, 0xf4, 0x0, 0x0, 0x0, 0x8f, 0xff,
    0x40, 0x0, 0x0, 0x8, 0xff, 0xf4, 0x0, 0x0,
    0x0, 0x8f, 0xff, 0x40, 0x0, 0x0, 0x8, 0xff,
    0xf4, 0x0, 0x0, 0x0, 0x8f, 0xf9, 0x0, 0x0,
    0x0, 0x7, 0xb1,

    /* U+F054 "" */
    0x1, 0x81, 0x0, 0x0, 0x0, 0xd, 0xfd, 0x10,
    0x0, 0x0, 0xc, 0xff, 0xd1, 0x0, 0x0, 0x1,
    0xcf, 0xfd, 0x10, 0x0, 0x0, 0x1c, 0xff, 0xd1,
    0x0, 0x0, 0x0, 0xcf, 0xfd, 0x10, 0x0, 0x0,
    0xc, 0xff, 0xd1, 0x0, 0x0, 0x1, 0xef, 0xfa,
    0x0, 0x0, 0x9, 0xff, 0xf3, 0x0, 0x0, 0x9f,
    0xff, 0x30, 0x0, 0x9, 0xff, 0xf3, 0x0, 0x0,
    0x9f, 0xff, 0x30, 0x0, 0x9, 0xff, 0xf3, 0x0,
    0x0, 0xf, 0xfe, 0x30, 0x0, 0x0, 0x4, 0xc3,
    0x0, 0x0, 0x0,

    /* U+F067 "" */
    0x0, 0x0, 0x0, 0xac, 0x90, 0x0, 0x0, 0x0,
    0x0, 0x0, 0x2f, 0xff, 0x0, 0x0, 0x0, 0x0,
    0x0, 0x2, 0xff, 0xf0, 0x0, 0x0, 0x0, 0x0,
    0x0, 0x2f, 0xff, 0x0, 0x0, 0x0, 0x0, 0x0,
    0x2, 0xff, 0xf0, 0x0, 0x0, 0x0, 0x0, 0x0,
    0x2f, 0xff, 0x0, 0x0, 0x0, 0xbf, 0xff, 0xff,
    0xff, 0xff, 0xff, 0xff, 0x9f, 0xff, 0xff, 0xff,
    0xff, 0xff, 0xff, 0xfd, 0xef, 0xff, 0xff, 0xff,
    0xff, 0xff, 0xff, 0xc1, 0x33, 0x33, 0x5f, 0xff,
    0x33, 0x33, 0x30, 0x0, 0x0, 0x2, 0xff, 0xf0,
    0x0, 0x0, 0x0, 0x0, 0x0, 0x2f, 0xff, 0x0,
    0x0, 0x0, 0x0, 0x0, 0x2, 0xff, 0xf0, 0x0,
    0x0, 0x0, 0x0, 0x0, 0x2f, 0xff, 0x0, 0x0,
    0x0, 0x0, 0x0, 0x0, 0xef, 0xd0, 0x0, 0x0,
    0x0, 0x0, 0x0, 0x0, 0x0, 0x0, 0x0, 0x0,

    /* U+F068 "" */
    0xbf, 0xff, 0xff, 0xff, 0xff, 0xff, 0xff, 0x9f,
    0xff, 0xff, 0xff, 0xff, 0xff, 0xff, 0xfd, 0xef,
    0xff, 0xff, 0xff, 0xff, 0xff, 0xff, 0xc1, 0x33,
    0x33, 0x33, 0x33, 0x33, 0x33, 0x30,

    /* U+F06E "" */
    0x0, 0x0, 0x0, 0x48, 0xab, 0xa8, 0x40, 0x0,
    0x0, 0x0, 0x0, 0x0, 0x6e, 0xff, 0xfe, 0xff,
    0xfe, 0x70, 0x0, 0x0, 0x0, 0x1b, 0xff, 0xe5,
    0x0, 0x4, 0xdf, 0xfc, 0x20, 0x0, 0x1, 0xdf,
    0xfe, 0x10, 0x17, 0x50, 0xc, 0xff, 0xe2, 0x0,
    0xc, 0xff, 0xf4, 0x0, 0xf, 0xfc, 0x2, 0xff,
    0xfd, 0x10, 0x8f, 0xff, 0xe0, 0x0, 0x6f, 0xff,
    0x70, 0xcf, 0xff, 0xa0, 0xff, 0xff, 0xc0, 0x8f,
    0xff, 0xff, 0xb0, 0xaf, 0xff, 0xf1, 0xaf, 0xff,
    0xe0, 0x7f, 0xff, 0xff, 0x90, 0xcf, 0xff, 0xc0,
    0x1e, 0xff, 0xf2, 0xe, 0xff, 0xff, 0x21, 0xff,
    0xff, 0x30, 0x3, 0xff, 0xfb, 0x1, 0x9c, 0xa2,
    0xa, 0xff, 0xf5, 0x0, 0x0, 0x3e, 0xff, 0xb1,
    0x0, 0x0, 0x9f, 0xff, 0x50, 0x0, 0x0, 0x1,
    0x9f, 0xff, 0xb9, 0xbf, 0xff, 0xb2, 0x0, 0x0,
    0x0, 0x0, 0x2, 0x7c, 0xef, 0xfc, 0x93, 0x0,
    0x0, 0x0,

    /* U+F070 "" */
    0x5b, 0x10, 0x0, 0x0, 0x0, 0x0, 0x0, 0x0,
    0x0, 0x0, 0x0, 0xef, 0xe3, 0x0, 0x0, 0x0,
    0x0, 0x0, 0x0, 0x0, 0x0, 0x0, 0x3d, 0xff,
    0x60, 0x3, 0x69, 0xba, 0x85, 0x0, 0x0, 0x0,
    0x0, 0x1, 0xbf, 0xfb, 0xdf, 0xff, 0xef, 0xff,
    0xe7, 0x0, 0x0, 0x0, 0x0, 0x7, 0xff, 0xfe,
    0x60, 0x0, 0x4c, 0xff, 0xd2, 0x0, 0x0, 0x0,
    0x0, 0x4e, 0xff, 0x50, 0x86, 0x0, 0xcf, 0xfe,
    0x30, 0x0, 0x0, 0x70, 0x1, 0xcf, 0xf9, 0xff,
    0xd1, 0x2f, 0xff, 0xe1, 0x0, 0x7, 0xfc, 0x20,
    0x9, 0xff, 0xff, 0xf8, 0xb, 0xff, 0xfb, 0x0,
    0xe, 0xff, 0xe4, 0x0, 0x5f, 0xff, 0xfc, 0x9,
    0xff, 0xff, 0x20, 0x9, 0xff, 0xff, 0x0, 0x2,
    0xdf, 0xfc, 0xb, 0xff, 0xfd, 0x0, 0x1, 0xef,
    0xff, 0x40, 0x0, 0xa, 0xff, 0xbf, 0xff, 0xf3,
    0x0, 0x0, 0x3f, 0xff, 0xd0, 0x0, 0x0, 0x6f,
    0xff, 0xff, 0x50, 0x0, 0x0, 0x3, 0xef, 0xfc,
    0x20, 0x0, 0x3, 0xef, 0xfa, 0x0, 0x0, 0x0,
    0x0, 0x19, 0xff, 0xfc, 0x99, 0x0, 0x1b, 0xff,
    0x90, 0x0, 0x0, 0x0, 0x0, 0x28, 0xce, 0xff,
    0xa0, 0x0, 0x8f, 0xfd, 0x20, 0x0, 0x0, 0x0,
    0x0, 0x0, 0x0, 0x0, 0x0, 0x4, 0xef, 0xf1,
    0x0, 0x0, 0x0, 0x0, 0x0, 0x0, 0x0, 0x0,
    0x0, 0x2c, 0xc0, 0x0, 0x0, 0x0, 0x0, 0x0,
    0x0, 0x0, 0x0, 0x0, 0x0, 0x0,

    /* U+F071 "" */
    0x0, 0x0, 0x0, 0x0, 0x6, 0xc7, 0x0, 0x0,
    0x0, 0x0, 0x0, 0x0, 0x0, 0x0, 0x2, 0xff,
    0xf4, 0x0, 0x0, 0x0, 0x0, 0x0, 0x0, 0x0,
    0x0, 0xbf, 0xff, 0xd0, 0x0, 0x0, 0x0, 0x0,
    0x0, 0x0, 0x0, 0x5f, 0xff, 0xff, 0x70, 0x0,
    0x0, 0x0, 0x0, 0x0, 0x0, 0xd, 0xff, 0xff,
    0xfe, 0x10, 0x0, 0x0, 0x0, 0x0, 0x0, 0x7,
    0xff, 0xff, 0xff, 0xf9, 0x0, 0x0, 0x0, 0x0,
    0x0, 0x1, 0xff, 0xf2, 0x0, 0xff, 0xf2, 0x0,
    0x0, 0x0, 0x0, 0x0, 0xaf, 0xff, 0x20, 0xf,
    0xff, 0xb0, 0x0, 0x0, 0x0, 0x0, 0x3f, 0xff,
    0xf3, 0x1, 0xff, 0xff, 0x50, 0x0, 0x0, 0x0,
    0xc, 0xff, 0xff, 0x40, 0x2f, 0xff, 0xfd, 0x0,
    0x0, 0x0, 0x5, 0xff, 0xff, 0xf5, 0x3, 0xff,
    0xff, 0xf7, 0x0, 0x0, 0x0, 0xef, 0xff, 0xff,
    0xda, 0xdf, 0xff, 0xff, 0xf1, 0x0, 0x0, 0x8f,
    0xff, 0xff, 0xf6, 0x4, 0xff, 0xff, 0xff, 0xa0,
    0x0, 0x1f, 0xff, 0xff, 0xff, 0x10, 0xf, 0xff,
    0xff, 0xff, 0x30, 0xa, 0xff, 0xff, 0xff, 0xf9,
    0x17, 0xff, 0xff, 0xff, 0xfc, 0x0, 0xff, 0xff,
    0xff, 0xff, 0xff, 0xff, 0xff, 0xff, 0xff, 0xf1,
    0x9, 0xff, 0xff, 0xff, 0xff, 0xff, 0xff, 0xff,
    0xff, 0xfb, 0x0, 0x1, 0x22, 0x22, 0x22, 0x22,
    0x22, 0x22, 0x22, 0x21, 0x0,

    /* U+F074 "" */
    0x0, 0x0, 0x0, 0x0, 0x0, 0x0, 0x1b, 0x30,
    0x0, 0x0, 0x0, 0x0, 0x0, 0x0, 0x4, 0xff,
    0x30, 0xab, 0xbb, 0x60, 0x0, 0x0, 0x7b, 0xcf,
    0xff, 0x3f, 0xff, 0xff, 0x60, 0x0, 0x7f, 0xff,
    0xff, 0xfe, 0xef, 0xff, 0xff, 0x40, 0x6f, 0xff,
    0xff, 0xff, 0x70, 0x0, 0x5f, 0xf3, 0x5f, 0xff,
    0x34, 0xff, 0x70, 0x0, 0x0, 0x64, 0x4f, 0xff,
    0x40, 0x2f, 0x70, 0x0, 0x0, 0x0, 0x3f, 0xff,
    0x50, 0x0, 0x0, 0x0, 0x0, 0x0, 0x3f, 0xff,
    0x63, 0x10, 0x1b, 0x30, 0x0, 0x0, 0x2e, 0xff,
    0x72, 0xed, 0x14, 0xff, 0x30, 0xab, 0xbe, 0xff,
    0x80, 0x9f, 0xfd, 0xcf, 0xff, 0x3f, 0xff, 0xff,
    0x90, 0x0, 0xbf, 0xff, 0xff, 0xfe, 0xef, 0xff,
    0xa0, 0x0, 0x0, 0xbf, 0xff, 0xff, 0x70, 0x0,
    0x0, 0x0, 0x0, 0x0, 0x4, 0xff, 0x70, 0x0,
    0x0, 0x0, 0x0, 0x0, 0x0, 0x2f, 0x70, 0x0,
    0x0, 0x0, 0x0, 0x0, 0x0, 0x0, 0x0, 0x0,

    /* U+F077 "" */
    0x0, 0x0, 0x0, 0x3b, 0x20, 0x0, 0x0, 0x0,
    0x0, 0x0, 0x3f, 0xfe, 0x20, 0x0, 0x0, 0x0,
    0x0, 0x3f, 0xff, 0xfe, 0x20, 0x0, 0x0, 0x0,
    0x3f, 0xff, 0xef, 0xfe, 0x20, 0x0, 0x0, 0x3f,
    0xff, 0x90, 0xbf, 0xfe, 0x20, 0x0, 0x3e, 0xff,
    0x90, 0x0, 0xbf, 0xfe, 0x20, 0x3e, 0xff, 0x90,
    0x0, 0x0, 0xbf, 0xfe, 0x2b, 0xff, 0x90, 0x0,
    0x0, 0x0, 0xbf, 0xf9, 0x3e, 0x90, 0x0, 0x0,
    0x0, 0x0, 0xad, 0x10, 0x0, 0x0, 0x0, 0x0,
    0x0, 0x0, 0x0,

    /* U+F078 "" */
    0x1a, 0x50, 0x0, 0x0, 0x0, 0x0, 0x69, 0xa,
    0xff, 0x50, 0x0, 0x0, 0x0, 0x7f, 0xf8, 0x5f,
    0xff, 0x50, 0x0, 0x0, 0x7f, 0xff, 0x40, 0x6f,
    0xff, 0x50, 0x0, 0x7f, 0xff, 0x40, 0x0, 0x6f,
    0xff, 0x50, 0x7f, 0xff, 0x40, 0x0, 0x0, 0x6f,
    0xff, 0xaf, 0xff, 0x40, 0x0, 0x0, 0x0, 0x6f,
    0xff, 0xff, 0x40, 0x0, 0x0, 0x0, 0x0, 0x6f,
    0xff, 0x40, 0x0, 0x0, 0x0, 0x0, 0x0, 0x6f,
    0x40, 0x0, 0x0, 0x0, 0x0, 0x0, 0x0, 0x0,
    0x0, 0x0, 0x0,

    /* U+F079 "" */
    0x0, 0x0, 0x7a, 0x0, 0x0, 0x0, 0x0, 0x0,
    0x0, 0x0, 0x0, 0x0, 0x0, 0x9f, 0xfc, 0x10,
    0x8e, 0xee, 0xee, 0xee, 0xea, 0x0, 0x0, 0x0,
    0x9f, 0xff, 0xfd, 0x16, 0xff, 0xff, 0xff, 0xff,
    0xf0, 0x0, 0x0, 0x9f, 0xff, 0xfe, 0xfd, 0x2,
    0x33, 0x33, 0x35, 0xff, 0x0, 0x0, 0xd, 0xf4,
    0xef, 0x4d, 0xf2, 0x0, 0x0, 0x0, 0x2f, 0xf0,
    0x0, 0x0, 0x2, 0xe, 0xf3, 0x12, 0x0, 0x0,
    0x0, 0x2, 0xff, 0x0, 0x0, 0x0, 0x0, 0xef,
    0x30, 0x0, 0x0, 0x0, 0x0, 0x2f, 0xf0, 0x0,
    0x0, 0x0, 0xe, 0xf3, 0x0, 0x0, 0x0, 0x1,
    0x2, 0xff, 0x1, 0x0, 0x0, 0x0, 0xef, 0x30,
    0x0, 0x0, 0x1, 0xfd, 0x4f, 0xf3, 0xfd, 0x0,
    0x0, 0xe, 0xf5, 0x22, 0x22, 0x21, 0xd, 0xfe,
    0xff, 0xef, 0xb0, 0x0, 0x0, 0xef, 0xff, 0xff,
    0xff, 0xf6, 0x1d, 0xff, 0xff, 0xa0, 0x0, 0x0,
    0xb, 0xff, 0xff, 0xff, 0xff, 0x90, 0x1c, 0xff,
    0xa0, 0x0, 0x0, 0x0, 0x0, 0x0, 0x0, 0x0,
    0x0, 0x0, 0xa, 0x80, 0x0, 0x0,

    /* U+F07B "" */
    0x4b, 0xcc, 0xcc, 0xb3, 0x0, 0x0, 0x0, 0x0,
    0xe, 0xff, 0xff, 0xff, 0xf3, 0x0, 0x0, 0x0,
    0x0, 0xff, 0xff, 0xff, 0xff, 0xfa, 0xaa, 0xaa,
    0xa9, 0x3f, 0xff, 0xff, 0xff, 0xff, 0xff, 0xff,
    0xff, 0xfe, 0xff, 0xff, 0xff, 0xff, 0xff, 0xff,
    0xff, 0xff, 0xff, 0xff, 0xff, 0xff, 0xff, 0xff,
    0xff, 0xff, 0xff, 0xff, 0xff, 0xff, 0xff, 0xff,
    0xff, 0xff, 0xff, 0xff, 0xff, 0xff, 0xff, 0xff,
    0xff, 0xff, 0xff, 0xff, 0xff, 0xff, 0xff, 0xff,
    0xff, 0xff, 0xff, 0xff, 0xff, 0xff, 0xff, 0xff,
    0xff, 0xff, 0xff, 0xff, 0xff, 0xff, 0xff, 0xff,
    0xff, 0xff, 0xff, 0xff, 0xff, 0xff, 0xff, 0xff,
    0xff, 0xff, 0xff, 0xff, 0xff, 0xff, 0x7f, 0xff,
    0xff, 0xff, 0xff, 0xff, 0xff, 0xff, 0x70,

    /* U+F093 "" */
    0x0, 0x0, 0x0, 0x4, 0xa0, 0x0, 0x0, 0x0,
    0x0, 0x0, 0x0, 0x4, 0xff, 0xc0, 0x0, 0x0,
    0x0, 0x0, 0x0, 0x4, 0xff, 0xff, 0xc0, 0x0,
    0x0, 0x0, 0x0, 0x4, 0xff, 0xff, 0xff, 0xc0,
    0x0, 0x0, 0x0, 0x4, 0xff, 0xff, 0xff, 0xff,
    0xc0, 0x0, 0x0, 0x3, 0xff, 0xff, 0xff, 0xff,
    0xff, 0xb0, 0x0, 0x0, 0x29, 0x99, 0xef, 0xff,
    0xc9, 0x97, 0x0, 0x0, 0x0, 0x0, 0xd, 0xff,
    0xf6, 0x0, 0x0, 0x0, 0x0, 0x0, 0x0, 0xdf,
    0xff, 0x60, 0x0, 0x0, 0x0, 0x0, 0x0, 0xd,
    0xff, 0xf6, 0x0, 0x0, 0x0, 0x0, 0x0, 0x0,
    0xdf, 0xff, 0x60, 0x0, 0x0, 0x0, 0x11, 0x11,
    0xd, 0xff, 0xf6, 0x1, 0x11, 0x10, 0xef, 0xff,
    0xf6, 0x8d, 0xdd, 0x36, 0xff, 0xff, 0xef, 0xff,
    0xff, 0xe5, 0x33, 0x35, 0xef, 0xff, 0xff, 0xff,
    0xff, 0xff, 0xff, 0xff, 0xff, 0xff, 0xff, 0xff,
    0xff, 0xff, 0xff, 0xff, 0xff, 0xb4, 0xd2, 0xff,
    0xdf, 0xff, 0xff, 0xff, 0xff, 0xff, 0xff, 0xff,
    0xd0,

    /* U+F095 "" */
    0x0, 0x0, 0x0, 0x0, 0x0, 0x0, 0x0, 0x0,
    0x0, 0x0, 0x0, 0x0, 0x0, 0x0, 0x0, 0xb,
    0xb7, 0x30, 0x0, 0x0, 0x0, 0x0, 0x0, 0x0,
    0x6f, 0xff, 0xfe, 0x0, 0x0, 0x0, 0x0, 0x0,
    0x0, 0xcf, 0xff, 0xff, 0x0, 0x0, 0x0, 0x0,
    0x0, 0x3, 0xff, 0xff, 0xfe, 0x0, 0x0, 0x0,
    0x0, 0x0, 0x9, 0xff, 0xff, 0xfc, 0x0, 0x0,
    0x0, 0x0, 0x0, 0x2, 0xdf, 0xff, 0xf8, 0x0,
    0x0, 0x0, 0x0, 0x0, 0x0, 0x1c, 0xff, 0xf4,
    0x0, 0x0, 0x0, 0x0, 0x0, 0x0, 0xb, 0xff,
    0xe0, 0x0, 0x0, 0x0, 0x0, 0x0, 0x0, 0x4f,
    0xff, 0x70, 0x0, 0x0, 0x0, 0x0, 0x0, 0x2,
    0xef, 0xfd, 0x0, 0x0, 0x0, 0x27, 0x0, 0x0,
    0x1d, 0xff, 0xf4, 0x0, 0x0, 0x4b, 0xff, 0xb0,
    0x3, 0xef, 0xff, 0x70, 0x0, 0xc, 0xff, 0xff,
    0xf9, 0xaf, 0xff, 0xf9, 0x0, 0x0, 0xd, 0xff,
    0xff, 0xff, 0xff, 0xff, 0x80, 0x0, 0x0, 0xa,
    0xff, 0xff, 0xff, 0xff, 0xe4, 0x0, 0x0, 0x0,
    0x6, 0xff, 0xff, 0xff, 0xf8, 0x0, 0x0, 0x0,
    0x0, 0x2, 0xff, 0xfd, 0xa5, 0x0, 0x0, 0x0,
    0x0, 0x0, 0x0, 0x11, 0x0, 0x0, 0x0, 0x0,
    0x0, 0x0, 0x0,

    /* U+F0C4 "" */
    0x4, 0xbc, 0x70, 0x0, 0x0, 0x0, 0x42, 0x0,
    0x5f, 0xff, 0xfa, 0x0, 0x0, 0x3e, 0xff, 0x90,
    0xdf, 0xa6, 0xff, 0x20, 0x2, 0xef, 0xff, 0x50,
    0xff, 0x20, 0xcf, 0x50, 0x2e, 0xff, 0xf5, 0x0,
    0xcf, 0xa7, 0xff, 0x32, 0xef, 0xff, 0x50, 0x0,
    0x4f, 0xff, 0xff, 0xcd, 0xff, 0xf5, 0x0, 0x0,
    0x3, 0xad, 0xff, 0xff, 0xff, 0x50, 0x0, 0x0,
    0x0, 0x0, 0xaf, 0xff, 0xf7, 0x0, 0x0, 0x0,
    0x0, 0x25, 0xef, 0xff, 0xfe, 0x20, 0x0, 0x0,
    0x1b, 0xff, 0xff, 0xff, 0xff, 0xe2, 0x0, 0x0,
    0x9f, 0xfe, 0xff, 0x67, 0xff, 0xfe, 0x20, 0x0,
    0xef, 0x40, 0xef, 0x40, 0x7f, 0xff, 0xe2, 0x0,
    0xef, 0x62, 0xef, 0x30, 0x6, 0xff, 0xfe, 0x20,
    0x8f, 0xff, 0xfd, 0x0, 0x0, 0x6f, 0xff, 0xb0,
    0x8, 0xef, 0xb2, 0x0, 0x0, 0x2, 0x76, 0x0,
    0x0, 0x0, 0x0, 0x0, 0x0, 0x0, 0x0, 0x0,

    /* U+F0C5 "" */
    0x0, 0x0, 0xbf, 0xff, 0xff, 0x64, 0xa0, 0x0,
    0x0, 0xe, 0xff, 0xff, 0xf7, 0x4f, 0xb0, 0x0,
    0x0, 0xef, 0xff, 0xff, 0x74, 0xff, 0xa8, 0xbb,
    0x2e, 0xff, 0xff, 0xf7, 0x3, 0x33, 0xff, 0xf3,
    0xef, 0xff, 0xff, 0xea, 0x99, 0x8f, 0xff, 0x3e,
    0xff, 0xff, 0xff, 0xff, 0xfe, 0xff, 0xf3, 0xef,
    0xff, 0xff, 0xff, 0xff, 0xef, 0xff, 0x3e, 0xff,
    0xff, 0xff, 0xff, 0xfe, 0xff, 0xf3, 0xef, 0xff,
    0xff, 0xff, 0xff, 0xef, 0xff, 0x3e, 0xff, 0xff,
    0xff, 0xff, 0xfe, 0xff, 0xf3, 0xef, 0xff, 0xff,
    0xff, 0xff, 0xef, 0xff, 0x3e, 0xff, 0xff, 0xff,
    0xff, 0xfe, 0xff, 0xf3, 0xef, 0xff, 0xff, 0xff,
    0xff, 0xef, 0xff, 0x4b, 0xff, 0xff, 0xff, 0xff,
    0xfa, 0xff, 0xfc, 0x10, 0x0, 0x0, 0x0, 0x0,
    0xf, 0xff, 0xff, 0xff, 0xff, 0xf7, 0x0, 0x0,
    0xef, 0xff, 0xff, 0xff, 0xff, 0x50, 0x0, 0x0,
    0x22, 0x22, 0x22, 0x22, 0x10, 0x0, 0x0,

    /* U+F0C7 "" */
    0x6e, 0xff, 0xff, 0xff, 0xff, 0xe9, 0x0, 0xf,
    0xff, 0xff, 0xff, 0xff, 0xff, 0xfa, 0x0, 0xff,
    0x52, 0x22, 0x22, 0x22, 0x8f, 0xf9, 0xf, 0xf2,
    0x0, 0x0, 0x0, 0x5, 0xff, 0xf8, 0xff, 0x20,
    0x0, 0x0, 0x0, 0x5f, 0xff, 0xef, 0xf2, 0x0,
    0x0, 0x0, 0x5, 0xff, 0xfe, 0xff, 0x53, 0x33,
    0x33, 0x33, 0x8f, 0xff, 0xef, 0xff, 0xff, 0xff,
    0xff, 0xff, 0xff, 0xfe, 0xff, 0xff, 0xff, 0xff,
    0xff, 0xff, 0xff, 0xef, 0xff, 0xff, 0xe2, 0x3,
    0xef, 0xff, 0xfe, 0xff, 0xff, 0xf6, 0x0, 0x7,
    0xff, 0xff, 0xef, 0xff, 0xff, 0x70, 0x0, 0x8f,
    0xff, 0xfe, 0xff, 0xff, 0xfe, 0x51, 0x5f, 0xff,
    0xff, 0xef, 0xff, 0xff, 0xff, 0xff, 0xff, 0xff,
    0xfe, 0x8f, 0xff, 0xff, 0xff, 0xff, 0xff, 0xff,
    0x70, 0x1, 0x11, 0x11, 0x11, 0x11, 0x11, 0x0,

    /* U+F0C9 "" */
    0xdf, 0xff, 0xff, 0xff, 0xff, 0xff, 0xff, 0xcf,
    0xff, 0xff, 0xff, 0xff, 0xff, 0xff, 0xfd, 0x57,
    0x77, 0x77, 0x77, 0x77, 0x77, 0x77, 0x40, 0x0,
    0x0, 0x0, 0x0, 0x0, 0x0, 0x0, 0x0, 0x0,
    0x0, 0x0, 0x0, 0x0, 0x0, 0x5, 0x77, 0x77,
    0x77, 0x77, 0x77, 0x77, 0x74, 0xff, 0xff, 0xff,
    0xff, 0xff, 0xff, 0xff, 0xde, 0xff, 0xff, 0xff,
    0xff, 0xff, 0xff, 0xfc, 0x0, 0x0, 0x0, 0x0,
    0x0, 0x0, 0x0, 0x0, 0x0, 0x0, 0x0, 0x0,
    0x0, 0x0, 0x0, 0x34, 0x44, 0x44, 0x44, 0x44,
    0x44, 0x44, 0x2f, 0xff, 0xff, 0xff, 0xff, 0xff,
    0xff, 0xfd, 0xff, 0xff, 0xff, 0xff, 0xff, 0xff,
    0xff, 0xd1, 0x22, 0x22, 0x22, 0x22, 0x22, 0x22,
    0x21,

    /* U+F0E0 "" */
    0x28, 0x88, 0x88, 0x88, 0x88, 0x88, 0x88, 0x88,
    0x2d, 0xff, 0xff, 0xff, 0xff, 0xff, 0xff, 0xff,
    0xfd, 0xff, 0xff, 0xff, 0xff, 0xff, 0xff, 0xff,
    0xff, 0xf7, 0xff, 0xff, 0xff, 0xff, 0xff, 0xff,
    0xff, 0xf7, 0x23, 0xef, 0xff, 0xff, 0xff, 0xff,
    0xff, 0xe3, 0x5f, 0x71, 0xbf, 0xff, 0xff, 0xff,
    0xff, 0xb2, 0xaf, 0xff, 0xc2, 0x7f, 0xff, 0xff,
    0xff, 0x73, 0xdf, 0xff, 0xff, 0xf6, 0x3d, 0xff,
    0xfd, 0x37, 0xff, 0xff, 0xff, 0xff, 0xfa, 0x19,
    0xe9, 0x1b, 0xff, 0xff, 0xff, 0xff, 0xff, 0xfe,
    0x63, 0x6e, 0xff, 0xff, 0xff, 0xff, 0xff, 0xff,
    0xff, 0xff, 0xff, 0xff, 0xff, 0xff, 0xff, 0xff,
    0xff, 0xff, 0xff, 0xff, 0xff, 0xff, 0x7f, 0xff,
    0xff, 0xff, 0xff, 0xff, 0xff, 0xff, 0x70,

    /* U+F0E7 "" */
    0x0, 0xbf, 0xff, 0xff, 0x40, 0x0, 0x0, 0xff,
    0xff, 0xff, 0x40, 0x0, 0x2, 0xff, 0xff, 0xfe,
    0x0, 0x0, 0x4, 0xff, 0xff, 0xf9, 0x0, 0x0,
    0x7, 0xff, 0xff, 0xf4, 0x0, 0x0, 0x9, 0xff,
    0xff, 0xfa, 0xaa, 0xa4, 0xb, 0xff, 0xff, 0xff,
    0xff, 0xf8, 0xd, 0xff, 0xff, 0xff, 0xff, 0xe0,
    0xf, 0xff, 0xff, 0xff, 0xff, 0x60, 0x7, 0x99,
    0x9b, 0xff, 0xfd, 0x0, 0x0, 0x0, 0x7, 0xff,
    0xf3, 0x0, 0x0, 0x0, 0xb, 0xff, 0xa0, 0x0,
    0x0, 0x0, 0xe, 0xff, 0x10, 0x0, 0x0, 0x0,
    0x2f, 0xf8, 0x0, 0x0, 0x0, 0x0, 0x6f, 0xe0,
    0x0, 0x0, 0x0, 0x0, 0xaf, 0x50, 0x0, 0x0,
    0x0, 0x0, 0xbb, 0x0, 0x0, 0x0, 0x0, 0x0,
    0x0, 0x0, 0x0, 0x0,

    /* U+F0EA "" */
    0x0, 0x1, 0xbd, 0x50, 0x0, 0x0, 0x0, 0xa,
    0xdd, 0xee, 0xaf, 0xdd, 0xc2, 0x0, 0x0, 0xff,
    0xff, 0xa4, 0xff, 0xff, 0x60, 0x0, 0xf, 0xff,
    0xff, 0xff, 0xff, 0xf6, 0x0, 0x0, 0xff, 0xff,
    0xf8, 0x66, 0x66, 0x20, 0x0, 0xf, 0xff, 0xf7,
    0x25, 0x55, 0x52, 0x11, 0x0, 0xff, 0xff, 0x4d,
    0xff, 0xff, 0x64, 0xe2, 0xf, 0xff, 0xf4, 0xef,
    0xff, 0xf6, 0x4f, 0xe2, 0xff, 0xff, 0x4e, 0xff,
    0xff, 0x63, 0xdd, 0xbf, 0xff, 0xf4, 0xef, 0xff,
    0xfc, 0x55, 0x54, 0xff, 0xff, 0x4e, 0xff, 0xff,
    0xff, 0xff, 0xef, 0xff, 0xf4, 0xef, 0xff, 0xff,
    0xff, 0xfe, 0xff, 0xff, 0x4e, 0xff, 0xff, 0xff,
    0xff, 0xec, 0xff, 0xf3, 0xef, 0xff, 0xff, 0xff,
    0xfe, 0x0, 0x0, 0xe, 0xff, 0xff, 0xff, 0xff,
    0xe0, 0x0, 0x0, 0xef, 0xff, 0xff, 0xff, 0xfe,
    0x0, 0x0, 0xc, 0xff, 0xff, 0xff, 0xff, 0xc0,
    0x0, 0x0, 0x2, 0x22, 0x22, 0x22, 0x20,

    /* U+F0F3 "" */
    0x0, 0x0, 0x0, 0x4c, 0x30, 0x0, 0x0, 0x0,
    0x0, 0x0, 0xa, 0xf8, 0x0, 0x0, 0x0, 0x0,
    0x0, 0x5d, 0xff, 0xfc, 0x30, 0x0, 0x0, 0x0,
    0x7f, 0xff, 0xff, 0xff, 0x50, 0x0, 0x0, 0x3f,
    0xff, 0xff, 0xff, 0xff, 0x10, 0x0, 0xa, 0xff,
    0xff, 0xff, 0xff, 0xf7, 0x0, 0x0, 0xdf, 0xff,
    0xff, 0xff, 0xff, 0xb0, 0x0, 0xe, 0xff, 0xff,
    0xff, 0xff, 0xfc, 0x0, 0x0, 0xff, 0xff, 0xff,
    0xff, 0xff, 0xd0, 0x0, 0x3f, 0xff, 0xff, 0xff,
    0xff, 0xff, 0x10, 0x8, 0xff, 0xff, 0xff, 0xff,
    0xff, 0xf6, 0x2, 0xff, 0xff, 0xff, 0xff, 0xff,
    0xff, 0xe1, 0xdf, 0xff, 0xff, 0xff, 0xff, 0xff,
    0xff, 0xba, 0xff, 0xff, 0xff, 0xff, 0xff, 0xff,
    0xf9, 0x0, 0x0, 0x0, 0x0, 0x0, 0x0, 0x0,
    0x0, 0x0, 0x0, 0x9f, 0xff, 0x70, 0x0, 0x0,
    0x0, 0x0, 0x1, 0xdf, 0xc0, 0x0, 0x0, 0x0,
    0x0, 0x0, 0x0, 0x10, 0x0, 0x0, 0x0,

    /* U+F11C "" */
    0x6e, 0xff, 0xff, 0xff, 0xff, 0xff, 0xff, 0xff,
    0xfe, 0x80, 0xff, 0xff, 0xff, 0xff, 0xff, 0xff,
    0xff, 0xff, 0xff, 0xf1, 0xff, 0x53, 0xf5, 0x2d,
    0x72, 0x5f, 0x35, 0xf3, 0x3f, 0xf2, 0xff, 0x20,
    0xe2, 0xc, 0x40, 0x2e, 0x2, 0xe0, 0xf, 0xf2,
    0xff, 0x64, 0xf6, 0x4e, 0x84, 0x7f, 0x46, 0xf4,
    0x5f, 0xf2, 0xff, 0xff, 0xce, 0xfc, 0xdf, 0xdc,
    0xfe, 0xcf, 0xff, 0xf2, 0xff, 0xfb, 0x5, 0xb0,
    0x1f, 0x30, 0x96, 0x9, 0xff, 0xf2, 0xff, 0xfc,
    0x17, 0xc1, 0x3f, 0x51, 0xb7, 0x1a, 0xff, 0xf2,
    0xff, 0xff, 0xff, 0xff, 0xff, 0xff, 0xff, 0xff,
    0xff, 0xf2, 0xff, 0x20, 0xe2, 0x0, 0x0, 0x0,
    0x2, 0xf0, 0xf, 0xf2, 0xff, 0x42, 0xf4, 0x22,
    0x22, 0x22, 0x24, 0xf2, 0x2f, 0xf2, 0xff, 0xff,
    0xff, 0xff, 0xff, 0xff, 0xff, 0xff, 0xff, 0xf1,
    0x7f, 0xff, 0xff, 0xff, 0xff, 0xff, 0xff, 0xff,
    0xff, 0x90,

    /* U+F124 "" */
    0x0, 0x0, 0x0, 0x0, 0x0, 0x0, 0x0, 0x0,
    0x0, 0x0, 0x0, 0x0, 0x0, 0x0, 0x0, 0x0,
    0x2, 0x9d, 0x50, 0x0, 0x0, 0x0, 0x0, 0x0,
    0x0, 0x3b, 0xff, 0xfe, 0x0, 0x0, 0x0, 0x0,
    0x0, 0x5, 0xcf, 0xff, 0xff, 0xc0, 0x0, 0x0,
    0x0, 0x0, 0x6d, 0xff, 0xff, 0xff, 0xf5, 0x0,
    0x0, 0x0, 0x17, 0xef, 0xff, 0xff, 0xff, 0xfd,
    0x0, 0x0, 0x1, 0x9f, 0xff, 0xff, 0xff, 0xff,
    0xff, 0x60, 0x0, 0x1a, 0xff, 0xff, 0xff, 0xff,
    0xff, 0xff, 0xe0, 0x0, 0xd, 0xff, 0xff, 0xff,
    0xff, 0xff, 0xff, 0xf8, 0x0, 0x0, 0xef, 0xff,
    0xff, 0xff, 0xff, 0xff, 0xff, 0x10, 0x0, 0x3,
    0xab, 0xbb, 0xbb, 0xdf, 0xff, 0xff, 0x90, 0x0,
    0x0, 0x0, 0x0, 0x0, 0x9, 0xff, 0xff, 0xf2,
    0x0, 0x0, 0x0, 0x0, 0x0, 0x0, 0x9f, 0xff,
    0xfa, 0x0, 0x0, 0x0, 0x0, 0x0, 0x0, 0x9,
    0xff, 0xff, 0x30, 0x0, 0x0, 0x0, 0x0, 0x0,
    0x0, 0x9f, 0xff, 0xc0, 0x0, 0x0, 0x0, 0x0,
    0x0, 0x0, 0x9, 0xff, 0xf4, 0x0, 0x0, 0x0,
    0x0, 0x0, 0x0, 0x0, 0x8f, 0xfd, 0x0, 0x0,
    0x0, 0x0, 0x0, 0x0, 0x0, 0x3, 0xff, 0x40,
    0x0, 0x0, 0x0, 0x0, 0x0, 0x0, 0x0, 0x0,
    0x0, 0x0, 0x0, 0x0, 0x0,

    /* U+F15B "" */
    0xcf, 0xff, 0xff, 0xf6, 0x49, 0x0, 0xf, 0xff,
    0xff, 0xff, 0x75, 0xfa, 0x0, 0xff, 0xff, 0xff,
    0xf7, 0x5f, 0xfa, 0xf, 0xff, 0xff, 0xff, 0x75,
    0xff, 0xf9, 0xff, 0xff, 0xff, 0xf7, 0x14, 0x44,
    0x4f, 0xff, 0xff, 0xff, 0xea, 0xaa, 0xa9, 0xff,
    0xff, 0xff, 0xff, 0xff, 0xff, 0xef, 0xff, 0xff,
    0xff, 0xff, 0xff, 0xfe, 0xff, 0xff, 0xff, 0xff,
    0xff, 0xff, 0xef, 0xff, 0xff, 0xff, 0xff, 0xff,
    0xfe, 0xff, 0xff, 0xff, 0xff, 0xff, 0xff, 0xef,
    0xff, 0xff, 0xff, 0xff, 0xff, 0xfe, 0xff, 0xff,
    0xff, 0xff, 0xff, 0xff, 0xef, 0xff, 0xff, 0xff,
    0xff, 0xff, 0xfe, 0xff, 0xff, 0xff, 0xff, 0xff,
    0xff, 0xef, 0xff, 0xff, 0xff, 0xff, 0xff, 0xfe,
    0xdf, 0xff, 0xff, 0xff, 0xff, 0xff, 0xc0, 0x0,
    0x0, 0x0, 0x0, 0x0, 0x0,

    /* U+F1EB "" */
    0x0, 0x0, 0x0, 0x0, 0x0, 0x0, 0x0, 0x0,
    0x0, 0x0, 0x0, 0x0, 0x0, 0x0, 0x47, 0xac,
    0xdc, 0xb8, 0x50, 0x0, 0x0, 0x0, 0x0, 0x1,
    0x8e, 0xff, 0xff, 0xff, 0xff, 0xff, 0xa3, 0x0,
    0x0, 0x0, 0x8f, 0xff, 0xff, 0xfe, 0xde, 0xff,
    0xff, 0xff, 0xa1, 0x0, 0x1c, 0xff, 0xfe, 0x83,
    0x0, 0x0, 0x2, 0x7c, 0xff, 0xfe, 0x30, 0xdf,
    0xfe, 0x60, 0x0, 0x0, 0x0, 0x0, 0x0, 0x4d,
    0xff, 0xf2, 0x5f, 0xc1, 0x0, 0x0, 0x46, 0x77,
    0x51, 0x0, 0x0, 0x9f, 0x90, 0x2, 0x0, 0x2,
    0xaf, 0xff, 0xff, 0xff, 0xc4, 0x0, 0x3, 0x0,
    0x0, 0x0, 0x7f, 0xff, 0xff, 0xff, 0xff, 0xff,
    0xa0, 0x0, 0x0, 0x0, 0x2, 0xff, 0xfd, 0x73,
    0x23, 0x6b, 0xff, 0xf6, 0x0, 0x0, 0x0, 0x0,
    0x6f, 0x60, 0x0, 0x0, 0x0, 0x3d, 0xa0, 0x0,
    0x0, 0x0, 0x0, 0x0, 0x0, 0x0, 0x20, 0x0,
    0x0, 0x0, 0x0, 0x0, 0x0, 0x0, 0x0, 0x0,
    0xc, 0xfe, 0x20, 0x0, 0x0, 0x0, 0x0, 0x0,
    0x0, 0x0, 0x0, 0x6f, 0xff, 0xa0, 0x0, 0x0,
    0x0, 0x0, 0x0, 0x0, 0x0, 0x0, 0x6f, 0xff,
    0xa0, 0x0, 0x0, 0x0, 0x0, 0x0, 0x0, 0x0,
    0x0, 0xb, 0xfd, 0x20, 0x0, 0x0, 0x0, 0x0,
    0x0, 0x0, 0x0, 0x0, 0x0, 0x0, 0x0, 0x0,
    0x0, 0x0, 0x0,

    /* U+F240 "" */
    0x6d, 0xee, 0xee, 0xee, 0xee, 0xee, 0xee, 0xee,
    0xee, 0xe8, 0x0, 0xff, 0xff, 0xff, 0xff, 0xff,
    0xff, 0xff, 0xff, 0xff, 0xff, 0x20, 0xff, 0x53,
    0x33, 0x33, 0x33, 0x33, 0x33, 0x33, 0x33, 0xff,
    0xb0, 0xff, 0x23, 0x44, 0x44, 0x44, 0x44, 0x44,
    0x44, 0x40, 0xff, 0xf3, 0xff, 0x2d, 0xff, 0xff,
    0xff, 0xff, 0xff, 0xff, 0xf0, 0x5f, 0xf3, 0xff,
    0x2d, 0xff, 0xff, 0xff, 0xff, 0xff, 0xff, 0xf0,
    0xe, 0xf3, 0xff, 0x2d, 0xff, 0xff, 0xff, 0xff,
    0xff, 0xff, 0xf0, 0x4f, 0xf3, 0xff, 0x2c, 0xff,
    0xff, 0xff, 0xff, 0xff, 0xff, 0xf0, 0xff, 0xf3,
    0xff, 0x42, 0x22, 0x22, 0x22, 0x22, 0x22, 0x22,
    0x22, 0xff, 0xc0, 0xff, 0xff, 0xff, 0xff, 0xff,
    0xff, 0xff, 0xff, 0xff, 0xff, 0x20, 0x6e, 0xff,
    0xff, 0xff, 0xff, 0xff, 0xff, 0xff, 0xff, 0xf9,
    0x0,

    /* U+F241 "" */
    0x6d, 0xee, 0xee, 0xee, 0xee, 0xee, 0xee, 0xee,
    0xee, 0xe8, 0x0, 0xff, 0xff, 0xff, 0xff, 0xff,
    0xff, 0xff, 0xff, 0xff, 0xff, 0x20, 0xff, 0x53,
    0x33, 0x33, 0x33, 0x33, 0x33, 0x33, 0x33, 0xff,
    0xb0, 0xff, 0x24, 0x44, 0x44, 0x44, 0x44, 0x43,
    0x0, 0x0, 0xff, 0xf3, 0xff, 0x2e, 0xff, 0xff,
    0xff, 0xff, 0xfb, 0x0, 0x0, 0x5f, 0xf3, 0xff,
    0x2e, 0xff, 0xff, 0xff, 0xff, 0xfb, 0x0, 0x0,
    0xe, 0xf3, 0xff, 0x2e, 0xff, 0xff, 0xff, 0xff,
    0xfb, 0x0, 0x0, 0x4f, 0xf3, 0xff, 0x2e, 0xff,
    0xff, 0xff, 0xff, 0xfa, 0x0, 0x0, 0xff, 0xf3,
    0xff, 0x42, 0x22, 0x22, 0x22, 0x22, 0x22, 0x22,
    0x22, 0xff, 0xc0, 0xff, 0xff, 0xff, 0xff, 0xff,
    0xff, 0xff, 0xff, 0xff, 0xff, 0x20, 0x6e, 0xff,
    0xff, 0xff, 0xff, 0xff, 0xff, 0xff, 0xff, 0xf9,
    0x0,

    /* U+F242 "" */
    0x6d, 0xee, 0xee, 0xee, 0xee, 0xee, 0xee, 0xee,
    0xee, 0xe8, 0x0, 0xff, 0xff, 0xff, 0xff, 0xff,
    0xff, 0xff, 0xff, 0xff, 0xff, 0x20, 0xff, 0x53,
    0x33, 0x33, 0x33, 0x33, 0x33, 0x33, 0x33, 0xff,
    0xb0, 0xff, 0x24, 0x44, 0x44, 0x44, 0x20, 0x0,
    0x0, 0x0, 0xff, 0xf3, 0xff, 0x2e, 0xff, 0xff,
    0xff, 0x80, 0x0, 0x0, 0x0, 0x5f, 0xf3, 0xff,
    0x2e, 0xff, 0xff, 0xff, 0x80, 0x0, 0x0, 0x0,
    0xe, 0xf3, 0xff, 0x2e, 0xff, 0xff, 0xff, 0x80,
    0x0, 0x0, 0x0, 0x4f, 0xf3, 0xff, 0x2e, 0xff,
    0xff, 0xff, 0x70, 0x0, 0x0, 0x0, 0xff, 0xf3,
    0xff, 0x42, 0x22, 0x22, 0x22, 0x22, 0x22, 0x22,
    0x22, 0xff, 0xc0, 0xff, 0xff, 0xff, 0xff, 0xff,
    0xff, 0xff, 0xff, 0xff, 0xff, 0x20, 0x6e, 0xff,
    0xff, 0xff, 0xff, 0xff, 0xff, 0xff, 0xff, 0xf9,
    0x0,

    /* U+F243 "" */
    0x6d, 0xee, 0xee, 0xee, 0xee, 0xee, 0xee, 0xee,
    0xee, 0xe8, 0x0, 0xff, 0xff, 0xff, 0xff, 0xff,
    0xff, 0xff, 0xff, 0xff, 0xff, 0x20, 0xff, 0x53,
    0x33, 0x33, 0x33, 0x33, 0x33, 0x33, 0x33, 0xff,
    0xb0, 0xff, 0x24, 0x44, 0x41, 0x0, 0x0, 0x0,
    0x0, 0x0, 0xff, 0xf3, 0xff, 0x2e, 0xff, 0xf5,
    0x0, 0x0, 0x0, 0x0, 0x0, 0x5f, 0xf3, 0xff,
    0x2e, 0xff, 0xf5, 0x0, 0x0, 0x0, 0x0, 0x0,
    0xe, 0xf3, 0xff, 0x2e, 0xff, 0xf5, 0x0, 0x0,
    0x0, 0x0, 0x0, 0x4f, 0xf3, 0xff, 0x2e, 0xff,
    0xf5, 0x0, 0x0, 0x0, 0x0, 0x0, 0xff, 0xf3,
    0xff, 0x42, 0x22, 0x22, 0x22, 0x22, 0x22, 0x22,
    0x22, 0xff, 0xc0, 0xff, 0xff, 0xff, 0xff, 0xff,
    0xff, 0xff, 0xff, 0xff, 0xff, 0x20, 0x6e, 0xff,
    0xff, 0xff, 0xff, 0xff, 0xff, 0xff, 0xff, 0xf9,
    0x0,

    /* U+F244 "" */
    0x6d, 0xee, 0xee, 0xee, 0xee, 0xee, 0xee, 0xee,
    0xee, 0xe8, 0x0, 0xff, 0xff, 0xff, 0xff, 0xff,
    0xff, 0xff, 0xff, 0xff, 0xff, 0x20, 0xff, 0x53,
    0x33, 0x33, 0x33, 0x33, 0x33, 0x33, 0x33, 0xff,
    0xb0, 0xff, 0x20, 0x0, 0x0, 0x0, 0x0, 0x0,
    0x0, 0x0, 0xff, 0xf3, 0xff, 0x20, 0x0, 0x0,
    0x0, 0x0, 0x0, 0x0, 0x0, 0x5f, 0xf3, 0xff,
    0x20, 0x0, 0x0, 0x0, 0x0, 0x0, 0x0, 0x0,
    0xe, 0xf3, 0xff, 0x20, 0x0, 0x0, 0x0, 0x0,
    0x0, 0x0, 0x0, 0x4f, 0xf3, 0xff, 0x20, 0x0,
    0x0, 0x0, 0x0, 0x0, 0x0, 0x0, 0xff, 0xf3,
    0xff, 0x42, 0x22, 0x22, 0x22, 0x22, 0x22, 0x22,
    0x22, 0xff, 0xc0, 0xff, 0xff, 0xff, 0xff, 0xff,
    0xff, 0xff, 0xff, 0xff, 0xff, 0x20, 0x6e, 0xff,
    0xff, 0xff, 0xff, 0xff, 0xff, 0xff, 0xff, 0xf9,
    0x0,

    /* U+F287 "" */
    0x0, 0x0, 0x0, 0x0, 0x0, 0x9, 0xd6, 0x0,
    0x0, 0x0, 0x0, 0x0, 0x0, 0x0, 0x0, 0x3a,
    0xbf, 0xff, 0x10, 0x0, 0x0, 0x0, 0x0, 0x0,
    0x0, 0x1, 0xfa, 0x8f, 0xff, 0x0, 0x0, 0x0,
    0x0, 0x0, 0x0, 0x0, 0x9, 0xb0, 0x5, 0x93,
    0x0, 0x0, 0x0, 0x0, 0x8, 0xb6, 0x0, 0x1f,
    0x30, 0x0, 0x0, 0x0, 0x1, 0x30, 0x0, 0xaf,
    0xff, 0x60, 0xab, 0x0, 0x0, 0x0, 0x0, 0x4,
    0xfa, 0x10, 0xff, 0xff, 0xff, 0xff, 0xff, 0xff,
    0xff, 0xff, 0xff, 0xff, 0xe2, 0xcf, 0xff, 0x93,
    0x33, 0x8f, 0x43, 0x33, 0x33, 0x36, 0xfd, 0x40,
    0x2c, 0xea, 0x0, 0x0, 0xd, 0x70, 0x0, 0x0,
    0x2, 0x70, 0x0, 0x0, 0x0, 0x0, 0x0, 0x5,
    0xe0, 0x7, 0x88, 0x40, 0x0, 0x0, 0x0, 0x0,
    0x0, 0x0, 0x0, 0xca, 0x5f, 0xff, 0x90, 0x0,
    0x0, 0x0, 0x0, 0x0, 0x0, 0x0, 0x1a, 0xdf,
    0xff, 0x90, 0x0, 0x0, 0x0, 0x0, 0x0, 0x0,
    0x0, 0x0, 0xf, 0xff, 0x80, 0x0, 0x0, 0x0,
    0x0, 0x0, 0x0, 0x0, 0x0, 0x0, 0x0, 0x0,
    0x0, 0x0,

    /* U+F293 "" */
    0x0, 0x3, 0x9c, 0xdc, 0xa5, 0x0, 0x0, 0x9,
    0xff, 0xfc, 0xff, 0xfb, 0x0, 0x7, 0xff, 0xff,
    0x1c, 0xff, 0xf9, 0x1, 0xff, 0xff, 0xf0, 0x1d,
    0xff, 0xf2, 0x6f, 0xff, 0xff, 0x3, 0x1d, 0xff,
    0x7a, 0xfe, 0x1a, 0xf0, 0x97, 0x1e, 0xfa, 0xcf,
    0xf8, 0xa, 0x8, 0x35, 0xff, 0xcd, 0xff, 0xf8,
    0x0, 0x4, 0xff, 0xfd, 0xef, 0xff, 0xf7, 0x1,
    0xff, 0xff, 0xee, 0xff, 0xfe, 0x20, 0x9, 0xff,
    0xfe, 0xdf, 0xfe, 0x23, 0x4, 0xa, 0xff, 0xdb,
    0xfe, 0x23, 0xf0, 0x98, 0xc, 0xfc, 0x8f, 0xf8,
    0xff, 0x17, 0x16, 0xff, 0x93, 0xff, 0xff, 0xf1,
    0x6, 0xff, 0xf4, 0xb, 0xff, 0xff, 0x17, 0xff,
    0xfd, 0x0, 0x1d, 0xff, 0xf8, 0xff, 0xff, 0x30,
    0x0, 0x8, 0xdf, 0xff, 0xfa, 0x30, 0x0, 0x0,
    0x0, 0x1, 0x10, 0x0, 0x0,

    /* U+F2ED "" */
    0x0, 0x0, 0x2d, 0xee, 0xec, 0x10, 0x0, 0xc,
    0xee, 0xee, 0xff, 0xff, 0xfe, 0xee, 0xeb, 0xff,
    0xff, 0xff, 0xff, 0xff, 0xff, 0xff, 0xd1, 0x22,
    0x22, 0x22, 0x22, 0x22, 0x22, 0x21, 0xc, 0xdd,
    0xdd, 0xdd, 0xdd, 0xdd, 0xda, 0x0, 0xff, 0xff,
    0xff, 0xff, 0xff, 0xff, 0xd0, 0xf, 0xfd, 0x8f,
    0xf6, 0xff, 0x7f, 0xfd, 0x0, 0xff, 0xb3, 0xfe,
    0xf, 0xf1, 0xdf, 0xd0, 0xf, 0xfb, 0x3f, 0xe0,
    0xff, 0x1d, 0xfd, 0x0, 0xff, 0xb3, 0xfe, 0xf,
    0xf1, 0xdf, 0xd0, 0xf, 0xfb, 0x3f, 0xe0, 0xff,
    0x1d, 0xfd, 0x0, 0xff, 0xb3, 0xfe, 0xf, 0xf1,
    0xdf, 0xd0, 0xf, 0xfb, 0x3f, 0xe0, 0xff, 0x1d,
    0xfd, 0x0, 0xff, 0xb3, 0xfe, 0xf, 0xf1, 0xdf,
    0xd0, 0xf, 0xfc, 0x4f, 0xf2, 0xff, 0x3e, 0xfd,
    0x0, 0xef, 0xff, 0xff, 0xff, 0xff, 0xff, 0xc0,
    0x8, 0xff, 0xff, 0xff, 0xff, 0xff, 0xf6, 0x0,
    0x1, 0x22, 0x22, 0x22, 0x22, 0x21, 0x0,

    /* U+F304 "" */
    0x0, 0x0, 0x0, 0x0, 0x0, 0x0, 0x8, 0xd6,
    0x0, 0x0, 0x0, 0x0, 0x0, 0x0, 0x0, 0x9f,
    0xff, 0x70, 0x0, 0x0, 0x0, 0x0, 0x0, 0x5,
    0xff, 0xff, 0xf6, 0x0, 0x0, 0x0, 0x0, 0x0,
    0x81, 0x9f, 0xff, 0xff, 0x0, 0x0, 0x0, 0x0,
    0x9, 0xfd, 0x19, 0xff, 0xfb, 0x0, 0x0, 0x0,
    0x0, 0x9f, 0xff, 0xd1, 0x9f, 0xc1, 0x0, 0x0,
    0x0, 0x9, 0xff, 0xff, 0xfd, 0x17, 0x10, 0x0,
    0x0, 0x0, 0x9f, 0xff, 0xff, 0xff, 0xa0, 0x0,
    0x0, 0x0, 0x9, 0xff, 0xff, 0xff, 0xfc, 0x10,
    0x0, 0x0, 0x0, 0x9f, 0xff, 0xff, 0xff, 0xc1,
    0x0, 0x0, 0x0, 0x9, 0xff, 0xff, 0xff, 0xfc,
    0x10, 0x0, 0x0, 0x0, 0x9f, 0xff, 0xff, 0xff,
    0xc1, 0x0, 0x0, 0x0, 0x7, 0xff, 0xff, 0xff,
    0xfc, 0x10, 0x0, 0x0, 0x0, 0xb, 0xff, 0xff,
    0xff, 0xc1, 0x0, 0x0, 0x0, 0x0, 0xc, 0xff,
    0xff, 0xfc, 0x10, 0x0, 0x0, 0x0, 0x0, 0xe,
    0xff, 0xff, 0xc1, 0x0, 0x0, 0x0, 0x0, 0x0,
    0xe, 0xff, 0xda, 0x10, 0x0, 0x0, 0x0, 0x0,
    0x0, 0x0, 0x0, 0x0, 0x0, 0x0, 0x0, 0x0,
    0x0, 0x0,

    /* U+F55A "" */
    0x0, 0x0, 0x4, 0xac, 0xcc, 0xcc, 0xcc, 0xcc,
    0xcc, 0xca, 0x30, 0x0, 0x0, 0x5f, 0xff, 0xff,
    0xff, 0xff, 0xff, 0xff, 0xff, 0xf1, 0x0, 0x5,
    0xff, 0xff, 0xff, 0xff, 0xff, 0xff, 0xff, 0xff,
    0xf3, 0x0, 0x5f, 0xff, 0xff, 0xf8, 0x1d, 0xff,
    0x62, 0xef, 0xff, 0xf4, 0x5, 0xff, 0xff, 0xff,
    0xf3, 0x1, 0xc6, 0x0, 0xbf, 0xff, 0xf4, 0x5f,
    0xff, 0xff, 0xff, 0xfe, 0x30, 0x0, 0xa, 0xff,
    0xff, 0xf4, 0xff, 0xff, 0xff, 0xff, 0xff, 0xe1,
    0x0, 0x7f, 0xff, 0xff, 0xf4, 0x9f, 0xff, 0xff,
    0xff, 0xff, 0x60, 0x0, 0x1c, 0xff, 0xff, 0xf4,
    0x9, 0xff, 0xff, 0xff, 0xf6, 0x0, 0x93, 0x1,
    0xdf, 0xff, 0xf4, 0x0, 0x9f, 0xff, 0xff, 0xf4,
    0xa, 0xfe, 0x30, 0xcf, 0xff, 0xf4, 0x0, 0x9,
    0xff, 0xff, 0xff, 0xcf, 0xff, 0xfd, 0xff, 0xff,
    0xf3, 0x0, 0x0, 0x9f, 0xff, 0xff, 0xff, 0xff,
    0xff, 0xff, 0xff, 0xf1, 0x0, 0x0, 0x7, 0xef,
    0xff, 0xff, 0xff, 0xff, 0xff, 0xfe, 0x60,

    /* U+F7C2 "" */
    0x0, 0x4, 0xff, 0xff, 0xff, 0xfc, 0x20, 0x4,
    0xff, 0xff, 0xff, 0xff, 0xfb, 0x4, 0xfc, 0x2e,
    0x43, 0xf3, 0x5f, 0xe4, 0xff, 0xb0, 0xe2, 0xf,
    0x3, 0xfe, 0xff, 0xfb, 0xe, 0x20, 0xf0, 0x3f,
    0xef, 0xff, 0xea, 0xfb, 0xaf, 0xab, 0xfe, 0xff,
    0xff, 0xff, 0xff, 0xff, 0xff, 0xef, 0xff, 0xff,
    0xff, 0xff, 0xff, 0xfe, 0xff, 0xff, 0xff, 0xff,
    0xff, 0xff, 0xef, 0xff, 0xff, 0xff, 0xff, 0xff,
    0xfe, 0xff, 0xff, 0xff, 0xff, 0xff, 0xff, 0xef,
    0xff, 0xff, 0xff, 0xff, 0xff, 0xfe, 0xff, 0xff,
    0xff, 0xff, 0xff, 0xff, 0xef, 0xff, 0xff, 0xff,
    0xff, 0xff, 0xfe, 0xff, 0xff, 0xff, 0xff, 0xff,
    0xff, 0xed, 0xff, 0xff, 0xff, 0xff, 0xff, 0xfc,
    0x4e, 0xff, 0xff, 0xff, 0xff, 0xfd, 0x30, 0x0,
    0x0, 0x0, 0x0, 0x0, 0x0,

    /* U+F8A2 "" */
    0x0, 0x0, 0x0, 0x0, 0x0, 0x0, 0x0, 0x0,
    0x80, 0x0, 0x0, 0x0, 0x0, 0x0, 0x0, 0x0,
    0xa, 0xf1, 0x0, 0x0, 0x71, 0x0, 0x0, 0x0,
    0x0, 0x7f, 0xf1, 0x0, 0x1c, 0xf5, 0x0, 0x0,
    0x0, 0x0, 0x9f, 0xf1, 0x1, 0xdf, 0xf6, 0x0,
    0x0, 0x0, 0x0, 0x9f, 0xf1, 0x2e, 0xff, 0xfc,
    0xaa, 0xaa, 0xaa, 0xaa, 0xdf, 0xf1, 0xdf, 0xff,
    0xff, 0xff, 0xff, 0xff, 0xff, 0xff, 0xf1, 0x6f,
    0xff, 0xff, 0xff, 0xff, 0xff, 0xff, 0xff, 0xd0,
    0x6, 0xff, 0xf6, 0x0, 0x0, 0x0, 0x0, 0x0,
    0x0, 0x0, 0x5f, 0xf6, 0x0, 0x0, 0x0, 0x0,
    0x0, 0x0, 0x0, 0x4, 0xd3, 0x0, 0x0, 0x0,
    0x0, 0x0, 0x0
};


/*---------------------
 *  GLYPH DESCRIPTION
 *--------------------*/

static const lv_font_fmt_txt_glyph_dsc_t glyph_dsc[] = {
    {.bitmap_index = 0, .adv_w = 0, .box_w = 0, .box_h = 0, .ofs_x = 0, .ofs_y = 0} /* id = 0 reserved */,
    {.bitmap_index = 0, .adv_w = 70, .box_w = 0, .box_h = 0, .ofs_x = 0, .ofs_y = 0},
    {.bitmap_index = 0, .adv_w = 99, .box_w = 4, .box_h = 11, .ofs_x = 1, .ofs_y = 0},
    {.bitmap_index = 22, .adv_w = 111, .box_w = 5, .box_h = 5, .ofs_x = 1, .ofs_y = 7},
    {.bitmap_index = 35, .adv_w = 163, .box_w = 10, .box_h = 11, .ofs_x = 0, .ofs_y = 0},
    {.bitmap_index = 90, .adv_w = 158, .box_w = 8, .box_h = 16, .ofs_x = 1, .ofs_y = -3},
    {.bitmap_index = 154, .adv_w = 224, .box_w = 12, .box_h = 11, .ofs_x = 1, .ofs_y = 0},
    {.bitmap_index = 220, .adv_w = 174, .box_w = 11, .box_h = 11, .ofs_x = 0, .ofs_y = 0},
    {.bitmap_index = 281, .adv_w = 66, .box_w = 3, .box_h = 5, .ofs_x = 1, .ofs_y = 7},
    {.bitmap_index = 289, .adv_w = 101, .box_w = 5, .box_h = 15, .ofs_x = 1, .ofs_y = -3},
    {.bitmap_index = 327, .adv_w = 101, .box_w = 6, .box_h = 15, .ofs_x = 0, .ofs_y = -3},
    {.bitmap_index = 372, .adv_w = 120, .box_w = 7, .box_h = 6, .ofs_x = 0, .ofs_y = 6},
    {.bitmap_index = 393, .adv_w = 153, .box_w = 9, .box_h = 9, .ofs_x = 0, .ofs_y = 0},
    {.bitmap_index = 434, .adv_w = 85, .box_w = 4, .box_h = 5, .ofs_x = 0, .ofs_y = -2},
    {.bitmap_index = 444, .adv_w = 120, .box_w = 6, .box_h = 3, .ofs_x = 1, .ofs_y = 4},
    {.bitmap_index = 453, .adv_w = 85, .box_w = 3, .box_h = 3, .ofs_x = 1, .ofs_y = 0},
    {.bitmap_index = 458, .adv_w = 136, .box_w = 7, .box_h = 13, .ofs_x = 1, .ofs_y = 0},
    {.bitmap_index = 504, .adv_w = 158, .box_w = 10, .box_h = 11, .ofs_x = 0, .ofs_y = 0},
    {.bitmap_index = 559, .adv_w = 158, .box_w = 6, .box_h = 11, .ofs_x = 1, .ofs_y = 0},
    {.bitmap_index = 592, .adv_w = 158, .box_w = 9, .box_h = 11, .ofs_x = 0, .ofs_y = 0},
    {.bitmap_index = 642, .adv_w = 158, .box_w = 8, .box_h = 11, .ofs_x = 1, .ofs_y = 0},
    {.bitmap_index = 686, .adv_w = 158, .box_w = 10, .box_h = 11, .ofs_x = 0, .ofs_y = 0},
    {.bitmap_index = 741, .adv_w = 158, .box_w = 8, .box_h = 11, .ofs_x = 1, .ofs_y = 0},
    {.bitmap_index = 785, .adv_w = 158, .box_w = 9, .box_h = 11, .ofs_x = 0, .ofs_y = 0},
    {.bitmap_index = 835, .adv_w = 158, .box_w = 9, .box_h = 11, .ofs_x = 0, .ofs_y = 0},
    {.bitmap_index = 885, .adv_w = 158, .box_w = 10, .box_h = 11, .ofs_x = 0, .ofs_y = 0},
    {.bitmap_index = 940, .adv_w = 158, .box_w = 9, .box_h = 11, .ofs_x = 0, .ofs_y = 0},
    {.bitmap_index = 990, .adv_w = 105, .box_w = 3, .box_h = 9, .ofs_x = 2, .ofs_y = 0},
    {.bitmap_index = 1004, .adv_w = 105, .box_w = 4, .box_h = 12, .ofs_x = 1, .ofs_y = -3},
    {.bitmap_index = 1028, .adv_w = 153, .box_w = 9, .box_h = 10, .ofs_x = 0, .ofs_y = 0},
    {.bitmap_index = 1073, .adv_w = 153, .box_w = 9, .box_h = 6, .ofs_x = 0, .ofs_y = 2},
    {.bitmap_index = 1100, .adv_w = 153, .box_w = 9, .box_h = 10, .ofs_x = 0, .ofs_y = 0},
    {.bitmap_index = 1145, .adv_w = 119, .box_w = 8, .box_h = 11, .ofs_x = 0, .ofs_y = 0},
    {.bitmap_index = 1189, .adv_w = 233, .box_w = 15, .box_h = 14, .ofs_x = 0, .ofs_y = -3},
    {.bitmap_index = 1294, .adv_w = 187, .box_w = 12, .box_h = 11, .ofs_x = 0, .ofs_y = 0},
    {.bitmap_index = 1360, .adv_w = 171, .box_w = 9, .box_h = 11, .ofs_x = 1, .ofs_y = 0},
    {.bitmap_index = 1410, .adv_w = 163, .box_w = 9, .box_h = 11, .ofs_x = 1, .ofs_y = 0},
    {.bitmap_index = 1460, .adv_w = 191, .box_w = 10, .box_h = 11, .ofs_x = 1, .ofs_y = 0},
    {.bitmap_index = 1515, .adv_w = 152, .box_w = 8, .box_h = 11, .ofs_x = 1, .ofs_y = 0},
    {.bitmap_index = 1559, .adv_w = 144, .box_w = 8, .box_h = 11, .ofs_x = 1, .ofs_y = 0},
    {.bitmap_index = 1603, .adv_w = 187, .box_w = 10, .box_h = 11, .ofs_x = 1, .ofs_y = 0},
    {.bitmap_index = 1658, .adv_w = 195, .box_w = 10, .box_h = 11, .ofs_x = 1, .ofs_y = 0},
    {.bitmap_index = 1713, .adv_w = 78, .box_w = 3, .box_h = 11, .ofs_x = 1, .ofs_y = 0},
    {.bitmap_index = 1730, .adv_w = 77, .box_w = 6, .box_h = 14, .ofs_x = -2, .ofs_y = -3},
    {.bitmap_index = 1772, .adv_w = 171, .box_w = 10, .box_h = 11, .ofs_x = 1, .ofs_y = 0},
    {.bitmap_index = 1827, .adv_w = 140, .box_w = 8, .box_h = 11, .ofs_x = 1, .ofs_y = 0},
    {.bitmap_index = 1871, .adv_w = 231, .box_w = 12, .box_h = 11, .ofs_x = 1, .ofs_y = 0},
    {.bitmap_index = 1937, .adv_w = 203, .box_w = 11, .box_h = 11, .ofs_x = 1, .ofs_y = 0},
    {.bitmap_index = 1998, .adv_w = 203, .box_w = 11, .box_h = 11, .ofs_x = 1, .ofs_y = 0},
    {.bitmap_index = 2059, .adv_w = 166, .box_w = 9, .box_h = 11, .ofs_x = 1, .ofs_y = 0},
    {.bitmap_index = 2109, .adv_w = 203, .box_w = 11, .box_h = 13, .ofs_x = 1, .ofs_y = -2},
    {.bitmap_index = 2181, .adv_w = 171, .box_w = 10, .box_h = 11, .ofs_x = 1, .ofs_y = 0},
    {.bitmap_index = 2236, .adv_w = 155, .box_w = 9, .box_h = 11, .ofs_x = 0, .ofs_y = 0},
    {.bitmap_index = 2286, .adv_w = 146, .box_w = 9, .box_h = 11, .ofs_x = 0, .ofs_y = 0},
    {.bitmap_index = 2336, .adv_w = 193, .box_w = 10, .box_h = 11, .ofs_x = 1, .ofs_y = 0},
    {.bitmap_index = 2391, .adv_w = 176, .box_w = 11, .box_h = 11, .ofs_x = 0, .ofs_y = 0},
    {.bitmap_index = 2452, .adv_w = 249, .box_w = 16, .box_h = 11, .ofs_x = 0, .ofs_y = 0},
    {.bitmap_index = 2540, .adv_w = 176, .box_w = 11, .box_h = 11, .ofs_x = 0, .ofs_y = 0},
    {.bitmap_index = 2601, .adv_w = 168, .box_w = 11, .box_h = 11, .ofs_x = 0, .ofs_y = 0},
    {.bitmap_index = 2662, .adv_w = 172, .box_w = 11, .box_h = 11, .ofs_x = 0, .ofs_y = 0},
    {.bitmap_index = 2723, .adv_w = 84, .box_w = 4, .box_h = 15, .ofs_x = 1, .ofs_y = -3},
    {.bitmap_index = 2753, .adv_w = 138, .box_w = 9, .box_h = 14, .ofs_x = 0, .ofs_y = -2},
    {.bitmap_index = 2816, .adv_w = 84, .box_w = 5, .box_h = 15, .ofs_x = 0, .ofs_y = -3},
    {.bitmap_index = 2854, .adv_w = 153, .box_w = 8, .box_h = 6, .ofs_x = 1, .ofs_y = 5},
    {.bitmap_index = 2878, .adv_w = 136, .box_w = 9, .box_h = 3, .ofs_x = 0, .ofs_y = -4},
    {.bitmap_index = 2892, .adv_w = 103, .box_w = 5, .box_h = 3, .ofs_x = 0, .ofs_y = 10},
    {.bitmap_index = 2900, .adv_w = 167, .box_w = 9, .box_h = 9, .ofs_x = 0, .ofs_y = 0},
    {.bitmap_index = 2941, .adv_w = 173, .box_w = 9, .box_h = 12, .ofs_x = 1, .ofs_y = 0},
    {.bitmap_index = 2995, .adv_w = 135, .box_w = 8, .box_h = 9, .ofs_x = 0, .ofs_y = 0},
    {.bitmap_index = 3031, .adv_w = 173, .box_w = 10, .box_h = 12, .ofs_x = 0, .ofs_y = 0},
    {.bitmap_index = 3091, .adv_w = 158, .box_w = 9, .box_h = 9, .ofs_x = 0, .ofs_y = 0},
    {.bitmap_index = 3132, .adv_w = 96, .box_w = 7, .box_h = 12, .ofs_x = 0, .ofs_y = 0},
    {.bitmap_index = 3174, .adv_w = 174, .box_w = 10, .box_h = 12, .ofs_x = 0, .ofs_y = -3},
    {.bitmap_index = 3234, .adv_w = 170, .box_w = 9, .box_h = 12, .ofs_x = 1, .ofs_y = 0},
    {.bitmap_index = 3288, .adv_w = 75, .box_w = 3, .box_h = 12, .ofs_x = 1, .ofs_y = 0},
    {.bitmap_index = 3306, .adv_w = 75, .box_w = 6, .box_h = 15, .ofs_x = -2, .ofs_y = -3},
    {.bitmap_index = 3351, .adv_w = 146, .box_w = 9, .box_h = 12, .ofs_x = 1, .ofs_y = 0},
    {.bitmap_index = 3405, .adv_w = 80, .box_w = 4, .box_h = 12, .ofs_x = 1, .ofs_y = 0},
    {.bitmap_index = 3429, .adv_w = 253, .box_w = 14, .box_h = 9, .ofs_x = 1, .ofs_y = 0},
    {.bitmap_index = 3492, .adv_w = 170, .box_w = 9, .box_h = 9, .ofs_x = 1, .ofs_y = 0},
    {.bitmap_index = 3533, .adv_w = 168, .box_w = 10, .box_h = 9, .ofs_x = 0, .ofs_y = 0},
    {.bitmap_index = 3578, .adv_w = 173, .box_w = 9, .box_h = 12, .ofs_x = 1, .ofs_y = -3},
    {.bitmap_index = 3632, .adv_w = 174, .box_w = 10, .box_h = 12, .ofs_x = 0, .ofs_y = -3},
    {.bitmap_index = 3692, .adv_w = 105, .box_w = 6, .box_h = 9, .ofs_x = 1, .ofs_y = 0},
    {.bitmap_index = 3719, .adv_w = 131, .box_w = 8, .box_h = 9, .ofs_x = 0, .ofs_y = 0},
    {.bitmap_index = 3755, .adv_w = 94, .box_w = 6, .box_h = 11, .ofs_x = 0, .ofs_y = 0},
    {.bitmap_index = 3788, .adv_w = 169, .box_w = 9, .box_h = 9, .ofs_x = 1, .ofs_y = 0},
    {.bitmap_index = 3829, .adv_w = 148, .box_w = 10, .box_h = 9, .ofs_x = 0, .ofs_y = 0},
    {.bitmap_index = 3874, .adv_w = 230, .box_w = 15, .box_h = 9, .ofs_x = 0, .ofs_y = 0},
    {.bitmap_index = 3942, .adv_w = 148, .box_w = 10, .box_h = 9, .ofs_x = 0, .ofs_y = 0},
    {.bitmap_index = 3987, .adv_w = 149, .box_w = 10, .box_h = 12, .ofs_x = 0, .ofs_y = -3},
    {.bitmap_index = 4047, .adv_w = 142, .box_w = 9, .box_h = 9, .ofs_x = 0, .ofs_y = 0},
    {.bitmap_index = 4088, .adv_w = 86, .box_w = 5, .box_h = 15, .ofs_x = 0, .ofs_y = -3},
    {.bitmap_index = 4126, .adv_w = 54, .box_w = 3, .box_h = 15, .ofs_x = 0, .ofs_y = -3},
    {.bitmap_index = 4149, .adv_w = 86, .box_w = 5, .box_h = 15, .ofs_x = 0, .ofs_y = -3},
    {.bitmap_index = 4187, .adv_w = 153, .box_w = 10, .box_h = 4, .ofs_x = 0, .ofs_y = 3},
    {.bitmap_index = 4207, .adv_w = 268, .box_w = 16, .box_h = 3, .ofs_x = 0, .ofs_y = 5},
    {.bitmap_index = 4231, .adv_w = 268, .box_w = 15, .box_h = 15, .ofs_x = 1, .ofs_y = -2},
    {.bitmap_index = 4344, .adv_w = 268, .box_w = 16, .box_h = 16, .ofs_x = 0, .ofs_y = -2},
    {.bitmap_index = 4472, .adv_w = 268, .box_w = 16, .box_h = 16, .ofs_x = 0, .ofs_y = -2},
    {.bitmap_index = 4600, .adv_w = 268, .box_w = 16, .box_h = 17, .ofs_x = 0, .ofs_y = -3},
    {.bitmap_index = 4736, .adv_w = 268, .box_w = 16, .box_h = 16, .ofs_x = 0, .ofs_y = -2},
    {.bitmap_index = 4864, .adv_w = 268, .box_w = 15, .box_h = 17, .ofs_x = 1, .ofs_y = -2},
    {.bitmap_index = 4992, .adv_w = 268, .box_w = 15, .box_h = 16, .ofs_x = 1, .ofs_y = -3},
    {.bitmap_index = 5112, .adv_w = 268, .box_w = 15, .box_h = 15, .ofs_x = 1, .ofs_y = -2},
    {.bitmap_index = 5225, .adv_w = 268, .box_w = 16, .box_h = 16, .ofs_x = 0, .ofs_y = -2},
    {.bitmap_index = 5353, .adv_w = 268, .box_w = 16, .box_h = 16, .ofs_x = 0, .ofs_y = -2},
    {.bitmap_index = 5481, .adv_w = 268, .box_w = 15, .box_h = 17, .ofs_x = 0, .ofs_y = -3},
    {.bitmap_index = 5609, .adv_w = 268, .box_w = 16, .box_h = 15, .ofs_x = 0, .ofs_y = -1},
    {.bitmap_index = 5729, .adv_w = 268, .box_w = 16, .box_h = 16, .ofs_x = 0, .ofs_y = -2},
    {.bitmap_index = 5857, .adv_w = 268, .box_w = 16, .box_h = 18, .ofs_x = 0, .ofs_y = -3},
    {.bitmap_index = 6001, .adv_w = 272, .box_w = 18, .box_h = 18, .ofs_x = -1, .ofs_y = -3},
    {.bitmap_index = 6163, .adv_w = 272, .box_w = 17, .box_h = 13, .ofs_x = 0, .ofs_y = 0},
    {.bitmap_index = 6274, .adv_w = 272, .box_w = 17, .box_h = 16, .ofs_x = 0, .ofs_y = -2},
    {.bitmap_index = 6410, .adv_w = 272, .box_w = 17, .box_h = 13, .ofs_x = 0, .ofs_y = 0},
    {.bitmap_index = 6521, .adv_w = 187, .box_w = 12, .box_h = 13, .ofs_x = 0, .ofs_y = 0},
    {.bitmap_index = 6599, .adv_w = 272, .box_w = 17, .box_h = 17, .ofs_x = 0, .ofs_y = -2},
    {.bitmap_index = 6744, .adv_w = 272, .box_w = 17, .box_h = 18, .ofs_x = 0, .ofs_y = -3},
    {.bitmap_index = 6897, .adv_w = 306, .box_w = 20, .box_h = 16, .ofs_x = 0, .ofs_y = -2},
    {.bitmap_index = 7057, .adv_w = 272, .box_w = 17, .box_h = 17, .ofs_x = 0, .ofs_y = -2},
    {.bitmap_index = 7202, .adv_w = 306, .box_w = 20, .box_h = 13, .ofs_x = 0, .ofs_y = 0},
    {.bitmap_index = 7332, .adv_w = 272, .box_w = 17, .box_h = 19, .ofs_x = 0, .ofs_y = -3},
    {.bitmap_index = 7494, .adv_w = 136, .box_w = 9, .box_h = 14, .ofs_x = 0, .ofs_y = -1},
    {.bitmap_index = 7557, .adv_w = 204, .box_w = 13, .box_h = 14, .ofs_x = 0, .ofs_y = -1},
    {.bitmap_index = 7648, .adv_w = 306, .box_w = 20, .box_h = 17, .ofs_x = 0, .ofs_y = -2},
    {.bitmap_index = 7818, .adv_w = 272, .box_w = 17, .box_h = 13, .ofs_x = 0, .ofs_y = 0},
    {.bitmap_index = 7929, .adv_w = 187, .box_w = 12, .box_h = 18, .ofs_x = 0, .ofs_y = -3},
    {.bitmap_index = 8037, .adv_w = 238, .box_w = 11, .box_h = 17, .ofs_x = 2, .ofs_y = -2},
    {.bitmap_index = 8131, .adv_w = 238, .box_w = 15, .box_h = 19, .ofs_x = 0, .ofs_y = -3},
    {.bitmap_index = 8274, .adv_w = 238, .box_w = 15, .box_h = 16, .ofs_x = 0, .ofs_y = -2},
    {.bitmap_index = 8394, .adv_w = 238, .box_w = 15, .box_h = 16, .ofs_x = 0, .ofs_y = -2},
    {.bitmap_index = 8514, .adv_w = 238, .box_w = 11, .box_h = 17, .ofs_x = 2, .ofs_y = -2},
    {.bitmap_index = 8608, .adv_w = 238, .box_w = 17, .box_h = 16, .ofs_x = -1, .ofs_y = -2},
    {.bitmap_index = 8744, .adv_w = 170, .box_w = 10, .box_h = 15, .ofs_x = 0, .ofs_y = -1},
    {.bitmap_index = 8819, .adv_w = 170, .box_w = 10, .box_h = 15, .ofs_x = 0, .ofs_y = -1},
    {.bitmap_index = 8894, .adv_w = 238, .box_w = 15, .box_h = 16, .ofs_x = 0, .ofs_y = -2},
    {.bitmap_index = 9014, .adv_w = 238, .box_w = 15, .box_h = 4, .ofs_x = 0, .ofs_y = 4},
    {.bitmap_index = 9044, .adv_w = 306, .box_w = 20, .box_h = 13, .ofs_x = 0, .ofs_y = 0},
    {.bitmap_index = 9174, .adv_w = 340, .box_w = 22, .box_h = 18, .ofs_x = 0, .ofs_y = -3},
    {.bitmap_index = 9372, .adv_w = 306, .box_w = 21, .box_h = 18, .ofs_x = -1, .ofs_y = -3},
    {.bitmap_index = 9561, .adv_w = 272, .box_w = 17, .box_h = 16, .ofs_x = 0, .ofs_y = -2},
    {.bitmap_index = 9697, .adv_w = 238, .box_w = 15, .box_h = 10, .ofs_x = 0, .ofs_y = 1},
    {.bitmap_index = 9772, .adv_w = 238, .box_w = 15, .box_h = 10, .ofs_x = 0, .ofs_y = 1},
    {.bitmap_index = 9847, .adv_w = 340, .box_w = 23, .box_h = 13, .ofs_x = -1, .ofs_y = 0},
    {.bitmap_index = 9997, .adv_w = 272, .box_w = 17, .box_h = 13, .ofs_x = 0, .ofs_y = 0},
    {.bitmap_index = 10108, .adv_w = 272, .box_w = 17, .box_h = 17, .ofs_x = 0, .ofs_y = -2},
    {.bitmap_index = 10253, .adv_w = 272, .box_w = 18, .box_h = 19, .ofs_x = -1, .ofs_y = -3},
    {.bitmap_index = 10424, .adv_w = 238, .box_w = 16, .box_h = 16, .ofs_x = 0, .ofs_y = -2},
    {.bitmap_index = 10552, .adv_w = 238, .box_w = 15, .box_h = 18, .ofs_x = 0, .ofs_y = -3},
    {.bitmap_index = 10687, .adv_w = 238, .box_w = 15, .box_h = 16, .ofs_x = 0, .ofs_y = -2},
    {.bitmap_index = 10807, .adv_w = 238, .box_w = 15, .box_h = 14, .ofs_x = 0, .ofs_y = -1},
    {.bitmap_index = 10912, .adv_w = 272, .box_w = 17, .box_h = 13, .ofs_x = 0, .ofs_y = 0},
    {.bitmap_index = 11023, .adv_w = 170, .box_w = 12, .box_h = 18, .ofs_x = -1, .ofs_y = -3},
    {.bitmap_index = 11131, .adv_w = 238, .box_w = 15, .box_h = 18, .ofs_x = 0, .ofs_y = -3},
    {.bitmap_index = 11266, .adv_w = 238, .box_w = 15, .box_h = 18, .ofs_x = 0, .ofs_y = -3},
    {.bitmap_index = 11401, .adv_w = 306, .box_w = 20, .box_h = 13, .ofs_x = 0, .ofs_y = 0},
    {.bitmap_index = 11531, .adv_w = 272, .box_w = 19, .box_h = 19, .ofs_x = -1, .ofs_y = -3},
    {.bitmap_index = 11712, .adv_w = 204, .box_w = 13, .box_h = 18, .ofs_x = 0, .ofs_y = -3},
    {.bitmap_index = 11829, .adv_w = 340, .box_w = 22, .box_h = 17, .ofs_x = 0, .ofs_y = -2},
    {.bitmap_index = 12016, .adv_w = 340, .box_w = 22, .box_h = 11, .ofs_x = 0, .ofs_y = 1},
    {.bitmap_index = 12137, .adv_w = 340, .box_w = 22, .box_h = 11, .ofs_x = 0, .ofs_y = 1},
    {.bitmap_index = 12258, .adv_w = 340, .box_w = 22, .box_h = 11, .ofs_x = 0, .ofs_y = 1},
    {.bitmap_index = 12379, .adv_w = 340, .box_w = 22, .box_h = 11, .ofs_x = 0, .ofs_y = 1},
    {.bitmap_index = 12500, .adv_w = 340, .box_w = 22, .box_h = 11, .ofs_x = 0, .ofs_y = 1},
    {.bitmap_index = 12621, .adv_w = 340, .box_w = 22, .box_h = 14, .ofs_x = 0, .ofs_y = -1},
    {.bitmap_index = 12775, .adv_w = 238, .box_w = 13, .box_h = 18, .ofs_x = 1, .ofs_y = -3},
    {.bitmap_index = 12892, .adv_w = 238, .box_w = 15, .box_h = 18, .ofs_x = 0, .ofs_y = -3},
    {.bitmap_index = 13027, .adv_w = 272, .box_w = 18, .box_h = 18, .ofs_x = -1, .ofs_y = -3},
    {.bitmap_index = 13189, .adv_w = 340, .box_w = 22, .box_h = 13, .ofs_x = 0, .ofs_y = 0},
    {.bitmap_index = 13332, .adv_w = 204, .box_w = 13, .box_h = 18, .ofs_x = 0, .ofs_y = -3},
    {.bitmap_index = 13449, .adv_w = 274, .box_w = 18, .box_h = 11, .ofs_x = 0, .ofs_y = 1}
};

/*---------------------
 *  CHARACTER MAPPING
 *--------------------*/

static const uint16_t unicode_list_1[] = {
    0x0, 0xb, 0x134, 0x159, 0x25c, 0x469, 0x5f0, 0x731,
    0xff2, 0x1882, 0x22b9, 0x3e03, 0x43cd, 0x49f3, 0x4b96, 0xa201,
    0xa208, 0xa20b, 0xa20c, 0xa20d, 0xa211, 0xa213, 0xa215, 0xa219,
    0xa21c, 0xa221, 0xa226, 0xa227, 0xa228, 0xa23e, 0xa243, 0xa248,
    0xa24b, 0xa24c, 0xa24d, 0xa251, 0xa252, 0xa253, 0xa254, 0xa267,
    0xa268, 0xa26e, 0xa270, 0xa271, 0xa274, 0xa277, 0xa278, 0xa279,
    0xa27b, 0xa293, 0xa295, 0xa2c4, 0xa2c5, 0xa2c7, 0xa2c9, 0xa2e0,
    0xa2e7, 0xa2ea, 0xa2f3, 0xa31c, 0xa324, 0xa35b, 0xa3eb, 0xa440,
    0xa441, 0xa442, 0xa443, 0xa444, 0xa487, 0xa493, 0xa4ed, 0xa504,
    0xa75a, 0xa9c2, 0xaaa2
};

/*Collect the unicode lists and glyph_id offsets*/
static const lv_font_fmt_txt_cmap_t cmaps[] =
{
    {
        .range_start = 32, .range_length = 95, .glyph_id_start = 1,
        .unicode_list = NULL, .glyph_id_ofs_list = NULL, .list_length = 0, .type = LV_FONT_FMT_TXT_CMAP_FORMAT0_TINY
    },
    {
        .range_start = 19968, .range_length = 43683, .glyph_id_start = 96,
        .unicode_list = unicode_list_1, .glyph_id_ofs_list = NULL, .list_length = 75, .type = LV_FONT_FMT_TXT_CMAP_SPARSE_TINY
    }
};

/*-----------------
 *    KERNING
 *----------------*/


/*Pair left and right glyphs for kerning*/
static const uint8_t kern_pair_glyph_ids[] =
{
    3, 3,
    3, 8,
    3, 13,
    3, 15,
    8, 3,
    8, 8,
    8, 13,
    8, 15,
    9, 75,
    13, 3,
    13, 8,
    13, 18,
    13, 24,
    13, 26,
    15, 3,
    15, 8,
    15, 18,
    15, 24,
    15, 26,
    16, 16,
    18, 13,
    18, 15,
    18, 27,
    18, 28,
    24, 13,
    24, 15,
    24, 27,
    24, 28,
    27, 18,
    27, 24,
    28, 18,
    28, 24,
    34, 3,
    34, 8,
    34, 36,
    34, 40,
    34, 48,
    34, 50,
    34, 53,
    34, 54,
    34, 55,
    34, 56,
    34, 58,
    34, 71,
    34, 77,
    34, 85,
    34, 87,
    34, 90,
    35, 36,
    35, 40,
    35, 48,
    35, 50,
    35, 53,
    35, 55,
    35, 57,
    35, 58,
    37, 13,
    37, 15,
    37, 34,
    37, 53,
    37, 55,
    37, 56,
    37, 57,
    37, 58,
    37, 59,
    37, 66,
    38, 75,
    39, 13,
    39, 15,
    39, 34,
    39, 66,
    39, 73,
    39, 76,
    40, 55,
    40, 58,
    43, 43,
    44, 34,
    44, 36,
    44, 40,
    44, 48,
    44, 50,
    44, 53,
    44, 54,
    44, 55,
    44, 56,
    44, 58,
    44, 68,
    44, 69,
    44, 70,
    44, 72,
    44, 77,
    44, 80,
    44, 82,
    44, 84,
    44, 85,
    44, 86,
    44, 87,
    44, 88,
    44, 90,
    45, 3,
    45, 8,
    45, 34,
    45, 36,
    45, 40,
    45, 48,
    45, 50,
    45, 53,
    45, 54,
    45, 55,
    45, 56,
    45, 58,
    45, 87,
    45, 88,
    45, 90,
    48, 13,
    48, 15,
    48, 34,
    48, 53,
    48, 55,
    48, 56,
    48, 57,
    48, 58,
    48, 59,
    48, 66,
    49, 13,
    49, 15,
    49, 34,
    49, 53,
    49, 55,
    49, 56,
    49, 57,
    49, 58,
    49, 59,
    49, 66,
    50, 13,
    50, 15,
    50, 34,
    50, 43,
    50, 53,
    50, 55,
    50, 56,
    50, 57,
    50, 58,
    50, 59,
    50, 66,
    51, 36,
    51, 40,
    51, 48,
    51, 50,
    51, 53,
    51, 54,
    51, 55,
    51, 56,
    51, 57,
    51, 58,
    51, 68,
    51, 69,
    51, 70,
    51, 72,
    51, 80,
    51, 82,
    51, 85,
    51, 86,
    51, 87,
    51, 89,
    51, 90,
    52, 13,
    52, 15,
    52, 52,
    52, 53,
    52, 55,
    52, 56,
    52, 58,
    52, 85,
    52, 87,
    52, 88,
    52, 89,
    52, 90,
    53, 3,
    53, 8,
    53, 13,
    53, 15,
    53, 34,
    53, 36,
    53, 40,
    53, 48,
    53, 50,
    53, 52,
    53, 66,
    53, 68,
    53, 69,
    53, 70,
    53, 72,
    53, 74,
    53, 75,
    53, 78,
    53, 79,
    53, 80,
    53, 81,
    53, 82,
    53, 83,
    53, 84,
    53, 85,
    53, 86,
    53, 87,
    53, 88,
    53, 89,
    53, 90,
    53, 91,
    54, 34,
    54, 57,
    54, 89,
    55, 13,
    55, 15,
    55, 27,
    55, 28,
    55, 34,
    55, 36,
    55, 40,
    55, 48,
    55, 50,
    55, 52,
    55, 66,
    55, 68,
    55, 69,
    55, 70,
    55, 72,
    55, 73,
    55, 76,
    55, 80,
    55, 82,
    55, 84,
    55, 87,
    55, 90,
    56, 13,
    56, 15,
    56, 27,
    56, 28,
    56, 34,
    56, 36,
    56, 40,
    56, 48,
    56, 50,
    56, 66,
    56, 68,
    56, 69,
    56, 70,
    56, 72,
    56, 80,
    56, 82,
    56, 84,
    57, 34,
    57, 36,
    57, 40,
    57, 48,
    57, 50,
    57, 53,
    57, 54,
    57, 55,
    57, 56,
    57, 58,
    57, 68,
    57, 69,
    57, 70,
    57, 72,
    57, 77,
    57, 80,
    57, 82,
    57, 84,
    57, 85,
    57, 86,
    57, 87,
    57, 88,
    57, 90,
    58, 3,
    58, 8,
    58, 13,
    58, 15,
    58, 27,
    58, 28,
    58, 34,
    58, 36,
    58, 40,
    58, 48,
    58, 50,
    58, 52,
    58, 66,
    58, 68,
    58, 69,
    58, 70,
    58, 71,
    58, 72,
    58, 73,
    58, 74,
    58, 76,
    58, 78,
    58, 79,
    58, 80,
    58, 81,
    58, 82,
    58, 83,
    58, 84,
    58, 85,
    58, 86,
    58, 87,
    58, 89,
    58, 90,
    58, 91,
    59, 36,
    59, 40,
    59, 48,
    59, 50,
    60, 75,
    66, 53,
    66, 55,
    66, 58,
    66, 87,
    66, 88,
    66, 90,
    67, 13,
    67, 15,
    67, 53,
    67, 55,
    67, 56,
    67, 57,
    67, 58,
    67, 87,
    67, 89,
    67, 90,
    70, 13,
    70, 15,
    70, 53,
    70, 58,
    70, 75,
    71, 3,
    71, 8,
    71, 10,
    71, 11,
    71, 13,
    71, 15,
    71, 32,
    71, 53,
    71, 55,
    71, 56,
    71, 57,
    71, 58,
    71, 62,
    71, 66,
    71, 68,
    71, 69,
    71, 70,
    71, 71,
    71, 72,
    71, 73,
    71, 74,
    71, 75,
    71, 76,
    71, 77,
    71, 80,
    71, 82,
    71, 84,
    71, 85,
    71, 87,
    71, 90,
    71, 94,
    73, 53,
    73, 58,
    73, 87,
    73, 88,
    73, 90,
    74, 3,
    74, 8,
    74, 10,
    74, 32,
    74, 53,
    74, 62,
    74, 94,
    75, 53,
    76, 53,
    76, 54,
    76, 56,
    76, 66,
    76, 68,
    76, 69,
    76, 70,
    76, 72,
    76, 77,
    76, 80,
    76, 82,
    76, 86,
    77, 71,
    77, 85,
    77, 87,
    77, 88,
    77, 90,
    78, 53,
    78, 58,
    78, 87,
    78, 88,
    78, 90,
    79, 53,
    79, 58,
    79, 87,
    79, 88,
    79, 90,
    80, 13,
    80, 15,
    80, 53,
    80, 55,
    80, 56,
    80, 57,
    80, 58,
    80, 87,
    80, 89,
    80, 90,
    81, 13,
    81, 15,
    81, 53,
    81, 55,
    81, 56,
    81, 57,
    81, 58,
    81, 87,
    81, 89,
    81, 90,
    82, 53,
    82, 58,
    82, 75,
    83, 3,
    83, 8,
    83, 13,
    83, 15,
    83, 66,
    83, 68,
    83, 69,
    83, 70,
    83, 71,
    83, 80,
    83, 82,
    83, 85,
    83, 87,
    83, 90,
    84, 53,
    84, 55,
    84, 56,
    84, 57,
    84, 58,
    84, 87,
    84, 89,
    84, 90,
    85, 71,
    85, 85,
    86, 53,
    86, 58,
    87, 13,
    87, 15,
    87, 53,
    87, 57,
    87, 66,
    87, 68,
    87, 69,
    87, 70,
    87, 80,
    87, 82,
    88, 13,
    88, 15,
    88, 53,
    88, 57,
    88, 66,
    89, 53,
    89, 54,
    89, 56,
    89, 66,
    89, 68,
    89, 69,
    89, 70,
    89, 72,
    89, 77,
    89, 80,
    89, 82,
    89, 86,
    90, 13,
    90, 15,
    90, 53,
    90, 57,
    90, 66,
    90, 68,
    90, 69,
    90, 70,
    90, 80,
    90, 82,
    91, 53,
    92, 73,
    92, 75,
    92, 76
};

/* Kerning between the respective left and right glyphs
 * 4.4 format which needs to scaled with `kern_scale`*/
static const int8_t kern_pair_values[] =
{
    -9, -11, -48, -48, -9, -11, -48, -48,
    16, -44, -44, -38, -13, -10, -44, -44,
    -38, -13, -10, -33, -25, -25, -26, -26,
    -44, -44, -25, -25, -20, -15, -20, -15,
    -27, -27, -5, -5, -5, -5, -22, -2,
    -19, -9, -23, -5, -3, -5, -5, -5,
    -2, -2, -2, -2, -10, -5, -5, -7,
    -15, -15, -5, -10, -8, -4, -6, -11,
    -5, -8, 4, -41, -41, -11, -15, 1,
    1, -4, -7, 4, -4, -6, -6, -6,
    -6, -4, -10, -8, -8, -11, -10, -10,
    -10, -10, -10, -10, -10, -4, -3, -10,
    -16, -11, -16, -26, -26, 5, -14, -14,
    -14, -14, -19, -4, -20, -10, -27, -12,
    -7, -12, -15, -15, -5, -10, -8, -4,
    -6, -11, -5, -8, -52, -52, -16, -6,
    -2, -2, -14, -5, -10, -16, -15, -15,
    -5, 4, -10, -8, -4, -6, -11, -5,
    -8, -4, -4, -4, -4, -11, -3, -7,
    -3, -7, -12, -5, -5, -5, -5, -5,
    -5, -5, -2, -3, 5, -3, -5, -5,
    -1, -2, -7, -3, -7, -1, -5, -3,
    -1, -5, 4, 4, -41, -41, -22, -5,
    -5, -5, -5, -1, -22, -15, -15, -15,
    -15, -5, -4, -15, -15, -15, -13, -15,
    -15, -16, 5, -19, -8, -4, -8, -8,
    -15, -2, -4, -1, -38, -38, -12, -12,
    -20, -8, -8, -8, -8, -3, -13, -7,
    -7, -7, -7, 2, 2, -7, -7, -7,
    -2, -2, -20, -20, -8, -8, -11, -4,
    -4, -4, -4, -11, -5, -5, -5, -5,
    -5, -5, -5, -4, -6, -6, -6, -6,
    -4, -10, -8, -8, -11, -10, -10, -10,
    -10, -10, -10, -10, -4, -3, -10, -16,
    -11, -16, 2, 2, -41, -41, -16, -16,
    -23, -11, -11, -11, -11, -1, -29, -16,
    -16, -16, -2, -16, 1, -4, 1, -12,
    -12, -16, -11, -16, -12, -18, -1, -11,
    -11, -12, -11, -12, -5, -5, -5, -5,
    22, -16, -7, -19, -3, -3, -3, -11,
    -11, -15, -8, -5, -10, -16, -3, -5,
    -3, -5, -5, -14, -11, 5, 5, 5,
    2, 18, -2, -2, 11, 11, 7, 7,
    7, 2, 8, -7, -4, -4, -4, 2,
    -8, -4, -4, -4, -4, -4, -4, -4,
    -4, 2, 1, 1, 5, -13, -8, -3,
    -1, -3, 4, 4, 4, 5, -5, 13,
    9, -5, -8, -1, -5, -5, -5, -5,
    -5, -5, -5, -5, -5, -3, -5, -1,
    -4, -2, -4, -13, -8, -3, -1, -3,
    -13, -8, -3, -1, -3, -11, -11, -15,
    -8, -5, -10, -16, -3, -5, -3, -11,
    -11, -15, -8, -5, -10, -16, -3, -5,
    -3, -4, -4, 5, 4, 4, -25, -25,
    -13, -4, -4, -4, 1, -4, -4, 5,
    1, 1, -15, -7, -5, -4, -16, -4,
    -3, -4, 1, 1, -11, -4, -24, -24,
    -8, -8, -10, -3, -3, -3, -3, -3,
    -14, -14, -4, -8, -9, -8, -1, -5,
    -5, -5, -5, -5, -5, -5, -5, -5,
    -3, -24, -24, -8, -8, -10, -3, -3,
    -3, -3, -3, -15, 4, 20, 4
};

/*Collect the kern pair's data in one place*/
static const lv_font_fmt_txt_kern_pair_t kern_pairs =
{
    .glyph_ids = kern_pair_glyph_ids,
    .values = kern_pair_values,
    .pair_cnt = 495,
    .glyph_ids_size = 0
};

/*--------------------
 *  ALL CUSTOM DATA
 *--------------------*/

#if LVGL_VERSION_MAJOR == 8
/*Store all the custom data of the font*/
static  lv_font_fmt_txt_glyph_cache_t cache;
#endif

#if LVGL_VERSION_MAJOR >= 8
static const lv_font_fmt_txt_dsc_t font_dsc = {
#else
static lv_font_fmt_txt_dsc_t font_dsc = {
#endif
    .glyph_bitmap = glyph_bitmap,
    .glyph_dsc = glyph_dsc,
    .cmaps = cmaps,
    .kern_dsc = &kern_pairs,
    .kern_scale = 16,
    .cmap_num = 2,
    .bpp = 4,
    .kern_classes = 0,
    .bitmap_format = 0,
#if LVGL_VERSION_MAJOR == 8
    .cache = &cache
#endif
};



/*-----------------
 *  PUBLIC FONT
 *----------------*/

/*Initialize a public general font descriptor*/
#if LVGL_VERSION_MAJOR >= 8
const lv_font_t lv_font_Alibaba_PuHuiTi_2_0_65_Medium_65_Medium_17 = {
#else
lv_font_t lv_font_Alibaba_PuHuiTi_2_0_65_Medium_65_Medium_17 = {
#endif
    .get_glyph_dsc = lv_font_get_glyph_dsc_fmt_txt,    /*Function pointer to get glyph's data*/
    .get_glyph_bitmap = lv_font_get_bitmap_fmt_txt,    /*Function pointer to get glyph's bitmap*/
    .line_height = 20,          /*The maximum line height required by the font*/
    .base_line = 4,             /*Baseline measured from the bottom of the line*/
#if !(LVGL_VERSION_MAJOR == 6 && LVGL_VERSION_MINOR == 0)
    .subpx = LV_FONT_SUBPX_NONE,
#endif
#if LV_VERSION_CHECK(7, 4, 0) || LVGL_VERSION_MAJOR >= 8
    .underline_position = -1,
    .underline_thickness = 1,
#endif
    .dsc = &font_dsc,          /*The custom font data. Will be accessed by `get_glyph_bitmap/dsc` */
#if LV_VERSION_CHECK(8, 2, 0) || LVGL_VERSION_MAJOR >= 9
    .fallback = NULL,
#endif
    .user_data = NULL,
};



#endif /*#if LV_FONT_ALIBABA_PUHUITI_2_0_65_MEDIUM_65_MEDIUM_17*/

