/*******************************************************************************
 * Size: 28 px
 * Bpp: 4
 * Opts: --font D:\test\ktv_demo\assets\fonts\Alibaba_PuHuiTi_2_0_75_SemiBold_75_SemiBold\Alibaba_PuHuiTi_2_0_75_SemiBold_75_SemiBold.ttf -r 0x20-0x7F --symbols +-0123456789a中乐体保媒屏心牙置蓝设音 --size 28 -o \\192.168.30.245\weichao.lian\klok\projects\multimedia\ktv_example\ap\ui\beken_generated\fonts\lv_font_Alibaba_PuHuiTi_2_0_75_SemiBold_75_SemiBold_28.c --format lvgl --bpp 4 --no-compress --lv-include lvgl.h --font C:\Users\weichao.lian\Downloads\lvgl_ui_designer_2.0.2\resources\assets\fonts\FontAwesome5.woff -r 61441, 61448, 61451, 61452, 61453, 61457, 61459, 61461, 61465, 61468,                                61473, 61478, 61479, 61480, 61502, 61507, 61512, 61515, 61516, 61517,                                61521, 61522, 61523, 61524, 61543, 61544, 61550, 61552, 61553, 61556,                                61559, 61560, 61561, 61563, 61587, 61589, 61636, 61637, 61639, 61641,                                61664, 61671, 61674, 61683, 61724, 61732, 61787, 61931, 62016, 62017,                                62018, 62019, 62020, 62087, 62099, 62189, 62212, 62810, 63426, 63650
 ******************************************************************************/

#ifdef LV_LVGL_H_INCLUDE_SIMPLE
#include "lvgl.h"
#else
#include "lvgl.h"
#endif

#ifndef LV_FONT_ALIBABA_PUHUITI_2_0_75_SEMIBOLD_75_SEMIBOLD_28
#define LV_FONT_ALIBABA_PUHUITI_2_0_75_SEMIBOLD_75_SEMIBOLD_28 1
#endif

#if LV_FONT_ALIBABA_PUHUITI_2_0_75_SEMIBOLD_75_SEMIBOLD_28

/*-----------------
 *    BITMAPS
 *----------------*/

/*Store the image of the glyphs*/
static LV_ATTRIBUTE_LARGE_CONST const uint8_t glyph_bitmap[] = {
    /* U+0020 " " */

    /* U+0021 "!" */
    0xc, 0xff, 0xf0, 0xc, 0xff, 0xf0, 0xb, 0xff,
    0xf0, 0xa, 0xff, 0xf0, 0xa, 0xff, 0xe0, 0x9,
    0xff, 0xd0, 0x9, 0xff, 0xd0, 0x8, 0xff, 0xc0,
    0x7, 0xff, 0xc0, 0x7, 0xff, 0xb0, 0x6, 0xff,
    0xa0, 0x5, 0xff, 0xa0, 0x5, 0xff, 0x90, 0x1,
    0x55, 0x30, 0x0, 0x0, 0x0, 0x2, 0x66, 0x30,
    0xd, 0xff, 0xf2, 0xf, 0xff, 0xf4, 0xf, 0xff,
    0xf3, 0x8, 0xff, 0xb0,

    /* U+0022 "\"" */
    0x6f, 0xff, 0x8, 0xff, 0xf5, 0xff, 0xf0, 0x7f,
    0xfe, 0x3f, 0xfe, 0x6, 0xff, 0xc2, 0xff, 0xd0,
    0x4f, 0xfb, 0x1f, 0xfb, 0x3, 0xff, 0xa0, 0xff,
    0xa0, 0x2f, 0xf8, 0xe, 0xf9, 0x0, 0xff, 0x70,
    0xdf, 0x80, 0xf, 0xf6, 0x7, 0x94, 0x0, 0x89,
    0x30,

    /* U+0023 "#" */
    0x0, 0x0, 0xf, 0xff, 0x0, 0x0, 0xef, 0xf1,
    0x0, 0x0, 0x2, 0xff, 0xd0, 0x0, 0xf, 0xfe,
    0x0, 0x0, 0x0, 0x5f, 0xfa, 0x0, 0x3, 0xff,
    0xb0, 0x0, 0x0, 0x7, 0xff, 0x70, 0x0, 0x6f,
    0xf9, 0x0, 0x0, 0x0, 0xaf, 0xf4, 0x0, 0x9,
    0xff, 0x60, 0x9, 0xff, 0xff, 0xff, 0xff, 0xff,
    0xff, 0xff, 0xf5, 0x9f, 0xff, 0xff, 0xff, 0xff,
    0xff, 0xff, 0xff, 0x56, 0xbb, 0xcf, 0xfe, 0xbb,
    0xbb, 0xff, 0xfb, 0xb3, 0x0, 0x5, 0xff, 0x90,
    0x0, 0x4f, 0xfa, 0x0, 0x0, 0x0, 0x8f, 0xf6,
    0x0, 0x7, 0xff, 0x80, 0x0, 0x0, 0xb, 0xff,
    0x30, 0x0, 0x9f, 0xf5, 0x0, 0x0, 0x0, 0xef,
    0xf1, 0x0, 0xc, 0xff, 0x20, 0x0, 0x9f, 0xff,
    0xff, 0xff, 0xff, 0xff, 0xff, 0xff, 0x59, 0xff,
    0xff, 0xff, 0xff, 0xff, 0xff, 0xff, 0xf5, 0x6a,
    0xdf, 0xfd, 0xaa, 0xac, 0xff, 0xda, 0xaa, 0x30,
    0x9, 0xff, 0x50, 0x0, 0x7f, 0xf7, 0x0, 0x0,
    0x0, 0xbf, 0xf3, 0x0, 0xa, 0xff, 0x40, 0x0,
    0x0, 0xe, 0xff, 0x0, 0x0, 0xdf, 0xf1, 0x0,
    0x0, 0x1, 0xff, 0xd0, 0x0, 0xf, 0xfe, 0x0,
    0x0, 0x0, 0x4f, 0xfa, 0x0, 0x2, 0xff, 0xc0,
    0x0, 0x0,

    /* U+0024 "$" */
    0x0, 0x0, 0x0, 0xde, 0x0, 0x0, 0x0, 0x0,
    0x0, 0x0, 0xff, 0x0, 0x0, 0x0, 0x0, 0x0,
    0x0, 0xff, 0x0, 0x0, 0x0, 0x0, 0x18, 0xdf,
    0xff, 0xfe, 0xca, 0x30, 0x2, 0xef, 0xff, 0xff,
    0xff, 0xff, 0x70, 0xb, 0xff, 0xff, 0xff, 0xff,
    0xff, 0x70, 0x1f, 0xff, 0x70, 0xff, 0x0, 0x25,
    0x40, 0x3f, 0xff, 0x0, 0xff, 0x0, 0x0, 0x0,
    0x4f, 0xfe, 0x0, 0xff, 0x0, 0x0, 0x0, 0x3f,
    0xff, 0x10, 0xff, 0x0, 0x0, 0x0, 0x1f, 0xff,
    0xd5, 0xff, 0x0, 0x0, 0x0, 0xa, 0xff, 0xff,
    0xff, 0x83, 0x0, 0x0, 0x0, 0xbf, 0xff, 0xff,
    0xff, 0xd5, 0x0, 0x0, 0x4, 0xae, 0xff, 0xff,
    0xff, 0x70, 0x0, 0x0, 0x0, 0xff, 0xbf, 0xff,
    0xf2, 0x0, 0x0, 0x0, 0xff, 0x3, 0xff, 0xf6,
    0x0, 0x0, 0x0, 0xff, 0x0, 0xaf, 0xf9, 0x0,
    0x0, 0x0, 0xff, 0x0, 0x9f, 0xf9, 0x0, 0x0,
    0x0, 0xff, 0x0, 0xcf, 0xf8, 0x59, 0x64, 0x32,
    0xff, 0x49, 0xff, 0xf4, 0x7f, 0xff, 0xff, 0xff,
    0xff, 0xff, 0xd0, 0x7f, 0xff, 0xff, 0xff, 0xff,
    0xfe, 0x30, 0x29, 0xcd, 0xef, 0xff, 0xeb, 0x71,
    0x0, 0x0, 0x0, 0x0, 0xff, 0x0, 0x0, 0x0,
    0x0, 0x0, 0x0, 0xff, 0x0, 0x0, 0x0, 0x0,
    0x0, 0x0, 0xff, 0x0, 0x0, 0x0, 0x0, 0x0,
    0x0, 0xff, 0x0, 0x0, 0x0,

    /* U+0025 "%" */
    0x0, 0x6c, 0xfe, 0xb4, 0x0, 0x0, 0x0, 0x7f,
    0xe0, 0x0, 0x0, 0x6f, 0xff, 0xff, 0xf2, 0x0,
    0x0, 0x1e, 0xf6, 0x0, 0x0, 0xd, 0xfa, 0x1,
    0xdf, 0x90, 0x0, 0x8, 0xfd, 0x0, 0x0, 0x1,
    0xff, 0x30, 0x8, 0xfd, 0x0, 0x1, 0xff, 0x50,
    0x0, 0x0, 0x2f, 0xf2, 0x0, 0x6f, 0xf0, 0x0,
    0xaf, 0xc0, 0x0, 0x0, 0x2, 0xff, 0x20, 0x6,
    0xff, 0x0, 0x2f, 0xf3, 0x0, 0x0, 0x0, 0x1f,
    0xf3, 0x0, 0x8f, 0xd0, 0xb, 0xfb, 0x0, 0x0,
    0x0, 0x0, 0xef, 0xa0, 0x1d, 0xf9, 0x4, 0xff,
    0x20, 0x0, 0x0, 0x0, 0x6, 0xff, 0xff, 0xff,
    0x20, 0xcf, 0x90, 0x0, 0x0, 0x0, 0x0, 0x6,
    0xdf, 0xec, 0x40, 0x5f, 0xf1, 0x1a, 0xef, 0xd7,
    0x0, 0x0, 0x0, 0x0, 0x0, 0xd, 0xf8, 0xd,
    0xff, 0xff, 0xf8, 0x0, 0x0, 0x0, 0x0, 0x6,
    0xfe, 0x5, 0xff, 0x30, 0x8f, 0xf0, 0x0, 0x0,
    0x0, 0x0, 0xef, 0x60, 0x9f, 0xb0, 0x1, 0xff,
    0x30, 0x0, 0x0, 0x0, 0x8f, 0xd0, 0xb, 0xf9,
    0x0, 0xf, 0xf5, 0x0, 0x0, 0x0, 0x1f, 0xf5,
    0x0, 0xbf, 0x90, 0x0, 0xff, 0x60, 0x0, 0x0,
    0x9, 0xfc, 0x0, 0xb, 0xf9, 0x0, 0xf, 0xf5,
    0x0, 0x0, 0x2, 0xff, 0x30, 0x0, 0x9f, 0xb0,
    0x1, 0xff, 0x40, 0x0, 0x0, 0xbf, 0xb0, 0x0,
    0x5, 0xff, 0x30, 0x8f, 0xf0, 0x0, 0x0, 0x3f,
    0xf2, 0x0, 0x0, 0xd, 0xff, 0xff, 0xf8, 0x0,
    0x0, 0xc, 0xf9, 0x0, 0x0, 0x0, 0x2a, 0xef,
    0xd7, 0x0,

    /* U+0026 "&" */
    0x0, 0x0, 0x2, 0x9e, 0xfe, 0xb4, 0x0, 0x0,
    0x0, 0x0, 0x0, 0x5f, 0xff, 0xff, 0xff, 0x70,
    0x0, 0x0, 0x0, 0x1, 0xff, 0xff, 0xdf, 0xff,
    0xf1, 0x0, 0x0, 0x0, 0x6, 0xff, 0xf4, 0x2,
    0xff, 0xf5, 0x0, 0x0, 0x0, 0x8, 0xff, 0xe0,
    0x0, 0xcf, 0xf6, 0x0, 0x0, 0x0, 0x7, 0xff,
    0xf0, 0x0, 0xef, 0xf4, 0x0, 0x0, 0x0, 0x4,
    0xff, 0xf5, 0xa, 0xff, 0xe0, 0x0, 0x0, 0x0,
    0x0, 0xef, 0xfd, 0xef, 0xff, 0x40, 0x0, 0x0,
    0x0, 0x0, 0x6f, 0xff, 0xff, 0xe4, 0x0, 0x0,
    0x0, 0x0, 0x2, 0xcf, 0xff, 0xfc, 0x10, 0x1,
    0xaa, 0xa0, 0x0, 0x4f, 0xff, 0xff, 0xff, 0x30,
    0x4, 0xff, 0xf0, 0x3, 0xff, 0xfe, 0x6e, 0xff,
    0xe1, 0x6, 0xff, 0xd0, 0xb, 0xff, 0xe1, 0x4,
    0xff, 0xfc, 0xc, 0xff, 0x90, 0xf, 0xff, 0x70,
    0x0, 0x7f, 0xff, 0xbf, 0xff, 0x30, 0x2f, 0xff,
    0x50, 0x0, 0xa, 0xff, 0xff, 0xfb, 0x0, 0x2f,
    0xff, 0x90, 0x0, 0x0, 0xdf, 0xff, 0xe1, 0x0,
    0xe, 0xff, 0xf7, 0x10, 0x16, 0xef, 0xff, 0xf6,
    0x0, 0x6, 0xff, 0xff, 0xff, 0xff, 0xff, 0xff,
    0xff, 0xfb, 0x0, 0x8f, 0xff, 0xff, 0xff, 0xfb,
    0x7f, 0xff, 0xfb, 0x0, 0x3, 0xae, 0xff, 0xd9,
    0x30, 0x3, 0xae, 0xfb,

    /* U+0027 "'" */
    0x6f, 0xff, 0x5, 0xff, 0xf0, 0x3f, 0xfe, 0x2,
    0xff, 0xd0, 0x1f, 0xfb, 0x0, 0xff, 0xa0, 0xe,
    0xf9, 0x0, 0xdf, 0x80, 0x7, 0x94, 0x0,

    /* U+0028 "(" */
    0x0, 0x0, 0x1f, 0xff, 0x60, 0x0, 0xa, 0xff,
    0xd0, 0x0, 0x3, 0xff, 0xf5, 0x0, 0x0, 0xcf,
    0xfd, 0x0, 0x0, 0x3f, 0xff, 0x60, 0x0, 0xa,
    0xff, 0xe0, 0x0, 0x1, 0xff, 0xf9, 0x0, 0x0,
    0x5f, 0xff, 0x40, 0x0, 0xa, 0xff, 0xf0, 0x0,
    0x0, 0xdf, 0xfc, 0x0, 0x0, 0xf, 0xff, 0x90,
    0x0, 0x2, 0xff, 0xf7, 0x0, 0x0, 0x4f, 0xff,
    0x50, 0x0, 0x4, 0xff, 0xf5, 0x0, 0x0, 0x4f,
    0xff, 0x50, 0x0, 0x4, 0xff, 0xf5, 0x0, 0x0,
    0x2f, 0xff, 0x70, 0x0, 0x1, 0xff, 0xf9, 0x0,
    0x0, 0xe, 0xff, 0xc0, 0x0, 0x0, 0xbf, 0xff,
    0x0, 0x0, 0x6, 0xff, 0xf3, 0x0, 0x0, 0x1f,
    0xff, 0x80, 0x0, 0x0, 0xbf, 0xfe, 0x0, 0x0,
    0x5, 0xff, 0xf4, 0x0, 0x0, 0xd, 0xff, 0xb0,
    0x0, 0x0, 0x5f, 0xff, 0x30, 0x0, 0x0, 0xcf,
    0xfc, 0x0, 0x0, 0x3, 0xff, 0xf5,

    /* U+0029 ")" */
    0x9f, 0xfd, 0x0, 0x0, 0x1, 0xff, 0xf8, 0x0,
    0x0, 0x8, 0xff, 0xf1, 0x0, 0x0, 0x1f, 0xff,
    0x90, 0x0, 0x0, 0x9f, 0xff, 0x10, 0x0, 0x3,
    0xff, 0xf7, 0x0, 0x0, 0xd, 0xff, 0xd0, 0x0,
    0x0, 0x8f, 0xff, 0x20, 0x0, 0x4, 0xff, 0xf6,
    0x0, 0x0, 0xf, 0xff, 0x90, 0x0, 0x0, 0xdf,
    0xfc, 0x0, 0x0, 0xc, 0xff, 0xe0, 0x0, 0x0,
    0xaf, 0xff, 0x0, 0x0, 0x9, 0xff, 0xf0, 0x0,
    0x0, 0x9f, 0xff, 0x0, 0x0, 0xa, 0xff, 0xf0,
    0x0, 0x0, 0xcf, 0xfe, 0x0, 0x0, 0xe, 0xff,
    0xc0, 0x0, 0x1, 0xff, 0xf9, 0x0, 0x0, 0x4f,
    0xff, 0x50, 0x0, 0x9, 0xff, 0xf1, 0x0, 0x0,
    0xef, 0xfb, 0x0, 0x0, 0x4f, 0xff, 0x50, 0x0,
    0xa, 0xff, 0xe0, 0x0, 0x2, 0xff, 0xf7, 0x0,
    0x0, 0x9f, 0xfe, 0x0, 0x0, 0x2f, 0xff, 0x60,
    0x0, 0xb, 0xff, 0xc0, 0x0, 0x0,

    /* U+002A "*" */
    0x0, 0x0, 0x2f, 0xfc, 0x0, 0x0, 0x0, 0x0,
    0xf, 0xfb, 0x0, 0x0, 0x3, 0x60, 0xf, 0xf9,
    0x1, 0x80, 0x9, 0xfe, 0x6d, 0xf9, 0x9f, 0xf3,
    0xe, 0xff, 0xff, 0xff, 0xff, 0xf8, 0x6, 0x9d,
    0xff, 0xff, 0xfc, 0x84, 0x0, 0x0, 0xcf, 0xff,
    0x70, 0x0, 0x0, 0xb, 0xff, 0xcf, 0xf5, 0x0,
    0x0, 0x9f, 0xfb, 0x1f, 0xff, 0x40, 0x0, 0x5f,
    0xf3, 0x8, 0xfc, 0x20, 0x0, 0x2, 0x70, 0x1,
    0x80, 0x0,

    /* U+002B "+" */
    0x0, 0x0, 0x0, 0x8f, 0xf7, 0x0, 0x0, 0x0,
    0x0, 0x0, 0x0, 0x8f, 0xf7, 0x0, 0x0, 0x0,
    0x0, 0x0, 0x0, 0x8f, 0xf7, 0x0, 0x0, 0x0,
    0x0, 0x0, 0x0, 0x8f, 0xf7, 0x0, 0x0, 0x0,
    0x0, 0x0, 0x0, 0x8f, 0xf7, 0x0, 0x0, 0x0,
    0x1, 0x11, 0x11, 0x9f, 0xf8, 0x11, 0x11, 0x10,
    0x2f, 0xff, 0xff, 0xff, 0xff, 0xff, 0xff, 0xf1,
    0x2f, 0xff, 0xff, 0xff, 0xff, 0xff, 0xff, 0xf1,
    0x2f, 0xff, 0xff, 0xff, 0xff, 0xff, 0xff, 0xf1,
    0x0, 0x0, 0x0, 0x8f, 0xf7, 0x0, 0x0, 0x0,
    0x0, 0x0, 0x0, 0x8f, 0xf7, 0x0, 0x0, 0x0,
    0x0, 0x0, 0x0, 0x8f, 0xf7, 0x0, 0x0, 0x0,
    0x0, 0x0, 0x0, 0x8f, 0xf7, 0x0, 0x0, 0x0,
    0x0, 0x0, 0x0, 0x8f, 0xf7, 0x0, 0x0, 0x0,
    0x0, 0x0, 0x0, 0x6c, 0xc5, 0x0, 0x0, 0x0,

    /* U+002C "," */
    0x0, 0x2, 0x44, 0x30, 0x0, 0xaf, 0xfb, 0x0,
    0xc, 0xff, 0x90, 0x0, 0xff, 0xf4, 0x0, 0x3f,
    0xff, 0x0, 0x9, 0xff, 0x90, 0x0, 0xef, 0xf2,
    0x0, 0x5f, 0xfa, 0x0, 0xd, 0xff, 0x10, 0x0,

    /* U+002D "-" */
    0x1f, 0xff, 0xff, 0xff, 0xf6, 0x1f, 0xff, 0xff,
    0xff, 0xf6, 0x1f, 0xff, 0xff, 0xff, 0xf6,

    /* U+002E "." */
    0x29, 0xa8, 0x1a, 0xff, 0xf9, 0xcf, 0xff, 0xbb,
    0xff, 0xfa, 0x5e, 0xfe, 0x40,

    /* U+002F "/" */
    0x0, 0x0, 0x0, 0x0, 0xbf, 0xe0, 0x0, 0x0,
    0x0, 0x1, 0xff, 0x90, 0x0, 0x0, 0x0, 0x6,
    0xff, 0x40, 0x0, 0x0, 0x0, 0xc, 0xfe, 0x0,
    0x0, 0x0, 0x0, 0x1f, 0xf9, 0x0, 0x0, 0x0,
    0x0, 0x7f, 0xf3, 0x0, 0x0, 0x0, 0x0, 0xcf,
    0xe0, 0x0, 0x0, 0x0, 0x2, 0xff, 0x80, 0x0,
    0x0, 0x0, 0x7, 0xff, 0x30, 0x0, 0x0, 0x0,
    0xd, 0xfd, 0x0, 0x0, 0x0, 0x0, 0x2f, 0xf8,
    0x0, 0x0, 0x0, 0x0, 0x8f, 0xf2, 0x0, 0x0,
    0x0, 0x0, 0xdf, 0xd0, 0x0, 0x0, 0x0, 0x3,
    0xff, 0x70, 0x0, 0x0, 0x0, 0x8, 0xff, 0x20,
    0x0, 0x0, 0x0, 0xe, 0xfc, 0x0, 0x0, 0x0,
    0x0, 0x3f, 0xf7, 0x0, 0x0, 0x0, 0x0, 0x9f,
    0xf1, 0x0, 0x0, 0x0, 0x0, 0xef, 0xc0, 0x0,
    0x0, 0x0, 0x4, 0xff, 0x60, 0x0, 0x0, 0x0,
    0x9, 0xff, 0x10, 0x0, 0x0, 0x0, 0xe, 0xfb,
    0x0, 0x0, 0x0, 0x0,

    /* U+0030 "0" */
    0x0, 0x2, 0x9d, 0xff, 0xea, 0x50, 0x0, 0x0,
    0x5, 0xff, 0xff, 0xff, 0xff, 0xa0, 0x0, 0x2,
    0xff, 0xff, 0xff, 0xff, 0xff, 0x70, 0x0, 0xaf,
    0xff, 0x93, 0x26, 0xef, 0xff, 0x0, 0x1f, 0xff,
    0xa0, 0x0, 0x5, 0xff, 0xf5, 0x5, 0xff, 0xf4,
    0x0, 0x0, 0xe, 0xff, 0xa0, 0x8f, 0xff, 0x0,
    0x0, 0x0, 0xbf, 0xfd, 0x9, 0xff, 0xf0, 0x0,
    0x0, 0x9, 0xff, 0xf0, 0xaf, 0xfe, 0x0, 0x0,
    0x0, 0x8f, 0xff, 0xb, 0xff, 0xd0, 0x0, 0x0,
    0x7, 0xff, 0xf0, 0xbf, 0xfd, 0x0, 0x0, 0x0,
    0x7f, 0xff, 0xa, 0xff, 0xe0, 0x0, 0x0, 0x8,
    0xff, 0xf0, 0x9f, 0xff, 0x0, 0x0, 0x0, 0x9f,
    0xff, 0x8, 0xff, 0xf0, 0x0, 0x0, 0xb, 0xff,
    0xd0, 0x5f, 0xff, 0x40, 0x0, 0x0, 0xef, 0xfa,
    0x1, 0xff, 0xfa, 0x0, 0x0, 0x4f, 0xff, 0x50,
    0xa, 0xff, 0xf9, 0x32, 0x6e, 0xff, 0xf1, 0x0,
    0x2f, 0xff, 0xff, 0xff, 0xff, 0xf7, 0x0, 0x0,
    0x5f, 0xff, 0xff, 0xff, 0xfa, 0x0, 0x0, 0x0,
    0x29, 0xdf, 0xfe, 0xb5, 0x0, 0x0,

    /* U+0031 "1" */
    0x0, 0x25, 0x9c, 0xff, 0xf1, 0x3f, 0xff, 0xff,
    0xff, 0xf1, 0x4f, 0xff, 0xff, 0xff, 0xf1, 0x4f,
    0xeb, 0x8a, 0xff, 0xf1, 0x11, 0x0, 0x8, 0xff,
    0xf1, 0x0, 0x0, 0x8, 0xff, 0xf1, 0x0, 0x0,
    0x8, 0xff, 0xf1, 0x0, 0x0, 0x8, 0xff, 0xf1,
    0x0, 0x0, 0x8, 0xff, 0xf1, 0x0, 0x0, 0x8,
    0xff, 0xf1, 0x0, 0x0, 0x8, 0xff, 0xf1, 0x0,
    0x0, 0x8, 0xff, 0xf1, 0x0, 0x0, 0x8, 0xff,
    0xf1, 0x0, 0x0, 0x8, 0xff, 0xf1, 0x0, 0x0,
    0x8, 0xff, 0xf1, 0x0, 0x0, 0x8, 0xff, 0xf1,
    0x0, 0x0, 0x8, 0xff, 0xf1, 0x0, 0x0, 0x8,
    0xff, 0xf1, 0x0, 0x0, 0x8, 0xff, 0xf1, 0x0,
    0x0, 0x8, 0xff, 0xf1,

    /* U+0032 "2" */
    0x1, 0x8b, 0xde, 0xff, 0xd9, 0x30, 0x0, 0x4,
    0xff, 0xff, 0xff, 0xff, 0xf8, 0x0, 0x4, 0xff,
    0xff, 0xff, 0xff, 0xff, 0x60, 0x2, 0x84, 0x21,
    0x14, 0xaf, 0xff, 0xe0, 0x0, 0x0, 0x0, 0x0,
    0xb, 0xff, 0xf1, 0x0, 0x0, 0x0, 0x0, 0x6,
    0xff, 0xf3, 0x0, 0x0, 0x0, 0x0, 0x6, 0xff,
    0xf2, 0x0, 0x0, 0x0, 0x0, 0xa, 0xff, 0xf0,
    0x0, 0x0, 0x0, 0x0, 0x1f, 0xff, 0xb0, 0x0,
    0x0, 0x0, 0x0, 0xcf, 0xff, 0x30, 0x0, 0x0,
    0x0, 0x9, 0xff, 0xf9, 0x0, 0x0, 0x0, 0x0,
    0x9f, 0xff, 0xb0, 0x0, 0x0, 0x0, 0xa, 0xff,
    0xfc, 0x0, 0x0, 0x0, 0x0, 0xbf, 0xff, 0xb0,
    0x0, 0x0, 0x0, 0x2d, 0xff, 0xf9, 0x0, 0x0,
    0x0, 0x4, 0xef, 0xff, 0x60, 0x0, 0x0, 0x0,
    0x5f, 0xff, 0xf7, 0x22, 0x22, 0x22, 0x22, 0x8f,
    0xff, 0xff, 0xff, 0xff, 0xff, 0xfd, 0x8f, 0xff,
    0xff, 0xff, 0xff, 0xff, 0xfd, 0x8f, 0xff, 0xff,
    0xff, 0xff, 0xff, 0xfd,

    /* U+0033 "3" */
    0x2, 0x9c, 0xef, 0xfe, 0xc8, 0x10, 0x0, 0x4,
    0xff, 0xff, 0xff, 0xff, 0xf5, 0x0, 0x4, 0xff,
    0xff, 0xff, 0xff, 0xff, 0x20, 0x2, 0x52, 0x10,
    0x13, 0xbf, 0xff, 0x80, 0x0, 0x0, 0x0, 0x0,
    0xe, 0xff, 0xb0, 0x0, 0x0, 0x0, 0x0, 0xb,
    0xff, 0xb0, 0x0, 0x0, 0x0, 0x0, 0x1f, 0xff,
    0x80, 0x0, 0x0, 0x1, 0x27, 0xdf, 0xfe, 0x10,
    0x0, 0xe, 0xff, 0xff, 0xff, 0xc2, 0x0, 0x0,
    0xe, 0xff, 0xff, 0xfd, 0x40, 0x0, 0x0, 0xb,
    0xdd, 0xff, 0xff, 0xfb, 0x0, 0x0, 0x0, 0x0,
    0x2, 0x9f, 0xff, 0x90, 0x0, 0x0, 0x0, 0x0,
    0xa, 0xff, 0xf0, 0x0, 0x0, 0x0, 0x0, 0x5,
    0xff, 0xf3, 0x0, 0x0, 0x0, 0x0, 0x6, 0xff,
    0xf3, 0x0, 0x0, 0x0, 0x0, 0xc, 0xff, 0xf2,
    0x7, 0x42, 0x11, 0x26, 0xcf, 0xff, 0xd0, 0x1f,
    0xff, 0xff, 0xff, 0xff, 0xff, 0x40, 0x1f, 0xff,
    0xff, 0xff, 0xff, 0xe5, 0x0, 0xb, 0xde, 0xff,
    0xfd, 0xa6, 0x0, 0x0,

    /* U+0034 "4" */
    0x0, 0x0, 0x0, 0x0, 0x7f, 0xff, 0xf0, 0x0,
    0x0, 0x0, 0x0, 0x3, 0xff, 0xff, 0xf0, 0x0,
    0x0, 0x0, 0x0, 0xd, 0xff, 0xff, 0xf0, 0x0,
    0x0, 0x0, 0x0, 0x9f, 0xfe, 0xff, 0xf0, 0x0,
    0x0, 0x0, 0x4, 0xff, 0xd6, 0xff, 0xf0, 0x0,
    0x0, 0x0, 0x1e, 0xff, 0x36, 0xff, 0xf0, 0x0,
    0x0, 0x0, 0xbf, 0xf8, 0x6, 0xff, 0xf0, 0x0,
    0x0, 0x6, 0xff, 0xd0, 0x6, 0xff, 0xf0, 0x0,
    0x0, 0x2f, 0xff, 0x30, 0x6, 0xff, 0xf0, 0x0,
    0x0, 0xcf, 0xf8, 0x0, 0x6, 0xff, 0xf0, 0x0,
    0x8, 0xff, 0xc0, 0x0, 0x6, 0xff, 0xf0, 0x0,
    0x2f, 0xff, 0x20, 0x0, 0x6, 0xff, 0xf0, 0x0,
    0x3f, 0xff, 0xff, 0xff, 0xff, 0xff, 0xff, 0xf3,
    0x3f, 0xff, 0xff, 0xff, 0xff, 0xff, 0xff, 0xf3,
    0x3f, 0xff, 0xff, 0xff, 0xff, 0xff, 0xff, 0xf3,
    0x1, 0x11, 0x11, 0x11, 0x17, 0xff, 0xf1, 0x10,
    0x0, 0x0, 0x0, 0x0, 0x6, 0xff, 0xf0, 0x0,
    0x0, 0x0, 0x0, 0x0, 0x6, 0xff, 0xf0, 0x0,
    0x0, 0x0, 0x0, 0x0, 0x6, 0xff, 0xf0, 0x0,
    0x0, 0x0, 0x0, 0x0, 0x6, 0xff, 0xf0, 0x0,

    /* U+0035 "5" */
    0x6, 0xff, 0xff, 0xff, 0xff, 0xf5, 0x0, 0x8f,
    0xff, 0xff, 0xff, 0xff, 0x50, 0xb, 0xff, 0xff,
    0xff, 0xff, 0xf5, 0x0, 0xdf, 0xf7, 0x22, 0x22,
    0x22, 0x0, 0xf, 0xff, 0x30, 0x0, 0x0, 0x0,
    0x1, 0xff, 0xf0, 0x0, 0x0, 0x0, 0x0, 0x3f,
    0xfe, 0x0, 0x0, 0x0, 0x0, 0x5, 0xff, 0xfe,
    0xff, 0xea, 0x50, 0x0, 0x7f, 0xff, 0xff, 0xff,
    0xff, 0xc0, 0x9, 0xfe, 0xdc, 0xdf, 0xff, 0xff,
    0xa0, 0x10, 0x0, 0x0, 0x6, 0xff, 0xff, 0x20,
    0x0, 0x0, 0x0, 0x6, 0xff, 0xf6, 0x0, 0x0,
    0x0, 0x0, 0x1f, 0xff, 0x80, 0x0, 0x0, 0x0,
    0x0, 0xff, 0xf9, 0x0, 0x0, 0x0, 0x0, 0x2f,
    0xff, 0x80, 0x0, 0x0, 0x0, 0xa, 0xff, 0xf4,
    0x55, 0x21, 0x12, 0x5b, 0xff, 0xfe, 0xa, 0xff,
    0xff, 0xff, 0xff, 0xff, 0x40, 0xaf, 0xff, 0xff,
    0xff, 0xfe, 0x40, 0x7, 0xce, 0xff, 0xfd, 0xa5,
    0x0, 0x0,

    /* U+0036 "6" */
    0x0, 0x0, 0x0, 0x27, 0xbd, 0xe6, 0x0, 0x0,
    0x0, 0x1a, 0xff, 0xff, 0xf6, 0x0, 0x0, 0x3,
    0xef, 0xff, 0xff, 0xf6, 0x0, 0x0, 0x2f, 0xff,
    0xfd, 0x85, 0x31, 0x0, 0x0, 0xcf, 0xff, 0x60,
    0x0, 0x0, 0x0, 0x5, 0xff, 0xf4, 0x0, 0x0,
    0x0, 0x0, 0xb, 0xff, 0x90, 0x0, 0x0, 0x0,
    0x0, 0xf, 0xff, 0x47, 0xcf, 0xfd, 0x92, 0x0,
    0x3f, 0xff, 0xef, 0xff, 0xff, 0xff, 0x40, 0x6f,
    0xff, 0xff, 0xcc, 0xef, 0xff, 0xf1, 0x7f, 0xff,
    0xc1, 0x0, 0x7, 0xff, 0xf7, 0x8f, 0xff, 0x20,
    0x0, 0x0, 0xbf, 0xfb, 0x9f, 0xfd, 0x0, 0x0,
    0x0, 0x7f, 0xfd, 0x8f, 0xfd, 0x0, 0x0, 0x0,
    0x6f, 0xfe, 0x6f, 0xff, 0x0, 0x0, 0x0, 0x8f,
    0xfd, 0x2f, 0xff, 0x50, 0x0, 0x0, 0xdf, 0xfa,
    0xc, 0xff, 0xe4, 0x0, 0x2b, 0xff, 0xf5, 0x4,
    0xff, 0xff, 0xff, 0xff, 0xff, 0xc0, 0x0, 0x6f,
    0xff, 0xff, 0xff, 0xfc, 0x10, 0x0, 0x2, 0x9d,
    0xff, 0xeb, 0x50, 0x0,

    /* U+0037 "7" */
    0x7f, 0xff, 0xff, 0xff, 0xff, 0xff, 0xf8, 0x7f,
    0xff, 0xff, 0xff, 0xff, 0xff, 0xf8, 0x7f, 0xff,
    0xff, 0xff, 0xff, 0xff, 0xf8, 0x12, 0x22, 0x22,
    0x22, 0x22, 0xff, 0xf7, 0x0, 0x0, 0x0, 0x0,
    0x6, 0xff, 0xf1, 0x0, 0x0, 0x0, 0x0, 0xd,
    0xff, 0xa0, 0x0, 0x0, 0x0, 0x0, 0x4f, 0xff,
    0x30, 0x0, 0x0, 0x0, 0x0, 0xcf, 0xfc, 0x0,
    0x0, 0x0, 0x0, 0x3, 0xff, 0xf5, 0x0, 0x0,
    0x0, 0x0, 0xa, 0xff, 0xd0, 0x0, 0x0, 0x0,
    0x0, 0x2f, 0xff, 0x60, 0x0, 0x0, 0x0, 0x0,
    0x9f, 0xfe, 0x0, 0x0, 0x0, 0x0, 0x1, 0xff,
    0xf8, 0x0, 0x0, 0x0, 0x0, 0x8, 0xff, 0xf1,
    0x0, 0x0, 0x0, 0x0, 0xe, 0xff, 0xa0, 0x0,
    0x0, 0x0, 0x0, 0x7f, 0xff, 0x30, 0x0, 0x0,
    0x0, 0x0, 0xef, 0xfc, 0x0, 0x0, 0x0, 0x0,
    0x5, 0xff, 0xf5, 0x0, 0x0, 0x0, 0x0, 0xc,
    0xff, 0xd0, 0x0, 0x0, 0x0, 0x0, 0x4f, 0xff,
    0x60, 0x0, 0x0, 0x0,

    /* U+0038 "8" */
    0x0, 0x5, 0xad, 0xff, 0xec, 0x70, 0x0, 0x0,
    0xb, 0xff, 0xff, 0xff, 0xff, 0xe2, 0x0, 0x8,
    0xff, 0xff, 0xee, 0xff, 0xff, 0xd0, 0x0, 0xef,
    0xfc, 0x20, 0x0, 0x8f, 0xff, 0x40, 0x1f, 0xff,
    0x20, 0x0, 0x0, 0xcf, 0xf7, 0x1, 0xff, 0xf0,
    0x0, 0x0, 0xa, 0xff, 0x70, 0xf, 0xff, 0x40,
    0x0, 0x0, 0xef, 0xf4, 0x0, 0x8f, 0xfd, 0x40,
    0x3, 0xbf, 0xfd, 0x0, 0x0, 0xaf, 0xff, 0xff,
    0xff, 0xfd, 0x20, 0x0, 0x2, 0xcf, 0xff, 0xff,
    0xfe, 0x40, 0x0, 0x4, 0xff, 0xff, 0xdd, 0xff,
    0xff, 0x90, 0x1, 0xff, 0xfa, 0x10, 0x0, 0x5f,
    0xff, 0x60, 0x7f, 0xfd, 0x0, 0x0, 0x0, 0x8f,
    0xfd, 0xb, 0xff, 0x90, 0x0, 0x0, 0x4, 0xff,
    0xf0, 0xbf, 0xf9, 0x0, 0x0, 0x0, 0x3f, 0xff,
    0x1a, 0xff, 0xd0, 0x0, 0x0, 0x8, 0xff, 0xf0,
    0x6f, 0xff, 0xa2, 0x0, 0x6, 0xff, 0xfc, 0x0,
    0xef, 0xff, 0xff, 0xff, 0xff, 0xff, 0x40, 0x2,
    0xdf, 0xff, 0xff, 0xff, 0xff, 0x60, 0x0, 0x0,
    0x6b, 0xef, 0xfe, 0xc8, 0x20, 0x0,

    /* U+0039 "9" */
    0x0, 0x2, 0x9d, 0xff, 0xea, 0x40, 0x0, 0x0,
    0x8f, 0xff, 0xff, 0xff, 0xfa, 0x0, 0x7, 0xff,
    0xff, 0xff, 0xff, 0xff, 0x80, 0xf, 0xff, 0xe4,
    0x0, 0x2c, 0xff, 0xf1, 0x5f, 0xff, 0x30, 0x0,
    0x1, 0xff, 0xf6, 0x8f, 0xfc, 0x0, 0x0, 0x0,
    0xaf, 0xfa, 0x9f, 0xfa, 0x0, 0x0, 0x0, 0x7f,
    0xfc, 0x9f, 0xfc, 0x0, 0x0, 0x0, 0x8f, 0xfd,
    0x6f, 0xff, 0x20, 0x0, 0x0, 0xdf, 0xfd, 0x2f,
    0xff, 0xd4, 0x10, 0x3b, 0xff, 0xfc, 0x9, 0xff,
    0xff, 0xff, 0xff, 0xff, 0xfb, 0x0, 0x9f, 0xff,
    0xff, 0xfd, 0xdf, 0xf9, 0x0, 0x2, 0x7a, 0xa9,
    0x50, 0xef, 0xf6, 0x0, 0x0, 0x0, 0x0, 0x4,
    0xff, 0xf2, 0x0, 0x0, 0x0, 0x0, 0x1d, 0xff,
    0xc0, 0x0, 0x0, 0x0, 0x2, 0xdf, 0xff, 0x50,
    0x0, 0x2, 0x36, 0xbf, 0xff, 0xfa, 0x0, 0x0,
    0xf, 0xff, 0xff, 0xff, 0xb0, 0x0, 0x0, 0xf,
    0xff, 0xff, 0xe7, 0x0, 0x0, 0x0, 0xf, 0xec,
    0x95, 0x0, 0x0, 0x0,

    /* U+003A ":" */
    0x4e, 0xfe, 0x4a, 0xff, 0xfb, 0xbf, 0xff, 0xb9,
    0xff, 0xfa, 0x18, 0xa8, 0x10, 0x0, 0x0, 0x0,
    0x0, 0x0, 0x0, 0x0, 0x0, 0x0, 0x0, 0x0,
    0x0, 0x0, 0x0, 0x1, 0x8a, 0x81, 0x9f, 0xff,
    0xab, 0xff, 0xfb, 0xaf, 0xff, 0xb4, 0xef, 0xe4,

    /* U+003B ";" */
    0x0, 0x4e, 0xfe, 0x40, 0xa, 0xff, 0xfb, 0x0,
    0xbf, 0xff, 0xb0, 0x9, 0xff, 0xfa, 0x0, 0x18,
    0xa8, 0x10, 0x0, 0x0, 0x0, 0x0, 0x0, 0x0,
    0x0, 0x0, 0x0, 0x0, 0x0, 0x0, 0x0, 0x0,
    0x0, 0x0, 0x0, 0x0, 0x0, 0x0, 0x0, 0x0,
    0x44, 0x42, 0x0, 0xf, 0xff, 0x60, 0x1, 0xff,
    0xf3, 0x0, 0x4f, 0xff, 0x0, 0x9, 0xff, 0xa0,
    0x0, 0xef, 0xf4, 0x0, 0x4f, 0xfc, 0x0, 0xb,
    0xff, 0x50, 0x3, 0xff, 0xb0, 0x0,

    /* U+003C "<" */
    0x0, 0x0, 0x0, 0x0, 0x0, 0x0, 0x2, 0x81,
    0x0, 0x0, 0x0, 0x0, 0x0, 0x4, 0xbf, 0xf1,
    0x0, 0x0, 0x0, 0x0, 0x7, 0xdf, 0xff, 0xf1,
    0x0, 0x0, 0x0, 0x29, 0xff, 0xff, 0xff, 0x90,
    0x0, 0x0, 0x5b, 0xff, 0xff, 0xfc, 0x60, 0x0,
    0x1, 0x7e, 0xff, 0xff, 0xfa, 0x30, 0x0, 0x0,
    0x1f, 0xff, 0xff, 0xd7, 0x10, 0x0, 0x0, 0x0,
    0x2f, 0xff, 0xa4, 0x0, 0x0, 0x0, 0x0, 0x0,
    0x2f, 0xfa, 0x20, 0x0, 0x0, 0x0, 0x0, 0x0,
    0x2f, 0xff, 0xfb, 0x40, 0x0, 0x0, 0x0, 0x0,
    0x9, 0xff, 0xff, 0xfe, 0x71, 0x0, 0x0, 0x0,
    0x0, 0x17, 0xdf, 0xff, 0xff, 0xa4, 0x0, 0x0,
    0x0, 0x0, 0x4, 0xbf, 0xff, 0xff, 0xd6, 0x10,
    0x0, 0x0, 0x0, 0x2, 0x9f, 0xff, 0xff, 0xf1,
    0x0, 0x0, 0x0, 0x0, 0x0, 0x6d, 0xff, 0xf1,
    0x0, 0x0, 0x0, 0x0, 0x0, 0x0, 0x4b, 0xf1,
    0x0, 0x0, 0x0, 0x0, 0x0, 0x0, 0x0, 0x10,

    /* U+003D "=" */
    0x2, 0x22, 0x22, 0x22, 0x22, 0x22, 0x22, 0x20,
    0x2f, 0xff, 0xff, 0xff, 0xff, 0xff, 0xff, 0xf1,
    0x2f, 0xff, 0xff, 0xff, 0xff, 0xff, 0xff, 0xf1,
    0x2f, 0xff, 0xff, 0xff, 0xff, 0xff, 0xff, 0xf1,
    0x0, 0x0, 0x0, 0x0, 0x0, 0x0, 0x0, 0x0,
    0x0, 0x0, 0x0, 0x0, 0x0, 0x0, 0x0, 0x0,
    0x0, 0x0, 0x0, 0x0, 0x0, 0x0, 0x0, 0x0,
    0x2, 0x22, 0x22, 0x22, 0x22, 0x22, 0x22, 0x20,
    0x2f, 0xff, 0xff, 0xff, 0xff, 0xff, 0xff, 0xf1,
    0x2f, 0xff, 0xff, 0xff, 0xff, 0xff, 0xff, 0xf1,
    0x2f, 0xff, 0xff, 0xff, 0xff, 0xff, 0xff, 0xf1,

    /* U+003E ">" */
    0x18, 0x20, 0x0, 0x0, 0x0, 0x0, 0x0, 0x0,
    0x2f, 0xfb, 0x40, 0x0, 0x0, 0x0, 0x0, 0x0,
    0x2f, 0xff, 0xfd, 0x60, 0x0, 0x0, 0x0, 0x0,
    0x9, 0xff, 0xff, 0xff, 0x92, 0x0, 0x0, 0x0,
    0x0, 0x6, 0xdf, 0xff, 0xff, 0xb4, 0x0, 0x0,
    0x0, 0x0, 0x3, 0xaf, 0xff, 0xff, 0xd7, 0x10,
    0x0, 0x0, 0x0, 0x1, 0x7d, 0xff, 0xff, 0xf1,
    0x0, 0x0, 0x0, 0x0, 0x0, 0x4b, 0xff, 0xf1,
    0x0, 0x0, 0x0, 0x0, 0x0, 0x2, 0xaf, 0xf1,
    0x0, 0x0, 0x0, 0x0, 0x5, 0xbf, 0xff, 0xf1,
    0x0, 0x0, 0x0, 0x17, 0xef, 0xff, 0xff, 0x90,
    0x0, 0x0, 0x4a, 0xff, 0xff, 0xfd, 0x70, 0x0,
    0x1, 0x7d, 0xff, 0xff, 0xfb, 0x40, 0x0, 0x0,
    0x1f, 0xff, 0xff, 0xe8, 0x20, 0x0, 0x0, 0x0,
    0x2f, 0xff, 0xd6, 0x0, 0x0, 0x0, 0x0, 0x0,
    0x2f, 0xa4, 0x0, 0x0, 0x0, 0x0, 0x0, 0x0,
    0x1, 0x0, 0x0, 0x0, 0x0, 0x0, 0x0, 0x0,

    /* U+003F "?" */
    0x8c, 0xef, 0xff, 0xda, 0x50, 0xe, 0xff, 0xff,
    0xff, 0xff, 0xa0, 0xef, 0xff, 0xff, 0xff, 0xff,
    0x48, 0x64, 0x33, 0x5d, 0xff, 0xf8, 0x0, 0x0,
    0x0, 0x3f, 0xff, 0xa0, 0x0, 0x0, 0x1, 0xff,
    0xfa, 0x0, 0x0, 0x0, 0x3f, 0xff, 0x80, 0x0,
    0x0, 0xb, 0xff, 0xf3, 0x0, 0x0, 0x1c, 0xff,
    0xfa, 0x0, 0x0, 0xd, 0xff, 0xf9, 0x0, 0x0,
    0x9, 0xff, 0xf7, 0x0, 0x0, 0x0, 0xff, 0xf7,
    0x0, 0x0, 0x0, 0xf, 0xff, 0x0, 0x0, 0x0,
    0x0, 0x99, 0x80, 0x0, 0x0, 0x0, 0x0, 0x0,
    0x0, 0x0, 0x0, 0x0, 0x56, 0x50, 0x0, 0x0,
    0x0, 0x8f, 0xff, 0x70, 0x0, 0x0, 0xb, 0xff,
    0xfa, 0x0, 0x0, 0x0, 0xaf, 0xff, 0x90, 0x0,
    0x0, 0x4, 0xef, 0xe3, 0x0, 0x0,

    /* U+0040 "@" */
    0x0, 0x0, 0x0, 0x1, 0x6a, 0xde, 0xfe, 0xc9,
    0x40, 0x0, 0x0, 0x0, 0x0, 0x0, 0x18, 0xff,
    0xff, 0xff, 0xff, 0xff, 0xd4, 0x0, 0x0, 0x0,
    0x0, 0x3e, 0xff, 0xff, 0xcb, 0xab, 0xef, 0xff,
    0xf6, 0x0, 0x0, 0x0, 0x4f, 0xff, 0xe6, 0x10,
    0x0, 0x0, 0x3a, 0xff, 0xf4, 0x0, 0x0, 0x2f,
    0xff, 0xa0, 0x0, 0x0, 0x0, 0x0, 0x7, 0xff,
    0xe0, 0x0, 0xd, 0xff, 0x90, 0x0, 0x0, 0x0,
    0x0, 0x0, 0xa, 0xff, 0x60, 0x5, 0xff, 0xc0,
    0x0, 0x8, 0xdf, 0xd4, 0x7b, 0xa0, 0x2f, 0xfb,
    0x0, 0xdf, 0xf3, 0x0, 0x1d, 0xff, 0xff, 0xfe,
    0xfc, 0x0, 0xef, 0xe0, 0x2f, 0xfc, 0x0, 0xc,
    0xff, 0xd8, 0xbf, 0xff, 0x90, 0xb, 0xff, 0x7,
    0xff, 0x70, 0x6, 0xff, 0xc0, 0x0, 0xcf, 0xf6,
    0x0, 0xaf, 0xf1, 0xaf, 0xf3, 0x0, 0xcf, 0xf3,
    0x0, 0x9, 0xff, 0x30, 0xa, 0xff, 0xb, 0xff,
    0x10, 0xf, 0xfd, 0x0, 0x0, 0x9f, 0xf0, 0x0,
    0xbf, 0xf0, 0xcf, 0xf0, 0x2, 0xff, 0xa0, 0x0,
    0xd, 0xfe, 0x0, 0xd, 0xfc, 0xc, 0xff, 0x0,
    0x3f, 0xf9, 0x0, 0x2, 0xff, 0xb0, 0x2, 0xff,
    0x80, 0xbf, 0xf1, 0x2, 0xff, 0xc0, 0x0, 0xbf,
    0xfd, 0x0, 0x9f, 0xf2, 0x9, 0xff, 0x50, 0xe,
    0xff, 0xb8, 0xdf, 0xff, 0xfa, 0xaf, 0xfa, 0x0,
    0x5f, 0xf9, 0x0, 0x5f, 0xff, 0xff, 0xf7, 0xff,
    0xff, 0xfd, 0x10, 0x1, 0xff, 0xf1, 0x0, 0x5d,
    0xfe, 0xb3, 0x3, 0xcf, 0xe9, 0x10, 0x0, 0x9,
    0xff, 0xc0, 0x0, 0x0, 0x0, 0x0, 0x0, 0x0,
    0x0, 0x0, 0x0, 0x1e, 0xff, 0xc2, 0x0, 0x0,
    0x0, 0x0, 0x0, 0x0, 0x0, 0x0, 0x0, 0x3f,
    0xff, 0xfb, 0x62, 0x10, 0x1, 0x35, 0x96, 0x0,
    0x0, 0x0, 0x0, 0x2d, 0xff, 0xff, 0xff, 0xff,
    0xff, 0xff, 0x80, 0x0, 0x0, 0x0, 0x0, 0x6,
    0xdf, 0xff, 0xff, 0xff, 0xff, 0xf6, 0x0, 0x0,
    0x0, 0x0, 0x0, 0x0, 0x25, 0x89, 0xa9, 0x86,
    0x30, 0x0, 0x0, 0x0,

    /* U+0041 "A" */
    0x0, 0x0, 0x0, 0xb, 0xff, 0xff, 0x80, 0x0,
    0x0, 0x0, 0x0, 0x0, 0x0, 0x1f, 0xff, 0xff,
    0xe0, 0x0, 0x0, 0x0, 0x0, 0x0, 0x0, 0x7f,
    0xff, 0xff, 0xf4, 0x0, 0x0, 0x0, 0x0, 0x0,
    0x0, 0xdf, 0xfc, 0xef, 0xfa, 0x0, 0x0, 0x0,
    0x0, 0x0, 0x3, 0xff, 0xf5, 0x9f, 0xff, 0x0,
    0x0, 0x0, 0x0, 0x0, 0x8, 0xff, 0xf0, 0x4f,
    0xff, 0x50, 0x0, 0x0, 0x0, 0x0, 0xe, 0xff,
    0xa0, 0xe, 0xff, 0xb0, 0x0, 0x0, 0x0, 0x0,
    0x4f, 0xff, 0x50, 0x9, 0xff, 0xf1, 0x0, 0x0,
    0x0, 0x0, 0xaf, 0xff, 0x0, 0x4, 0xff, 0xf7,
    0x0, 0x0, 0x0, 0x0, 0xff, 0xfa, 0x0, 0x0,
    0xef, 0xfc, 0x0, 0x0, 0x0, 0x5, 0xff, 0xf5,
    0x0, 0x0, 0x9f, 0xff, 0x20, 0x0, 0x0, 0xb,
    0xff, 0xf3, 0x33, 0x33, 0x7f, 0xff, 0x80, 0x0,
    0x0, 0x1f, 0xff, 0xff, 0xff, 0xff, 0xff, 0xff,
    0xe0, 0x0, 0x0, 0x7f, 0xff, 0xff, 0xff, 0xff,
    0xff, 0xff, 0xf3, 0x0, 0x0, 0xdf, 0xff, 0xff,
    0xff, 0xff, 0xff, 0xff, 0xf9, 0x0, 0x3, 0xff,
    0xf9, 0x0, 0x0, 0x0, 0x0, 0xef, 0xfe, 0x0,
    0x8, 0xff, 0xf3, 0x0, 0x0, 0x0, 0x0, 0x8f,
    0xff, 0x50, 0xe, 0xff, 0xd0, 0x0, 0x0, 0x0,
    0x0, 0x3f, 0xff, 0xb0, 0x4f, 0xff, 0x80, 0x0,
    0x0, 0x0, 0x0, 0xd, 0xff, 0xf1, 0xaf, 0xff,
    0x20, 0x0, 0x0, 0x0, 0x0, 0x7, 0xff, 0xf6,

    /* U+0042 "B" */
    0xbf, 0xff, 0xff, 0xff, 0xeb, 0x71, 0x0, 0xb,
    0xff, 0xff, 0xff, 0xff, 0xff, 0xf4, 0x0, 0xbf,
    0xff, 0xff, 0xff, 0xff, 0xff, 0xf0, 0xb, 0xff,
    0xf1, 0x11, 0x26, 0xef, 0xff, 0x50, 0xbf, 0xff,
    0x0, 0x0, 0x4, 0xff, 0xf7, 0xb, 0xff, 0xf0,
    0x0, 0x0, 0x1f, 0xff, 0x80, 0xbf, 0xff, 0x0,
    0x0, 0x3, 0xff, 0xf6, 0xb, 0xff, 0xf0, 0x0,
    0x2, 0xcf, 0xff, 0x10, 0xbf, 0xff, 0xdd, 0xde,
    0xff, 0xfe, 0x40, 0xb, 0xff, 0xff, 0xff, 0xff,
    0xff, 0x50, 0x0, 0xbf, 0xff, 0xff, 0xff, 0xff,
    0xff, 0xc0, 0xb, 0xff, 0xf0, 0x0, 0x13, 0xaf,
    0xff, 0x80, 0xbf, 0xff, 0x0, 0x0, 0x0, 0xdf,
    0xfe, 0xb, 0xff, 0xf0, 0x0, 0x0, 0xa, 0xff,
    0xf0, 0xbf, 0xff, 0x0, 0x0, 0x0, 0x9f, 0xff,
    0x1b, 0xff, 0xf0, 0x0, 0x0, 0xd, 0xff, 0xf0,
    0xbf, 0xff, 0x11, 0x12, 0x4b, 0xff, 0xfc, 0xb,
    0xff, 0xff, 0xff, 0xff, 0xff, 0xff, 0x60, 0xbf,
    0xff, 0xff, 0xff, 0xff, 0xff, 0x80, 0xb, 0xff,
    0xff, 0xff, 0xfe, 0xc9, 0x30, 0x0,

    /* U+0043 "C" */
    0x0, 0x0, 0x3, 0x8c, 0xef, 0xff, 0xd9, 0x30,
    0x0, 0x1b, 0xff, 0xff, 0xff, 0xff, 0xf7, 0x0,
    0x1d, 0xff, 0xff, 0xff, 0xff, 0xff, 0x70, 0xb,
    0xff, 0xff, 0xc7, 0x54, 0x67, 0xb6, 0x3, 0xff,
    0xff, 0x50, 0x0, 0x0, 0x0, 0x0, 0x9f, 0xff,
    0x80, 0x0, 0x0, 0x0, 0x0, 0xd, 0xff, 0xf2,
    0x0, 0x0, 0x0, 0x0, 0x1, 0xff, 0xfe, 0x0,
    0x0, 0x0, 0x0, 0x0, 0x2f, 0xff, 0xc0, 0x0,
    0x0, 0x0, 0x0, 0x3, 0xff, 0xfb, 0x0, 0x0,
    0x0, 0x0, 0x0, 0x3f, 0xff, 0xb0, 0x0, 0x0,
    0x0, 0x0, 0x2, 0xff, 0xfc, 0x0, 0x0, 0x0,
    0x0, 0x0, 0x1f, 0xff, 0xe0, 0x0, 0x0, 0x0,
    0x0, 0x0, 0xff, 0xff, 0x10, 0x0, 0x0, 0x0,
    0x0, 0xb, 0xff, 0xf7, 0x0, 0x0, 0x0, 0x0,
    0x0, 0x5f, 0xff, 0xf4, 0x0, 0x0, 0x0, 0x0,
    0x0, 0xdf, 0xff, 0xfb, 0x76, 0x57, 0x8c, 0xb0,
    0x3, 0xff, 0xff, 0xff, 0xff, 0xff, 0xfb, 0x0,
    0x3, 0xdf, 0xff, 0xff, 0xff, 0xff, 0xb0, 0x0,
    0x0, 0x5a, 0xde, 0xff, 0xdc, 0x83,

    /* U+0044 "D" */
    0xbf, 0xff, 0xff, 0xff, 0xec, 0x83, 0x0, 0x0,
    0xb, 0xff, 0xff, 0xff, 0xff, 0xff, 0xfb, 0x10,
    0x0, 0xbf, 0xff, 0xff, 0xff, 0xff, 0xff, 0xfd,
    0x10, 0xb, 0xff, 0xf3, 0x33, 0x47, 0xcf, 0xff,
    0xfa, 0x0, 0xbf, 0xff, 0x0, 0x0, 0x0, 0x6f,
    0xff, 0xf2, 0xb, 0xff, 0xf0, 0x0, 0x0, 0x0,
    0xaf, 0xff, 0x80, 0xbf, 0xff, 0x0, 0x0, 0x0,
    0x3, 0xff, 0xfb, 0xb, 0xff, 0xf0, 0x0, 0x0,
    0x0, 0xf, 0xff, 0xe0, 0xbf, 0xff, 0x0, 0x0,
    0x0, 0x0, 0xdf, 0xff, 0xb, 0xff, 0xf0, 0x0,
    0x0, 0x0, 0xc, 0xff, 0xf0, 0xbf, 0xff, 0x0,
    0x0, 0x0, 0x0, 0xcf, 0xff, 0xb, 0xff, 0xf0,
    0x0, 0x0, 0x0, 0xd, 0xff, 0xe0, 0xbf, 0xff,
    0x0, 0x0, 0x0, 0x0, 0xff, 0xfd, 0xb, 0xff,
    0xf0, 0x0, 0x0, 0x0, 0x3f, 0xff, 0xa0, 0xbf,
    0xff, 0x0, 0x0, 0x0, 0xa, 0xff, 0xf6, 0xb,
    0xff, 0xf0, 0x0, 0x0, 0x7, 0xff, 0xff, 0x10,
    0xbf, 0xff, 0x44, 0x45, 0x8d, 0xff, 0xff, 0x80,
    0xb, 0xff, 0xff, 0xff, 0xff, 0xff, 0xff, 0xb0,
    0x0, 0xbf, 0xff, 0xff, 0xff, 0xff, 0xff, 0x90,
    0x0, 0xb, 0xff, 0xff, 0xff, 0xfe, 0xb7, 0x20,
    0x0, 0x0,

    /* U+0045 "E" */
    0xbf, 0xff, 0xff, 0xff, 0xff, 0xfc, 0xb, 0xff,
    0xff, 0xff, 0xff, 0xff, 0xc0, 0xbf, 0xff, 0xff,
    0xff, 0xff, 0xfc, 0xb, 0xff, 0xf5, 0x55, 0x55,
    0x55, 0x40, 0xbf, 0xff, 0x0, 0x0, 0x0, 0x0,
    0xb, 0xff, 0xf0, 0x0, 0x0, 0x0, 0x0, 0xbf,
    0xff, 0x0, 0x0, 0x0, 0x0, 0xb, 0xff, 0xf0,
    0x0, 0x0, 0x0, 0x0, 0xbf, 0xff, 0xff, 0xff,
    0xff, 0xf4, 0xb, 0xff, 0xff, 0xff, 0xff, 0xff,
    0x40, 0xbf, 0xff, 0xff, 0xff, 0xff, 0xf4, 0xb,
    0xff, 0xf2, 0x22, 0x22, 0x22, 0x0, 0xbf, 0xff,
    0x0, 0x0, 0x0, 0x0, 0xb, 0xff, 0xf0, 0x0,
    0x0, 0x0, 0x0, 0xbf, 0xff, 0x0, 0x0, 0x0,
    0x0, 0xb, 0xff, 0xf0, 0x0, 0x0, 0x0, 0x0,
    0xbf, 0xff, 0x55, 0x55, 0x55, 0x55, 0x1b, 0xff,
    0xff, 0xff, 0xff, 0xff, 0xf5, 0xbf, 0xff, 0xff,
    0xff, 0xff, 0xff, 0x5b, 0xff, 0xff, 0xff, 0xff,
    0xff, 0xf5,

    /* U+0046 "F" */
    0xbf, 0xff, 0xff, 0xff, 0xff, 0xfc, 0xbf, 0xff,
    0xff, 0xff, 0xff, 0xfc, 0xbf, 0xff, 0xff, 0xff,
    0xff, 0xfc, 0xbf, 0xff, 0x55, 0x55, 0x55, 0x54,
    0xbf, 0xff, 0x0, 0x0, 0x0, 0x0, 0xbf, 0xff,
    0x0, 0x0, 0x0, 0x0, 0xbf, 0xff, 0x0, 0x0,
    0x0, 0x0, 0xbf, 0xff, 0x0, 0x0, 0x0, 0x0,
    0xbf, 0xff, 0x55, 0x55, 0x55, 0x51, 0xbf, 0xff,
    0xff, 0xff, 0xff, 0xf4, 0xbf, 0xff, 0xff, 0xff,
    0xff, 0xf4, 0xbf, 0xff, 0xff, 0xff, 0xff, 0xf4,
    0xbf, 0xff, 0x0, 0x0, 0x0, 0x0, 0xbf, 0xff,
    0x0, 0x0, 0x0, 0x0, 0xbf, 0xff, 0x0, 0x0,
    0x0, 0x0, 0xbf, 0xff, 0x0, 0x0, 0x0, 0x0,
    0xbf, 0xff, 0x0, 0x0, 0x0, 0x0, 0xbf, 0xff,
    0x0, 0x0, 0x0, 0x0, 0xbf, 0xff, 0x0, 0x0,
    0x0, 0x0, 0xbf, 0xff, 0x0, 0x0, 0x0, 0x0,

    /* U+0047 "G" */
    0x0, 0x0, 0x2, 0x8b, 0xef, 0xff, 0xdb, 0x82,
    0x0, 0x0, 0x1a, 0xff, 0xff, 0xff, 0xff, 0xff,
    0x80, 0x0, 0x1d, 0xff, 0xff, 0xff, 0xff, 0xff,
    0xf8, 0x0, 0xb, 0xff, 0xff, 0xc8, 0x54, 0x56,
    0x8b, 0x70, 0x3, 0xff, 0xff, 0x60, 0x0, 0x0,
    0x0, 0x0, 0x0, 0x9f, 0xff, 0x90, 0x0, 0x0,
    0x0, 0x0, 0x0, 0xd, 0xff, 0xf2, 0x0, 0x0,
    0x0, 0x0, 0x0, 0x1, 0xff, 0xfe, 0x0, 0x0,
    0x0, 0x0, 0x0, 0x0, 0x2f, 0xff, 0xc0, 0x0,
    0x9, 0xff, 0xff, 0xff, 0x53, 0xff, 0xfb, 0x0,
    0x0, 0x9f, 0xff, 0xff, 0xf5, 0x3f, 0xff, 0xb0,
    0x0, 0x9, 0xff, 0xff, 0xff, 0x52, 0xff, 0xfc,
    0x0, 0x0, 0x13, 0x34, 0xff, 0xf5, 0x1f, 0xff,
    0xe0, 0x0, 0x0, 0x0, 0x1f, 0xff, 0x50, 0xff,
    0xff, 0x10, 0x0, 0x0, 0x1, 0xff, 0xf5, 0xb,
    0xff, 0xf7, 0x0, 0x0, 0x0, 0x1f, 0xff, 0x50,
    0x5f, 0xff, 0xf3, 0x0, 0x0, 0x1, 0xff, 0xf5,
    0x0, 0xef, 0xff, 0xfa, 0x64, 0x44, 0x7f, 0xff,
    0x50, 0x3, 0xff, 0xff, 0xff, 0xff, 0xff, 0xff,
    0xf5, 0x0, 0x3, 0xdf, 0xff, 0xff, 0xff, 0xff,
    0xff, 0x50, 0x0, 0x0, 0x59, 0xce, 0xff, 0xfd,
    0xb9, 0x50,

    /* U+0048 "H" */
    0xbf, 0xff, 0x0, 0x0, 0x0, 0x0, 0xbf, 0xff,
    0xbf, 0xff, 0x0, 0x0, 0x0, 0x0, 0xbf, 0xff,
    0xbf, 0xff, 0x0, 0x0, 0x0, 0x0, 0xbf, 0xff,
    0xbf, 0xff, 0x0, 0x0, 0x0, 0x0, 0xbf, 0xff,
    0xbf, 0xff, 0x0, 0x0, 0x0, 0x0, 0xbf, 0xff,
    0xbf, 0xff, 0x0, 0x0, 0x0, 0x0, 0xbf, 0xff,
    0xbf, 0xff, 0x0, 0x0, 0x0, 0x0, 0xbf, 0xff,
    0xbf, 0xff, 0x22, 0x22, 0x22, 0x22, 0xcf, 0xff,
    0xbf, 0xff, 0xff, 0xff, 0xff, 0xff, 0xff, 0xff,
    0xbf, 0xff, 0xff, 0xff, 0xff, 0xff, 0xff, 0xff,
    0xbf, 0xff, 0xff, 0xff, 0xff, 0xff, 0xff, 0xff,
    0xbf, 0xff, 0x0, 0x0, 0x0, 0x0, 0xbf, 0xff,
    0xbf, 0xff, 0x0, 0x0, 0x0, 0x0, 0xbf, 0xff,
    0xbf, 0xff, 0x0, 0x0, 0x0, 0x0, 0xbf, 0xff,
    0xbf, 0xff, 0x0, 0x0, 0x0, 0x0, 0xbf, 0xff,
    0xbf, 0xff, 0x0, 0x0, 0x0, 0x0, 0xbf, 0xff,
    0xbf, 0xff, 0x0, 0x0, 0x0, 0x0, 0xbf, 0xff,
    0xbf, 0xff, 0x0, 0x0, 0x0, 0x0, 0xbf, 0xff,
    0xbf, 0xff, 0x0, 0x0, 0x0, 0x0, 0xbf, 0xff,
    0xbf, 0xff, 0x0, 0x0, 0x0, 0x0, 0xbf, 0xff,

    /* U+0049 "I" */
    0xbf, 0xff, 0xbf, 0xff, 0xbf, 0xff, 0xbf, 0xff,
    0xbf, 0xff, 0xbf, 0xff, 0xbf, 0xff, 0xbf, 0xff,
    0xbf, 0xff, 0xbf, 0xff, 0xbf, 0xff, 0xbf, 0xff,
    0xbf, 0xff, 0xbf, 0xff, 0xbf, 0xff, 0xbf, 0xff,
    0xbf, 0xff, 0xbf, 0xff, 0xbf, 0xff, 0xbf, 0xff,

    /* U+004A "J" */
    0x0, 0x0, 0xa, 0xff, 0xf0, 0x0, 0x0, 0xaf,
    0xff, 0x0, 0x0, 0xa, 0xff, 0xf0, 0x0, 0x0,
    0xaf, 0xff, 0x0, 0x0, 0xa, 0xff, 0xf0, 0x0,
    0x0, 0xaf, 0xff, 0x0, 0x0, 0xa, 0xff, 0xf0,
    0x0, 0x0, 0xaf, 0xff, 0x0, 0x0, 0xa, 0xff,
    0xf0, 0x0, 0x0, 0xaf, 0xff, 0x0, 0x0, 0xa,
    0xff, 0xf0, 0x0, 0x0, 0xaf, 0xff, 0x0, 0x0,
    0xa, 0xff, 0xf0, 0x0, 0x0, 0xaf, 0xff, 0x0,
    0x0, 0xa, 0xff, 0xf0, 0x0, 0x0, 0xaf, 0xff,
    0x0, 0x0, 0xa, 0xff, 0xf0, 0x0, 0x0, 0xaf,
    0xff, 0x0, 0x0, 0xa, 0xff, 0xf0, 0x0, 0x0,
    0xbf, 0xff, 0x0, 0x0, 0xd, 0xff, 0xe0, 0x0,
    0x2, 0xff, 0xfb, 0x12, 0x14, 0xdf, 0xff, 0x75,
    0xff, 0xff, 0xff, 0xe0, 0x5f, 0xff, 0xff, 0xe3,
    0x4, 0xff, 0xfd, 0x81, 0x0,

    /* U+004B "K" */
    0xbf, 0xff, 0x0, 0x0, 0x0, 0x4f, 0xff, 0xf2,
    0xbf, 0xff, 0x0, 0x0, 0x1, 0xef, 0xff, 0x40,
    0xbf, 0xff, 0x0, 0x0, 0xc, 0xff, 0xf7, 0x0,
    0xbf, 0xff, 0x0, 0x0, 0x9f, 0xff, 0xb0, 0x0,
    0xbf, 0xff, 0x0, 0x5, 0xff, 0xfd, 0x0, 0x0,
    0xbf, 0xff, 0x0, 0x2f, 0xff, 0xf2, 0x0, 0x0,
    0xbf, 0xff, 0x0, 0xdf, 0xff, 0x40, 0x0, 0x0,
    0xbf, 0xff, 0x2a, 0xff, 0xf7, 0x0, 0x0, 0x0,
    0xbf, 0xff, 0xff, 0xff, 0xa0, 0x0, 0x0, 0x0,
    0xbf, 0xff, 0xff, 0xff, 0x50, 0x0, 0x0, 0x0,
    0xbf, 0xff, 0xff, 0xff, 0xe1, 0x0, 0x0, 0x0,
    0xbf, 0xff, 0x8, 0xff, 0xfb, 0x0, 0x0, 0x0,
    0xbf, 0xff, 0x0, 0xdf, 0xff, 0x60, 0x0, 0x0,
    0xbf, 0xff, 0x0, 0x3f, 0xff, 0xf2, 0x0, 0x0,
    0xbf, 0xff, 0x0, 0x8, 0xff, 0xfd, 0x0, 0x0,
    0xbf, 0xff, 0x0, 0x0, 0xcf, 0xff, 0x80, 0x0,
    0xbf, 0xff, 0x0, 0x0, 0x2f, 0xff, 0xf4, 0x0,
    0xbf, 0xff, 0x0, 0x0, 0x7, 0xff, 0xfe, 0x10,
    0xbf, 0xff, 0x0, 0x0, 0x0, 0xcf, 0xff, 0xa0,
    0xbf, 0xff, 0x0, 0x0, 0x0, 0x2f, 0xff, 0xf6,

    /* U+004C "L" */
    0xbf, 0xff, 0x0, 0x0, 0x0, 0x0, 0xbf, 0xff,
    0x0, 0x0, 0x0, 0x0, 0xbf, 0xff, 0x0, 0x0,
    0x0, 0x0, 0xbf, 0xff, 0x0, 0x0, 0x0, 0x0,
    0xbf, 0xff, 0x0, 0x0, 0x0, 0x0, 0xbf, 0xff,
    0x0, 0x0, 0x0, 0x0, 0xbf, 0xff, 0x0, 0x0,
    0x0, 0x0, 0xbf, 0xff, 0x0, 0x0, 0x0, 0x0,
    0xbf, 0xff, 0x0, 0x0, 0x0, 0x0, 0xbf, 0xff,
    0x0, 0x0, 0x0, 0x0, 0xbf, 0xff, 0x0, 0x0,
    0x0, 0x0, 0xbf, 0xff, 0x0, 0x0, 0x0, 0x0,
    0xbf, 0xff, 0x0, 0x0, 0x0, 0x0, 0xbf, 0xff,
    0x0, 0x0, 0x0, 0x0, 0xbf, 0xff, 0x0, 0x0,
    0x0, 0x0, 0xbf, 0xff, 0x0, 0x0, 0x0, 0x0,
    0xbf, 0xff, 0x55, 0x55, 0x55, 0x55, 0xbf, 0xff,
    0xff, 0xff, 0xff, 0xff, 0xbf, 0xff, 0xff, 0xff,
    0xff, 0xff, 0xbf, 0xff, 0xff, 0xff, 0xff, 0xff,

    /* U+004D "M" */
    0xbf, 0xff, 0xff, 0x60, 0x0, 0x0, 0x1, 0xff,
    0xff, 0xfe, 0xbf, 0xff, 0xff, 0xb0, 0x0, 0x0,
    0x5, 0xff, 0xff, 0xfe, 0xbf, 0xff, 0xff, 0xf0,
    0x0, 0x0, 0xb, 0xff, 0xff, 0xfe, 0xbf, 0xff,
    0xff, 0xf5, 0x0, 0x0, 0xf, 0xff, 0xef, 0xfe,
    0xbf, 0xfe, 0xaf, 0xfa, 0x0, 0x0, 0x5f, 0xfd,
    0xbf, 0xfe, 0xbf, 0xfe, 0x5f, 0xff, 0x0, 0x0,
    0xbf, 0xf7, 0xbf, 0xfe, 0xbf, 0xfe, 0xf, 0xff,
    0x50, 0x0, 0xff, 0xf2, 0xbf, 0xfe, 0xbf, 0xfe,
    0xa, 0xff, 0xa0, 0x5, 0xff, 0xc0, 0xbf, 0xfe,
    0xbf, 0xfe, 0x5, 0xff, 0xf0, 0xb, 0xff, 0x70,
    0xbf, 0xfe, 0xbf, 0xfe, 0x0, 0xff, 0xf4, 0xf,
    0xff, 0x20, 0xbf, 0xfe, 0xbf, 0xfe, 0x0, 0xaf,
    0xf9, 0x5f, 0xfc, 0x0, 0xbf, 0xfe, 0xbf, 0xfe,
    0x0, 0x5f, 0xfe, 0xbf, 0xf7, 0x0, 0xbf, 0xfe,
    0xbf, 0xfe, 0x0, 0xf, 0xff, 0xff, 0xf1, 0x0,
    0xbf, 0xfe, 0xbf, 0xfe, 0x0, 0xa, 0xff, 0xff,
    0xc0, 0x0, 0xbf, 0xfe, 0xbf, 0xfe, 0x0, 0x4,
    0xff, 0xff, 0x60, 0x0, 0xbf, 0xfe, 0xbf, 0xfe,
    0x0, 0x0, 0xef, 0xff, 0x10, 0x0, 0xbf, 0xfe,
    0xbf, 0xfe, 0x0, 0x0, 0x0, 0x0, 0x0, 0x0,
    0xbf, 0xfe, 0xbf, 0xfe, 0x0, 0x0, 0x0, 0x0,
    0x0, 0x0, 0xbf, 0xfe, 0xbf, 0xfe, 0x0, 0x0,
    0x0, 0x0, 0x0, 0x0, 0xbf, 0xfe, 0xbf, 0xfe,
    0x0, 0x0, 0x0, 0x0, 0x0, 0x0, 0xbf, 0xfe,

    /* U+004E "N" */
    0xbf, 0xff, 0xff, 0x20, 0x0, 0x0, 0xd, 0xff,
    0xbb, 0xff, 0xff, 0xf9, 0x0, 0x0, 0x0, 0xdf,
    0xfb, 0xbf, 0xff, 0xff, 0xf1, 0x0, 0x0, 0xd,
    0xff, 0xbb, 0xff, 0xff, 0xff, 0x80, 0x0, 0x0,
    0xdf, 0xfb, 0xbf, 0xfe, 0xaf, 0xff, 0x10, 0x0,
    0xd, 0xff, 0xbb, 0xff, 0xe3, 0xff, 0xf7, 0x0,
    0x0, 0xdf, 0xfb, 0xbf, 0xfe, 0xb, 0xff, 0xe0,
    0x0, 0xd, 0xff, 0xbb, 0xff, 0xe0, 0x3f, 0xff,
    0x60, 0x0, 0xdf, 0xfb, 0xbf, 0xfe, 0x0, 0xcf,
    0xfe, 0x0, 0xd, 0xff, 0xbb, 0xff, 0xe0, 0x4,
    0xff, 0xf5, 0x0, 0xdf, 0xfb, 0xbf, 0xfe, 0x0,
    0xc, 0xff, 0xd0, 0xd, 0xff, 0xbb, 0xff, 0xe0,
    0x0, 0x5f, 0xff, 0x40, 0xdf, 0xfb, 0xbf, 0xfe,
    0x0, 0x0, 0xdf, 0xfc, 0xd, 0xff, 0xbb, 0xff,
    0xe0, 0x0, 0x5, 0xff, 0xf3, 0xdf, 0xfb, 0xbf,
    0xfe, 0x0, 0x0, 0xd, 0xff, 0xbd, 0xff, 0xbb,
    0xff, 0xe0, 0x0, 0x0, 0x6f, 0xff, 0xff, 0xfb,
    0xbf, 0xfe, 0x0, 0x0, 0x0, 0xef, 0xff, 0xff,
    0xbb, 0xff, 0xe0, 0x0, 0x0, 0x7, 0xff, 0xff,
    0xfb, 0xbf, 0xfe, 0x0, 0x0, 0x0, 0xe, 0xff,
    0xff, 0xbb, 0xff, 0xe0, 0x0, 0x0, 0x0, 0x7f,
    0xff, 0xfb,

    /* U+004F "O" */
    0x0, 0x0, 0x6, 0xbd, 0xff, 0xed, 0xa6, 0x0,
    0x0, 0x0, 0x0, 0x5f, 0xff, 0xff, 0xff, 0xff,
    0xfe, 0x30, 0x0, 0x0, 0x5f, 0xff, 0xff, 0xff,
    0xff, 0xff, 0xff, 0x30, 0x0, 0xe, 0xff, 0xfc,
    0x63, 0x23, 0x7d, 0xff, 0xfd, 0x0, 0x6, 0xff,
    0xfb, 0x0, 0x0, 0x0, 0xd, 0xff, 0xf4, 0x0,
    0xbf, 0xff, 0x20, 0x0, 0x0, 0x0, 0x5f, 0xff,
    0x90, 0xe, 0xff, 0xd0, 0x0, 0x0, 0x0, 0x0,
    0xff, 0xfc, 0x1, 0xff, 0xfb, 0x0, 0x0, 0x0,
    0x0, 0xd, 0xff, 0xf0, 0x2f, 0xff, 0xa0, 0x0,
    0x0, 0x0, 0x0, 0xcf, 0xff, 0x3, 0xff, 0xf9,
    0x0, 0x0, 0x0, 0x0, 0xb, 0xff, 0xf1, 0x3f,
    0xff, 0x90, 0x0, 0x0, 0x0, 0x0, 0xcf, 0xff,
    0x13, 0xff, 0xfa, 0x0, 0x0, 0x0, 0x0, 0xc,
    0xff, 0xf0, 0x1f, 0xff, 0xb0, 0x0, 0x0, 0x0,
    0x0, 0xdf, 0xff, 0x0, 0xff, 0xfd, 0x0, 0x0,
    0x0, 0x0, 0xf, 0xff, 0xd0, 0xc, 0xff, 0xf2,
    0x0, 0x0, 0x0, 0x4, 0xff, 0xf9, 0x0, 0x6f,
    0xff, 0xb0, 0x0, 0x0, 0x1, 0xdf, 0xff, 0x40,
    0x0, 0xef, 0xff, 0xd7, 0x43, 0x47, 0xef, 0xff,
    0xd0, 0x0, 0x5, 0xff, 0xff, 0xff, 0xff, 0xff,
    0xff, 0xf3, 0x0, 0x0, 0x5, 0xff, 0xff, 0xff,
    0xff, 0xff, 0xe4, 0x0, 0x0, 0x0, 0x1, 0x7b,
    0xdf, 0xff, 0xda, 0x60, 0x0, 0x0,

    /* U+0050 "P" */
    0xbf, 0xff, 0xff, 0xff, 0xeb, 0x71, 0x0, 0xbf,
    0xff, 0xff, 0xff, 0xff, 0xff, 0x50, 0xbf, 0xff,
    0xff, 0xff, 0xff, 0xff, 0xf2, 0xbf, 0xff, 0x11,
    0x13, 0x7e, 0xff, 0xf9, 0xbf, 0xff, 0x0, 0x0,
    0x3, 0xff, 0xfd, 0xbf, 0xff, 0x0, 0x0, 0x0,
    0xdf, 0xfe, 0xbf, 0xff, 0x0, 0x0, 0x0, 0xcf,
    0xff, 0xbf, 0xff, 0x0, 0x0, 0x0, 0xdf, 0xfe,
    0xbf, 0xff, 0x0, 0x0, 0x2, 0xff, 0xfc, 0xbf,
    0xff, 0x0, 0x1, 0x4d, 0xff, 0xf8, 0xbf, 0xff,
    0xff, 0xff, 0xff, 0xff, 0xf1, 0xbf, 0xff, 0xff,
    0xff, 0xff, 0xff, 0x40, 0xbf, 0xff, 0xff, 0xff,
    0xfc, 0x81, 0x0, 0xbf, 0xff, 0x11, 0x10, 0x0,
    0x0, 0x0, 0xbf, 0xff, 0x0, 0x0, 0x0, 0x0,
    0x0, 0xbf, 0xff, 0x0, 0x0, 0x0, 0x0, 0x0,
    0xbf, 0xff, 0x0, 0x0, 0x0, 0x0, 0x0, 0xbf,
    0xff, 0x0, 0x0, 0x0, 0x0, 0x0, 0xbf, 0xff,
    0x0, 0x0, 0x0, 0x0, 0x0, 0xbf, 0xff, 0x0,
    0x0, 0x0, 0x0, 0x0,

    /* U+0051 "Q" */
    0x0, 0x0, 0x6, 0xbd, 0xff, 0xed, 0xa6, 0x0,
    0x0, 0x0, 0x0, 0x5f, 0xff, 0xff, 0xff, 0xff,
    0xfe, 0x30, 0x0, 0x0, 0x5f, 0xff, 0xff, 0xff,
    0xff, 0xff, 0xff, 0x30, 0x0, 0xe, 0xff, 0xfc,
    0x63, 0x23, 0x7d, 0xff, 0xfd, 0x0, 0x6, 0xff,
    0xfb, 0x0, 0x0, 0x0, 0xd, 0xff, 0xf4, 0x0,
    0xbf, 0xff, 0x20, 0x0, 0x0, 0x0, 0x5f, 0xff,
    0x90, 0xe, 0xff, 0xd0, 0x0, 0x0, 0x0, 0x0,
    0xff, 0xfd, 0x1, 0xff, 0xfb, 0x0, 0x0, 0x0,
    0x0, 0xd, 0xff, 0xf0, 0x2f, 0xff, 0xa0, 0x0,
    0x0, 0x0, 0x0, 0xcf, 0xff, 0x3, 0xff, 0xf9,
    0x0, 0x0, 0x0, 0x0, 0xb, 0xff, 0xf1, 0x3f,
    0xff, 0x90, 0x0, 0x0, 0x0, 0x0, 0xcf, 0xff,
    0x12, 0xff, 0xfa, 0x0, 0x0, 0x0, 0x0, 0xc,
    0xff, 0xf0, 0x1f, 0xff, 0xb0, 0x0, 0x0, 0x0,
    0x0, 0xdf, 0xff, 0x0, 0xef, 0xfd, 0x0, 0x0,
    0x0, 0x0, 0xf, 0xff, 0xc0, 0xb, 0xff, 0xf2,
    0x0, 0x0, 0x0, 0x4, 0xff, 0xf9, 0x0, 0x6f,
    0xff, 0xb0, 0x0, 0x0, 0x1, 0xdf, 0xff, 0x40,
    0x0, 0xef, 0xff, 0xd7, 0x43, 0x47, 0xef, 0xff,
    0xd0, 0x0, 0x5, 0xff, 0xff, 0xff, 0xff, 0xff,
    0xff, 0xf3, 0x0, 0x0, 0x5, 0xff, 0xff, 0xff,
    0xff, 0xff, 0xe4, 0x0, 0x0, 0x0, 0x1, 0x7b,
    0xef, 0xff, 0xff, 0x60, 0x0, 0x0, 0x0, 0x0,
    0x0, 0x0, 0x4, 0xff, 0xf9, 0x0, 0x0, 0x0,
    0x0, 0x0, 0x0, 0x0, 0xa, 0xff, 0xf5, 0x0,
    0x0, 0x0, 0x0, 0x0, 0x0, 0x0, 0x1f, 0xff,
    0xf2, 0x0, 0x0, 0x0, 0x0, 0x0, 0x0, 0x0,
    0x6f, 0xff, 0xc0, 0x0,

    /* U+0052 "R" */
    0xbf, 0xff, 0xff, 0xff, 0xdb, 0x60, 0x0, 0x0,
    0xbf, 0xff, 0xff, 0xff, 0xff, 0xfe, 0x30, 0x0,
    0xbf, 0xff, 0xff, 0xff, 0xff, 0xff, 0xe1, 0x0,
    0xbf, 0xff, 0x11, 0x12, 0x6d, 0xff, 0xf7, 0x0,
    0xbf, 0xff, 0x0, 0x0, 0x2, 0xff, 0xfa, 0x0,
    0xbf, 0xff, 0x0, 0x0, 0x0, 0xef, 0xfc, 0x0,
    0xbf, 0xff, 0x0, 0x0, 0x0, 0xef, 0xfc, 0x0,
    0xbf, 0xff, 0x0, 0x0, 0x1, 0xff, 0xfb, 0x0,
    0xbf, 0xff, 0x0, 0x0, 0x3c, 0xff, 0xf7, 0x0,
    0xbf, 0xff, 0xee, 0xef, 0xff, 0xff, 0xe1, 0x0,
    0xbf, 0xff, 0xff, 0xff, 0xff, 0xfe, 0x30, 0x0,
    0xbf, 0xff, 0xff, 0xff, 0xff, 0x80, 0x0, 0x0,
    0xbf, 0xff, 0x0, 0x3f, 0xff, 0xa0, 0x0, 0x0,
    0xbf, 0xff, 0x0, 0x9, 0xff, 0xf5, 0x0, 0x0,
    0xbf, 0xff, 0x0, 0x1, 0xef, 0xfe, 0x10, 0x0,
    0xbf, 0xff, 0x0, 0x0, 0x6f, 0xff, 0xa0, 0x0,
    0xbf, 0xff, 0x0, 0x0, 0xc, 0xff, 0xf5, 0x0,
    0xbf, 0xff, 0x0, 0x0, 0x3, 0xff, 0xfe, 0x10,
    0xbf, 0xff, 0x0, 0x0, 0x0, 0x9f, 0xff, 0xa0,
    0xbf, 0xff, 0x0, 0x0, 0x0, 0x1e, 0xff, 0xf4,

    /* U+0053 "S" */
    0x0, 0x4, 0xad, 0xff, 0xfe, 0xb8, 0x20, 0x0,
    0xbf, 0xff, 0xff, 0xff, 0xff, 0x80, 0x9, 0xff,
    0xff, 0xff, 0xff, 0xff, 0x80, 0xf, 0xff, 0xf8,
    0x43, 0x35, 0x7a, 0x70, 0x3f, 0xff, 0x80, 0x0,
    0x0, 0x0, 0x0, 0x4f, 0xff, 0x40, 0x0, 0x0,
    0x0, 0x0, 0x4f, 0xff, 0x60, 0x0, 0x0, 0x0,
    0x0, 0x1f, 0xff, 0xf7, 0x10, 0x0, 0x0, 0x0,
    0xa, 0xff, 0xff, 0xfd, 0x84, 0x0, 0x0, 0x0,
    0xbf, 0xff, 0xff, 0xff, 0xe5, 0x0, 0x0, 0x3,
    0x9e, 0xff, 0xff, 0xff, 0x70, 0x0, 0x0, 0x0,
    0x27, 0xdf, 0xff, 0xf1, 0x0, 0x0, 0x0, 0x0,
    0x9, 0xff, 0xf5, 0x0, 0x0, 0x0, 0x0, 0x3,
    0xff, 0xf7, 0x0, 0x0, 0x0, 0x0, 0x2, 0xff,
    0xf8, 0x0, 0x0, 0x0, 0x0, 0x7, 0xff, 0xf6,
    0x6c, 0x86, 0x44, 0x35, 0x9f, 0xff, 0xf2, 0x7f,
    0xff, 0xff, 0xff, 0xff, 0xff, 0xb0, 0x7f, 0xff,
    0xff, 0xff, 0xff, 0xfb, 0x0, 0x29, 0xce, 0xff,
    0xff, 0xda, 0x40, 0x0,

    /* U+0054 "T" */
    0x8f, 0xff, 0xff, 0xff, 0xff, 0xff, 0xff, 0xb8,
    0xff, 0xff, 0xff, 0xff, 0xff, 0xff, 0xfb, 0x8f,
    0xff, 0xff, 0xff, 0xff, 0xff, 0xff, 0xb2, 0x55,
    0x55, 0x7f, 0xff, 0xa5, 0x55, 0x54, 0x0, 0x0,
    0x3, 0xff, 0xf7, 0x0, 0x0, 0x0, 0x0, 0x0,
    0x3f, 0xff, 0x70, 0x0, 0x0, 0x0, 0x0, 0x3,
    0xff, 0xf7, 0x0, 0x0, 0x0, 0x0, 0x0, 0x3f,
    0xff, 0x70, 0x0, 0x0, 0x0, 0x0, 0x3, 0xff,
    0xf7, 0x0, 0x0, 0x0, 0x0, 0x0, 0x3f, 0xff,
    0x70, 0x0, 0x0, 0x0, 0x0, 0x3, 0xff, 0xf7,
    0x0, 0x0, 0x0, 0x0, 0x0, 0x3f, 0xff, 0x70,
    0x0, 0x0, 0x0, 0x0, 0x3, 0xff, 0xf7, 0x0,
    0x0, 0x0, 0x0, 0x0, 0x3f, 0xff, 0x70, 0x0,
    0x0, 0x0, 0x0, 0x3, 0xff, 0xf7, 0x0, 0x0,
    0x0, 0x0, 0x0, 0x3f, 0xff, 0x70, 0x0, 0x0,
    0x0, 0x0, 0x3, 0xff, 0xf7, 0x0, 0x0, 0x0,
    0x0, 0x0, 0x3f, 0xff, 0x70, 0x0, 0x0, 0x0,
    0x0, 0x3, 0xff, 0xf7, 0x0, 0x0, 0x0, 0x0,
    0x0, 0x3f, 0xff, 0x70, 0x0, 0x0,

    /* U+0055 "U" */
    0xcf, 0xfe, 0x0, 0x0, 0x0, 0x0, 0xbf, 0xff,
    0xcf, 0xfe, 0x0, 0x0, 0x0, 0x0, 0xbf, 0xff,
    0xcf, 0xfe, 0x0, 0x0, 0x0, 0x0, 0xbf, 0xff,
    0xcf, 0xfe, 0x0, 0x0, 0x0, 0x0, 0xbf, 0xff,
    0xcf, 0xfe, 0x0, 0x0, 0x0, 0x0, 0xbf, 0xff,
    0xcf, 0xfe, 0x0, 0x0, 0x0, 0x0, 0xbf, 0xff,
    0xcf, 0xfe, 0x0, 0x0, 0x0, 0x0, 0xbf, 0xff,
    0xcf, 0xfe, 0x0, 0x0, 0x0, 0x0, 0xbf, 0xff,
    0xcf, 0xfe, 0x0, 0x0, 0x0, 0x0, 0xbf, 0xff,
    0xcf, 0xfe, 0x0, 0x0, 0x0, 0x0, 0xbf, 0xff,
    0xcf, 0xfe, 0x0, 0x0, 0x0, 0x0, 0xbf, 0xff,
    0xcf, 0xfe, 0x0, 0x0, 0x0, 0x0, 0xbf, 0xff,
    0xcf, 0xfe, 0x0, 0x0, 0x0, 0x0, 0xbf, 0xff,
    0xcf, 0xfe, 0x0, 0x0, 0x0, 0x0, 0xbf, 0xfe,
    0xbf, 0xff, 0x10, 0x0, 0x0, 0x0, 0xef, 0xfd,
    0x8f, 0xff, 0x90, 0x0, 0x0, 0x6, 0xff, 0xfa,
    0x3f, 0xff, 0xfc, 0x75, 0x56, 0xaf, 0xff, 0xf5,
    0xa, 0xff, 0xff, 0xff, 0xff, 0xff, 0xff, 0xc0,
    0x0, 0xaf, 0xff, 0xff, 0xff, 0xff, 0xfa, 0x0,
    0x0, 0x3, 0x9c, 0xef, 0xfe, 0xc9, 0x30, 0x0,

    /* U+0056 "V" */
    0x7f, 0xff, 0x80, 0x0, 0x0, 0x0, 0x0, 0x8f,
    0xff, 0x31, 0xff, 0xfd, 0x0, 0x0, 0x0, 0x0,
    0xd, 0xff, 0xe0, 0xc, 0xff, 0xf2, 0x0, 0x0,
    0x0, 0x3, 0xff, 0xf8, 0x0, 0x7f, 0xff, 0x70,
    0x0, 0x0, 0x0, 0x8f, 0xff, 0x30, 0x1, 0xff,
    0xfc, 0x0, 0x0, 0x0, 0xd, 0xff, 0xd0, 0x0,
    0xc, 0xff, 0xf1, 0x0, 0x0, 0x2, 0xff, 0xf8,
    0x0, 0x0, 0x7f, 0xff, 0x60, 0x0, 0x0, 0x7f,
    0xff, 0x30, 0x0, 0x1, 0xff, 0xfb, 0x0, 0x0,
    0xc, 0xff, 0xd0, 0x0, 0x0, 0xc, 0xff, 0xf0,
    0x0, 0x1, 0xff, 0xf8, 0x0, 0x0, 0x0, 0x7f,
    0xff, 0x50, 0x0, 0x6f, 0xff, 0x20, 0x0, 0x0,
    0x1, 0xff, 0xfa, 0x0, 0xb, 0xff, 0xd0, 0x0,
    0x0, 0x0, 0xc, 0xff, 0xf0, 0x1, 0xff, 0xf7,
    0x0, 0x0, 0x0, 0x0, 0x7f, 0xff, 0x40, 0x5f,
    0xff, 0x20, 0x0, 0x0, 0x0, 0x1, 0xff, 0xf9,
    0xb, 0xff, 0xd0, 0x0, 0x0, 0x0, 0x0, 0xc,
    0xff, 0xe0, 0xff, 0xf7, 0x0, 0x0, 0x0, 0x0,
    0x0, 0x7f, 0xff, 0x8f, 0xff, 0x20, 0x0, 0x0,
    0x0, 0x0, 0x1, 0xff, 0xff, 0xff, 0xc0, 0x0,
    0x0, 0x0, 0x0, 0x0, 0xc, 0xff, 0xff, 0xf7,
    0x0, 0x0, 0x0, 0x0, 0x0, 0x0, 0x7f, 0xff,
    0xff, 0x20, 0x0, 0x0, 0x0, 0x0, 0x0, 0x1,
    0xff, 0xff, 0xc0, 0x0, 0x0, 0x0,

    /* U+0057 "W" */
    0x4f, 0xff, 0x80, 0x0, 0x0, 0x0, 0x0, 0x0,
    0x0, 0x0, 0x5, 0xff, 0xf6, 0x1f, 0xff, 0xb0,
    0x0, 0x0, 0x0, 0x0, 0x0, 0x0, 0x0, 0x9,
    0xff, 0xf2, 0xd, 0xff, 0xe0, 0x0, 0x0, 0x2e,
    0xee, 0xe5, 0x0, 0x0, 0xc, 0xff, 0xf0, 0xa,
    0xff, 0xf1, 0x0, 0x0, 0x6f, 0xff, 0xf9, 0x0,
    0x0, 0xf, 0xff, 0xb0, 0x7, 0xff, 0xf4, 0x0,
    0x0, 0xaf, 0xff, 0xfc, 0x0, 0x0, 0x2f, 0xff,
    0x70, 0x3, 0xff, 0xf8, 0x0, 0x0, 0xdf, 0xff,
    0xff, 0x0, 0x0, 0x5f, 0xff, 0x40, 0x0, 0xff,
    0xfb, 0x0, 0x1, 0xff, 0xff, 0xff, 0x40, 0x0,
    0x9f, 0xff, 0x0, 0x0, 0xcf, 0xfe, 0x0, 0x5,
    0xff, 0xab, 0xff, 0x80, 0x0, 0xcf, 0xfd, 0x0,
    0x0, 0x9f, 0xff, 0x10, 0x9, 0xff, 0x67, 0xff,
    0xc0, 0x0, 0xff, 0xf9, 0x0, 0x0, 0x5f, 0xff,
    0x40, 0xd, 0xff, 0x23, 0xff, 0xf0, 0x2, 0xff,
    0xf5, 0x0, 0x0, 0x2f, 0xff, 0x80, 0x1f, 0xfe,
    0x0, 0xff, 0xf3, 0x5, 0xff, 0xf2, 0x0, 0x0,
    0xe, 0xff, 0xb0, 0x5f, 0xfa, 0x0, 0xbf, 0xf7,
    0x9, 0xff, 0xe0, 0x0, 0x0, 0xb, 0xff, 0xe0,
    0x9f, 0xf6, 0x0, 0x7f, 0xfb, 0xc, 0xff, 0xb0,
    0x0, 0x0, 0x7, 0xff, 0xf1, 0xdf, 0xf2, 0x0,
    0x3f, 0xff, 0xf, 0xff, 0x70, 0x0, 0x0, 0x4,
    0xff, 0xf6, 0xff, 0xe0, 0x0, 0xf, 0xff, 0x6f,
    0xff, 0x30, 0x0, 0x0, 0x1, 0xff, 0xfd, 0xff,
    0xa0, 0x0, 0xb, 0xff, 0xdf, 0xff, 0x0, 0x0,
    0x0, 0x0, 0xdf, 0xff, 0xff, 0x60, 0x0, 0x7,
    0xff, 0xff, 0xfc, 0x0, 0x0, 0x0, 0x0, 0xaf,
    0xff, 0xff, 0x10, 0x0, 0x3, 0xff, 0xff, 0xf9,
    0x0, 0x0, 0x0, 0x0, 0x6f, 0xff, 0xfd, 0x0,
    0x0, 0x0, 0xff, 0xff, 0xf5, 0x0, 0x0, 0x0,
    0x0, 0x3f, 0xff, 0xf9, 0x0, 0x0, 0x0, 0xcf,
    0xff, 0xf1, 0x0, 0x0,

    /* U+0058 "X" */
    0xc, 0xff, 0xf8, 0x0, 0x0, 0x0, 0x9, 0xff,
    0xf9, 0x0, 0x2f, 0xff, 0xf1, 0x0, 0x0, 0x2,
    0xff, 0xfe, 0x10, 0x0, 0x9f, 0xff, 0x90, 0x0,
    0x0, 0xbf, 0xff, 0x50, 0x0, 0x1, 0xef, 0xff,
    0x20, 0x0, 0x4f, 0xff, 0xc0, 0x0, 0x0, 0x6,
    0xff, 0xfa, 0x0, 0xd, 0xff, 0xf2, 0x0, 0x0,
    0x0, 0xd, 0xff, 0xf3, 0x6, 0xff, 0xf8, 0x0,
    0x0, 0x0, 0x0, 0x4f, 0xff, 0xb0, 0xef, 0xfe,
    0x0, 0x0, 0x0, 0x0, 0x0, 0xaf, 0xff, 0xcf,
    0xff, 0x50, 0x0, 0x0, 0x0, 0x0, 0x1, 0xff,
    0xff, 0xff, 0xb0, 0x0, 0x0, 0x0, 0x0, 0x0,
    0x8, 0xff, 0xff, 0xf2, 0x0, 0x0, 0x0, 0x0,
    0x0, 0x0, 0xbf, 0xff, 0xff, 0x80, 0x0, 0x0,
    0x0, 0x0, 0x0, 0x5f, 0xff, 0xff, 0xff, 0x20,
    0x0, 0x0, 0x0, 0x0, 0xe, 0xff, 0xf7, 0xff,
    0xfa, 0x0, 0x0, 0x0, 0x0, 0x8, 0xff, 0xf7,
    0xc, 0xff, 0xf4, 0x0, 0x0, 0x0, 0x2, 0xff,
    0xfd, 0x0, 0x4f, 0xff, 0xd0, 0x0, 0x0, 0x0,
    0xcf, 0xff, 0x40, 0x0, 0xbf, 0xff, 0x70, 0x0,
    0x0, 0x5f, 0xff, 0xb0, 0x0, 0x2, 0xff, 0xff,
    0x10, 0x0, 0x1e, 0xff, 0xf2, 0x0, 0x0, 0x9,
    0xff, 0xf9, 0x0, 0x9, 0xff, 0xf9, 0x0, 0x0,
    0x0, 0x1f, 0xff, 0xf3, 0x3, 0xff, 0xfe, 0x10,
    0x0, 0x0, 0x0, 0x8f, 0xff, 0xc0,

    /* U+0059 "Y" */
    0x9f, 0xff, 0xa0, 0x0, 0x0, 0x0, 0x9, 0xff,
    0xf8, 0x1e, 0xff, 0xf3, 0x0, 0x0, 0x0, 0x2f,
    0xff, 0xe0, 0x6, 0xff, 0xfb, 0x0, 0x0, 0x0,
    0xbf, 0xff, 0x50, 0x0, 0xdf, 0xff, 0x40, 0x0,
    0x3, 0xff, 0xfb, 0x0, 0x0, 0x3f, 0xff, 0xd0,
    0x0, 0xc, 0xff, 0xf2, 0x0, 0x0, 0xa, 0xff,
    0xf6, 0x0, 0x5f, 0xff, 0x80, 0x0, 0x0, 0x1,
    0xff, 0xfe, 0x0, 0xdf, 0xfe, 0x0, 0x0, 0x0,
    0x0, 0x7f, 0xff, 0x76, 0xff, 0xf5, 0x0, 0x0,
    0x0, 0x0, 0xd, 0xff, 0xfe, 0xff, 0xb0, 0x0,
    0x0, 0x0, 0x0, 0x4, 0xff, 0xff, 0xff, 0x20,
    0x0, 0x0, 0x0, 0x0, 0x0, 0xbf, 0xff, 0xf8,
    0x0, 0x0, 0x0, 0x0, 0x0, 0x0, 0x2f, 0xff,
    0xe0, 0x0, 0x0, 0x0, 0x0, 0x0, 0x0, 0xe,
    0xff, 0xc0, 0x0, 0x0, 0x0, 0x0, 0x0, 0x0,
    0xe, 0xff, 0xc0, 0x0, 0x0, 0x0, 0x0, 0x0,
    0x0, 0xe, 0xff, 0xc0, 0x0, 0x0, 0x0, 0x0,
    0x0, 0x0, 0xe, 0xff, 0xc0, 0x0, 0x0, 0x0,
    0x0, 0x0, 0x0, 0xe, 0xff, 0xc0, 0x0, 0x0,
    0x0, 0x0, 0x0, 0x0, 0xe, 0xff, 0xc0, 0x0,
    0x0, 0x0, 0x0, 0x0, 0x0, 0xe, 0xff, 0xc0,
    0x0, 0x0, 0x0, 0x0, 0x0, 0x0, 0xe, 0xff,
    0xc0, 0x0, 0x0, 0x0,

    /* U+005A "Z" */
    0xe, 0xff, 0xff, 0xff, 0xff, 0xff, 0xff, 0xf1,
    0xe, 0xff, 0xff, 0xff, 0xff, 0xff, 0xff, 0xf1,
    0xe, 0xff, 0xff, 0xff, 0xff, 0xff, 0xff, 0xf1,
    0x5, 0x66, 0x66, 0x66, 0x66, 0xcf, 0xff, 0xe0,
    0x0, 0x0, 0x0, 0x0, 0x3, 0xff, 0xff, 0x30,
    0x0, 0x0, 0x0, 0x0, 0x1e, 0xff, 0xf7, 0x0,
    0x0, 0x0, 0x0, 0x0, 0xbf, 0xff, 0xa0, 0x0,
    0x0, 0x0, 0x0, 0x8, 0xff, 0xfd, 0x0, 0x0,
    0x0, 0x0, 0x0, 0x4f, 0xff, 0xf2, 0x0, 0x0,
    0x0, 0x0, 0x2, 0xff, 0xff, 0x50, 0x0, 0x0,
    0x0, 0x0, 0xd, 0xff, 0xf9, 0x0, 0x0, 0x0,
    0x0, 0x0, 0xaf, 0xff, 0xc0, 0x0, 0x0, 0x0,
    0x0, 0x6, 0xff, 0xfe, 0x10, 0x0, 0x0, 0x0,
    0x0, 0x3f, 0xff, 0xf3, 0x0, 0x0, 0x0, 0x0,
    0x1, 0xef, 0xff, 0x70, 0x0, 0x0, 0x0, 0x0,
    0xb, 0xff, 0xfa, 0x0, 0x0, 0x0, 0x0, 0x0,
    0x6f, 0xff, 0xf7, 0x77, 0x77, 0x77, 0x77, 0x75,
    0x7f, 0xff, 0xff, 0xff, 0xff, 0xff, 0xff, 0xfc,
    0x7f, 0xff, 0xff, 0xff, 0xff, 0xff, 0xff, 0xfc,
    0x7f, 0xff, 0xff, 0xff, 0xff, 0xff, 0xff, 0xfc,

    /* U+005B "[" */
    0xf, 0xff, 0xff, 0xf2, 0xf, 0xff, 0xff, 0xf2,
    0xf, 0xff, 0xff, 0xf2, 0xf, 0xff, 0x70, 0x0,
    0xf, 0xff, 0x70, 0x0, 0xf, 0xff, 0x70, 0x0,
    0xf, 0xff, 0x70, 0x0, 0xf, 0xff, 0x70, 0x0,
    0xf, 0xff, 0x70, 0x0, 0xf, 0xff, 0x70, 0x0,
    0xf, 0xff, 0x70, 0x0, 0xf, 0xff, 0x70, 0x0,
    0xf, 0xff, 0x70, 0x0, 0xf, 0xff, 0x70, 0x0,
    0xf, 0xff, 0x70, 0x0, 0xf, 0xff, 0x70, 0x0,
    0xf, 0xff, 0x70, 0x0, 0xf, 0xff, 0x70, 0x0,
    0xf, 0xff, 0x70, 0x0, 0xf, 0xff, 0x70, 0x0,
    0xf, 0xff, 0x70, 0x0, 0xf, 0xff, 0x70, 0x0,
    0xf, 0xff, 0x70, 0x0, 0xf, 0xff, 0x70, 0x0,
    0xf, 0xff, 0x70, 0x0, 0xf, 0xff, 0xff, 0xf2,
    0xf, 0xff, 0xff, 0xf2, 0xf, 0xff, 0xff, 0xf2,

    /* U+005C "\\" */
    0x5f, 0xf7, 0x0, 0x0, 0x0, 0x0, 0x0, 0xe,
    0xfe, 0x0, 0x0, 0x0, 0x0, 0x0, 0x7, 0xff,
    0x50, 0x0, 0x0, 0x0, 0x0, 0x1, 0xff, 0xb0,
    0x0, 0x0, 0x0, 0x0, 0x0, 0xaf, 0xf2, 0x0,
    0x0, 0x0, 0x0, 0x0, 0x3f, 0xf9, 0x0, 0x0,
    0x0, 0x0, 0x0, 0xc, 0xff, 0x0, 0x0, 0x0,
    0x0, 0x0, 0x6, 0xff, 0x60, 0x0, 0x0, 0x0,
    0x0, 0x0, 0xef, 0xd0, 0x0, 0x0, 0x0, 0x0,
    0x0, 0x8f, 0xf3, 0x0, 0x0, 0x0, 0x0, 0x0,
    0x2f, 0xfa, 0x0, 0x0, 0x0, 0x0, 0x0, 0xb,
    0xff, 0x10, 0x0, 0x0, 0x0, 0x0, 0x4, 0xff,
    0x70, 0x0, 0x0, 0x0, 0x0, 0x0, 0xdf, 0xe0,
    0x0, 0x0, 0x0, 0x0, 0x0, 0x7f, 0xf5, 0x0,
    0x0, 0x0, 0x0, 0x0, 0x1f, 0xfc, 0x0, 0x0,
    0x0, 0x0, 0x0, 0x9, 0xff, 0x20, 0x0, 0x0,
    0x0, 0x0, 0x3, 0xff, 0x90, 0x0, 0x0, 0x0,
    0x0, 0x0, 0xcf, 0xf0, 0x0, 0x0, 0x0, 0x0,
    0x0, 0x5f, 0xf6, 0x0, 0x0, 0x0, 0x0, 0x0,
    0xe, 0xfd, 0x0, 0x0, 0x0, 0x0, 0x0, 0x8,
    0xff, 0x40, 0x0, 0x0, 0x0, 0x0, 0x1, 0xff,
    0xa0, 0x0, 0x0, 0x0, 0x0, 0x0, 0xaf, 0xf1,
    0x0, 0x0, 0x0, 0x0, 0x0, 0x4f, 0xf8,

    /* U+005D "]" */
    0x4f, 0xff, 0xff, 0xf4, 0xff, 0xff, 0xff, 0x4f,
    0xff, 0xff, 0xf0, 0x0, 0x9f, 0xff, 0x0, 0x9,
    0xff, 0xf0, 0x0, 0x9f, 0xff, 0x0, 0x9, 0xff,
    0xf0, 0x0, 0x9f, 0xff, 0x0, 0x9, 0xff, 0xf0,
    0x0, 0x9f, 0xff, 0x0, 0x9, 0xff, 0xf0, 0x0,
    0x9f, 0xff, 0x0, 0x9, 0xff, 0xf0, 0x0, 0x9f,
    0xff, 0x0, 0x9, 0xff, 0xf0, 0x0, 0x9f, 0xff,
    0x0, 0x9, 0xff, 0xf0, 0x0, 0x9f, 0xff, 0x0,
    0x9, 0xff, 0xf0, 0x0, 0x9f, 0xff, 0x0, 0x9,
    0xff, 0xf0, 0x0, 0x9f, 0xff, 0x0, 0x9, 0xff,
    0xf0, 0x0, 0x9f, 0xff, 0x0, 0x9, 0xff, 0xf4,
    0xff, 0xff, 0xff, 0x4f, 0xff, 0xff, 0xf4, 0xff,
    0xff, 0xff,

    /* U+005E "^" */
    0x0, 0x0, 0x3f, 0xff, 0xf2, 0x0, 0x0, 0x0,
    0x0, 0x9f, 0xff, 0xf8, 0x0, 0x0, 0x0, 0x0,
    0xff, 0xee, 0xfe, 0x0, 0x0, 0x0, 0x6, 0xff,
    0x88, 0xff, 0x50, 0x0, 0x0, 0xc, 0xff, 0x22,
    0xff, 0xb0, 0x0, 0x0, 0x2f, 0xfc, 0x0, 0xcf,
    0xf2, 0x0, 0x0, 0x8f, 0xf6, 0x0, 0x6f, 0xf8,
    0x0, 0x0, 0xef, 0xf0, 0x0, 0x1f, 0xfe, 0x0,
    0x5, 0xff, 0x90, 0x0, 0xa, 0xff, 0x40, 0xb,
    0xff, 0x30, 0x0, 0x4, 0xff, 0xb0, 0x1f, 0xfd,
    0x0, 0x0, 0x0, 0xef, 0xf1,

    /* U+005F "_" */
    0x99, 0x99, 0x99, 0x99, 0x99, 0x99, 0x99, 0xff,
    0xff, 0xff, 0xff, 0xff, 0xff, 0xff, 0xff, 0xff,
    0xff, 0xff, 0xff, 0xff, 0xff,

    /* U+0060 "`" */
    0xc, 0xff, 0xe0, 0x0, 0x0, 0xcf, 0xf8, 0x0,
    0x0, 0x1c, 0xff, 0x30, 0x0, 0x1, 0xdf, 0xc0,

    /* U+0061 "a" */
    0x0, 0x2, 0xdf, 0xff, 0xfd, 0xa4, 0x0, 0x0,
    0x3, 0xff, 0xff, 0xff, 0xff, 0xa0, 0x0, 0x3,
    0xff, 0xff, 0xff, 0xff, 0xf7, 0x0, 0x0, 0x31,
    0x0, 0x28, 0xff, 0xfc, 0x0, 0x0, 0x0, 0x0,
    0x0, 0xbf, 0xff, 0x0, 0x0, 0x0, 0x0, 0x0,
    0x8f, 0xff, 0x0, 0x3, 0x68, 0x99, 0x99, 0xcf,
    0xff, 0x3, 0xdf, 0xff, 0xff, 0xff, 0xff, 0xff,
    0x1e, 0xff, 0xff, 0xff, 0xff, 0xff, 0xff, 0x7f,
    0xff, 0x82, 0x0, 0x0, 0x8f, 0xff, 0xaf, 0xfe,
    0x0, 0x0, 0x0, 0x8f, 0xff, 0xbf, 0xfd, 0x0,
    0x0, 0x0, 0xdf, 0xff, 0x9f, 0xff, 0x40, 0x0,
    0x4d, 0xff, 0xff, 0x5f, 0xff, 0xfe, 0xef, 0xff,
    0xff, 0xff, 0xb, 0xff, 0xff, 0xff, 0xfc, 0x6f,
    0xff, 0x0, 0x6c, 0xff, 0xeb, 0x60, 0x3f, 0xff,

    /* U+0062 "b" */
    0xcf, 0xfb, 0x0, 0x0, 0x0, 0x0, 0x0, 0xc,
    0xff, 0xb0, 0x0, 0x0, 0x0, 0x0, 0x0, 0xcf,
    0xfb, 0x0, 0x0, 0x0, 0x0, 0x0, 0xc, 0xff,
    0xb0, 0x0, 0x0, 0x0, 0x0, 0x0, 0xcf, 0xfb,
    0x0, 0x0, 0x0, 0x0, 0x0, 0xc, 0xff, 0xb0,
    0x0, 0x0, 0x0, 0x0, 0x0, 0xcf, 0xfb, 0x6,
    0xcf, 0xfe, 0xb5, 0x0, 0xc, 0xff, 0xb9, 0xff,
    0xff, 0xff, 0xfa, 0x0, 0xcf, 0xfe, 0xff, 0xed,
    0xef, 0xff, 0xf7, 0xc, 0xff, 0xfd, 0x30, 0x0,
    0x6f, 0xff, 0xe0, 0xcf, 0xff, 0x20, 0x0, 0x0,
    0xaf, 0xff, 0x2c, 0xff, 0xc0, 0x0, 0x0, 0x5,
    0xff, 0xf5, 0xcf, 0xfa, 0x0, 0x0, 0x0, 0x3f,
    0xff, 0x6c, 0xff, 0x80, 0x0, 0x0, 0x2, 0xff,
    0xf7, 0xcf, 0xf8, 0x0, 0x0, 0x0, 0x2f, 0xff,
    0x7c, 0xff, 0xa0, 0x0, 0x0, 0x3, 0xff, 0xf5,
    0xcf, 0xfc, 0x0, 0x0, 0x0, 0x6f, 0xff, 0x4c,
    0xff, 0xf3, 0x0, 0x0, 0xb, 0xff, 0xf2, 0xcf,
    0xff, 0xe3, 0x0, 0x7, 0xff, 0xfd, 0xc, 0xff,
    0xdf, 0xfe, 0xdf, 0xff, 0xff, 0x50, 0xcf, 0xf8,
    0x9f, 0xff, 0xff, 0xff, 0x80, 0xc, 0xff, 0x60,
    0x7c, 0xff, 0xeb, 0x40, 0x0,

    /* U+0063 "c" */
    0x0, 0x2, 0x9c, 0xef, 0xfd, 0xb5, 0x0, 0x7f,
    0xff, 0xff, 0xff, 0xfa, 0x5, 0xff, 0xff, 0xff,
    0xff, 0xfa, 0xd, 0xff, 0xfa, 0x31, 0x12, 0x55,
    0x2f, 0xff, 0xa0, 0x0, 0x0, 0x0, 0x6f, 0xff,
    0x40, 0x0, 0x0, 0x0, 0x8f, 0xff, 0x10, 0x0,
    0x0, 0x0, 0x9f, 0xff, 0x0, 0x0, 0x0, 0x0,
    0x9f, 0xff, 0x0, 0x0, 0x0, 0x0, 0x8f, 0xff,
    0x10, 0x0, 0x0, 0x0, 0x6f, 0xff, 0x40, 0x0,
    0x0, 0x0, 0x3f, 0xff, 0xa0, 0x0, 0x0, 0x0,
    0xd, 0xff, 0xfa, 0x31, 0x12, 0x56, 0x5, 0xff,
    0xff, 0xff, 0xff, 0xfb, 0x0, 0x7f, 0xff, 0xff,
    0xff, 0xfb, 0x0, 0x2, 0x9c, 0xef, 0xfe, 0xb6,

    /* U+0064 "d" */
    0x0, 0x0, 0x0, 0x0, 0x0, 0xc, 0xff, 0xb0,
    0x0, 0x0, 0x0, 0x0, 0x0, 0xcf, 0xfb, 0x0,
    0x0, 0x0, 0x0, 0x0, 0xc, 0xff, 0xb0, 0x0,
    0x0, 0x0, 0x0, 0x0, 0xcf, 0xfb, 0x0, 0x0,
    0x0, 0x0, 0x0, 0xc, 0xff, 0xb0, 0x0, 0x0,
    0x0, 0x0, 0x0, 0xcf, 0xfb, 0x0, 0x5, 0xbe,
    0xff, 0xb5, 0xc, 0xff, 0xb0, 0x9, 0xff, 0xff,
    0xff, 0xf8, 0xcf, 0xfb, 0x6, 0xff, 0xff, 0xed,
    0xef, 0xfe, 0xff, 0xb0, 0xef, 0xff, 0x50, 0x0,
    0x4e, 0xff, 0xfb, 0x3f, 0xff, 0x90, 0x0, 0x0,
    0x5f, 0xff, 0xb6, 0xff, 0xf3, 0x0, 0x0, 0x0,
    0xef, 0xfb, 0x8f, 0xff, 0x10, 0x0, 0x0, 0xc,
    0xff, 0xb9, 0xff, 0xf1, 0x0, 0x0, 0x0, 0xbf,
    0xfb, 0x9f, 0xff, 0x10, 0x0, 0x0, 0xa, 0xff,
    0xb8, 0xff, 0xf2, 0x0, 0x0, 0x0, 0xbf, 0xfb,
    0x6f, 0xff, 0x30, 0x0, 0x0, 0xe, 0xff, 0xb4,
    0xff, 0xf9, 0x0, 0x0, 0x4, 0xff, 0xfb, 0xf,
    0xff, 0xf5, 0x0, 0x4, 0xef, 0xff, 0xb0, 0x8f,
    0xff, 0xfe, 0xde, 0xff, 0xef, 0xfb, 0x0, 0xbf,
    0xff, 0xff, 0xff, 0x8a, 0xff, 0xb0, 0x0, 0x6b,
    0xef, 0xeb, 0x50, 0x7f, 0xfb,

    /* U+0065 "e" */
    0x0, 0x2, 0x9c, 0xef, 0xed, 0x81, 0x0, 0x0,
    0x7f, 0xff, 0xff, 0xff, 0xff, 0x40, 0x5, 0xff,
    0xff, 0xed, 0xef, 0xff, 0xf1, 0xd, 0xff, 0xe4,
    0x0, 0x4, 0xff, 0xf7, 0x2f, 0xff, 0x60, 0x0,
    0x0, 0x8f, 0xfc, 0x6f, 0xff, 0x10, 0x0, 0x0,
    0x5f, 0xfe, 0x8f, 0xff, 0x34, 0x67, 0x89, 0xcf,
    0xff, 0x9f, 0xff, 0xff, 0xff, 0xff, 0xff, 0xff,
    0x9f, 0xff, 0xff, 0xff, 0xff, 0xff, 0xfe, 0x8f,
    0xff, 0x0, 0x0, 0x0, 0x0, 0x0, 0x6f, 0xff,
    0x20, 0x0, 0x0, 0x0, 0x0, 0x3f, 0xff, 0x80,
    0x0, 0x0, 0x0, 0x0, 0xd, 0xff, 0xf8, 0x20,
    0x0, 0x26, 0xb3, 0x5, 0xff, 0xff, 0xff, 0xff,
    0xff, 0xf3, 0x0, 0x7f, 0xff, 0xff, 0xff, 0xff,
    0xf3, 0x0, 0x2, 0x9c, 0xef, 0xfe, 0xc8, 0x40,

    /* U+0066 "f" */
    0x0, 0x0, 0x19, 0xce, 0xfe, 0x30, 0x0, 0x1e,
    0xff, 0xff, 0xf3, 0x0, 0x9, 0xff, 0xfe, 0xbb,
    0x20, 0x0, 0xef, 0xfc, 0x0, 0x0, 0x0, 0x1f,
    0xff, 0x60, 0x0, 0x0, 0x2, 0xff, 0xf5, 0x0,
    0x0, 0x9f, 0xff, 0xff, 0xff, 0xf7, 0x9, 0xff,
    0xff, 0xff, 0xff, 0x70, 0x8e, 0xef, 0xff, 0xee,
    0xe6, 0x0, 0x2, 0xff, 0xf5, 0x0, 0x0, 0x0,
    0x2f, 0xff, 0x50, 0x0, 0x0, 0x2, 0xff, 0xf5,
    0x0, 0x0, 0x0, 0x2f, 0xff, 0x50, 0x0, 0x0,
    0x2, 0xff, 0xf5, 0x0, 0x0, 0x0, 0x2f, 0xff,
    0x50, 0x0, 0x0, 0x2, 0xff, 0xf5, 0x0, 0x0,
    0x0, 0x2f, 0xff, 0x50, 0x0, 0x0, 0x2, 0xff,
    0xf5, 0x0, 0x0, 0x0, 0x2f, 0xff, 0x50, 0x0,
    0x0, 0x2, 0xff, 0xf5, 0x0, 0x0, 0x0, 0x2f,
    0xff, 0x50, 0x0, 0x0, 0x2, 0xff, 0xf5, 0x0,
    0x0,

    /* U+0067 "g" */
    0x0, 0x4, 0xbe, 0xff, 0xc6, 0xb, 0xff, 0xb0,
    0x9, 0xff, 0xff, 0xff, 0xf9, 0xbf, 0xfb, 0x6,
    0xff, 0xff, 0xed, 0xef, 0xfe, 0xff, 0xb0, 0xef,
    0xff, 0x60, 0x0, 0x3d, 0xff, 0xfb, 0x3f, 0xff,
    0x90, 0x0, 0x0, 0x3f, 0xff, 0xb6, 0xff, 0xf3,
    0x0, 0x0, 0x0, 0xdf, 0xfb, 0x8f, 0xff, 0x10,
    0x0, 0x0, 0xb, 0xff, 0xb9, 0xff, 0xf1, 0x0,
    0x0, 0x0, 0xaf, 0xfb, 0x9f, 0xff, 0x10, 0x0,
    0x0, 0x9, 0xff, 0xb8, 0xff, 0xf2, 0x0, 0x0,
    0x0, 0xaf, 0xfb, 0x6f, 0xff, 0x40, 0x0, 0x0,
    0xd, 0xff, 0xb4, 0xff, 0xf9, 0x0, 0x0, 0x2,
    0xff, 0xfb, 0xf, 0xff, 0xf4, 0x0, 0x2, 0xdf,
    0xff, 0xb0, 0x8f, 0xff, 0xfd, 0xcd, 0xff, 0xef,
    0xfb, 0x0, 0xbf, 0xff, 0xff, 0xff, 0xab, 0xff,
    0xb0, 0x0, 0x5b, 0xef, 0xfc, 0x70, 0xcf, 0xfb,
    0x0, 0x0, 0x0, 0x0, 0x0, 0xf, 0xff, 0x90,
    0x0, 0x0, 0x0, 0x0, 0x6, 0xff, 0xf5, 0x0,
    0x12, 0x0, 0x0, 0x17, 0xff, 0xff, 0x0, 0x6,
    0xff, 0xee, 0xef, 0xff, 0xff, 0x60, 0x0, 0x6f,
    0xff, 0xff, 0xff, 0xff, 0x60, 0x0, 0x4, 0xce,
    0xff, 0xfe, 0xb7, 0x10, 0x0,

    /* U+0068 "h" */
    0xcf, 0xfb, 0x0, 0x0, 0x0, 0x0, 0x0, 0xcf,
    0xfb, 0x0, 0x0, 0x0, 0x0, 0x0, 0xcf, 0xfb,
    0x0, 0x0, 0x0, 0x0, 0x0, 0xcf, 0xfb, 0x0,
    0x0, 0x0, 0x0, 0x0, 0xcf, 0xfb, 0x0, 0x0,
    0x0, 0x0, 0x0, 0xcf, 0xfb, 0x0, 0x0, 0x0,
    0x0, 0x0, 0xcf, 0xfb, 0x5, 0xbe, 0xfe, 0xb5,
    0x0, 0xcf, 0xfb, 0xaf, 0xff, 0xff, 0xff, 0x70,
    0xcf, 0xff, 0xff, 0xff, 0xff, 0xff, 0xf1, 0xcf,
    0xff, 0xf6, 0x20, 0x3c, 0xff, 0xf5, 0xcf, 0xff,
    0x30, 0x0, 0x3, 0xff, 0xf7, 0xcf, 0xfc, 0x0,
    0x0, 0x0, 0xff, 0xf8, 0xcf, 0xfb, 0x0, 0x0,
    0x0, 0xff, 0xf8, 0xcf, 0xfb, 0x0, 0x0, 0x0,
    0xff, 0xf8, 0xcf, 0xfb, 0x0, 0x0, 0x0, 0xff,
    0xf8, 0xcf, 0xfb, 0x0, 0x0, 0x0, 0xff, 0xf8,
    0xcf, 0xfb, 0x0, 0x0, 0x0, 0xff, 0xf8, 0xcf,
    0xfb, 0x0, 0x0, 0x0, 0xff, 0xf8, 0xcf, 0xfb,
    0x0, 0x0, 0x0, 0xff, 0xf8, 0xcf, 0xfb, 0x0,
    0x0, 0x0, 0xff, 0xf8, 0xcf, 0xfb, 0x0, 0x0,
    0x0, 0xff, 0xf8, 0xcf, 0xfb, 0x0, 0x0, 0x0,
    0xff, 0xf8,

    /* U+0069 "i" */
    0xa, 0xff, 0x80, 0xff, 0xfe, 0xf, 0xff, 0xd0,
    0x9e, 0xe7, 0x0, 0x0, 0x0, 0x0, 0x0, 0xd,
    0xff, 0xa0, 0xdf, 0xfa, 0xd, 0xff, 0xa0, 0xdf,
    0xfa, 0xd, 0xff, 0xa0, 0xdf, 0xfa, 0xd, 0xff,
    0xa0, 0xdf, 0xfa, 0xd, 0xff, 0xa0, 0xdf, 0xfa,
    0xd, 0xff, 0xa0, 0xdf, 0xfa, 0xd, 0xff, 0xa0,
    0xdf, 0xfa, 0xd, 0xff, 0xa0, 0xdf, 0xfa,

    /* U+006A "j" */
    0x0, 0x0, 0xaf, 0xf8, 0x0, 0x0, 0xff, 0xfe,
    0x0, 0x0, 0xff, 0xfd, 0x0, 0x0, 0x9e, 0xe7,
    0x0, 0x0, 0x0, 0x0, 0x0, 0x0, 0x0, 0x0,
    0x0, 0x0, 0xdf, 0xfa, 0x0, 0x0, 0xdf, 0xfa,
    0x0, 0x0, 0xdf, 0xfa, 0x0, 0x0, 0xdf, 0xfa,
    0x0, 0x0, 0xdf, 0xfa, 0x0, 0x0, 0xdf, 0xfa,
    0x0, 0x0, 0xdf, 0xfa, 0x0, 0x0, 0xdf, 0xfa,
    0x0, 0x0, 0xdf, 0xfa, 0x0, 0x0, 0xdf, 0xfa,
    0x0, 0x0, 0xdf, 0xfa, 0x0, 0x0, 0xdf, 0xfa,
    0x0, 0x0, 0xdf, 0xfa, 0x0, 0x0, 0xdf, 0xfa,
    0x0, 0x0, 0xdf, 0xfa, 0x0, 0x0, 0xdf, 0xfa,
    0x0, 0x0, 0xdf, 0xfa, 0x0, 0x0, 0xff, 0xf9,
    0x0, 0x6, 0xff, 0xf6, 0x9d, 0xdf, 0xff, 0xf1,
    0xaf, 0xff, 0xff, 0x80, 0x9f, 0xfe, 0xb5, 0x0,

    /* U+006B "k" */
    0xcf, 0xfb, 0x0, 0x0, 0x0, 0x0, 0x0, 0xcf,
    0xfb, 0x0, 0x0, 0x0, 0x0, 0x0, 0xcf, 0xfb,
    0x0, 0x0, 0x0, 0x0, 0x0, 0xcf, 0xfb, 0x0,
    0x0, 0x0, 0x0, 0x0, 0xcf, 0xfb, 0x0, 0x0,
    0x0, 0x0, 0x0, 0xcf, 0xfb, 0x0, 0x0, 0x0,
    0x0, 0x0, 0xcf, 0xfb, 0x0, 0x0, 0x6f, 0xff,
    0xb0, 0xcf, 0xfb, 0x0, 0x2, 0xff, 0xfe, 0x10,
    0xcf, 0xfb, 0x0, 0xc, 0xff, 0xf3, 0x0, 0xcf,
    0xfb, 0x0, 0x8f, 0xff, 0x60, 0x0, 0xcf, 0xfb,
    0x3, 0xff, 0xfa, 0x0, 0x0, 0xcf, 0xfb, 0x1e,
    0xff, 0xd0, 0x0, 0x0, 0xcf, 0xff, 0xef, 0xff,
    0x20, 0x0, 0x0, 0xcf, 0xff, 0xff, 0xf8, 0x0,
    0x0, 0x0, 0xcf, 0xff, 0xff, 0xff, 0x20, 0x0,
    0x0, 0xcf, 0xfb, 0x3f, 0xff, 0xc0, 0x0, 0x0,
    0xcf, 0xfb, 0x9, 0xff, 0xf7, 0x0, 0x0, 0xcf,
    0xfb, 0x0, 0xef, 0xff, 0x30, 0x0, 0xcf, 0xfb,
    0x0, 0x4f, 0xff, 0xd0, 0x0, 0xcf, 0xfb, 0x0,
    0x9, 0xff, 0xf9, 0x0, 0xcf, 0xfb, 0x0, 0x0,
    0xef, 0xff, 0x40, 0xcf, 0xfb, 0x0, 0x0, 0x4f,
    0xff, 0xe1,

    /* U+006C "l" */
    0xdf, 0xfb, 0x0, 0xdf, 0xfb, 0x0, 0xdf, 0xfb,
    0x0, 0xdf, 0xfb, 0x0, 0xdf, 0xfb, 0x0, 0xdf,
    0xfb, 0x0, 0xdf, 0xfb, 0x0, 0xdf, 0xfb, 0x0,
    0xdf, 0xfb, 0x0, 0xdf, 0xfb, 0x0, 0xdf, 0xfb,
    0x0, 0xdf, 0xfb, 0x0, 0xdf, 0xfb, 0x0, 0xdf,
    0xfb, 0x0, 0xdf, 0xfb, 0x0, 0xdf, 0xfb, 0x0,
    0xdf, 0xfb, 0x0, 0xdf, 0xfb, 0x0, 0xcf, 0xfd,
    0x0, 0xaf, 0xff, 0xfe, 0x4f, 0xff, 0xfe, 0x5,
    0xcf, 0xfc,

    /* U+006D "m" */
    0xcf, 0xfb, 0x8, 0xdf, 0xfd, 0x80, 0x1, 0x8d,
    0xff, 0xd8, 0x10, 0xc, 0xff, 0xcc, 0xff, 0xff,
    0xff, 0xc2, 0xef, 0xff, 0xff, 0xfd, 0x10, 0xcf,
    0xff, 0xff, 0xff, 0xff, 0xff, 0xff, 0xff, 0xff,
    0xff, 0xf8, 0xc, 0xff, 0xfd, 0x41, 0x29, 0xff,
    0xff, 0xe5, 0x11, 0x6f, 0xff, 0xd0, 0xcf, 0xff,
    0x10, 0x0, 0xe, 0xff, 0xf3, 0x0, 0x0, 0xaf,
    0xff, 0xc, 0xff, 0xb0, 0x0, 0x0, 0xbf, 0xfe,
    0x0, 0x0, 0x7, 0xff, 0xf1, 0xcf, 0xfb, 0x0,
    0x0, 0xa, 0xff, 0xd0, 0x0, 0x0, 0x6f, 0xff,
    0x1c, 0xff, 0xb0, 0x0, 0x0, 0xaf, 0xfd, 0x0,
    0x0, 0x6, 0xff, 0xf1, 0xcf, 0xfb, 0x0, 0x0,
    0xa, 0xff, 0xd0, 0x0, 0x0, 0x6f, 0xff, 0x1c,
    0xff, 0xb0, 0x0, 0x0, 0xaf, 0xfd, 0x0, 0x0,
    0x6, 0xff, 0xf1, 0xcf, 0xfb, 0x0, 0x0, 0xa,
    0xff, 0xd0, 0x0, 0x0, 0x6f, 0xff, 0x1c, 0xff,
    0xb0, 0x0, 0x0, 0xaf, 0xfd, 0x0, 0x0, 0x6,
    0xff, 0xf1, 0xcf, 0xfb, 0x0, 0x0, 0xa, 0xff,
    0xd0, 0x0, 0x0, 0x6f, 0xff, 0x1c, 0xff, 0xb0,
    0x0, 0x0, 0xaf, 0xfd, 0x0, 0x0, 0x6, 0xff,
    0xf1, 0xcf, 0xfb, 0x0, 0x0, 0xa, 0xff, 0xd0,
    0x0, 0x0, 0x6f, 0xff, 0x1c, 0xff, 0xb0, 0x0,
    0x0, 0xaf, 0xfd, 0x0, 0x0, 0x6, 0xff, 0xf1,

    /* U+006E "n" */
    0xcf, 0xfb, 0x6, 0xbe, 0xfe, 0xb5, 0x0, 0xcf,
    0xfb, 0xbf, 0xff, 0xff, 0xff, 0x70, 0xcf, 0xff,
    0xff, 0xff, 0xff, 0xff, 0xf1, 0xcf, 0xff, 0xe6,
    0x20, 0x2c, 0xff, 0xf5, 0xcf, 0xff, 0x30, 0x0,
    0x3, 0xff, 0xf7, 0xcf, 0xfc, 0x0, 0x0, 0x0,
    0xff, 0xf8, 0xcf, 0xfb, 0x0, 0x0, 0x0, 0xff,
    0xf8, 0xcf, 0xfb, 0x0, 0x0, 0x0, 0xff, 0xf8,
    0xcf, 0xfb, 0x0, 0x0, 0x0, 0xff, 0xf8, 0xcf,
    0xfb, 0x0, 0x0, 0x0, 0xff, 0xf8, 0xcf, 0xfb,
    0x0, 0x0, 0x0, 0xff, 0xf8, 0xcf, 0xfb, 0x0,
    0x0, 0x0, 0xff, 0xf8, 0xcf, 0xfb, 0x0, 0x0,
    0x0, 0xff, 0xf8, 0xcf, 0xfb, 0x0, 0x0, 0x0,
    0xff, 0xf8, 0xcf, 0xfb, 0x0, 0x0, 0x0, 0xff,
    0xf8, 0xcf, 0xfb, 0x0, 0x0, 0x0, 0xff, 0xf8,

    /* U+006F "o" */
    0x0, 0x2, 0x9c, 0xef, 0xfd, 0xa5, 0x0, 0x0,
    0x7, 0xff, 0xff, 0xff, 0xff, 0xfb, 0x0, 0x5,
    0xff, 0xff, 0xed, 0xdf, 0xff, 0xfa, 0x0, 0xdf,
    0xff, 0x40, 0x0, 0x2d, 0xff, 0xf2, 0x2f, 0xff,
    0x80, 0x0, 0x0, 0x3f, 0xff, 0x86, 0xff, 0xf3,
    0x0, 0x0, 0x0, 0xef, 0xfb, 0x8f, 0xff, 0x10,
    0x0, 0x0, 0xc, 0xff, 0xd9, 0xff, 0xf0, 0x0,
    0x0, 0x0, 0xbf, 0xfe, 0x9f, 0xff, 0x0, 0x0,
    0x0, 0xb, 0xff, 0xe8, 0xff, 0xf1, 0x0, 0x0,
    0x0, 0xcf, 0xfd, 0x6f, 0xff, 0x30, 0x0, 0x0,
    0xe, 0xff, 0xb3, 0xff, 0xf8, 0x0, 0x0, 0x3,
    0xff, 0xf8, 0xd, 0xff, 0xf5, 0x0, 0x2, 0xcf,
    0xff, 0x20, 0x5f, 0xff, 0xff, 0xde, 0xff, 0xff,
    0xa0, 0x0, 0x7f, 0xff, 0xff, 0xff, 0xff, 0xb0,
    0x0, 0x0, 0x29, 0xce, 0xff, 0xda, 0x50, 0x0,

    /* U+0070 "p" */
    0xcf, 0xfb, 0x6, 0xcf, 0xfe, 0xb5, 0x0, 0xc,
    0xff, 0xb9, 0xff, 0xff, 0xff, 0xfa, 0x0, 0xcf,
    0xfe, 0xff, 0xed, 0xef, 0xff, 0xf7, 0xc, 0xff,
    0xfd, 0x30, 0x0, 0x6f, 0xff, 0xe0, 0xcf, 0xff,
    0x20, 0x0, 0x0, 0xaf, 0xff, 0x2c, 0xff, 0xc0,
    0x0, 0x0, 0x5, 0xff, 0xf5, 0xcf, 0xfa, 0x0,
    0x0, 0x0, 0x3f, 0xff, 0x6c, 0xff, 0x80, 0x0,
    0x0, 0x2, 0xff, 0xf7, 0xcf, 0xf8, 0x0, 0x0,
    0x0, 0x2f, 0xff, 0x7c, 0xff, 0xa0, 0x0, 0x0,
    0x3, 0xff, 0xf5, 0xcf, 0xfc, 0x0, 0x0, 0x0,
    0x6f, 0xff, 0x4c, 0xff, 0xf3, 0x0, 0x0, 0xb,
    0xff, 0xf2, 0xcf, 0xff, 0xe3, 0x0, 0x7, 0xff,
    0xfd, 0xc, 0xff, 0xef, 0xfe, 0xdf, 0xff, 0xff,
    0x50, 0xcf, 0xfb, 0x9f, 0xff, 0xff, 0xff, 0x80,
    0xc, 0xff, 0xb0, 0x6c, 0xff, 0xeb, 0x40, 0x0,
    0xcf, 0xfb, 0x0, 0x0, 0x0, 0x0, 0x0, 0xc,
    0xff, 0xb0, 0x0, 0x0, 0x0, 0x0, 0x0, 0xcf,
    0xfb, 0x0, 0x0, 0x0, 0x0, 0x0, 0xc, 0xff,
    0xb0, 0x0, 0x0, 0x0, 0x0, 0x0, 0xcf, 0xfb,
    0x0, 0x0, 0x0, 0x0, 0x0, 0xc, 0xff, 0xb0,
    0x0, 0x0, 0x0, 0x0, 0x0,

    /* U+0071 "q" */
    0x0, 0x5, 0xbe, 0xff, 0xb5, 0xc, 0xff, 0xb0,
    0x9, 0xff, 0xff, 0xff, 0xf8, 0xcf, 0xfb, 0x6,
    0xff, 0xff, 0xed, 0xef, 0xfe, 0xff, 0xb0, 0xef,
    0xff, 0x50, 0x0, 0x4e, 0xff, 0xfb, 0x3f, 0xff,
    0x90, 0x0, 0x0, 0x5f, 0xff, 0xb6, 0xff, 0xf3,
    0x0, 0x0, 0x0, 0xef, 0xfb, 0x8f, 0xff, 0x10,
    0x0, 0x0, 0xc, 0xff, 0xb9, 0xff, 0xf1, 0x0,
    0x0, 0x0, 0xbf, 0xfb, 0x9f, 0xff, 0x10, 0x0,
    0x0, 0xa, 0xff, 0xb8, 0xff, 0xf2, 0x0, 0x0,
    0x0, 0xbf, 0xfb, 0x6f, 0xff, 0x30, 0x0, 0x0,
    0xe, 0xff, 0xb4, 0xff, 0xf9, 0x0, 0x0, 0x4,
    0xff, 0xfb, 0xf, 0xff, 0xf5, 0x0, 0x4, 0xef,
    0xff, 0xb0, 0x8f, 0xff, 0xfe, 0xde, 0xff, 0xef,
    0xfb, 0x0, 0xbf, 0xff, 0xff, 0xff, 0x7c, 0xff,
    0xb0, 0x0, 0x6b, 0xef, 0xfc, 0x50, 0xcf, 0xfb,
    0x0, 0x0, 0x0, 0x0, 0x0, 0xc, 0xff, 0xb0,
    0x0, 0x0, 0x0, 0x0, 0x0, 0xcf, 0xfb, 0x0,
    0x0, 0x0, 0x0, 0x0, 0xc, 0xff, 0xb0, 0x0,
    0x0, 0x0, 0x0, 0x0, 0xcf, 0xfb, 0x0, 0x0,
    0x0, 0x0, 0x0, 0xc, 0xff, 0xb0, 0x0, 0x0,
    0x0, 0x0, 0x0, 0xcf, 0xfb,

    /* U+0072 "r" */
    0xcf, 0xfb, 0x4, 0xbe, 0x8c, 0xff, 0xb6, 0xff,
    0xf8, 0xcf, 0xfc, 0xff, 0xff, 0x7c, 0xff, 0xff,
    0xd7, 0x51, 0xcf, 0xff, 0xb0, 0x0, 0xc, 0xff,
    0xf1, 0x0, 0x0, 0xcf, 0xfc, 0x0, 0x0, 0xc,
    0xff, 0xb0, 0x0, 0x0, 0xcf, 0xfb, 0x0, 0x0,
    0xc, 0xff, 0xb0, 0x0, 0x0, 0xcf, 0xfb, 0x0,
    0x0, 0xc, 0xff, 0xb0, 0x0, 0x0, 0xcf, 0xfb,
    0x0, 0x0, 0xc, 0xff, 0xb0, 0x0, 0x0, 0xcf,
    0xfb, 0x0, 0x0, 0xc, 0xff, 0xb0, 0x0, 0x0,

    /* U+0073 "s" */
    0x0, 0x29, 0xdf, 0xfe, 0xdb, 0x40, 0x4, 0xff,
    0xff, 0xff, 0xff, 0x70, 0xe, 0xff, 0xfe, 0xdd,
    0xff, 0x60, 0x3f, 0xff, 0x50, 0x0, 0x2, 0x10,
    0x4f, 0xff, 0x0, 0x0, 0x0, 0x0, 0x3f, 0xff,
    0x50, 0x0, 0x0, 0x0, 0xf, 0xff, 0xfd, 0x94,
    0x0, 0x0, 0x5, 0xff, 0xff, 0xff, 0xe7, 0x0,
    0x0, 0x28, 0xdf, 0xff, 0xff, 0x80, 0x0, 0x0,
    0x1, 0x6e, 0xff, 0xe0, 0x0, 0x0, 0x0, 0x5,
    0xff, 0xf1, 0x0, 0x0, 0x0, 0x3, 0xff, 0xf2,
    0x34, 0x10, 0x0, 0x9, 0xff, 0xf0, 0x8f, 0xff,
    0xee, 0xff, 0xff, 0xb0, 0x8f, 0xff, 0xff, 0xff,
    0xfe, 0x20, 0x4b, 0xde, 0xff, 0xec, 0x70, 0x0,

    /* U+0074 "t" */
    0x0, 0x48, 0x87, 0x0, 0x0, 0x0, 0x8f, 0xff,
    0x0, 0x0, 0x0, 0x8f, 0xff, 0x0, 0x0, 0x0,
    0x8f, 0xff, 0x0, 0x0, 0xaf, 0xff, 0xff, 0xff,
    0xf4, 0xaf, 0xff, 0xff, 0xff, 0xf4, 0x9e, 0xff,
    0xff, 0xee, 0xe4, 0x0, 0x8f, 0xff, 0x0, 0x0,
    0x0, 0x8f, 0xff, 0x0, 0x0, 0x0, 0x8f, 0xff,
    0x0, 0x0, 0x0, 0x8f, 0xff, 0x0, 0x0, 0x0,
    0x8f, 0xff, 0x0, 0x0, 0x0, 0x8f, 0xff, 0x0,
    0x0, 0x0, 0x8f, 0xff, 0x0, 0x0, 0x0, 0x8f,
    0xff, 0x0, 0x0, 0x0, 0x8f, 0xff, 0x0, 0x0,
    0x0, 0x6f, 0xff, 0x50, 0x0, 0x0, 0x3f, 0xff,
    0xfe, 0xe3, 0x0, 0xc, 0xff, 0xff, 0xf3, 0x0,
    0x1, 0x9d, 0xff, 0xf3,

    /* U+0075 "u" */
    0xef, 0xf9, 0x0, 0x0, 0x3, 0xff, 0xf4, 0xef,
    0xf9, 0x0, 0x0, 0x3, 0xff, 0xf4, 0xef, 0xf9,
    0x0, 0x0, 0x3, 0xff, 0xf4, 0xef, 0xf9, 0x0,
    0x0, 0x3, 0xff, 0xf4, 0xef, 0xf9, 0x0, 0x0,
    0x3, 0xff, 0xf4, 0xef, 0xf9, 0x0, 0x0, 0x3,
    0xff, 0xf4, 0xef, 0xf9, 0x0, 0x0, 0x3, 0xff,
    0xf4, 0xef, 0xf9, 0x0, 0x0, 0x3, 0xff, 0xf4,
    0xef, 0xf9, 0x0, 0x0, 0x3, 0xff, 0xf4, 0xef,
    0xf9, 0x0, 0x0, 0x3, 0xff, 0xf4, 0xef, 0xfa,
    0x0, 0x0, 0x4, 0xff, 0xf4, 0xdf, 0xfd, 0x0,
    0x0, 0xa, 0xff, 0xf4, 0xbf, 0xff, 0x81, 0x13,
    0x9f, 0xff, 0xf4, 0x7f, 0xff, 0xff, 0xff, 0xff,
    0xff, 0xf4, 0xc, 0xff, 0xff, 0xff, 0xf5, 0xff,
    0xf4, 0x0, 0x8d, 0xff, 0xea, 0x30, 0xef, 0xf4,

    /* U+0076 "v" */
    0xaf, 0xff, 0x20, 0x0, 0x0, 0x6, 0xff, 0xf5,
    0x4f, 0xff, 0x70, 0x0, 0x0, 0xb, 0xff, 0xf0,
    0xe, 0xff, 0xc0, 0x0, 0x0, 0xf, 0xff, 0xa0,
    0x9, 0xff, 0xf1, 0x0, 0x0, 0x5f, 0xff, 0x50,
    0x4, 0xff, 0xf6, 0x0, 0x0, 0xaf, 0xff, 0x0,
    0x0, 0xef, 0xfb, 0x0, 0x0, 0xef, 0xfa, 0x0,
    0x0, 0x9f, 0xff, 0x0, 0x4, 0xff, 0xf4, 0x0,
    0x0, 0x3f, 0xff, 0x50, 0x9, 0xff, 0xe0, 0x0,
    0x0, 0xe, 0xff, 0xa0, 0xe, 0xff, 0x90, 0x0,
    0x0, 0x8, 0xff, 0xe0, 0x3f, 0xff, 0x30, 0x0,
    0x0, 0x3, 0xff, 0xf4, 0x8f, 0xfe, 0x0, 0x0,
    0x0, 0x0, 0xdf, 0xf9, 0xdf, 0xf8, 0x0, 0x0,
    0x0, 0x0, 0x7f, 0xff, 0xff, 0xf2, 0x0, 0x0,
    0x0, 0x0, 0x2f, 0xff, 0xff, 0xd0, 0x0, 0x0,
    0x0, 0x0, 0xc, 0xff, 0xff, 0x70, 0x0, 0x0,
    0x0, 0x0, 0x7, 0xff, 0xff, 0x20, 0x0, 0x0,

    /* U+0077 "w" */
    0x6f, 0xff, 0x40, 0x0, 0x1, 0xff, 0xff, 0x20,
    0x0, 0x2, 0xff, 0xf6, 0x1f, 0xff, 0x80, 0x0,
    0x5, 0xff, 0xff, 0x60, 0x0, 0x6, 0xff, 0xf2,
    0xd, 0xff, 0xb0, 0x0, 0x9, 0xff, 0xff, 0xa0,
    0x0, 0x9, 0xff, 0xe0, 0x9, 0xff, 0xf0, 0x0,
    0xd, 0xff, 0xff, 0xe0, 0x0, 0xd, 0xff, 0xa0,
    0x5, 0xff, 0xf2, 0x0, 0x1f, 0xfe, 0xef, 0xf2,
    0x0, 0xf, 0xff, 0x50, 0x1, 0xff, 0xf6, 0x0,
    0x5f, 0xfa, 0x9f, 0xf6, 0x0, 0x4f, 0xff, 0x10,
    0x0, 0xdf, 0xf9, 0x0, 0x9f, 0xf5, 0x5f, 0xfa,
    0x0, 0x7f, 0xfd, 0x0, 0x0, 0x9f, 0xfd, 0x0,
    0xdf, 0xf1, 0x1f, 0xfe, 0x0, 0xbf, 0xf9, 0x0,
    0x0, 0x5f, 0xff, 0x1, 0xff, 0xd0, 0xd, 0xff,
    0x20, 0xef, 0xf5, 0x0, 0x0, 0x1f, 0xff, 0x45,
    0xff, 0x90, 0x9, 0xff, 0x62, 0xff, 0xf1, 0x0,
    0x0, 0xd, 0xff, 0x79, 0xff, 0x50, 0x5, 0xff,
    0xa5, 0xff, 0xc0, 0x0, 0x0, 0x8, 0xff, 0xad,
    0xff, 0x10, 0x1, 0xff, 0xe9, 0xff, 0x80, 0x0,
    0x0, 0x4, 0xff, 0xff, 0xfd, 0x0, 0x0, 0xdf,
    0xff, 0xff, 0x40, 0x0, 0x0, 0x0, 0xff, 0xff,
    0xf9, 0x0, 0x0, 0x9f, 0xff, 0xff, 0x0, 0x0,
    0x0, 0x0, 0xcf, 0xff, 0xf5, 0x0, 0x0, 0x5f,
    0xff, 0xfc, 0x0, 0x0, 0x0, 0x0, 0x8f, 0xff,
    0xf1, 0x0, 0x0, 0x1f, 0xff, 0xf8, 0x0, 0x0,

    /* U+0078 "x" */
    0x1f, 0xff, 0xe0, 0x0, 0x0, 0x1e, 0xff, 0xe0,
    0x7, 0xff, 0xf8, 0x0, 0x0, 0x9f, 0xff, 0x50,
    0x0, 0xcf, 0xff, 0x20, 0x2, 0xff, 0xfb, 0x0,
    0x0, 0x3f, 0xff, 0xa0, 0xb, 0xff, 0xf2, 0x0,
    0x0, 0x9, 0xff, 0xf4, 0x4f, 0xff, 0x70, 0x0,
    0x0, 0x0, 0xef, 0xfd, 0xdf, 0xfd, 0x0, 0x0,
    0x0, 0x0, 0x4f, 0xff, 0xff, 0xf3, 0x0, 0x0,
    0x0, 0x0, 0xb, 0xff, 0xff, 0x90, 0x0, 0x0,
    0x0, 0x0, 0xe, 0xff, 0xff, 0xd0, 0x0, 0x0,
    0x0, 0x0, 0x9f, 0xff, 0xff, 0xf7, 0x0, 0x0,
    0x0, 0x3, 0xff, 0xfa, 0xbf, 0xff, 0x20, 0x0,
    0x0, 0xd, 0xff, 0xf1, 0x2f, 0xff, 0xb0, 0x0,
    0x0, 0x7f, 0xff, 0x70, 0x9, 0xff, 0xf5, 0x0,
    0x2, 0xff, 0xfd, 0x0, 0x1, 0xef, 0xfe, 0x10,
    0xc, 0xff, 0xf4, 0x0, 0x0, 0x6f, 0xff, 0x90,
    0x6f, 0xff, 0xa0, 0x0, 0x0, 0xd, 0xff, 0xf4,

    /* U+0079 "y" */
    0xaf, 0xff, 0x30, 0x0, 0x0, 0x5, 0xff, 0xf5,
    0x4f, 0xff, 0x80, 0x0, 0x0, 0x9, 0xff, 0xf0,
    0xe, 0xff, 0xd0, 0x0, 0x0, 0xe, 0xff, 0xa0,
    0x8, 0xff, 0xf2, 0x0, 0x0, 0x3f, 0xff, 0x50,
    0x2, 0xff, 0xf7, 0x0, 0x0, 0x8f, 0xff, 0x0,
    0x0, 0xcf, 0xfd, 0x0, 0x0, 0xdf, 0xfa, 0x0,
    0x0, 0x6f, 0xff, 0x20, 0x2, 0xff, 0xf4, 0x0,
    0x0, 0x1f, 0xff, 0x70, 0x7, 0xff, 0xe0, 0x0,
    0x0, 0xa, 0xff, 0xc0, 0xc, 0xff, 0x90, 0x0,
    0x0, 0x4, 0xff, 0xf2, 0x1f, 0xff, 0x30, 0x0,
    0x0, 0x0, 0xef, 0xf7, 0x5f, 0xfe, 0x0, 0x0,
    0x0, 0x0, 0x8f, 0xfc, 0xaf, 0xf8, 0x0, 0x0,
    0x0, 0x0, 0x3f, 0xff, 0xff, 0xf3, 0x0, 0x0,
    0x0, 0x0, 0xd, 0xff, 0xff, 0xd0, 0x0, 0x0,
    0x0, 0x0, 0x7, 0xff, 0xff, 0x70, 0x0, 0x0,
    0x0, 0x0, 0x1, 0xff, 0xff, 0x20, 0x0, 0x0,
    0x0, 0x0, 0x1, 0xff, 0xfb, 0x0, 0x0, 0x0,
    0x0, 0x0, 0x9, 0xff, 0xf4, 0x0, 0x0, 0x0,
    0x0, 0x24, 0xaf, 0xff, 0xc0, 0x0, 0x0, 0x0,
    0x0, 0xff, 0xff, 0xff, 0x30, 0x0, 0x0, 0x0,
    0x0, 0xff, 0xff, 0xe4, 0x0, 0x0, 0x0, 0x0,
    0x0, 0xfe, 0xc7, 0x10, 0x0, 0x0, 0x0, 0x0,

    /* U+007A "z" */
    0x1f, 0xff, 0xff, 0xff, 0xff, 0xff, 0x41, 0xff,
    0xff, 0xff, 0xff, 0xff, 0xf4, 0x1f, 0xff, 0xff,
    0xff, 0xff, 0xff, 0x40, 0x0, 0x0, 0x0, 0x7f,
    0xff, 0xc0, 0x0, 0x0, 0x0, 0x3f, 0xff, 0xe1,
    0x0, 0x0, 0x0, 0x1d, 0xff, 0xf4, 0x0, 0x0,
    0x0, 0xb, 0xff, 0xf7, 0x0, 0x0, 0x0, 0x7,
    0xff, 0xfb, 0x0, 0x0, 0x0, 0x4, 0xff, 0xfe,
    0x10, 0x0, 0x0, 0x1, 0xef, 0xff, 0x30, 0x0,
    0x0, 0x0, 0xcf, 0xff, 0x60, 0x0, 0x0, 0x0,
    0x8f, 0xff, 0x90, 0x0, 0x0, 0x0, 0x4f, 0xff,
    0xd2, 0x11, 0x11, 0x11, 0x1a, 0xff, 0xff, 0xff,
    0xff, 0xff, 0xfd, 0xaf, 0xff, 0xff, 0xff, 0xff,
    0xff, 0xda, 0xff, 0xff, 0xff, 0xff, 0xff, 0xfd,

    /* U+007B "{" */
    0x0, 0x0, 0x6c, 0xe8, 0x0, 0xc, 0xff, 0xf9,
    0x0, 0x7f, 0xff, 0xf7, 0x0, 0xcf, 0xfd, 0x0,
    0x0, 0xff, 0xf8, 0x0, 0x0, 0xff, 0xf8, 0x0,
    0x0, 0xff, 0xf8, 0x0, 0x0, 0xff, 0xf8, 0x0,
    0x0, 0xff, 0xf8, 0x0, 0x0, 0xff, 0xf8, 0x0,
    0x0, 0xff, 0xf7, 0x0, 0x0, 0xff, 0xf6, 0x0,
    0x7, 0xff, 0xf3, 0x0, 0xff, 0xff, 0xa0, 0x0,
    0xff, 0xfb, 0x0, 0x0, 0xcf, 0xff, 0xd0, 0x0,
    0x4, 0xff, 0xf5, 0x0, 0x0, 0xff, 0xf7, 0x0,
    0x0, 0xff, 0xf8, 0x0, 0x0, 0xff, 0xf8, 0x0,
    0x0, 0xff, 0xf8, 0x0, 0x0, 0xff, 0xf8, 0x0,
    0x0, 0xff, 0xf8, 0x0, 0x0, 0xff, 0xf8, 0x0,
    0x0, 0xdf, 0xfc, 0x0, 0x0, 0x8f, 0xff, 0xe7,
    0x0, 0xd, 0xff, 0xf9, 0x0, 0x0, 0x7c, 0xe8,

    /* U+007C "|" */
    0x9f, 0xf7, 0x9f, 0xf7, 0x9f, 0xf7, 0x9f, 0xf7,
    0x9f, 0xf7, 0x9f, 0xf7, 0x9f, 0xf7, 0x9f, 0xf7,
    0x9f, 0xf7, 0x9f, 0xf7, 0x9f, 0xf7, 0x9f, 0xf7,
    0x9f, 0xf7, 0x9f, 0xf7, 0x9f, 0xf7, 0x9f, 0xf7,
    0x9f, 0xf7, 0x9f, 0xf7, 0x9f, 0xf7, 0x9f, 0xf7,
    0x9f, 0xf7, 0x9f, 0xf7, 0x9f, 0xf7, 0x9f, 0xf7,
    0x9f, 0xf7, 0x9f, 0xf7, 0x9f, 0xf7, 0x9f, 0xf7,

    /* U+007D "}" */
    0x4f, 0xd8, 0x10, 0x0, 0x4, 0xff, 0xfe, 0x20,
    0x0, 0x3e, 0xff, 0xfb, 0x0, 0x0, 0x9, 0xff,
    0xf1, 0x0, 0x0, 0x3f, 0xff, 0x30, 0x0, 0x3,
    0xff, 0xf4, 0x0, 0x0, 0x3f, 0xff, 0x40, 0x0,
    0x3, 0xff, 0xf4, 0x0, 0x0, 0x3f, 0xff, 0x40,
    0x0, 0x3, 0xff, 0xf4, 0x0, 0x0, 0x3f, 0xff,
    0x40, 0x0, 0x2, 0xff, 0xf5, 0x0, 0x0, 0xe,
    0xff, 0xb1, 0x0, 0x0, 0x5f, 0xff, 0xf3, 0x0,
    0x0, 0x7f, 0xff, 0x30, 0x0, 0x9f, 0xff, 0xe3,
    0x0, 0x1f, 0xff, 0x90, 0x0, 0x2, 0xff, 0xf5,
    0x0, 0x0, 0x3f, 0xff, 0x40, 0x0, 0x3, 0xff,
    0xf4, 0x0, 0x0, 0x3f, 0xff, 0x40, 0x0, 0x3,
    0xff, 0xf4, 0x0, 0x0, 0x3f, 0xff, 0x40, 0x0,
    0x4, 0xff, 0xf4, 0x0, 0x0, 0x8f, 0xff, 0x20,
    0x3, 0xef, 0xff, 0xc0, 0x0, 0x4f, 0xff, 0xf3,
    0x0, 0x4, 0xfd, 0x91, 0x0, 0x0,

    /* U+007E "~" */
    0x0, 0x3b, 0xff, 0xc6, 0x0, 0x0, 0x8c, 0xb1,
    0x2, 0xff, 0xff, 0xff, 0xd5, 0x1, 0xef, 0xe0,
    0xa, 0xff, 0xff, 0xff, 0xff, 0xff, 0xff, 0xa0,
    0xf, 0xfe, 0x10, 0x5e, 0xff, 0xff, 0xff, 0x10,
    0x1b, 0xc8, 0x0, 0x0, 0x6c, 0xff, 0xb3, 0x0,

    /* U+4E2D "中" */
    0x0, 0x0, 0x0, 0x0, 0x0, 0x44, 0x40, 0x0,
    0x0, 0x0, 0x0, 0x0, 0x0, 0x0, 0x0, 0x0,
    0xd, 0xff, 0x10, 0x0, 0x0, 0x0, 0x0, 0x0,
    0x0, 0x0, 0x0, 0x0, 0xdf, 0xf1, 0x0, 0x0,
    0x0, 0x0, 0x0, 0x0, 0x0, 0x0, 0x0, 0xd,
    0xff, 0x10, 0x0, 0x0, 0x0, 0x0, 0x0, 0x0,
    0x0, 0x0, 0x0, 0xdf, 0xf1, 0x0, 0x0, 0x0,
    0x0, 0x0, 0xcc, 0xcc, 0xcc, 0xcc, 0xcf, 0xff,
    0xcc, 0xcc, 0xcc, 0xcc, 0xc2, 0xf, 0xff, 0xff,
    0xff, 0xff, 0xff, 0xff, 0xff, 0xff, 0xff, 0xff,
    0x30, 0xff, 0xff, 0xff, 0xff, 0xff, 0xff, 0xff,
    0xff, 0xff, 0xff, 0xf3, 0xf, 0xfe, 0x0, 0x0,
    0x0, 0xdf, 0xf1, 0x0, 0x0, 0xb, 0xff, 0x30,
    0xff, 0xe0, 0x0, 0x0, 0xd, 0xff, 0x10, 0x0,
    0x0, 0xbf, 0xf3, 0xf, 0xfe, 0x0, 0x0, 0x0,
    0xdf, 0xf1, 0x0, 0x0, 0xb, 0xff, 0x30, 0xff,
    0xe0, 0x0, 0x0, 0xd, 0xff, 0x10, 0x0, 0x0,
    0xbf, 0xf3, 0xf, 0xfe, 0x0, 0x0, 0x0, 0xdf,
    0xf1, 0x0, 0x0, 0xb, 0xff, 0x30, 0xff, 0xe0,
    0x0, 0x0, 0xd, 0xff, 0x10, 0x0, 0x0, 0xbf,
    0xf3, 0xf, 0xfe, 0x0, 0x0, 0x0, 0xdf, 0xf1,
    0x0, 0x0, 0xb, 0xff, 0x30, 0xff, 0xff, 0xff,
    0xff, 0xff, 0xff, 0xff, 0xff, 0xff, 0xff, 0xf3,
    0xf, 0xff, 0xff, 0xff, 0xff, 0xff, 0xff, 0xff,
    0xff, 0xff, 0xff, 0x30, 0xcc, 0xcc, 0xcc, 0xcc,
    0xcf, 0xff, 0xcc, 0xcc, 0xcc, 0xcc, 0xc2, 0x0,
    0x0, 0x0, 0x0, 0x0, 0xdf, 0xf1, 0x0, 0x0,
    0x0, 0x0, 0x0, 0x0, 0x0, 0x0, 0x0, 0xd,
    0xff, 0x10, 0x0, 0x0, 0x0, 0x0, 0x0, 0x0,
    0x0, 0x0, 0x0, 0xdf, 0xf1, 0x0, 0x0, 0x0,
    0x0, 0x0, 0x0, 0x0, 0x0, 0x0, 0xd, 0xff,
    0x10, 0x0, 0x0, 0x0, 0x0, 0x0, 0x0, 0x0,
    0x0, 0x0, 0xdf, 0xf1, 0x0, 0x0, 0x0, 0x0,
    0x0, 0x0, 0x0, 0x0, 0x0, 0xd, 0xff, 0x10,
    0x0, 0x0, 0x0, 0x0, 0x0, 0x0, 0x0, 0x0,
    0x0, 0xdf, 0xf1, 0x0, 0x0, 0x0, 0x0, 0x0,
    0x0, 0x0, 0x0, 0x0, 0xd, 0xff, 0x10, 0x0,
    0x0, 0x0, 0x0,

    /* U+4E50 "乐" */
    0x0, 0x0, 0x0, 0x0, 0x0, 0x0, 0x0, 0x0,
    0x0, 0x0, 0x2, 0x0, 0x0, 0x0, 0x0, 0x0,
    0x0, 0x0, 0x0, 0x13, 0x46, 0x8a, 0xce, 0xff,
    0x0, 0x0, 0x0, 0x3, 0xaa, 0xbc, 0xde, 0xff,
    0xff, 0xff, 0xff, 0xff, 0xff, 0x40, 0x0, 0x0,
    0x7, 0xff, 0xff, 0xff, 0xff, 0xff, 0xff, 0xff,
    0xff, 0xdb, 0x40, 0x0, 0x0, 0x9, 0xff, 0xff,
    0xff, 0xec, 0xba, 0x87, 0x53, 0x10, 0x0, 0x0,
    0x0, 0x0, 0xa, 0xff, 0x61, 0x0, 0x0, 0x33,
    0x20, 0x0, 0x0, 0x0, 0x0, 0x0, 0x0, 0xc,
    0xff, 0x30, 0x0, 0x1, 0xff, 0xe0, 0x0, 0x0,
    0x0, 0x0, 0x0, 0x0, 0xd, 0xff, 0x10, 0x0,
    0x1, 0xff, 0xe0, 0x0, 0x0, 0x0, 0x0, 0x0,
    0x0, 0xf, 0xff, 0x0, 0x0, 0x1, 0xff, 0xe0,
    0x0, 0x0, 0x0, 0x0, 0x0, 0x0, 0x1f, 0xfd,
    0x0, 0x0, 0x1, 0xff, 0xe0, 0x0, 0x0, 0x0,
    0x0, 0x0, 0x0, 0x2f, 0xfc, 0x0, 0x0, 0x1,
    0xff, 0xe0, 0x0, 0x0, 0x0, 0x0, 0x0, 0x0,
    0x4f, 0xff, 0xdd, 0xdd, 0xdd, 0xff, 0xfd, 0xdd,
    0xdd, 0xdd, 0xda, 0x0, 0x0, 0x5f, 0xff, 0xff,
    0xff, 0xff, 0xff, 0xff, 0xff, 0xff, 0xff, 0xfd,
    0x0, 0x0, 0x7f, 0xff, 0xff, 0xff, 0xff, 0xff,
    0xff, 0xff, 0xff, 0xff, 0xfc, 0x0, 0x0, 0x0,
    0x0, 0x0, 0x0, 0x1, 0xff, 0xe0, 0x0, 0x0,
    0x0, 0x0, 0x0, 0x0, 0x0, 0x0, 0xb4, 0x0,
    0x1, 0xff, 0xe0, 0x0, 0x94, 0x0, 0x0, 0x0,
    0x0, 0x0, 0x8, 0xff, 0x70, 0x1, 0xff, 0xe0,
    0x1c, 0xff, 0x30, 0x0, 0x0, 0x0, 0x0, 0x4f,
    0xff, 0x30, 0x1, 0xff, 0xe0, 0xb, 0xff, 0xe2,
    0x0, 0x0, 0x0, 0x1, 0xef, 0xf8, 0x0, 0x1,
    0xff, 0xe0, 0x1, 0xdf, 0xfd, 0x10, 0x0, 0x0,
    0xc, 0xff, 0xc0, 0x0, 0x1, 0xff, 0xe0, 0x0,
    0x2e, 0xff, 0xc0, 0x0, 0x0, 0xbf, 0xfe, 0x10,
    0x0, 0x1, 0xff, 0xe0, 0x0, 0x4, 0xff, 0xfa,
    0x0, 0x9, 0xff, 0xf3, 0x0, 0x0, 0x1, 0xff,
    0xe0, 0x0, 0x0, 0x7f, 0xff, 0x70, 0x8f, 0xff,
    0x50, 0x0, 0x2, 0x4a, 0xff, 0xe0, 0x0, 0x0,
    0xa, 0xff, 0xf1, 0x3e, 0xf7, 0x0, 0x0, 0x5f,
    0xff, 0xff, 0xc0, 0x0, 0x0, 0x0, 0xdf, 0x40,
    0x2, 0x70, 0x0, 0x0, 0xf, 0xff, 0xff, 0x40,
    0x0, 0x0, 0x0, 0x24, 0x0, 0x0, 0x0, 0x0,
    0x0, 0x9, 0xb9, 0x61, 0x0, 0x0, 0x0, 0x0,
    0x0, 0x0,

    /* U+4F53 "体" */
    0x0, 0x0, 0x0, 0x0, 0x0, 0x0, 0x0, 0x14,
    0x42, 0x0, 0x0, 0x0, 0x0, 0x0, 0x0, 0x0,
    0xe, 0xd8, 0x0, 0x0, 0x3, 0xff, 0x90, 0x0,
    0x0, 0x0, 0x0, 0x0, 0x0, 0x4, 0xff, 0x90,
    0x0, 0x0, 0x3f, 0xf9, 0x0, 0x0, 0x0, 0x0,
    0x0, 0x0, 0x0, 0x9f, 0xf4, 0x0, 0x0, 0x3,
    0xff, 0x90, 0x0, 0x0, 0x0, 0x0, 0x0, 0x0,
    0xe, 0xff, 0x0, 0x0, 0x0, 0x3f, 0xf9, 0x0,
    0x0, 0x0, 0x0, 0x0, 0x0, 0x7, 0xff, 0x9b,
    0xff, 0xff, 0xff, 0xff, 0xff, 0xff, 0xff, 0xff,
    0x10, 0x0, 0x0, 0xef, 0xf4, 0xbf, 0xff, 0xff,
    0xff, 0xff, 0xff, 0xff, 0xff, 0xf1, 0x0, 0x0,
    0x6f, 0xff, 0x18, 0xbb, 0xbb, 0xbf, 0xff, 0xfe,
    0xbb, 0xbb, 0xbb, 0x10, 0x0, 0xe, 0xff, 0xf1,
    0x0, 0x0, 0x7, 0xff, 0xff, 0xe0, 0x0, 0x0,
    0x0, 0x0, 0x7, 0xff, 0xff, 0x10, 0x0, 0x0,
    0xef, 0xff, 0xff, 0x70, 0x0, 0x0, 0x0, 0x1,
    0xff, 0xff, 0xf1, 0x0, 0x0, 0x5f, 0xff, 0xff,
    0xfe, 0x10, 0x0, 0x0, 0x0, 0xbf, 0xff, 0xff,
    0x10, 0x0, 0xd, 0xfb, 0xff, 0xaf, 0xfa, 0x0,
    0x0, 0x0, 0x5f, 0xff, 0xcf, 0xf1, 0x0, 0x7,
    0xff, 0x4f, 0xf9, 0x8f, 0xf4, 0x0, 0x0, 0x1,
    0xff, 0x79, 0xff, 0x10, 0x2, 0xff, 0x93, 0xff,
    0x91, 0xff, 0xe1, 0x0, 0x0, 0x5, 0xb0, 0x9f,
    0xf1, 0x0, 0xcf, 0xf1, 0x3f, 0xf9, 0x6, 0xff,
    0xc0, 0x0, 0x0, 0x0, 0x9, 0xff, 0x10, 0x9f,
    0xf7, 0x3, 0xff, 0x90, 0xc, 0xff, 0xb0, 0x0,
    0x0, 0x0, 0x9f, 0xf1, 0x7f, 0xfc, 0x0, 0x3f,
    0xf9, 0x0, 0x2f, 0xff, 0xa0, 0x0, 0x0, 0x9,
    0xff, 0x7f, 0xff, 0x20, 0x3, 0xff, 0x90, 0x0,
    0x5f, 0xff, 0xa0, 0x0, 0x0, 0x9f, 0xff, 0xff,
    0x88, 0x88, 0x9f, 0xfc, 0x88, 0x87, 0x9f, 0xff,
    0x80, 0x0, 0x9, 0xff, 0xef, 0x84, 0xff, 0xff,
    0xff, 0xff, 0xff, 0xe0, 0xbf, 0xe1, 0x0, 0x0,
    0x9f, 0xf6, 0xa0, 0x4f, 0xff, 0xff, 0xff, 0xff,
    0xfe, 0x0, 0xb5, 0x0, 0x0, 0x9, 0xff, 0x10,
    0x0, 0x0, 0x3, 0xff, 0x90, 0x0, 0x0, 0x0,
    0x0, 0x0, 0x0, 0x9f, 0xf1, 0x0, 0x0, 0x0,
    0x3f, 0xf9, 0x0, 0x0, 0x0, 0x0, 0x0, 0x0,
    0x9, 0xff, 0x10, 0x0, 0x0, 0x3, 0xff, 0x90,
    0x0, 0x0, 0x0, 0x0, 0x0, 0x0, 0x9f, 0xf1,
    0x0, 0x0, 0x0, 0x3f, 0xf9, 0x0, 0x0, 0x0,
    0x0, 0x0, 0x0, 0x7, 0xdd, 0x10, 0x0, 0x0,
    0x3, 0xff, 0x90, 0x0, 0x0, 0x0, 0x0,

    /* U+4FDD "保" */
    0x0, 0x0, 0x0, 0x54, 0x10, 0x0, 0x0, 0x0,
    0x0, 0x0, 0x0, 0x0, 0x0, 0x0, 0x0, 0x0,
    0x0, 0xff, 0xf0, 0x58, 0x88, 0x88, 0x88, 0x88,
    0x88, 0x88, 0x20, 0x0, 0x0, 0x0, 0x4, 0xff,
    0xb0, 0xaf, 0xff, 0xff, 0xff, 0xff, 0xff, 0xff,
    0x50, 0x0, 0x0, 0x0, 0xa, 0xff, 0x60, 0xaf,
    0xff, 0xff, 0xff, 0xff, 0xff, 0xff, 0x50, 0x0,
    0x0, 0x0, 0x1f, 0xff, 0x10, 0xaf, 0xf2, 0x0,
    0x0, 0x0, 0x7, 0xff, 0x50, 0x0, 0x0, 0x0,
    0x8f, 0xfa, 0x0, 0xaf, 0xf2, 0x0, 0x0, 0x0,
    0x7, 0xff, 0x50, 0x0, 0x0, 0x0, 0xef, 0xf4,
    0x0, 0xaf, 0xf2, 0x0, 0x0, 0x0, 0x7, 0xff,
    0x50, 0x0, 0x0, 0x6, 0xff, 0xf0, 0x0, 0xaf,
    0xf2, 0x0, 0x0, 0x0, 0x7, 0xff, 0x50, 0x0,
    0x0, 0xe, 0xff, 0xf0, 0x0, 0xaf, 0xfa, 0xaa,
    0xaa, 0xaa, 0xac, 0xff, 0x50, 0x0, 0x0, 0x7f,
    0xff, 0xf0, 0x0, 0xaf, 0xff, 0xff, 0xff, 0xff,
    0xff, 0xff, 0x50, 0x0, 0x1, 0xff, 0xff, 0xf0,
    0x0, 0xaf, 0xff, 0xff, 0xff, 0xff, 0xff, 0xff,
    0x50, 0x0, 0xa, 0xff, 0xff, 0xf0, 0x0, 0x0,
    0x0, 0x0, 0x33, 0x10, 0x0, 0x0, 0x0, 0x0,
    0x4f, 0xff, 0xdf, 0xf0, 0x0, 0x0, 0x0, 0x1,
    0xff, 0x80, 0x0, 0x0, 0x0, 0x0, 0x1d, 0xf9,
    0x9f, 0xf0, 0x17, 0x77, 0x77, 0x78, 0xff, 0xc7,
    0x77, 0x77, 0x76, 0x0, 0x2, 0xb0, 0x9f, 0xf0,
    0x3f, 0xff, 0xff, 0xff, 0xff, 0xff, 0xff, 0xff,
    0xfe, 0x0, 0x0, 0x0, 0x9f, 0xf0, 0x3f, 0xff,
    0xff, 0xff, 0xff, 0xff, 0xff, 0xff, 0xfe, 0x0,
    0x0, 0x0, 0x9f, 0xf0, 0x0, 0x0, 0x0, 0x7f,
    0xff, 0xfc, 0x0, 0x0, 0x0, 0x0, 0x0, 0x0,
    0x9f, 0xf0, 0x0, 0x0, 0x4, 0xff, 0xff, 0xff,
    0xa0, 0x0, 0x0, 0x0, 0x0, 0x0, 0x9f, 0xf0,
    0x0, 0x0, 0x4f, 0xfd, 0xff, 0xcf, 0xfb, 0x0,
    0x0, 0x0, 0x0, 0x0, 0x9f, 0xf0, 0x0, 0x5,
    0xff, 0xe3, 0xff, 0x86, 0xff, 0xd2, 0x0, 0x0,
    0x0, 0x0, 0x9f, 0xf0, 0x0, 0x9f, 0xff, 0x31,
    0xff, 0x80, 0x8f, 0xff, 0x70, 0x0, 0x0, 0x0,
    0x9f, 0xf0, 0x5e, 0xff, 0xf4, 0x1, 0xff, 0x80,
    0x7, 0xff, 0xfd, 0x40, 0x0, 0x0, 0x9f, 0xfa,
    0xff, 0xfe, 0x30, 0x1, 0xff, 0x80, 0x0, 0x5f,
    0xff, 0xc0, 0x0, 0x0, 0x9f, 0xf3, 0xff, 0xc2,
    0x0, 0x1, 0xff, 0x80, 0x0, 0x3, 0xef, 0x40,
    0x0, 0x0, 0x9f, 0xf0, 0x68, 0x0, 0x0, 0x1,
    0xff, 0x80, 0x0, 0x0, 0x17, 0x0, 0x0, 0x0,
    0x9f, 0xf0, 0x0, 0x0, 0x0, 0x1, 0xee, 0x70,
    0x0, 0x0, 0x0, 0x0,

    /* U+5A92 "媒" */
    0x0, 0x1, 0x75, 0x10, 0x0, 0x0, 0x44, 0x20,
    0x0, 0x0, 0x24, 0x40, 0x0, 0x0, 0x0, 0x2f,
    0xf5, 0x0, 0x0, 0xf, 0xf9, 0x0, 0x0, 0x7,
    0xff, 0x10, 0x0, 0x0, 0x3, 0xff, 0x40, 0x0,
    0x0, 0xff, 0x90, 0x0, 0x0, 0x7f, 0xf1, 0x0,
    0x0, 0x0, 0x4f, 0xf3, 0x0, 0x4f, 0xff, 0xff,
    0xff, 0xff, 0xff, 0xff, 0xff, 0x70, 0x0, 0x5,
    0xff, 0x10, 0x5, 0xff, 0xff, 0xff, 0xff, 0xff,
    0xff, 0xff, 0xf8, 0x0, 0x8c, 0xdf, 0xfc, 0xcc,
    0xd7, 0x5f, 0xfb, 0x55, 0x55, 0x5a, 0xff, 0x65,
    0x20, 0xa, 0xff, 0xff, 0xff, 0xff, 0x20, 0xff,
    0x90, 0x0, 0x0, 0x7f, 0xf1, 0x0, 0x0, 0x58,
    0xdf, 0xe8, 0xbf, 0xf2, 0xf, 0xff, 0xdd, 0xdd,
    0xde, 0xff, 0x10, 0x0, 0x0, 0xc, 0xfa, 0x6,
    0xff, 0x10, 0xff, 0xff, 0xff, 0xff, 0xff, 0xf1,
    0x0, 0x0, 0x0, 0xef, 0x80, 0x8f, 0xf0, 0xf,
    0xfc, 0x66, 0x66, 0x6a, 0xff, 0x10, 0x0, 0x0,
    0xf, 0xf6, 0x9, 0xfe, 0x0, 0xff, 0x90, 0x0,
    0x0, 0x7f, 0xf1, 0x0, 0x0, 0x2, 0xff, 0x30,
    0xbf, 0xc0, 0xf, 0xfb, 0x55, 0x55, 0x5a, 0xff,
    0x10, 0x0, 0x0, 0x5f, 0xf1, 0xe, 0xfa, 0x0,
    0xff, 0xff, 0xff, 0xff, 0xff, 0xf1, 0x0, 0x0,
    0x7, 0xff, 0x1, 0xff, 0x70, 0xe, 0xff, 0xff,
    0xff, 0xff, 0xff, 0x10, 0x0, 0x0, 0xaf, 0xc0,
    0x5f, 0xf3, 0x0, 0x0, 0x0, 0xef, 0xa0, 0x0,
    0x0, 0x0, 0x0, 0xd, 0xfc, 0xa, 0xff, 0x13,
    0x33, 0x33, 0x3f, 0xfb, 0x33, 0x33, 0x33, 0x10,
    0x0, 0xdf, 0xfc, 0xff, 0xb5, 0xff, 0xff, 0xff,
    0xff, 0xff, 0xff, 0xff, 0xf7, 0x0, 0x0, 0xbf,
    0xff, 0xf5, 0x5f, 0xff, 0xff, 0xff, 0xff, 0xff,
    0xff, 0xff, 0x70, 0x0, 0x0, 0xaf, 0xff, 0x40,
    0x11, 0x11, 0x4f, 0xff, 0xfe, 0x41, 0x11, 0x10,
    0x0, 0x0, 0x9, 0xff, 0xff, 0x40, 0x0, 0x4f,
    0xff, 0xff, 0xfe, 0x40, 0x0, 0x0, 0x0, 0x4,
    0xff, 0xff, 0xff, 0x30, 0x8f, 0xff, 0xff, 0xdf,
    0xff, 0x80, 0x0, 0x0, 0x2, 0xff, 0xf4, 0x7f,
    0xc4, 0xdf, 0xff, 0x4e, 0xfa, 0x4f, 0xff, 0xd4,
    0x0, 0x1, 0xdf, 0xf8, 0x0, 0x9e, 0xff, 0xfe,
    0x30, 0xef, 0xa0, 0x2d, 0xff, 0xfc, 0x21, 0xdf,
    0xfc, 0x0, 0xa, 0xff, 0xfa, 0x10, 0xe, 0xfa,
    0x0, 0x9, 0xff, 0xf1, 0x3f, 0xfd, 0x10, 0x0,
    0x1f, 0xe5, 0x0, 0x0, 0xef, 0xa0, 0x0, 0x4,
    0xd9, 0x0, 0x3d, 0x20, 0x0, 0x0, 0x40, 0x0,
    0x0, 0xe, 0xfa, 0x0, 0x0, 0x0, 0x10, 0x0,
    0x0, 0x0, 0x0, 0x0, 0x0, 0x0, 0x0, 0x0,
    0x0, 0x0, 0x0, 0x0, 0x0,

    /* U+5C4F "屏" */
    0x0, 0x0, 0x44, 0x44, 0x44, 0x44, 0x44, 0x44,
    0x44, 0x44, 0x44, 0x44, 0x20, 0x0, 0x0, 0x1f,
    0xff, 0xff, 0xff, 0xff, 0xff, 0xff, 0xff, 0xff,
    0xff, 0xf9, 0x0, 0x0, 0x1, 0xff, 0xff, 0xff,
    0xff, 0xff, 0xff, 0xff, 0xff, 0xff, 0xff, 0x90,
    0x0, 0x0, 0x1f, 0xfc, 0x22, 0x22, 0x22, 0x22,
    0x22, 0x22, 0x22, 0x4f, 0xf9, 0x0, 0x0, 0x1,
    0xff, 0xc0, 0x0, 0x0, 0x0, 0x0, 0x0, 0x0,
    0x3, 0xff, 0x90, 0x0, 0x0, 0x1f, 0xff, 0xff,
    0xff, 0xff, 0xff, 0xff, 0xff, 0xff, 0xff, 0xf9,
    0x0, 0x0, 0x1, 0xff, 0xff, 0xff, 0xff, 0xff,
    0xff, 0xff, 0xff, 0xff, 0xff, 0x90, 0x0, 0x0,
    0x1f, 0xfd, 0x77, 0x77, 0xcf, 0x77, 0x77, 0x77,
    0xea, 0x77, 0x74, 0x0, 0x0, 0x1, 0xff, 0xc0,
    0x0, 0x5f, 0xf9, 0x0, 0x0, 0x6f, 0xf7, 0x0,
    0x0, 0x0, 0x0, 0x1f, 0xfc, 0x0, 0x0, 0xbf,
    0xf4, 0x0, 0x1e, 0xff, 0x10, 0x0, 0x0, 0x0,
    0x1, 0xff, 0xb3, 0x66, 0x68, 0xff, 0xc6, 0x6b,
    0xff, 0xc6, 0x66, 0x60, 0x0, 0x0, 0x1f, 0xfb,
    0x8f, 0xff, 0xff, 0xff, 0xff, 0xff, 0xff, 0xff,
    0xfe, 0x0, 0x0, 0x2, 0xff, 0xb8, 0xff, 0xff,
    0xff, 0xff, 0xff, 0xff, 0xff, 0xff, 0xe0, 0x0,
    0x0, 0x3f, 0xfa, 0x0, 0x1, 0xff, 0xa0, 0x0,
    0xc, 0xfe, 0x0, 0x0, 0x0, 0x0, 0x4, 0xff,
    0x90, 0x0, 0x1f, 0xfa, 0x0, 0x0, 0xcf, 0xe0,
    0x0, 0x0, 0x0, 0x0, 0x5f, 0xf7, 0x0, 0x1,
    0xff, 0xa0, 0x0, 0xc, 0xfe, 0x0, 0x0, 0x0,
    0x0, 0x8, 0xff, 0xaf, 0xff, 0xff, 0xff, 0xff,
    0xff, 0xff, 0xff, 0xff, 0xff, 0x0, 0x0, 0xbf,
    0xf7, 0xff, 0xff, 0xff, 0xff, 0xff, 0xff, 0xff,
    0xff, 0xff, 0xf0, 0x0, 0xe, 0xff, 0x28, 0x88,
    0xaf, 0xfb, 0x88, 0x88, 0xef, 0xf8, 0x88, 0x88,
    0x0, 0x3, 0xff, 0xb0, 0x0, 0x8, 0xff, 0x30,
    0x0, 0xc, 0xfe, 0x0, 0x0, 0x0, 0x0, 0x9f,
    0xf6, 0x0, 0x0, 0xef, 0xf0, 0x0, 0x0, 0xcf,
    0xe0, 0x0, 0x0, 0x0, 0xf, 0xff, 0x20, 0x0,
    0x9f, 0xf8, 0x0, 0x0, 0xc, 0xfe, 0x0, 0x0,
    0x0, 0x7, 0xff, 0xc0, 0x0, 0x9f, 0xfe, 0x10,
    0x0, 0x0, 0xcf, 0xe0, 0x0, 0x0, 0x0, 0xef,
    0xf5, 0x0, 0xaf, 0xff, 0x40, 0x0, 0x0, 0xc,
    0xfe, 0x0, 0x0, 0x0, 0x2, 0xbd, 0x0, 0x3,
    0xff, 0x40, 0x0, 0x0, 0x0, 0xcf, 0xe0, 0x0,
    0x0, 0x0, 0x0, 0x10, 0x0, 0x4, 0x30, 0x0,
    0x0, 0x0, 0x0, 0x0, 0x0, 0x0, 0x0,

    /* U+5FC3 "心" */
    0x0, 0x0, 0x0, 0x0, 0x0, 0x0, 0x50, 0x0,
    0x0, 0x0, 0x0, 0x0, 0x0, 0x0, 0x0, 0x0,
    0x0, 0x0, 0x1, 0xcf, 0x60, 0x0, 0x0, 0x0,
    0x0, 0x0, 0x0, 0x0, 0x0, 0x0, 0x0, 0x0,
    0x5f, 0xff, 0x30, 0x0, 0x0, 0x0, 0x0, 0x0,
    0x0, 0x0, 0x0, 0x0, 0x0, 0x0, 0x9f, 0xfd,
    0x10, 0x0, 0x0, 0x0, 0x0, 0x0, 0x0, 0x0,
    0x0, 0x0, 0x0, 0x0, 0xcf, 0xfb, 0x0, 0x0,
    0x0, 0x0, 0x0, 0x0, 0x0, 0x0, 0x0, 0x0,
    0x0, 0x2, 0xff, 0xf7, 0x0, 0x0, 0x0, 0x0,
    0x0, 0x0, 0x0, 0x0, 0x1, 0xcc, 0xa0, 0x6,
    0xff, 0xf3, 0x0, 0x0, 0x0, 0x0, 0x0, 0x0,
    0x0, 0x0, 0x1f, 0xfe, 0x0, 0xb, 0xff, 0xd0,
    0x0, 0x0, 0x0, 0x0, 0x0, 0x0, 0x52, 0x1,
    0xff, 0xe0, 0x0, 0x1e, 0xff, 0x40, 0x5c, 0x50,
    0x0, 0x0, 0x0, 0xf, 0xfc, 0x1f, 0xfe, 0x0,
    0x0, 0x6f, 0x50, 0x4f, 0xfd, 0x0, 0x0, 0x0,
    0x4, 0xff, 0x91, 0xff, 0xe0, 0x0, 0x0, 0x30,
    0x0, 0xcf, 0xf5, 0x0, 0x0, 0x0, 0x9f, 0xf5,
    0x1f, 0xfe, 0x0, 0x0, 0x0, 0x0, 0x4, 0xff,
    0xd0, 0x0, 0x0, 0xd, 0xff, 0x11, 0xff, 0xe0,
    0x0, 0x0, 0x0, 0x0, 0xc, 0xff, 0x50, 0x0,
    0x2, 0xff, 0xc0, 0x1f, 0xfe, 0x0, 0x0, 0x0,
    0x0, 0x0, 0x5f, 0xfc, 0x0, 0x0, 0x7f, 0xf8,
    0x1, 0xff, 0xe0, 0x0, 0x0, 0x0, 0x0, 0x0,
    0xdf, 0xf3, 0x0, 0xd, 0xff, 0x30, 0x1f, 0xfe,
    0x0, 0x0, 0x0, 0x0, 0x0, 0x6, 0xff, 0xb0,
    0x2, 0xff, 0xe0, 0x1, 0xff, 0xe0, 0x0, 0x0,
    0x0, 0x0, 0x0, 0xf, 0xff, 0x20, 0x8f, 0xf9,
    0x0, 0x1f, 0xfe, 0x0, 0x0, 0x0, 0x5, 0x61,
    0x0, 0x9f, 0xf8, 0xd, 0xff, 0x30, 0x1, 0xff,
    0xe0, 0x0, 0x0, 0x0, 0x9f, 0xf5, 0x2, 0xfe,
    0x60, 0x6b, 0xd0, 0x0, 0x1f, 0xfe, 0x0, 0x0,
    0x0, 0xb, 0xff, 0x40, 0x6, 0x10, 0x0, 0x0,
    0x0, 0x1, 0xff, 0xe0, 0x0, 0x0, 0x0, 0xef,
    0xf2, 0x0, 0x0, 0x0, 0x0, 0x0, 0x0, 0xf,
    0xff, 0x30, 0x0, 0x0, 0x5f, 0xfe, 0x0, 0x0,
    0x0, 0x0, 0x0, 0x0, 0x0, 0xef, 0xff, 0xec,
    0xcd, 0xef, 0xff, 0xa0, 0x0, 0x0, 0x0, 0x0,
    0x0, 0x0, 0x8, 0xff, 0xff, 0xff, 0xff, 0xff,
    0xf3, 0x0, 0x0, 0x0, 0x0, 0x0, 0x0, 0x0,
    0x7, 0xcf, 0xff, 0xff, 0xfe, 0xb3, 0x0, 0x0,
    0x0, 0x0, 0x0, 0x0, 0x0, 0x0, 0x0, 0x0,
    0x11, 0x10, 0x0, 0x0, 0x0, 0x0, 0x0,

    /* U+7259 "牙" */
    0x0, 0x0, 0x0, 0x0, 0x0, 0x0, 0x0, 0x0,
    0x0, 0x0, 0x0, 0x0, 0x0, 0x0, 0xef, 0xff,
    0xff, 0xff, 0xff, 0xff, 0xff, 0xff, 0xff, 0xff,
    0xff, 0xf3, 0x0, 0xef, 0xff, 0xff, 0xff, 0xff,
    0xff, 0xff, 0xff, 0xff, 0xff, 0xff, 0xf3, 0x0,
    0x88, 0x88, 0x88, 0x88, 0x88, 0x88, 0x88, 0xaf,
    0xfc, 0x88, 0x88, 0x81, 0x0, 0x0, 0x6, 0x74,
    0x0, 0x0, 0x0, 0x0, 0x4f, 0xf7, 0x0, 0x0,
    0x0, 0x0, 0x0, 0xd, 0xff, 0x10, 0x0, 0x0,
    0x0, 0x4f, 0xf7, 0x0, 0x0, 0x0, 0x0, 0x0,
    0x2f, 0xfd, 0x0, 0x0, 0x0, 0x0, 0x4f, 0xf7,
    0x0, 0x0, 0x0, 0x0, 0x0, 0x7f, 0xf8, 0x0,
    0x0, 0x0, 0x0, 0x4f, 0xf7, 0x0, 0x0, 0x0,
    0x0, 0x0, 0xcf, 0xf3, 0x0, 0x0, 0x0, 0x0,
    0x4f, 0xf7, 0x0, 0x0, 0x0, 0x0, 0x1, 0xff,
    0xf9, 0x99, 0x99, 0x99, 0x99, 0xbf, 0xfc, 0x99,
    0x99, 0x95, 0x0, 0x1, 0xff, 0xff, 0xff, 0xff,
    0xff, 0xff, 0xff, 0xff, 0xff, 0xff, 0xf9, 0x0,
    0x1, 0xff, 0xff, 0xff, 0xff, 0xff, 0xff, 0xff,
    0xff, 0xff, 0xff, 0xf9, 0x0, 0x0, 0x0, 0x0,
    0x0, 0x1, 0xcf, 0xfc, 0x5f, 0xf7, 0x0, 0x0,
    0x0, 0x0, 0x0, 0x0, 0x0, 0x0, 0xa, 0xff,
    0xf2, 0x4f, 0xf7, 0x0, 0x0, 0x0, 0x0, 0x0,
    0x0, 0x0, 0x0, 0x8f, 0xff, 0x50, 0x4f, 0xf7,
    0x0, 0x0, 0x0, 0x0, 0x0, 0x0, 0x0, 0x9,
    0xff, 0xf8, 0x0, 0x4f, 0xf7, 0x0, 0x0, 0x0,
    0x0, 0x0, 0x0, 0x0, 0xbf, 0xff, 0x90, 0x0,
    0x4f, 0xf7, 0x0, 0x0, 0x0, 0x0, 0x0, 0x0,
    0x3d, 0xff, 0xf9, 0x0, 0x0, 0x4f, 0xf7, 0x0,
    0x0, 0x0, 0x0, 0x0, 0x7, 0xff, 0xff, 0x70,
    0x0, 0x0, 0x4f, 0xf7, 0x0, 0x0, 0x0, 0x0,
    0x3, 0xcf, 0xff, 0xf4, 0x0, 0x0, 0x0, 0x4f,
    0xf7, 0x0, 0x0, 0x0, 0x2, 0xbf, 0xff, 0xfc,
    0x20, 0x0, 0x0, 0x0, 0x5f, 0xf7, 0x0, 0x0,
    0x0, 0xf, 0xff, 0xff, 0x70, 0x0, 0x0, 0x0,
    0x0, 0x9f, 0xf7, 0x0, 0x0, 0x0, 0x8, 0xff,
    0xc2, 0x0, 0x0, 0x0, 0x8b, 0xce, 0xff, 0xf5,
    0x0, 0x0, 0x0, 0x0, 0xc5, 0x0, 0x0, 0x0,
    0x0, 0x7f, 0xff, 0xff, 0xe1, 0x0, 0x0, 0x0,
    0x0, 0x0, 0x0, 0x0, 0x0, 0x0, 0x2f, 0xfe,
    0xc9, 0x10, 0x0, 0x0, 0x0, 0x0, 0x0, 0x0,
    0x0, 0x0, 0x0, 0x0, 0x0, 0x0, 0x0, 0x0,
    0x0, 0x0,

    /* U+7F6E "置" */
    0x0, 0x0, 0x0, 0x0, 0x0, 0x0, 0x0, 0x0,
    0x0, 0x0, 0x0, 0x0, 0x0, 0x9, 0xff, 0xff,
    0xff, 0xff, 0xff, 0xff, 0xff, 0xff, 0xff, 0xff,
    0x0, 0x0, 0x9f, 0xfd, 0xdd, 0xef, 0xfd, 0xdd,
    0xef, 0xfd, 0xdd, 0xef, 0xf0, 0x0, 0x9, 0xff,
    0x10, 0x6, 0xff, 0x10, 0x9, 0xfe, 0x0, 0xa,
    0xff, 0x0, 0x0, 0x9f, 0xf3, 0x11, 0x7f, 0xf3,
    0x11, 0xaf, 0xe1, 0x11, 0xaf, 0xf0, 0x0, 0x9,
    0xff, 0xff, 0xff, 0xff, 0xff, 0xff, 0xff, 0xff,
    0xff, 0xff, 0x0, 0x0, 0x6b, 0xbb, 0xbb, 0xbb,
    0xbd, 0xed, 0xbb, 0xbb, 0xbb, 0xbb, 0xb0, 0x0,
    0x0, 0x0, 0x0, 0x0, 0x0, 0xaf, 0xf2, 0x0,
    0x0, 0x0, 0x0, 0x0, 0x4, 0xff, 0xff, 0xff,
    0xff, 0xff, 0xff, 0xff, 0xff, 0xff, 0xff, 0xfb,
    0x0, 0x3e, 0xee, 0xee, 0xee, 0xee, 0xff, 0xfe,
    0xee, 0xee, 0xee, 0xee, 0x90, 0x0, 0x0, 0x0,
    0x0, 0x0, 0xa, 0xff, 0x20, 0x0, 0x0, 0x0,
    0x0, 0x0, 0x0, 0xc, 0xee, 0xee, 0xee, 0xff,
    0xfe, 0xee, 0xee, 0xee, 0x50, 0x0, 0x0, 0x0,
    0xef, 0xff, 0xff, 0xff, 0xff, 0xff, 0xff, 0xff,
    0xf5, 0x0, 0x0, 0x0, 0xe, 0xfd, 0x0, 0x0,
    0x0, 0x0, 0x0, 0x6, 0xff, 0x50, 0x0, 0x0,
    0x0, 0xef, 0xff, 0xff, 0xff, 0xff, 0xff, 0xff,
    0xff, 0xf5, 0x0, 0x0, 0x0, 0xe, 0xff, 0xbb,
    0xbb, 0xbb, 0xbb, 0xbb, 0xbd, 0xff, 0x50, 0x0,
    0x0, 0x0, 0xef, 0xe3, 0x33, 0x33, 0x33, 0x33,
    0x33, 0x8f, 0xf5, 0x0, 0x0, 0x0, 0xe, 0xff,
    0xff, 0xff, 0xff, 0xff, 0xff, 0xff, 0xff, 0x50,
    0x0, 0x0, 0x0, 0xef, 0xe5, 0x55, 0x55, 0x55,
    0x55, 0x55, 0x9f, 0xf5, 0x0, 0x0, 0x0, 0xe,
    0xfe, 0x99, 0x99, 0x99, 0x99, 0x99, 0x9b, 0xff,
    0x50, 0x0, 0x0, 0x0, 0xef, 0xff, 0xff, 0xff,
    0xff, 0xff, 0xff, 0xff, 0xf5, 0x0, 0x0, 0x0,
    0xe, 0xfd, 0x22, 0x22, 0x22, 0x22, 0x22, 0x27,
    0xff, 0x50, 0x0, 0x7f, 0xff, 0xff, 0xff, 0xff,
    0xff, 0xff, 0xff, 0xff, 0xff, 0xff, 0xff, 0xf7,
    0xff, 0xff, 0xff, 0xff, 0xff, 0xff, 0xff, 0xff,
    0xff, 0xff, 0xff, 0xff,

    /* U+84DD "蓝" */
    0x0, 0x0, 0x0, 0x2, 0x21, 0x0, 0x0, 0x1,
    0x21, 0x0, 0x0, 0x0, 0x0, 0x0, 0x0, 0x0,
    0xe, 0xff, 0x0, 0x0, 0x8, 0xff, 0x40, 0x0,
    0x0, 0x0, 0x3, 0x33, 0x33, 0x3e, 0xff, 0x33,
    0x33, 0x3a, 0xff, 0x63, 0x33, 0x33, 0x10, 0x1f,
    0xff, 0xff, 0xff, 0xff, 0xff, 0xff, 0xff, 0xff,
    0xff, 0xff, 0xff, 0x70, 0x1f, 0xff, 0xff, 0xff,
    0xff, 0xff, 0xff, 0xff, 0xff, 0xff, 0xff, 0xff,
    0x70, 0x4, 0x44, 0x44, 0x4e, 0xff, 0x44, 0x44,
    0x4a, 0xff, 0x74, 0x44, 0x44, 0x10, 0x0, 0x0,
    0x0, 0xb, 0xdc, 0x0, 0x0, 0x17, 0xdd, 0x30,
    0x0, 0x0, 0x0, 0x0, 0x14, 0x31, 0x0, 0xba,
    0x70, 0x0, 0xee, 0x80, 0x0, 0x0, 0x0, 0x0,
    0x0, 0x5f, 0xf5, 0x1, 0xff, 0xb0, 0x3, 0xff,
    0x92, 0x22, 0x22, 0x22, 0x0, 0x0, 0x5f, 0xf5,
    0x1, 0xff, 0xb0, 0xa, 0xff, 0xff, 0xff, 0xff,
    0xff, 0x50, 0x0, 0x5f, 0xf5, 0x1, 0xff, 0xb0,
    0x1f, 0xff, 0xff, 0xff, 0xff, 0xff, 0x50, 0x0,
    0x5f, 0xf5, 0x1, 0xff, 0xb0, 0x9f, 0xf8, 0x5f,
    0xc5, 0x55, 0x55, 0x10, 0x0, 0x5f, 0xf5, 0x1,
    0xff, 0xb2, 0xff, 0xd0, 0x8f, 0xfe, 0x50, 0x0,
    0x0, 0x0, 0x5f, 0xf5, 0x1, 0xff, 0xbc, 0xff,
    0x60, 0x3d, 0xff, 0xfa, 0x10, 0x0, 0x0, 0x5f,
    0xf5, 0x1, 0xff, 0xdf, 0xfc, 0x0, 0x0, 0x7f,
    0xff, 0x30, 0x0, 0x0, 0x3b, 0xb3, 0x0, 0xee,
    0x92, 0xb2, 0x0, 0x0, 0x2, 0xdb, 0x0, 0x0,
    0x0, 0x6, 0x77, 0x77, 0x77, 0x77, 0x77, 0x77,
    0x77, 0x77, 0x89, 0x10, 0x0, 0x0, 0xd, 0xff,
    0xff, 0xff, 0xff, 0xff, 0xff, 0xff, 0xff, 0xff,
    0x30, 0x0, 0x0, 0xd, 0xff, 0xff, 0xff, 0xff,
    0xff, 0xff, 0xff, 0xff, 0xff, 0x30, 0x0, 0x0,
    0xd, 0xfc, 0x0, 0x4f, 0xf4, 0x0, 0xef, 0x90,
    0x6, 0xff, 0x30, 0x0, 0x0, 0xd, 0xfc, 0x0,
    0x4f, 0xf4, 0x0, 0xef, 0x90, 0x6, 0xff, 0x30,
    0x0, 0x0, 0xd, 0xfc, 0x0, 0x4f, 0xf4, 0x0,
    0xef, 0x90, 0x6, 0xff, 0x30, 0x0, 0x47, 0x7e,
    0xfd, 0x77, 0x9f, 0xf9, 0x77, 0xff, 0xc7, 0x7a,
    0xff, 0x87, 0x70, 0xaf, 0xff, 0xff, 0xff, 0xff,
    0xff, 0xff, 0xff, 0xff, 0xff, 0xff, 0xff, 0xf1,
    0xaf, 0xff, 0xff, 0xff, 0xff, 0xff, 0xff, 0xff,
    0xff, 0xff, 0xff, 0xff, 0xf1,

    /* U+8BBE "设" */
    0x0, 0x0, 0x0, 0x0, 0x0, 0x0, 0x0, 0x0,
    0x0, 0x0, 0x0, 0x0, 0x0, 0x0, 0x3, 0xe5,
    0x0, 0x0, 0x1, 0x33, 0x33, 0x33, 0x33, 0x31,
    0x0, 0x0, 0x0, 0x2f, 0xff, 0x40, 0x0, 0x7,
    0xff, 0xff, 0xff, 0xff, 0xf5, 0x0, 0x0, 0x0,
    0xa, 0xff, 0xf2, 0x0, 0x7, 0xff, 0xff, 0xff,
    0xff, 0xf5, 0x0, 0x0, 0x0, 0x0, 0xcf, 0xfd,
    0x0, 0x7, 0xff, 0x43, 0x33, 0x7f, 0xf5, 0x0,
    0x0, 0x0, 0x0, 0x2e, 0xff, 0x60, 0x9, 0xff,
    0x20, 0x0, 0x6f, 0xf5, 0x0, 0x0, 0x0, 0x0,
    0x5, 0xf9, 0x0, 0xd, 0xff, 0x0, 0x0, 0x6f,
    0xf5, 0x0, 0x0, 0x0, 0x0, 0x0, 0x50, 0x0,
    0x8f, 0xfb, 0x0, 0x0, 0x5f, 0xfd, 0x99, 0x60,
    0x0, 0x0, 0x0, 0x0, 0x9, 0xff, 0xf3, 0x0,
    0x0, 0x4f, 0xff, 0xff, 0x80, 0x7f, 0xff, 0xff,
    0xb0, 0x5f, 0xff, 0x60, 0x0, 0x0, 0xa, 0xff,
    0xff, 0x60, 0x8f, 0xff, 0xff, 0xc0, 0x8, 0xf5,
    0x0, 0x0, 0x0, 0x0, 0x0, 0x0, 0x0, 0x5b,
    0xbb, 0xff, 0xc0, 0x6, 0x87, 0x77, 0x77, 0x77,
    0x77, 0x77, 0x70, 0x0, 0x0, 0x1, 0xff, 0xc0,
    0xd, 0xff, 0xff, 0xff, 0xff, 0xff, 0xff, 0xf1,
    0x0, 0x0, 0x1, 0xff, 0xc0, 0xc, 0xff, 0xff,
    0xff, 0xff, 0xff, 0xff, 0xf1, 0x0, 0x0, 0x1,
    0xff, 0xc0, 0x0, 0x5f, 0xf6, 0x0, 0x0, 0x3,
    0xff, 0xd0, 0x0, 0x0, 0x1, 0xff, 0xc0, 0x0,
    0xe, 0xfe, 0x0, 0x0, 0xc, 0xff, 0x50, 0x0,
    0x0, 0x1, 0xff, 0xc0, 0x0, 0x5, 0xff, 0x90,
    0x0, 0x7f, 0xfc, 0x0, 0x0, 0x0, 0x1, 0xff,
    0xc0, 0x0, 0x0, 0xbf, 0xf5, 0x5, 0xff, 0xf2,
    0x0, 0x0, 0x0, 0x1, 0xff, 0xc0, 0x5b, 0x0,
    0x1e, 0xff, 0x9f, 0xff, 0x50, 0x0, 0x0, 0x0,
    0x1, 0xff, 0xc7, 0xff, 0x40, 0x3, 0xff, 0xff,
    0xf7, 0x0, 0x0, 0x0, 0x0, 0x1, 0xff, 0xff,
    0xff, 0x60, 0x6, 0xef, 0xff, 0xe4, 0x0, 0x0,
    0x0, 0x0, 0x2, 0xff, 0xff, 0xe4, 0x5, 0xdf,
    0xff, 0xff, 0xff, 0xc5, 0x0, 0x0, 0x0, 0x8,
    0xff, 0xfc, 0x26, 0xdf, 0xff, 0xfa, 0x29, 0xff,
    0xff, 0xe8, 0x30, 0x0, 0x4, 0xff, 0x92, 0xff,
    0xff, 0xfd, 0x40, 0x0, 0x3b, 0xff, 0xff, 0xf4,
    0x0, 0x0, 0x67, 0x0, 0xbf, 0xfc, 0x50, 0x0,
    0x0, 0x0, 0x3b, 0xff, 0xd0, 0x0, 0x0, 0x0,
    0x0, 0x3a, 0x40, 0x0, 0x0, 0x0, 0x0, 0x0,
    0x28, 0x50,

    /* U+97F3 "音" */
    0x0, 0x0, 0x0, 0x0, 0x0, 0x3, 0x56, 0x0,
    0x0, 0x0, 0x0, 0x0, 0x0, 0x0, 0x0, 0x0,
    0x0, 0x0, 0xf, 0xff, 0x10, 0x0, 0x0, 0x0,
    0x0, 0x0, 0x0, 0x0, 0x0, 0x0, 0x0, 0xb,
    0xff, 0x50, 0x0, 0x0, 0x0, 0x0, 0x0, 0x0,
    0xef, 0xff, 0xff, 0xff, 0xff, 0xff, 0xff, 0xff,
    0xff, 0xff, 0xf7, 0x0, 0x0, 0xef, 0xff, 0xff,
    0xff, 0xff, 0xff, 0xff, 0xff, 0xff, 0xff, 0xf7,
    0x0, 0x0, 0x89, 0x99, 0xef, 0xf9, 0x99, 0x99,
    0x99, 0xbf, 0xfc, 0x99, 0x94, 0x0, 0x0, 0x0,
    0x0, 0xaf, 0xf3, 0x0, 0x0, 0x0, 0x9f, 0xf5,
    0x0, 0x0, 0x0, 0x0, 0x0, 0x0, 0x7f, 0xf6,
    0x0, 0x0, 0x0, 0xcf, 0xf1, 0x0, 0x0, 0x0,
    0x0, 0x0, 0x0, 0x5f, 0xfa, 0x0, 0x0, 0x1,
    0xff, 0xd0, 0x0, 0x0, 0x0, 0x7f, 0xff, 0xff,
    0xff, 0xff, 0xff, 0xff, 0xff, 0xff, 0xff, 0xff,
    0xff, 0xf0, 0x7f, 0xff, 0xff, 0xff, 0xff, 0xff,
    0xff, 0xff, 0xff, 0xff, 0xff, 0xff, 0xf0, 0x37,
    0x77, 0x77, 0x77, 0x77, 0x77, 0x77, 0x77, 0x77,
    0x77, 0x77, 0x77, 0x70, 0x0, 0x0, 0x0, 0x0,
    0x0, 0x0, 0x0, 0x0, 0x0, 0x0, 0x0, 0x0,
    0x0, 0x0, 0x2, 0xaa, 0xaa, 0xaa, 0xaa, 0xaa,
    0xaa, 0xaa, 0xaa, 0xa9, 0x0, 0x0, 0x0, 0x4,
    0xff, 0xff, 0xff, 0xff, 0xff, 0xff, 0xff, 0xff,
    0xff, 0x0, 0x0, 0x0, 0x4, 0xff, 0xff, 0xff,
    0xff, 0xff, 0xff, 0xff, 0xff, 0xff, 0x0, 0x0,
    0x0, 0x4, 0xff, 0x90, 0x0, 0x0, 0x0, 0x0,
    0x0, 0xf, 0xff, 0x0, 0x0, 0x0, 0x4, 0xff,
    0x91, 0x11, 0x11, 0x11, 0x11, 0x11, 0x1f, 0xff,
    0x0, 0x0, 0x0, 0x4, 0xff, 0xff, 0xff, 0xff,
    0xff, 0xff, 0xff, 0xff, 0xff, 0x0, 0x0, 0x0,
    0x4, 0xff, 0xff, 0xff, 0xff, 0xff, 0xff, 0xff,
    0xff, 0xff, 0x0, 0x0, 0x0, 0x4, 0xff, 0xb6,
    0x66, 0x66, 0x66, 0x66, 0x66, 0x6f, 0xff, 0x0,
    0x0, 0x0, 0x4, 0xff, 0x90, 0x0, 0x0, 0x0,
    0x0, 0x0, 0xf, 0xff, 0x0, 0x0, 0x0, 0x4,
    0xff, 0xc9, 0x99, 0x99, 0x99, 0x99, 0x99, 0x9f,
    0xff, 0x0, 0x0, 0x0, 0x4, 0xff, 0xff, 0xff,
    0xff, 0xff, 0xff, 0xff, 0xff, 0xff, 0x0, 0x0,
    0x0, 0x4, 0xff, 0xff, 0xff, 0xff, 0xff, 0xff,
    0xff, 0xff, 0xff, 0x0, 0x0, 0x0, 0x4, 0xff,
    0x90, 0x0, 0x0, 0x0, 0x0, 0x0, 0xf, 0xff,
    0x0, 0x0,

    /* U+F001 "" */
    0x0, 0x0, 0x0, 0x0, 0x0, 0x0, 0x0, 0x0,
    0x0, 0x0, 0x0, 0x0, 0x1, 0x30, 0x0, 0x0,
    0x0, 0x0, 0x0, 0x0, 0x0, 0x0, 0x0, 0x0,
    0x0, 0x38, 0xdf, 0xf9, 0x0, 0x0, 0x0, 0x0,
    0x0, 0x0, 0x0, 0x0, 0x0, 0x15, 0xae, 0xff,
    0xff, 0xff, 0x0, 0x0, 0x0, 0x0, 0x0, 0x0,
    0x0, 0x2, 0x7c, 0xff, 0xff, 0xff, 0xff, 0xff,
    0x0, 0x0, 0x0, 0x0, 0x0, 0x0, 0x49, 0xef,
    0xff, 0xff, 0xff, 0xff, 0xff, 0xff, 0x0, 0x0,
    0x0, 0x0, 0x16, 0xbf, 0xff, 0xff, 0xff, 0xff,
    0xff, 0xff, 0xff, 0xff, 0x0, 0x0, 0x0, 0x8,
    0xff, 0xff, 0xff, 0xff, 0xff, 0xff, 0xff, 0xff,
    0xff, 0xff, 0x0, 0x0, 0x0, 0xf, 0xff, 0xff,
    0xff, 0xff, 0xff, 0xff, 0xff, 0xff, 0xff, 0xff,
    0x0, 0x0, 0x0, 0xf, 0xff, 0xff, 0xff, 0xff,
    0xff, 0xff, 0xff, 0xe9, 0xbf, 0xff, 0x0, 0x0,
    0x0, 0xf, 0xff, 0xff, 0xff, 0xff, 0xff, 0xfc,
    0x73, 0x0, 0x8f, 0xff, 0x0, 0x0, 0x0, 0xf,
    0xff, 0xff, 0xff, 0xfe, 0xa5, 0x10, 0x0, 0x0,
    0x8f, 0xff, 0x0, 0x0, 0x0, 0xf, 0xff, 0xff,
    0xd8, 0x40, 0x0, 0x0, 0x0, 0x0, 0x8f, 0xff,
    0x0, 0x0, 0x0, 0xf, 0xff, 0xa2, 0x0, 0x0,
    0x0, 0x0, 0x0, 0x0, 0x8f, 0xff, 0x0, 0x0,
    0x0, 0xf, 0xff, 0x80, 0x0, 0x0, 0x0, 0x0,
    0x0, 0x0, 0x8f, 0xff, 0x0, 0x0, 0x0, 0xf,
    0xff, 0x80, 0x0, 0x0, 0x0, 0x0, 0x0, 0x0,
    0x8f, 0xff, 0x0, 0x0, 0x0, 0xf, 0xff, 0x80,
    0x0, 0x0, 0x0, 0x0, 0x0, 0x0, 0x8f, 0xff,
    0x0, 0x0, 0x0, 0xf, 0xff, 0x80, 0x0, 0x0,
    0x0, 0x0, 0x0, 0x0, 0x8f, 0xff, 0x0, 0x0,
    0x0, 0xf, 0xff, 0x80, 0x0, 0x0, 0x0, 0x0,
    0x0, 0x0, 0x8f, 0xff, 0x0, 0x0, 0x0, 0xf,
    0xff, 0x80, 0x0, 0x0, 0x0, 0x1, 0x7a, 0xca,
    0xcf, 0xff, 0x0, 0x0, 0x0, 0xf, 0xff, 0x80,
    0x0, 0x0, 0x0, 0x5f, 0xff, 0xff, 0xff, 0xff,
    0x0, 0x0, 0x0, 0xf, 0xff, 0x80, 0x0, 0x0,
    0x2, 0xff, 0xff, 0xff, 0xff, 0xff, 0x0, 0x1,
    0x33, 0x1f, 0xff, 0x80, 0x0, 0x0, 0x7, 0xff,
    0xff, 0xff, 0xff, 0xff, 0x3, 0xcf, 0xff, 0xff,
    0xff, 0x80, 0x0, 0x0, 0x5, 0xff, 0xff, 0xff,
    0xff, 0xfd, 0x5f, 0xff, 0xff, 0xff, 0xff, 0x80,
    0x0, 0x0, 0x0, 0xbf, 0xff, 0xff, 0xff, 0xf4,
    0xdf, 0xff, 0xff, 0xff, 0xff, 0x80, 0x0, 0x0,
    0x0, 0x7, 0xef, 0xff, 0xfb, 0x20, 0xff, 0xff,
    0xff, 0xff, 0xff, 0x70, 0x0, 0x0, 0x0, 0x0,
    0x1, 0x32, 0x0, 0x0, 0xaf, 0xff, 0xff, 0xff,
    0xff, 0x20, 0x0, 0x0, 0x0, 0x0, 0x0, 0x0,
    0x0, 0x0, 0xa, 0xff, 0xff, 0xff, 0xe4, 0x0,
    0x0, 0x0, 0x0, 0x0, 0x0, 0x0, 0x0, 0x0,
    0x0, 0x27, 0xaa, 0x95, 0x0, 0x0, 0x0, 0x0,
    0x0, 0x0, 0x0, 0x0, 0x0, 0x0,

    /* U+F008 "" */
    0x9b, 0x0, 0xc, 0xff, 0xff, 0xff, 0xff, 0xff,
    0xff, 0xff, 0xff, 0xb0, 0x0, 0xb9, 0xfe, 0x44,
    0x4e, 0xff, 0xff, 0xff, 0xff, 0xff, 0xff, 0xff,
    0xff, 0xe4, 0x44, 0xef, 0xff, 0xff, 0xff, 0xff,
    0xaa, 0xaa, 0xaa, 0xaa, 0xaa, 0xaa, 0xff, 0xff,
    0xff, 0xff, 0xff, 0x88, 0x8f, 0xfd, 0x0, 0x0,
    0x0, 0x0, 0x0, 0x0, 0xef, 0xf8, 0x88, 0xff,
    0xfc, 0x0, 0xc, 0xfd, 0x0, 0x0, 0x0, 0x0,
    0x0, 0x0, 0xef, 0xb0, 0x0, 0xcf, 0xfc, 0x0,
    0xc, 0xfd, 0x0, 0x0, 0x0, 0x0, 0x0, 0x0,
    0xef, 0xb0, 0x0, 0xcf, 0xfd, 0x0, 0xd, 0xfd,
    0x0, 0x0, 0x0, 0x0, 0x0, 0x0, 0xef, 0xd0,
    0x0, 0xdf, 0xff, 0xff, 0xff, 0xfd, 0x0, 0x0,
    0x0, 0x0, 0x0, 0x0, 0xef, 0xff, 0xff, 0xff,
    0xff, 0xcc, 0xcf, 0xfe, 0x0, 0x0, 0x0, 0x0,
    0x0, 0x0, 0xef, 0xfc, 0xcc, 0xff, 0xfc, 0x0,
    0xc, 0xff, 0xdd, 0xdd, 0xdd, 0xdd, 0xdd, 0xdd,
    0xff, 0xc0, 0x0, 0xcf, 0xfc, 0x0, 0xc, 0xff,
    0xff, 0xff, 0xff, 0xff, 0xff, 0xff, 0xff, 0xb0,
    0x0, 0xcf, 0xfc, 0x0, 0xc, 0xff, 0xdd, 0xdd,
    0xdd, 0xdd, 0xdd, 0xdd, 0xff, 0xc0, 0x0, 0xcf,
    0xff, 0xcc, 0xcf, 0xfe, 0x0, 0x0, 0x0, 0x0,
    0x0, 0x0, 0xef, 0xfc, 0xcc, 0xff, 0xff, 0xff,
    0xff, 0xfd, 0x0, 0x0, 0x0, 0x0, 0x0, 0x0,
    0xef, 0xff, 0xff, 0xff, 0xfd, 0x0, 0xd, 0xfd,
    0x0, 0x0, 0x0, 0x0, 0x0, 0x0, 0xef, 0xd0,
    0x0, 0xdf, 0xfc, 0x0, 0xc, 0xfd, 0x0, 0x0,
    0x0, 0x0, 0x0, 0x0, 0xef, 0xb0, 0x0, 0xcf,
    0xfc, 0x0, 0xc, 0xfd, 0x0, 0x0, 0x0, 0x0,
    0x0, 0x0, 0xef, 0xb0, 0x0, 0xcf, 0xff, 0x88,
    0x8f, 0xfd, 0x0, 0x0, 0x0, 0x0, 0x0, 0x0,
    0xef, 0xf8, 0x88, 0xff, 0xff, 0xff, 0xff, 0xff,
    0xaa, 0xaa, 0xaa, 0xaa, 0xaa, 0xaa, 0xff, 0xff,
    0xff, 0xff, 0xfe, 0x44, 0x4e, 0xff, 0xff, 0xff,
    0xff, 0xff, 0xff, 0xff, 0xff, 0xe4, 0x44, 0xef,
    0xab, 0x0, 0xc, 0xff, 0xff, 0xff, 0xff, 0xff,
    0xff, 0xff, 0xff, 0xb0, 0x0, 0xb9,

    /* U+F00B "" */
    0x9f, 0xff, 0xff, 0xfb, 0x0, 0xaf, 0xff, 0xff,
    0xff, 0xff, 0xff, 0xff, 0xff, 0xf9, 0xff, 0xff,
    0xff, 0xff, 0x21, 0xff, 0xff, 0xff, 0xff, 0xff,
    0xff, 0xff, 0xff, 0xff, 0xff, 0xff, 0xff, 0xff,
    0x21, 0xff, 0xff, 0xff, 0xff, 0xff, 0xff, 0xff,
    0xff, 0xff, 0xff, 0xff, 0xff, 0xff, 0x21, 0xff,
    0xff, 0xff, 0xff, 0xff, 0xff, 0xff, 0xff, 0xff,
    0xff, 0xff, 0xff, 0xff, 0x21, 0xff, 0xff, 0xff,
    0xff, 0xff, 0xff, 0xff, 0xff, 0xff, 0xff, 0xff,
    0xff, 0xff, 0x21, 0xff, 0xff, 0xff, 0xff, 0xff,
    0xff, 0xff, 0xff, 0xff, 0xaf, 0xff, 0xff, 0xfc,
    0x0, 0xcf, 0xff, 0xff, 0xff, 0xff, 0xff, 0xff,
    0xff, 0xfa, 0x0, 0x0, 0x0, 0x0, 0x0, 0x0,
    0x0, 0x0, 0x0, 0x0, 0x0, 0x0, 0x0, 0x0,
    0x0, 0x0, 0x0, 0x0, 0x0, 0x0, 0x0, 0x0,
    0x0, 0x0, 0x0, 0x0, 0x0, 0x0, 0x9f, 0xff,
    0xff, 0xfb, 0x0, 0xbf, 0xff, 0xff, 0xff, 0xff,
    0xff, 0xff, 0xff, 0xf9, 0xff, 0xff, 0xff, 0xff,
    0x21, 0xff, 0xff, 0xff, 0xff, 0xff, 0xff, 0xff,
    0xff, 0xff, 0xff, 0xff, 0xff, 0xff, 0x21, 0xff,
    0xff, 0xff, 0xff, 0xff, 0xff, 0xff, 0xff, 0xff,
    0xff, 0xff, 0xff, 0xff, 0x21, 0xff, 0xff, 0xff,
    0xff, 0xff, 0xff, 0xff, 0xff, 0xff, 0xff, 0xff,
    0xff, 0xff, 0x21, 0xff, 0xff, 0xff, 0xff, 0xff,
    0xff, 0xff, 0xff, 0xff, 0xff, 0xff, 0xff, 0xff,
    0x21, 0xff, 0xff, 0xff, 0xff, 0xff, 0xff, 0xff,
    0xff, 0xff, 0xaf, 0xff, 0xff, 0xfc, 0x0, 0xbf,
    0xff, 0xff, 0xff, 0xff, 0xff, 0xff, 0xff, 0xf9,
    0x0, 0x0, 0x0, 0x0, 0x0, 0x0, 0x0, 0x0,
    0x0, 0x0, 0x0, 0x0, 0x0, 0x0, 0x0, 0x0,
    0x0, 0x0, 0x0, 0x0, 0x0, 0x0, 0x0, 0x0,
    0x0, 0x0, 0x0, 0x0, 0xaf, 0xff, 0xff, 0xfc,
    0x0, 0xcf, 0xff, 0xff, 0xff, 0xff, 0xff, 0xff,
    0xff, 0xfa, 0xff, 0xff, 0xff, 0xff, 0x21, 0xff,
    0xff, 0xff, 0xff, 0xff, 0xff, 0xff, 0xff, 0xff,
    0xff, 0xff, 0xff, 0xff, 0x21, 0xff, 0xff, 0xff,
    0xff, 0xff, 0xff, 0xff, 0xff, 0xff, 0xff, 0xff,
    0xff, 0xff, 0x21, 0xff, 0xff, 0xff, 0xff, 0xff,
    0xff, 0xff, 0xff, 0xff, 0xff, 0xff, 0xff, 0xff,
    0x21, 0xff, 0xff, 0xff, 0xff, 0xff, 0xff, 0xff,
    0xff, 0xff, 0xff, 0xff, 0xff, 0xff, 0x21, 0xff,
    0xff, 0xff, 0xff, 0xff, 0xff, 0xff, 0xff, 0xff,
    0x9f, 0xff, 0xff, 0xfb, 0x0, 0xaf, 0xff, 0xff,
    0xff, 0xff, 0xff, 0xff, 0xff, 0xf9,

    /* U+F00C "" */
    0x0, 0x0, 0x0, 0x0, 0x0, 0x0, 0x0, 0x0,
    0x0, 0x0, 0x0, 0x6, 0xe9, 0x0, 0x0, 0x0,
    0x0, 0x0, 0x0, 0x0, 0x0, 0x0, 0x0, 0x0,
    0x0, 0x6f, 0xff, 0xa0, 0x0, 0x0, 0x0, 0x0,
    0x0, 0x0, 0x0, 0x0, 0x0, 0x0, 0x6, 0xff,
    0xff, 0xf9, 0x0, 0x0, 0x0, 0x0, 0x0, 0x0,
    0x0, 0x0, 0x0, 0x0, 0x6f, 0xff, 0xff, 0xff,
    0x0, 0x0, 0x0, 0x0, 0x0, 0x0, 0x0, 0x0,
    0x0, 0x6, 0xff, 0xff, 0xff, 0xf8, 0x0, 0x0,
    0x0, 0x0, 0x0, 0x0, 0x0, 0x0, 0x0, 0x6f,
    0xff, 0xff, 0xff, 0x80, 0x0, 0x0, 0x0, 0x0,
    0x0, 0x0, 0x0, 0x0, 0x6, 0xff, 0xff, 0xff,
    0xf8, 0x0, 0x0, 0x8e, 0x50, 0x0, 0x0, 0x0,
    0x0, 0x0, 0x6f, 0xff, 0xff, 0xff, 0x80, 0x0,
    0x9, 0xff, 0xf6, 0x0, 0x0, 0x0, 0x0, 0x6,
    0xff, 0xff, 0xff, 0xf8, 0x0, 0x0, 0x9f, 0xff,
    0xff, 0x60, 0x0, 0x0, 0x0, 0x6f, 0xff, 0xff,
    0xff, 0x80, 0x0, 0x0, 0xff, 0xff, 0xff, 0xf6,
    0x0, 0x0, 0x6, 0xff, 0xff, 0xff, 0xf8, 0x0,
    0x0, 0x0, 0x8f, 0xff, 0xff, 0xff, 0x60, 0x0,
    0x6f, 0xff, 0xff, 0xff, 0x80, 0x0, 0x0, 0x0,
    0x8, 0xff, 0xff, 0xff, 0xf6, 0x6, 0xff, 0xff,
    0xff, 0xf8, 0x0, 0x0, 0x0, 0x0, 0x0, 0x8f,
    0xff, 0xff, 0xff, 0xaf, 0xff, 0xff, 0xff, 0x80,
    0x0, 0x0, 0x0, 0x0, 0x0, 0x8, 0xff, 0xff,
    0xff, 0xff, 0xff, 0xff, 0xf8, 0x0, 0x0, 0x0,
    0x0, 0x0, 0x0, 0x0, 0x8f, 0xff, 0xff, 0xff,
    0xff, 0xff, 0x80, 0x0, 0x0, 0x0, 0x0, 0x0,
    0x0, 0x0, 0x8, 0xff, 0xff, 0xff, 0xff, 0xf8,
    0x0, 0x0, 0x0, 0x0, 0x0, 0x0, 0x0, 0x0,
    0x0, 0x8f, 0xff, 0xff, 0xff, 0x70, 0x0, 0x0,
    0x0, 0x0, 0x0, 0x0, 0x0, 0x0, 0x0, 0x7,
    0xff, 0xff, 0xf7, 0x0, 0x0, 0x0, 0x0, 0x0,
    0x0, 0x0, 0x0, 0x0, 0x0, 0x0, 0x7f, 0xff,
    0x70, 0x0, 0x0, 0x0, 0x0, 0x0, 0x0, 0x0,
    0x0, 0x0, 0x0, 0x0, 0x7, 0xe7, 0x0, 0x0,
    0x0, 0x0, 0x0, 0x0, 0x0, 0x0,

    /* U+F00D "" */
    0x0, 0x0, 0x0, 0x0, 0x0, 0x0, 0x0, 0x0,
    0x10, 0x0, 0x6, 0xff, 0x40, 0x0, 0x0, 0x0,
    0x0, 0x2d, 0xfa, 0x0, 0x6f, 0xff, 0xf5, 0x0,
    0x0, 0x0, 0x2, 0xef, 0xff, 0xa0, 0xef, 0xff,
    0xff, 0x50, 0x0, 0x0, 0x2e, 0xff, 0xff, 0xf2,
    0xcf, 0xff, 0xff, 0xf5, 0x0, 0x2, 0xef, 0xff,
    0xff, 0xf1, 0x2e, 0xff, 0xff, 0xff, 0x50, 0x2e,
    0xff, 0xff, 0xff, 0x50, 0x2, 0xef, 0xff, 0xff,
    0xf6, 0xef, 0xff, 0xff, 0xf5, 0x0, 0x0, 0x2e,
    0xff, 0xff, 0xff, 0xff, 0xff, 0xff, 0x50, 0x0,
    0x0, 0x2, 0xef, 0xff, 0xff, 0xff, 0xff, 0xf5,
    0x0, 0x0, 0x0, 0x0, 0x2e, 0xff, 0xff, 0xff,
    0xff, 0x50, 0x0, 0x0, 0x0, 0x0, 0x4, 0xff,
    0xff, 0xff, 0xf8, 0x0, 0x0, 0x0, 0x0, 0x0,
    0x2e, 0xff, 0xff, 0xff, 0xff, 0x50, 0x0, 0x0,
    0x0, 0x2, 0xef, 0xff, 0xff, 0xff, 0xff, 0xf5,
    0x0, 0x0, 0x0, 0x2e, 0xff, 0xff, 0xff, 0xff,
    0xff, 0xff, 0x50, 0x0, 0x2, 0xef, 0xff, 0xff,
    0xf6, 0xef, 0xff, 0xff, 0xf5, 0x0, 0x2e, 0xff,
    0xff, 0xff, 0x40, 0x2e, 0xff, 0xff, 0xff, 0x50,
    0xcf, 0xff, 0xff, 0xf4, 0x0, 0x2, 0xef, 0xff,
    0xff, 0xf1, 0xef, 0xff, 0xff, 0x40, 0x0, 0x0,
    0x2e, 0xff, 0xff, 0xf2, 0x6f, 0xff, 0xf4, 0x0,
    0x0, 0x0, 0x2, 0xef, 0xff, 0xa0, 0x6, 0xff,
    0x40, 0x0, 0x0, 0x0, 0x0, 0x2d, 0xfa, 0x0,
    0x0, 0x0, 0x0, 0x0, 0x0, 0x0, 0x0, 0x0,
    0x10, 0x0,

    /* U+F011 "" */
    0x0, 0x0, 0x0, 0x0, 0x0, 0x0, 0x69, 0x96,
    0x0, 0x0, 0x0, 0x0, 0x0, 0x0, 0x0, 0x0,
    0x0, 0x0, 0x0, 0x2, 0xff, 0xff, 0x20, 0x0,
    0x0, 0x0, 0x0, 0x0, 0x0, 0x0, 0x0, 0x0,
    0x0, 0x3, 0xff, 0xff, 0x30, 0x0, 0x0, 0x0,
    0x0, 0x0, 0x0, 0x0, 0x1, 0xa8, 0x0, 0x3,
    0xff, 0xff, 0x30, 0x0, 0x8a, 0x10, 0x0, 0x0,
    0x0, 0x0, 0x3e, 0xff, 0x60, 0x3, 0xff, 0xff,
    0x30, 0x6, 0xff, 0xe3, 0x0, 0x0, 0x0, 0x2,
    0xef, 0xff, 0xe0, 0x3, 0xff, 0xff, 0x30, 0xe,
    0xff, 0xff, 0x30, 0x0, 0x0, 0xd, 0xff, 0xff,
    0xe0, 0x3, 0xff, 0xff, 0x30, 0xe, 0xff, 0xff,
    0xd1, 0x0, 0x0, 0x9f, 0xff, 0xfe, 0x30, 0x3,
    0xff, 0xff, 0x30, 0x3, 0xef, 0xff, 0xf9, 0x0,
    0x2, 0xff, 0xff, 0xe2, 0x0, 0x3, 0xff, 0xff,
    0x30, 0x0, 0x2e, 0xff, 0xff, 0x20, 0x9, 0xff,
    0xff, 0x50, 0x0, 0x3, 0xff, 0xff, 0x30, 0x0,
    0x5, 0xff, 0xff, 0x90, 0xe, 0xff, 0xfc, 0x0,
    0x0, 0x3, 0xff, 0xff, 0x30, 0x0, 0x0, 0xcf,
    0xff, 0xe0, 0x3f, 0xff, 0xf5, 0x0, 0x0, 0x3,
    0xff, 0xff, 0x30, 0x0, 0x0, 0x6f, 0xff, 0xf3,
    0x6f, 0xff, 0xf0, 0x0, 0x0, 0x3, 0xff, 0xff,
    0x30, 0x0, 0x0, 0xf, 0xff, 0xf6, 0x7f, 0xff,
    0xe0, 0x0, 0x0, 0x3, 0xff, 0xff, 0x30, 0x0,
    0x0, 0xe, 0xff, 0xf8, 0x8f, 0xff, 0xd0, 0x0,
    0x0, 0x2, 0xff, 0xff, 0x20, 0x0, 0x0, 0xd,
    0xff, 0xf8, 0x8f, 0xff, 0xe0, 0x0, 0x0, 0x0,
    0xef, 0xfe, 0x0, 0x0, 0x0, 0xe, 0xff, 0xf7,
    0x6f, 0xff, 0xf0, 0x0, 0x0, 0x0, 0x2, 0x20,
    0x0, 0x0, 0x0, 0xf, 0xff, 0xf6, 0x3f, 0xff,
    0xf5, 0x0, 0x0, 0x0, 0x0, 0x0, 0x0, 0x0,
    0x0, 0x5f, 0xff, 0xf3, 0xe, 0xff, 0xfb, 0x0,
    0x0, 0x0, 0x0, 0x0, 0x0, 0x0, 0x0, 0xbf,
    0xff, 0xe0, 0x9, 0xff, 0xff, 0x40, 0x0, 0x0,
    0x0, 0x0, 0x0, 0x0, 0x4, 0xff, 0xff, 0x90,
    0x2, 0xff, 0xff, 0xe2, 0x0, 0x0, 0x0, 0x0,
    0x0, 0x0, 0x2e, 0xff, 0xff, 0x20, 0x0, 0x9f,
    0xff, 0xfe, 0x30, 0x0, 0x0, 0x0, 0x0, 0x3,
    0xef, 0xff, 0xf9, 0x0, 0x0, 0x1e, 0xff, 0xff,
    0xf8, 0x0, 0x0, 0x0, 0x0, 0x8f, 0xff, 0xff,
    0xd1, 0x0, 0x0, 0x3, 0xff, 0xff, 0xff, 0xfa,
    0x75, 0x57, 0xaf, 0xff, 0xff, 0xfe, 0x20, 0x0,
    0x0, 0x0, 0x3e, 0xff, 0xff, 0xff, 0xff, 0xff,
    0xff, 0xff, 0xff, 0xe3, 0x0, 0x0, 0x0, 0x0,
    0x2, 0xcf, 0xff, 0xff, 0xff, 0xff, 0xff, 0xff,
    0xfc, 0x10, 0x0, 0x0, 0x0, 0x0, 0x0, 0x6,
    0xef, 0xff, 0xff, 0xff, 0xff, 0xfe, 0x60, 0x0,
    0x0, 0x0, 0x0, 0x0, 0x0, 0x0, 0x4, 0x9d,
    0xff, 0xfe, 0xd9, 0x40, 0x0, 0x0, 0x0, 0x0,
    0x0, 0x0, 0x0, 0x0, 0x0, 0x0, 0x0, 0x0,
    0x0, 0x0, 0x0, 0x0, 0x0, 0x0,

    /* U+F013 "" */
    0x0, 0x0, 0x0, 0x0, 0x0, 0x0, 0x0, 0x0,
    0x0, 0x0, 0x0, 0x0, 0x0, 0x0, 0x0, 0x0,
    0x0, 0x0, 0x2c, 0xff, 0xff, 0xd6, 0x0, 0x0,
    0x0, 0x0, 0x0, 0x0, 0x0, 0x0, 0x0, 0x5,
    0xff, 0xff, 0xff, 0xa0, 0x0, 0x0, 0x0, 0x0,
    0x0, 0x0, 0x0, 0x0, 0x0, 0x5f, 0xff, 0xff,
    0xfa, 0x0, 0x0, 0x0, 0x0, 0x0, 0x0, 0x0,
    0x0, 0x0, 0x8, 0xff, 0xff, 0xff, 0xc1, 0x0,
    0x0, 0x0, 0x0, 0x0, 0x1, 0xc8, 0x0, 0x5d,
    0xff, 0xff, 0xff, 0xff, 0xf8, 0x0, 0x6d, 0x40,
    0x0, 0x0, 0xcf, 0xfe, 0xaf, 0xff, 0xff, 0xff,
    0xff, 0xff, 0xfc, 0xcf, 0xfe, 0x10, 0x0, 0x7f,
    0xff, 0xff, 0xff, 0xff, 0xff, 0xff, 0xff, 0xff,
    0xff, 0xff, 0xfb, 0x0, 0x1f, 0xff, 0xff, 0xff,
    0xff, 0xff, 0xff, 0xff, 0xff, 0xff, 0xff, 0xff,
    0xf4, 0x7, 0xff, 0xff, 0xff, 0xff, 0xff, 0xff,
    0xff, 0xff, 0xff, 0xff, 0xff, 0xff, 0xb0, 0xcf,
    0xff, 0xff, 0xff, 0xff, 0xe7, 0x32, 0x5d, 0xff,
    0xff, 0xff, 0xff, 0xff, 0x13, 0xcf, 0xff, 0xff,
    0xff, 0xe1, 0x0, 0x0, 0xb, 0xff, 0xff, 0xff,
    0xfe, 0x60, 0x0, 0x7f, 0xff, 0xff, 0xf4, 0x0,
    0x0, 0x0, 0xe, 0xff, 0xff, 0xfb, 0x10, 0x0,
    0x4, 0xff, 0xff, 0xfe, 0x0, 0x0, 0x0, 0x0,
    0x9f, 0xff, 0xff, 0x90, 0x0, 0x0, 0x5f, 0xff,
    0xff, 0xc0, 0x0, 0x0, 0x0, 0x8, 0xff, 0xff,
    0xfa, 0x0, 0x0, 0x4, 0xff, 0xff, 0xfe, 0x0,
    0x0, 0x0, 0x0, 0x9f, 0xff, 0xff, 0x80, 0x0,
    0x0, 0x7f, 0xff, 0xff, 0xf4, 0x0, 0x0, 0x0,
    0xe, 0xff, 0xff, 0xfb, 0x10, 0x3, 0xcf, 0xff,
    0xff, 0xff, 0xe1, 0x0, 0x0, 0xb, 0xff, 0xff,
    0xff, 0xfe, 0x60, 0xcf, 0xff, 0xff, 0xff, 0xff,
    0xe7, 0x32, 0x5d, 0xff, 0xff, 0xff, 0xff, 0xff,
    0x17, 0xff, 0xff, 0xff, 0xff, 0xff, 0xff, 0xff,
    0xff, 0xff, 0xff, 0xff, 0xff, 0xb0, 0x1e, 0xff,
    0xff, 0xff, 0xff, 0xff, 0xff, 0xff, 0xff, 0xff,
    0xff, 0xff, 0xf4, 0x0, 0x7f, 0xff, 0xff, 0xff,
    0xff, 0xff, 0xff, 0xff, 0xff, 0xff, 0xff, 0xfb,
    0x0, 0x0, 0xcf, 0xfe, 0xaf, 0xff, 0xff, 0xff,
    0xff, 0xff, 0xfc, 0xcf, 0xfe, 0x10, 0x0, 0x1,
    0xc8, 0x0, 0x5d, 0xff, 0xff, 0xff, 0xff, 0xf8,
    0x0, 0x5d, 0x40, 0x0, 0x0, 0x0, 0x0, 0x0,
    0x8, 0xff, 0xff, 0xff, 0xc0, 0x0, 0x0, 0x0,
    0x0, 0x0, 0x0, 0x0, 0x0, 0x0, 0x5f, 0xff,
    0xff, 0xfa, 0x0, 0x0, 0x0, 0x0, 0x0, 0x0,
    0x0, 0x0, 0x0, 0x5, 0xff, 0xff, 0xff, 0xa0,
    0x0, 0x0, 0x0, 0x0, 0x0, 0x0, 0x0, 0x0,
    0x0, 0x2c, 0xff, 0xff, 0xd6, 0x0, 0x0, 0x0,
    0x0, 0x0, 0x0, 0x0, 0x0, 0x0, 0x0, 0x0,
    0x0, 0x0, 0x0, 0x0, 0x0, 0x0, 0x0, 0x0,

    /* U+F015 "" */
    0x0, 0x0, 0x0, 0x0, 0x0, 0x0, 0x0, 0x37,
    0x60, 0x0, 0x0, 0x48, 0x88, 0x40, 0x0, 0x0,
    0x0, 0x0, 0x0, 0x0, 0x0, 0x0, 0x7, 0xff,
    0xfd, 0x10, 0x0, 0xaf, 0xff, 0xa0, 0x0, 0x0,
    0x0, 0x0, 0x0, 0x0, 0x0, 0x0, 0xaf, 0xff,
    0xff, 0xe3, 0x0, 0xbf, 0xff, 0xb0, 0x0, 0x0,
    0x0, 0x0, 0x0, 0x0, 0x0, 0x1c, 0xff, 0xff,
    0xff, 0xff, 0x60, 0xbf, 0xff, 0xb0, 0x0, 0x0,
    0x0, 0x0, 0x0, 0x0, 0x3, 0xef, 0xff, 0xf8,
    0xcf, 0xff, 0xf9, 0xbf, 0xff, 0xb0, 0x0, 0x0,
    0x0, 0x0, 0x0, 0x0, 0x6f, 0xff, 0xfe, 0x30,
    0xa, 0xff, 0xff, 0xff, 0xff, 0xb0, 0x0, 0x0,
    0x0, 0x0, 0x0, 0x8, 0xff, 0xff, 0xd2, 0x3,
    0x10, 0x7f, 0xff, 0xff, 0xff, 0xb0, 0x0, 0x0,
    0x0, 0x0, 0x1, 0xbf, 0xff, 0xfb, 0x0, 0x8f,
    0xd2, 0x4, 0xff, 0xff, 0xff, 0xb0, 0x0, 0x0,
    0x0, 0x0, 0x2d, 0xff, 0xff, 0x80, 0xb, 0xff,
    0xff, 0x40, 0x2d, 0xff, 0xff, 0xb0, 0x0, 0x0,
    0x0, 0x4, 0xff, 0xff, 0xf5, 0x2, 0xdf, 0xff,
    0xff, 0xf7, 0x1, 0xbf, 0xff, 0xfa, 0x0, 0x0,
    0x0, 0x7f, 0xff, 0xfe, 0x30, 0x3e, 0xff, 0xff,
    0xff, 0xff, 0xa0, 0x9, 0xff, 0xff, 0xc1, 0x0,
    0xa, 0xff, 0xff, 0xc1, 0x6, 0xff, 0xff, 0xff,
    0xff, 0xff, 0xfc, 0x10, 0x6f, 0xff, 0xfe, 0x30,
    0xbf, 0xff, 0xfa, 0x0, 0x9f, 0xff, 0xff, 0xff,
    0xff, 0xff, 0xff, 0xe3, 0x4, 0xef, 0xff, 0xf4,
    0xbf, 0xff, 0x70, 0x1b, 0xff, 0xff, 0xff, 0xff,
    0xff, 0xff, 0xff, 0xff, 0x50, 0x2d, 0xff, 0xf3,
    0xd, 0xf4, 0x2, 0xdf, 0xff, 0xff, 0xff, 0xff,
    0xff, 0xff, 0xff, 0xff, 0xf8, 0x0, 0xbf, 0x60,
    0x1, 0x20, 0xb, 0xff, 0xff, 0xff, 0xff, 0xff,
    0xff, 0xff, 0xff, 0xff, 0xff, 0x30, 0x3, 0x0,
    0x0, 0x0, 0xc, 0xff, 0xff, 0xff, 0xff, 0xff,
    0xff, 0xff, 0xff, 0xff, 0xff, 0x40, 0x0, 0x0,
    0x0, 0x0, 0xc, 0xff, 0xff, 0xff, 0xff, 0xff,
    0xff, 0xff, 0xff, 0xff, 0xff, 0x40, 0x0, 0x0,
    0x0, 0x0, 0xc, 0xff, 0xff, 0xff, 0xf4, 0x0,
    0x0, 0xcf, 0xff, 0xff, 0xff, 0x40, 0x0, 0x0,
    0x0, 0x0, 0xc, 0xff, 0xff, 0xff, 0xf2, 0x0,
    0x0, 0xaf, 0xff, 0xff, 0xff, 0x40, 0x0, 0x0,
    0x0, 0x0, 0xc, 0xff, 0xff, 0xff, 0xf2, 0x0,
    0x0, 0xaf, 0xff, 0xff, 0xff, 0x40, 0x0, 0x0,
    0x0, 0x0, 0xc, 0xff, 0xff, 0xff, 0xf2, 0x0,
    0x0, 0xaf, 0xff, 0xff, 0xff, 0x40, 0x0, 0x0,
    0x0, 0x0, 0xc, 0xff, 0xff, 0xff, 0xf2, 0x0,
    0x0, 0xaf, 0xff, 0xff, 0xff, 0x40, 0x0, 0x0,
    0x0, 0x0, 0xc, 0xff, 0xff, 0xff, 0xf2, 0x0,
    0x0, 0xaf, 0xff, 0xff, 0xff, 0x40, 0x0, 0x0,
    0x0, 0x0, 0x8, 0xff, 0xff, 0xff, 0xd0, 0x0,
    0x0, 0x6f, 0xff, 0xff, 0xfe, 0x10, 0x0, 0x0,

    /* U+F019 "" */
    0x0, 0x0, 0x0, 0x0, 0x0, 0x3, 0x55, 0x55,
    0x30, 0x0, 0x0, 0x0, 0x0, 0x0, 0x0, 0x0,
    0x0, 0x0, 0x0, 0x5f, 0xff, 0xff, 0xf5, 0x0,
    0x0, 0x0, 0x0, 0x0, 0x0, 0x0, 0x0, 0x0,
    0x0, 0x8f, 0xff, 0xff, 0xf8, 0x0, 0x0, 0x0,
    0x0, 0x0, 0x0, 0x0, 0x0, 0x0, 0x0, 0x8f,
    0xff, 0xff, 0xf8, 0x0, 0x0, 0x0, 0x0, 0x0,
    0x0, 0x0, 0x0, 0x0, 0x0, 0x8f, 0xff, 0xff,
    0xf8, 0x0, 0x0, 0x0, 0x0, 0x0, 0x0, 0x0,
    0x0, 0x0, 0x0, 0x8f, 0xff, 0xff, 0xf8, 0x0,
    0x0, 0x0, 0x0, 0x0, 0x0, 0x0, 0x0, 0x0,
    0x0, 0x8f, 0xff, 0xff, 0xf8, 0x0, 0x0, 0x0,
    0x0, 0x0, 0x0, 0x0, 0x0, 0x0, 0x0, 0x8f,
    0xff, 0xff, 0xf8, 0x0, 0x0, 0x0, 0x0, 0x0,
    0x0, 0x0, 0x0, 0x0, 0x0, 0x8f, 0xff, 0xff,
    0xf8, 0x0, 0x0, 0x0, 0x0, 0x0, 0x0, 0x0,
    0x0, 0x0, 0x0, 0x8f, 0xff, 0xff, 0xf8, 0x0,
    0x0, 0x0, 0x0, 0x0, 0x0, 0x0, 0x0, 0x0,
    0x0, 0x8f, 0xff, 0xff, 0xf8, 0x0, 0x0, 0x0,
    0x0, 0x0, 0x0, 0x0, 0x1c, 0xdd, 0xdd, 0xef,
    0xff, 0xff, 0xfe, 0xdd, 0xdd, 0xc1, 0x0, 0x0,
    0x0, 0x0, 0x4f, 0xff, 0xff, 0xff, 0xff, 0xff,
    0xff, 0xff, 0xff, 0xf4, 0x0, 0x0, 0x0, 0x0,
    0x9, 0xff, 0xff, 0xff, 0xff, 0xff, 0xff, 0xff,
    0xff, 0x90, 0x0, 0x0, 0x0, 0x0, 0x0, 0x9f,
    0xff, 0xff, 0xff, 0xff, 0xff, 0xff, 0xf9, 0x0,
    0x0, 0x0, 0x0, 0x0, 0x0, 0x9, 0xff, 0xff,
    0xff, 0xff, 0xff, 0xff, 0x90, 0x0, 0x0, 0x0,
    0x0, 0x0, 0x0, 0x0, 0x8f, 0xff, 0xff, 0xff,
    0xff, 0xf8, 0x0, 0x0, 0x0, 0x0, 0x0, 0x0,
    0x0, 0x0, 0x8, 0xff, 0xff, 0xff, 0xff, 0x80,
    0x0, 0x0, 0x0, 0x0, 0x0, 0x0, 0x0, 0x0,
    0x0, 0x8f, 0xff, 0xff, 0xf8, 0x0, 0x0, 0x0,
    0x0, 0x0, 0x1, 0x11, 0x11, 0x11, 0x10, 0x8,
    0xff, 0xff, 0x80, 0x1, 0x11, 0x11, 0x11, 0x10,
    0xbf, 0xff, 0xff, 0xff, 0xfd, 0x10, 0x8f, 0xf8,
    0x1, 0xdf, 0xff, 0xff, 0xff, 0xfb, 0xff, 0xff,
    0xff, 0xff, 0xff, 0xe2, 0x6, 0x60, 0x2d, 0xff,
    0xff, 0xff, 0xff, 0xff, 0xff, 0xff, 0xff, 0xff,
    0xff, 0xfe, 0x30, 0x3, 0xef, 0xff, 0xff, 0xff,
    0xff, 0xff, 0xff, 0xff, 0xff, 0xff, 0xff, 0xff,
    0xfd, 0xdf, 0xff, 0xff, 0xff, 0xff, 0xff, 0xff,
    0xff, 0xff, 0xff, 0xff, 0xff, 0xff, 0xff, 0xff,
    0xff, 0xff, 0xff, 0xff, 0xff, 0xff, 0xff, 0xff,
    0xff, 0xff, 0xff, 0xff, 0xff, 0xff, 0xff, 0xf4,
    0x1e, 0xb0, 0x8f, 0xff, 0xff, 0xff, 0xff, 0xff,
    0xff, 0xff, 0xff, 0xff, 0xff, 0xf5, 0x2e, 0xc1,
    0x8f, 0xff, 0xef, 0xff, 0xff, 0xff, 0xff, 0xff,
    0xff, 0xff, 0xff, 0xff, 0xff, 0xff, 0xff, 0xfe,
    0x37, 0x88, 0x88, 0x88, 0x88, 0x88, 0x88, 0x88,
    0x88, 0x88, 0x88, 0x88, 0x88, 0x73,

    /* U+F01C "" */
    0x0, 0x0, 0x0, 0x2b, 0xff, 0xff, 0xff, 0xff,
    0xff, 0xff, 0xff, 0xfe, 0x80, 0x0, 0x0, 0x0,
    0x0, 0x0, 0x1, 0xef, 0xff, 0xff, 0xff, 0xff,
    0xff, 0xff, 0xff, 0xff, 0xf8, 0x0, 0x0, 0x0,
    0x0, 0x0, 0xa, 0xff, 0xff, 0xff, 0xff, 0xff,
    0xff, 0xff, 0xff, 0xff, 0xff, 0x30, 0x0, 0x0,
    0x0, 0x0, 0x5f, 0xff, 0xd8, 0x88, 0x88, 0x88,
    0x88, 0x88, 0x88, 0x9f, 0xff, 0xd0, 0x0, 0x0,
    0x0, 0x1, 0xef, 0xff, 0x30, 0x0, 0x0, 0x0,
    0x0, 0x0, 0x0, 0xb, 0xff, 0xf8, 0x0, 0x0,
    0x0, 0xa, 0xff, 0xf8, 0x0, 0x0, 0x0, 0x0,
    0x0, 0x0, 0x0, 0x1, 0xef, 0xff, 0x30, 0x0,
    0x0, 0x5f, 0xff, 0xd0, 0x0, 0x0, 0x0, 0x0,
    0x0, 0x0, 0x0, 0x0, 0x5f, 0xff, 0xd0, 0x0,
    0x1, 0xef, 0xff, 0x30, 0x0, 0x0, 0x0, 0x0,
    0x0, 0x0, 0x0, 0x0, 0xb, 0xff, 0xf8, 0x0,
    0xa, 0xff, 0xf8, 0x0, 0x0, 0x0, 0x0, 0x0,
    0x0, 0x0, 0x0, 0x0, 0x1, 0xef, 0xff, 0x30,
    0x5f, 0xff, 0xd0, 0x0, 0x0, 0x0, 0x0, 0x0,
    0x0, 0x0, 0x0, 0x0, 0x0, 0x5f, 0xff, 0xd0,
    0xdf, 0xff, 0xb8, 0x88, 0x88, 0x70, 0x0, 0x0,
    0x0, 0x0, 0x48, 0x88, 0x88, 0x8e, 0xff, 0xf5,
    0xff, 0xff, 0xff, 0xff, 0xff, 0xf6, 0x0, 0x0,
    0x0, 0x0, 0xef, 0xff, 0xff, 0xff, 0xff, 0xf7,
    0xff, 0xff, 0xff, 0xff, 0xff, 0xfe, 0x0, 0x0,
    0x0, 0x7, 0xff, 0xff, 0xff, 0xff, 0xff, 0xf8,
    0xff, 0xff, 0xff, 0xff, 0xff, 0xff, 0x60, 0x0,
    0x0, 0xe, 0xff, 0xff, 0xff, 0xff, 0xff, 0xf8,
    0xff, 0xff, 0xff, 0xff, 0xff, 0xff, 0xff, 0xff,
    0xff, 0xff, 0xff, 0xff, 0xff, 0xff, 0xff, 0xf8,
    0xff, 0xff, 0xff, 0xff, 0xff, 0xff, 0xff, 0xff,
    0xff, 0xff, 0xff, 0xff, 0xff, 0xff, 0xff, 0xf8,
    0xff, 0xff, 0xff, 0xff, 0xff, 0xff, 0xff, 0xff,
    0xff, 0xff, 0xff, 0xff, 0xff, 0xff, 0xff, 0xf8,
    0xff, 0xff, 0xff, 0xff, 0xff, 0xff, 0xff, 0xff,
    0xff, 0xff, 0xff, 0xff, 0xff, 0xff, 0xff, 0xf8,
    0xff, 0xff, 0xff, 0xff, 0xff, 0xff, 0xff, 0xff,
    0xff, 0xff, 0xff, 0xff, 0xff, 0xff, 0xff, 0xf7,
    0xbf, 0xff, 0xff, 0xff, 0xff, 0xff, 0xff, 0xff,
    0xff, 0xff, 0xff, 0xff, 0xff, 0xff, 0xff, 0xf3,
    0x1b, 0xff, 0xff, 0xff, 0xff, 0xff, 0xff, 0xff,
    0xff, 0xff, 0xff, 0xff, 0xff, 0xff, 0xfe, 0x50,

    /* U+F021 "" */
    0x0, 0x0, 0x0, 0x0, 0x0, 0x0, 0x0, 0x0,
    0x0, 0x0, 0x0, 0x0, 0x58, 0x86, 0x0, 0x0,
    0x0, 0x0, 0x4, 0x9d, 0xef, 0xfe, 0xb7, 0x20,
    0x0, 0x0, 0xdf, 0xff, 0x0, 0x0, 0x0, 0x6,
    0xdf, 0xff, 0xff, 0xff, 0xff, 0xfb, 0x30, 0x0,
    0xdf, 0xff, 0x0, 0x0, 0x1, 0xbf, 0xff, 0xff,
    0xff, 0xff, 0xff, 0xff, 0xfa, 0x10, 0xcf, 0xff,
    0x0, 0x0, 0x2e, 0xff, 0xff, 0xff, 0xfe, 0xef,
    0xff, 0xff, 0xff, 0xe3, 0xbf, 0xff, 0x0, 0x2,
    0xef, 0xff, 0xff, 0x94, 0x0, 0x0, 0x4b, 0xff,
    0xff, 0xfe, 0xdf, 0xff, 0x0, 0xd, 0xff, 0xff,
    0xc2, 0x0, 0x0, 0x0, 0x0, 0x3c, 0xff, 0xff,
    0xff, 0xff, 0x0, 0x9f, 0xff, 0xf9, 0x0, 0x0,
    0x0, 0x0, 0x0, 0x0, 0x8f, 0xff, 0xff, 0xff,
    0x2, 0xff, 0xff, 0x90, 0x0, 0x0, 0x0, 0x0,
    0x11, 0x0, 0x8, 0xff, 0xff, 0xff, 0x9, 0xff,
    0xfd, 0x0, 0x0, 0x0, 0x0, 0x3, 0xff, 0xff,
    0xee, 0xff, 0xff, 0xff, 0xe, 0xff, 0xf4, 0x0,
    0x0, 0x0, 0x0, 0x4, 0xff, 0xff, 0xff, 0xff,
    0xff, 0xff, 0x3f, 0xff, 0xe0, 0x0, 0x0, 0x0,
    0x0, 0x4, 0xff, 0xff, 0xff, 0xff, 0xff, 0xff,
    0x2b, 0xcc, 0x60, 0x0, 0x0, 0x0, 0x0, 0x1,
    0xbc, 0xcc, 0xcc, 0xcc, 0xcc, 0xca, 0x0, 0x0,
    0x0, 0x0, 0x0, 0x0, 0x0, 0x0, 0x0, 0x0,
    0x0, 0x0, 0x0, 0x0, 0x0, 0x0, 0x0, 0x0,
    0x0, 0x0, 0x0, 0x0, 0x0, 0x0, 0x0, 0x0,
    0x0, 0x0, 0x0, 0x0, 0x0, 0x0, 0x0, 0x0,
    0x0, 0x0, 0x0, 0x0, 0x0, 0x0, 0x0, 0x0,
    0xac, 0xcc, 0xcc, 0xcc, 0xcc, 0xcb, 0x10, 0x0,
    0x0, 0x0, 0x0, 0x6, 0xbc, 0xb2, 0xff, 0xff,
    0xff, 0xff, 0xff, 0xff, 0x40, 0x0, 0x0, 0x0,
    0x0, 0xe, 0xff, 0xf2, 0xff, 0xff, 0xff, 0xff,
    0xff, 0xff, 0x40, 0x0, 0x0, 0x0, 0x0, 0x5f,
    0xff, 0xe0, 0xff, 0xff, 0xff, 0xee, 0xff, 0xff,
    0x30, 0x0, 0x0, 0x0, 0x0, 0xdf, 0xff, 0x90,
    0xff, 0xff, 0xff, 0x80, 0x0, 0x11, 0x0, 0x0,
    0x0, 0x0, 0xa, 0xff, 0xff, 0x20, 0xff, 0xff,
    0xff, 0xf8, 0x0, 0x0, 0x0, 0x0, 0x0, 0x0,
    0x9f, 0xff, 0xf9, 0x0, 0xff, 0xff, 0xff, 0xff,
    0xb2, 0x0, 0x0, 0x0, 0x0, 0x2c, 0xff, 0xff,
    0xd0, 0x0, 0xff, 0xfd, 0xef, 0xff, 0xff, 0xa4,
    0x0, 0x0, 0x4a, 0xff, 0xff, 0xfe, 0x20, 0x0,
    0xff, 0xfb, 0x3e, 0xff, 0xff, 0xff, 0xfe, 0xef,
    0xff, 0xff, 0xff, 0xe2, 0x0, 0x0, 0xff, 0xfc,
    0x1, 0xaf, 0xff, 0xff, 0xff, 0xff, 0xff, 0xff,
    0xfb, 0x10, 0x0, 0x0, 0xff, 0xfd, 0x0, 0x3,
    0xbf, 0xff, 0xff, 0xff, 0xff, 0xfd, 0x60, 0x0,
    0x0, 0x0, 0xff, 0xfd, 0x0, 0x0, 0x2, 0x7c,
    0xff, 0xff, 0xd9, 0x40, 0x0, 0x0, 0x0, 0x0,
    0x68, 0x85, 0x0, 0x0, 0x0, 0x0, 0x0, 0x0,
    0x0, 0x0, 0x0, 0x0, 0x0, 0x0,

    /* U+F026 "" */
    0x0, 0x0, 0x0, 0x0, 0x0, 0x0, 0x0, 0x0,
    0x0, 0x0, 0x0, 0x0, 0x3, 0xb6, 0x0, 0x0,
    0x0, 0x0, 0x0, 0x3f, 0xff, 0x0, 0x0, 0x0,
    0x0, 0x3, 0xff, 0xff, 0x0, 0x0, 0x0, 0x0,
    0x3f, 0xff, 0xff, 0x0, 0x0, 0x0, 0x3, 0xff,
    0xff, 0xff, 0x38, 0x88, 0x88, 0x8f, 0xff, 0xff,
    0xff, 0xef, 0xff, 0xff, 0xff, 0xff, 0xff, 0xff,
    0xff, 0xff, 0xff, 0xff, 0xff, 0xff, 0xff, 0xff,
    0xff, 0xff, 0xff, 0xff, 0xff, 0xff, 0xff, 0xff,
    0xff, 0xff, 0xff, 0xff, 0xff, 0xff, 0xff, 0xff,
    0xff, 0xff, 0xff, 0xff, 0xff, 0xff, 0xff, 0xff,
    0xff, 0xff, 0xff, 0xff, 0xff, 0xff, 0xff, 0xff,
    0xff, 0xff, 0xff, 0xff, 0xff, 0xff, 0xff, 0xff,
    0xff, 0xff, 0xff, 0xff, 0xff, 0xff, 0xff, 0xff,
    0x9f, 0xff, 0xff, 0xff, 0xff, 0xff, 0xff, 0x0,
    0x0, 0x0, 0x8, 0xff, 0xff, 0xff, 0x0, 0x0,
    0x0, 0x0, 0x8f, 0xff, 0xff, 0x0, 0x0, 0x0,
    0x0, 0x8, 0xff, 0xff, 0x0, 0x0, 0x0, 0x0,
    0x0, 0x8f, 0xff, 0x0, 0x0, 0x0, 0x0, 0x0,
    0x8, 0xfc, 0x0, 0x0, 0x0, 0x0, 0x0, 0x0,
    0x10,

    /* U+F027 "" */
    0x0, 0x0, 0x0, 0x0, 0x0, 0x0, 0x0, 0x0,
    0x0, 0x0, 0x0, 0x0, 0x0, 0x0, 0x0, 0x0,
    0x3b, 0x60, 0x0, 0x0, 0x0, 0x0, 0x0, 0x0,
    0x0, 0x0, 0x3e, 0xff, 0x0, 0x0, 0x0, 0x0,
    0x0, 0x0, 0x0, 0x0, 0x3f, 0xff, 0xf0, 0x0,
    0x0, 0x0, 0x0, 0x0, 0x0, 0x0, 0x3f, 0xff,
    0xff, 0x0, 0x0, 0x0, 0x0, 0x0, 0x0, 0x0,
    0x3f, 0xff, 0xff, 0xf0, 0x0, 0x0, 0x0, 0x38,
    0x88, 0x88, 0x8f, 0xff, 0xff, 0xff, 0x0, 0x0,
    0x0, 0xe, 0xff, 0xff, 0xff, 0xff, 0xff, 0xff,
    0xf0, 0x1, 0xb9, 0x0, 0xff, 0xff, 0xff, 0xff,
    0xff, 0xff, 0xff, 0x0, 0x6f, 0xfc, 0xf, 0xff,
    0xff, 0xff, 0xff, 0xff, 0xff, 0xf0, 0x1, 0xcf,
    0xf7, 0xff, 0xff, 0xff, 0xff, 0xff, 0xff, 0xff,
    0x0, 0x0, 0xef, 0xdf, 0xff, 0xff, 0xff, 0xff,
    0xff, 0xff, 0xf0, 0x0, 0xa, 0xff, 0xff, 0xff,
    0xff, 0xff, 0xff, 0xff, 0xff, 0x0, 0x0, 0xdf,
    0xdf, 0xff, 0xff, 0xff, 0xff, 0xff, 0xff, 0xf0,
    0x0, 0xbf, 0xf8, 0xff, 0xff, 0xff, 0xff, 0xff,
    0xff, 0xff, 0x0, 0x6f, 0xfd, 0xf, 0xff, 0xff,
    0xff, 0xff, 0xff, 0xff, 0xf0, 0x2, 0xdb, 0x10,
    0x9f, 0xff, 0xff, 0xff, 0xff, 0xff, 0xff, 0x0,
    0x0, 0x0, 0x0, 0x0, 0x0, 0x0, 0x9f, 0xff,
    0xff, 0xf0, 0x0, 0x0, 0x0, 0x0, 0x0, 0x0,
    0x0, 0x9f, 0xff, 0xff, 0x0, 0x0, 0x0, 0x0,
    0x0, 0x0, 0x0, 0x0, 0x9f, 0xff, 0xf0, 0x0,
    0x0, 0x0, 0x0, 0x0, 0x0, 0x0, 0x0, 0x9f,
    0xff, 0x0, 0x0, 0x0, 0x0, 0x0, 0x0, 0x0,
    0x0, 0x0, 0x8f, 0xc0, 0x0, 0x0, 0x0, 0x0,
    0x0, 0x0, 0x0, 0x0, 0x0, 0x20, 0x0, 0x0,
    0x0, 0x0,

    /* U+F028 "" */
    0x0, 0x0, 0x0, 0x0, 0x0, 0x0, 0x0, 0x0,
    0x0, 0x0, 0x0, 0x18, 0x50, 0x0, 0x0, 0x0,
    0x0, 0x0, 0x0, 0x0, 0x0, 0x0, 0x0, 0x0,
    0x0, 0x0, 0x0, 0x7f, 0xfa, 0x0, 0x0, 0x0,
    0x0, 0x0, 0x0, 0x0, 0x0, 0x0, 0x0, 0x0,
    0x0, 0x0, 0x0, 0x3f, 0xff, 0xc1, 0x0, 0x0,
    0x0, 0x0, 0x0, 0x0, 0x0, 0x3, 0xb6, 0x0,
    0x0, 0x0, 0x0, 0x2, 0xdf, 0xfc, 0x0, 0x0,
    0x0, 0x0, 0x0, 0x0, 0x0, 0x3f, 0xff, 0x0,
    0x0, 0x0, 0x21, 0x0, 0x1c, 0xff, 0x90, 0x0,
    0x0, 0x0, 0x0, 0x0, 0x3, 0xff, 0xff, 0x0,
    0x0, 0x4, 0xfe, 0x50, 0x1, 0xef, 0xf3, 0x0,
    0x0, 0x0, 0x0, 0x0, 0x3f, 0xff, 0xff, 0x0,
    0x0, 0x5, 0xff, 0xf6, 0x0, 0x4f, 0xfc, 0x0,
    0x0, 0x0, 0x0, 0x3, 0xff, 0xff, 0xff, 0x0,
    0x0, 0x0, 0x7f, 0xff, 0x40, 0xa, 0xff, 0x40,
    0x38, 0x88, 0x88, 0x8f, 0xff, 0xff, 0xff, 0x0,
    0x0, 0x0, 0x5, 0xff, 0xe0, 0x2, 0xff, 0xa0,
    0xef, 0xff, 0xff, 0xff, 0xff, 0xff, 0xff, 0x0,
    0x1c, 0xa1, 0x0, 0x8f, 0xf6, 0x0, 0xcf, 0xf0,
    0xff, 0xff, 0xff, 0xff, 0xff, 0xff, 0xff, 0x0,
    0x6f, 0xfd, 0x0, 0x1f, 0xfc, 0x0, 0x8f, 0xf2,
    0xff, 0xff, 0xff, 0xff, 0xff, 0xff, 0xff, 0x0,
    0x1c, 0xff, 0x80, 0xa, 0xff, 0x0, 0x4f, 0xf5,
    0xff, 0xff, 0xff, 0xff, 0xff, 0xff, 0xff, 0x0,
    0x0, 0xdf, 0xd0, 0x7, 0xff, 0x20, 0x3f, 0xf7,
    0xff, 0xff, 0xff, 0xff, 0xff, 0xff, 0xff, 0x0,
    0x0, 0xaf, 0xf0, 0x6, 0xff, 0x30, 0x2f, 0xf7,
    0xff, 0xff, 0xff, 0xff, 0xff, 0xff, 0xff, 0x0,
    0x0, 0xdf, 0xd0, 0x7, 0xff, 0x20, 0x3f, 0xf7,
    0xff, 0xff, 0xff, 0xff, 0xff, 0xff, 0xff, 0x0,
    0x1c, 0xff, 0x80, 0xa, 0xff, 0x0, 0x4f, 0xf5,
    0xff, 0xff, 0xff, 0xff, 0xff, 0xff, 0xff, 0x0,
    0x6f, 0xfd, 0x0, 0x1f, 0xfc, 0x0, 0x8f, 0xf2,
    0xff, 0xff, 0xff, 0xff, 0xff, 0xff, 0xff, 0x0,
    0x1c, 0xa1, 0x0, 0x9f, 0xf6, 0x0, 0xdf, 0xe0,
    0x9f, 0xff, 0xff, 0xff, 0xff, 0xff, 0xff, 0x0,
    0x0, 0x0, 0x5, 0xff, 0xe0, 0x3, 0xff, 0xa0,
    0x0, 0x0, 0x0, 0x8, 0xff, 0xff, 0xff, 0x0,
    0x0, 0x0, 0x7f, 0xff, 0x40, 0xa, 0xff, 0x40,
    0x0, 0x0, 0x0, 0x0, 0x8f, 0xff, 0xff, 0x0,
    0x0, 0x5, 0xff, 0xf6, 0x0, 0x4f, 0xfc, 0x0,
    0x0, 0x0, 0x0, 0x0, 0x8, 0xff, 0xff, 0x0,
    0x0, 0x4, 0xfe, 0x50, 0x1, 0xef, 0xf3, 0x0,
    0x0, 0x0, 0x0, 0x0, 0x0, 0x8f, 0xff, 0x0,
    0x0, 0x0, 0x21, 0x0, 0x1d, 0xff, 0x90, 0x0,
    0x0, 0x0, 0x0, 0x0, 0x0, 0x8, 0xfc, 0x0,
    0x0, 0x0, 0x0, 0x2, 0xdf, 0xfc, 0x0, 0x0,
    0x0, 0x0, 0x0, 0x0, 0x0, 0x0, 0x10, 0x0,
    0x0, 0x0, 0x0, 0x3f, 0xff, 0xc1, 0x0, 0x0,
    0x0, 0x0, 0x0, 0x0, 0x0, 0x0, 0x0, 0x0,
    0x0, 0x0, 0x0, 0x7f, 0xfa, 0x0, 0x0, 0x0,
    0x0, 0x0, 0x0, 0x0, 0x0, 0x0, 0x0, 0x0,
    0x0, 0x0, 0x0, 0x18, 0x50, 0x0, 0x0, 0x0,

    /* U+F03E "" */
    0x1b, 0xff, 0xff, 0xff, 0xff, 0xff, 0xff, 0xff,
    0xff, 0xff, 0xff, 0xff, 0xff, 0xb1, 0xbf, 0xff,
    0xff, 0xff, 0xff, 0xff, 0xff, 0xff, 0xff, 0xff,
    0xff, 0xff, 0xff, 0xfb, 0xff, 0xff, 0xff, 0xff,
    0xff, 0xff, 0xff, 0xff, 0xff, 0xff, 0xff, 0xff,
    0xff, 0xff, 0xff, 0xff, 0x93, 0x27, 0xff, 0xff,
    0xff, 0xff, 0xff, 0xff, 0xff, 0xff, 0xff, 0xff,
    0xff, 0xf9, 0x0, 0x0, 0x5f, 0xff, 0xff, 0xff,
    0xff, 0xff, 0xff, 0xff, 0xff, 0xff, 0xff, 0xf2,
    0x0, 0x0, 0xe, 0xff, 0xff, 0xff, 0xff, 0xff,
    0xff, 0xff, 0xff, 0xff, 0xff, 0xf2, 0x0, 0x0,
    0xe, 0xff, 0xff, 0xff, 0xff, 0xd8, 0xff, 0xff,
    0xff, 0xff, 0xff, 0xf7, 0x0, 0x0, 0x3f, 0xff,
    0xff, 0xff, 0xfc, 0x10, 0x6f, 0xff, 0xff, 0xff,
    0xff, 0xff, 0x50, 0x3, 0xdf, 0xff, 0xff, 0xff,
    0xc1, 0x0, 0x6, 0xff, 0xff, 0xff, 0xff, 0xff,
    0xfe, 0xef, 0xff, 0xff, 0xff, 0xfc, 0x10, 0x0,
    0x0, 0x6f, 0xff, 0xff, 0xff, 0xff, 0xff, 0xfe,
    0xff, 0xff, 0xff, 0xc1, 0x0, 0x0, 0x0, 0x6,
    0xff, 0xff, 0xff, 0xff, 0xff, 0xc1, 0x3e, 0xff,
    0xfc, 0x10, 0x0, 0x0, 0x0, 0x0, 0x9f, 0xff,
    0xff, 0xff, 0xfc, 0x10, 0x3, 0xef, 0xc1, 0x0,
    0x0, 0x0, 0x0, 0x0, 0x8f, 0xff, 0xff, 0xff,
    0xc1, 0x0, 0x0, 0x3b, 0x10, 0x0, 0x0, 0x0,
    0x0, 0x0, 0x8f, 0xff, 0xff, 0xfd, 0x10, 0x0,
    0x0, 0x0, 0x0, 0x0, 0x0, 0x0, 0x0, 0x0,
    0x8f, 0xff, 0xff, 0xf8, 0x0, 0x0, 0x0, 0x0,
    0x0, 0x0, 0x0, 0x0, 0x0, 0x0, 0x8f, 0xff,
    0xff, 0xf8, 0x0, 0x0, 0x0, 0x0, 0x0, 0x0,
    0x0, 0x0, 0x0, 0x0, 0x8f, 0xff, 0xff, 0xfc,
    0x88, 0x88, 0x88, 0x88, 0x88, 0x88, 0x88, 0x88,
    0x88, 0x88, 0xcf, 0xff, 0xff, 0xff, 0xff, 0xff,
    0xff, 0xff, 0xff, 0xff, 0xff, 0xff, 0xff, 0xff,
    0xff, 0xff, 0xbf, 0xff, 0xff, 0xff, 0xff, 0xff,
    0xff, 0xff, 0xff, 0xff, 0xff, 0xff, 0xff, 0xfb,
    0x1b, 0xff, 0xff, 0xff, 0xff, 0xff, 0xff, 0xff,
    0xff, 0xff, 0xff, 0xff, 0xff, 0xb1,

    /* U+F043 "" */
    0x0, 0x0, 0x0, 0x0, 0x39, 0x50, 0x0, 0x0,
    0x0, 0x0, 0x0, 0x0, 0x0, 0x0, 0xef, 0xf2,
    0x0, 0x0, 0x0, 0x0, 0x0, 0x0, 0x0, 0x4,
    0xff, 0xf8, 0x0, 0x0, 0x0, 0x0, 0x0, 0x0,
    0x0, 0xa, 0xff, 0xfe, 0x0, 0x0, 0x0, 0x0,
    0x0, 0x0, 0x0, 0x1f, 0xff, 0xff, 0x40, 0x0,
    0x0, 0x0, 0x0, 0x0, 0x0, 0x8f, 0xff, 0xff,
    0xc0, 0x0, 0x0, 0x0, 0x0, 0x0, 0x1, 0xff,
    0xff, 0xff, 0xf4, 0x0, 0x0, 0x0, 0x0, 0x0,
    0x8, 0xff, 0xff, 0xff, 0xfc, 0x0, 0x0, 0x0,
    0x0, 0x0, 0x2f, 0xff, 0xff, 0xff, 0xff, 0x60,
    0x0, 0x0, 0x0, 0x0, 0xcf, 0xff, 0xff, 0xff,
    0xff, 0xf1, 0x0, 0x0, 0x0, 0x7, 0xff, 0xff,
    0xff, 0xff, 0xff, 0xfb, 0x0, 0x0, 0x0, 0x3f,
    0xff, 0xff, 0xff, 0xff, 0xff, 0xff, 0x70, 0x0,
    0x0, 0xdf, 0xff, 0xff, 0xff, 0xff, 0xff, 0xff,
    0xf3, 0x0, 0x7, 0xff, 0xff, 0xff, 0xff, 0xff,
    0xff, 0xff, 0xfb, 0x0, 0xe, 0xff, 0xff, 0xff,
    0xff, 0xff, 0xff, 0xff, 0xff, 0x30, 0x6f, 0xff,
    0xff, 0xff, 0xff, 0xff, 0xff, 0xff, 0xff, 0x90,
    0xbf, 0xff, 0xff, 0xff, 0xff, 0xff, 0xff, 0xff,
    0xff, 0xe0, 0xdf, 0xff, 0xff, 0xff, 0xff, 0xff,
    0xff, 0xff, 0xff, 0xf1, 0xff, 0xfa, 0xd, 0xff,
    0xff, 0xff, 0xff, 0xff, 0xff, 0xf3, 0xef, 0xf8,
    0xa, 0xff, 0xff, 0xff, 0xff, 0xff, 0xff, 0xf2,
    0xdf, 0xfc, 0x6, 0xff, 0xff, 0xff, 0xff, 0xff,
    0xff, 0xf1, 0x9f, 0xff, 0x20, 0xcf, 0xff, 0xff,
    0xff, 0xff, 0xff, 0xd0, 0x4f, 0xff, 0xb0, 0x9,
    0xff, 0xff, 0xff, 0xff, 0xff, 0x70, 0xc, 0xff,
    0xfa, 0x0, 0x2, 0xcf, 0xff, 0xff, 0xfe, 0x10,
    0x2, 0xff, 0xff, 0xd6, 0x10, 0xbf, 0xff, 0xff,
    0xf5, 0x0, 0x0, 0x5f, 0xff, 0xff, 0xff, 0xff,
    0xff, 0xff, 0x80, 0x0, 0x0, 0x4, 0xef, 0xff,
    0xff, 0xff, 0xff, 0xf6, 0x0, 0x0, 0x0, 0x0,
    0x18, 0xff, 0xff, 0xff, 0xfa, 0x20, 0x0, 0x0,
    0x0, 0x0, 0x0, 0x4, 0x67, 0x64, 0x0, 0x0,
    0x0, 0x0,

    /* U+F048 "" */
    0x48, 0x88, 0x0, 0x0, 0x0, 0x0, 0x0, 0x7,
    0x70, 0xbf, 0xff, 0x30, 0x0, 0x0, 0x0, 0x0,
    0xbf, 0xf9, 0xbf, 0xff, 0x30, 0x0, 0x0, 0x0,
    0x1c, 0xff, 0xfc, 0xbf, 0xff, 0x30, 0x0, 0x0,
    0x1, 0xdf, 0xff, 0xfc, 0xbf, 0xff, 0x30, 0x0,
    0x0, 0x2e, 0xff, 0xff, 0xfc, 0xbf, 0xff, 0x30,
    0x0, 0x3, 0xef, 0xff, 0xff, 0xfc, 0xbf, 0xff,
    0x30, 0x0, 0x4f, 0xff, 0xff, 0xff, 0xfc, 0xbf,
    0xff, 0x30, 0x4, 0xff, 0xff, 0xff, 0xff, 0xfc,
    0xbf, 0xff, 0x30, 0x6f, 0xff, 0xff, 0xff, 0xff,
    0xfc, 0xbf, 0xff, 0x37, 0xff, 0xff, 0xff, 0xff,
    0xff, 0xfc, 0xbf, 0xff, 0xbf, 0xff, 0xff, 0xff,
    0xff, 0xff, 0xfc, 0xbf, 0xff, 0xff, 0xff, 0xff,
    0xff, 0xff, 0xff, 0xfc, 0xbf, 0xff, 0xff, 0xff,
    0xff, 0xff, 0xff, 0xff, 0xfc, 0xbf, 0xff, 0xff,
    0xff, 0xff, 0xff, 0xff, 0xff, 0xfc, 0xbf, 0xff,
    0xff, 0xff, 0xff, 0xff, 0xff, 0xff, 0xfc, 0xbf,
    0xff, 0x5d, 0xff, 0xff, 0xff, 0xff, 0xff, 0xfc,
    0xbf, 0xff, 0x31, 0xcf, 0xff, 0xff, 0xff, 0xff,
    0xfc, 0xbf, 0xff, 0x30, 0xb, 0xff, 0xff, 0xff,
    0xff, 0xfc, 0xbf, 0xff, 0x30, 0x0, 0xaf, 0xff,
    0xff, 0xff, 0xfc, 0xbf, 0xff, 0x30, 0x0, 0x9,
    0xff, 0xff, 0xff, 0xfc, 0xbf, 0xff, 0x30, 0x0,
    0x0, 0x7f, 0xff, 0xff, 0xfc, 0xbf, 0xff, 0x30,
    0x0, 0x0, 0x6, 0xff, 0xff, 0xfc, 0xbf, 0xff,
    0x30, 0x0, 0x0, 0x0, 0x5f, 0xff, 0xfc, 0xbf,
    0xff, 0x30, 0x0, 0x0, 0x0, 0x4, 0xff, 0xfb,
    0x9f, 0xfe, 0x20, 0x0, 0x0, 0x0, 0x0, 0x3d,
    0xd3, 0x0, 0x0, 0x0, 0x0, 0x0, 0x0, 0x0,
    0x0, 0x0,

    /* U+F04B "" */
    0x3, 0x75, 0x0, 0x0, 0x0, 0x0, 0x0, 0x0,
    0x0, 0x0, 0x0, 0x0, 0x7, 0xff, 0xfc, 0x30,
    0x0, 0x0, 0x0, 0x0, 0x0, 0x0, 0x0, 0x0,
    0x0, 0xef, 0xff, 0xff, 0x91, 0x0, 0x0, 0x0,
    0x0, 0x0, 0x0, 0x0, 0x0, 0xf, 0xff, 0xff,
    0xff, 0xe6, 0x0, 0x0, 0x0, 0x0, 0x0, 0x0,
    0x0, 0x0, 0xff, 0xff, 0xff, 0xff, 0xfd, 0x30,
    0x0, 0x0, 0x0, 0x0, 0x0, 0x0, 0xf, 0xff,
    0xff, 0xff, 0xff, 0xff, 0xa1, 0x0, 0x0, 0x0,
    0x0, 0x0, 0x0, 0xff, 0xff, 0xff, 0xff, 0xff,
    0xff, 0xf7, 0x0, 0x0, 0x0, 0x0, 0x0, 0xf,
    0xff, 0xff, 0xff, 0xff, 0xff, 0xff, 0xfd, 0x40,
    0x0, 0x0, 0x0, 0x0, 0xff, 0xff, 0xff, 0xff,
    0xff, 0xff, 0xff, 0xff, 0xb2, 0x0, 0x0, 0x0,
    0xf, 0xff, 0xff, 0xff, 0xff, 0xff, 0xff, 0xff,
    0xff, 0xf8, 0x0, 0x0, 0x0, 0xff, 0xff, 0xff,
    0xff, 0xff, 0xff, 0xff, 0xff, 0xff, 0xfe, 0x50,
    0x0, 0xf, 0xff, 0xff, 0xff, 0xff, 0xff, 0xff,
    0xff, 0xff, 0xff, 0xff, 0xb2, 0x0, 0xff, 0xff,
    0xff, 0xff, 0xff, 0xff, 0xff, 0xff, 0xff, 0xff,
    0xff, 0xf7, 0xf, 0xff, 0xff, 0xff, 0xff, 0xff,
    0xff, 0xff, 0xff, 0xff, 0xff, 0xff, 0xf4, 0xff,
    0xff, 0xff, 0xff, 0xff, 0xff, 0xff, 0xff, 0xff,
    0xff, 0xff, 0xff, 0x7f, 0xff, 0xff, 0xff, 0xff,
    0xff, 0xff, 0xff, 0xff, 0xff, 0xff, 0xff, 0xf4,
    0xff, 0xff, 0xff, 0xff, 0xff, 0xff, 0xff, 0xff,
    0xff, 0xff, 0xff, 0xf7, 0xf, 0xff, 0xff, 0xff,
    0xff, 0xff, 0xff, 0xff, 0xff, 0xff, 0xff, 0xb2,
    0x0, 0xff, 0xff, 0xff, 0xff, 0xff, 0xff, 0xff,
    0xff, 0xff, 0xfe, 0x50, 0x0, 0xf, 0xff, 0xff,
    0xff, 0xff, 0xff, 0xff, 0xff, 0xff, 0xf8, 0x0,
    0x0, 0x0, 0xff, 0xff, 0xff, 0xff, 0xff, 0xff,
    0xff, 0xff, 0xb2, 0x0, 0x0, 0x0, 0xf, 0xff,
    0xff, 0xff, 0xff, 0xff, 0xff, 0xfd, 0x40, 0x0,
    0x0, 0x0, 0x0, 0xff, 0xff, 0xff, 0xff, 0xff,
    0xff, 0xf7, 0x0, 0x0, 0x0, 0x0, 0x0, 0xf,
    0xff, 0xff, 0xff, 0xff, 0xff, 0xa1, 0x0, 0x0,
    0x0, 0x0, 0x0, 0x0, 0xff, 0xff, 0xff, 0xff,
    0xfd, 0x30, 0x0, 0x0, 0x0, 0x0, 0x0, 0x0,
    0xf, 0xff, 0xff, 0xff, 0xe6, 0x0, 0x0, 0x0,
    0x0, 0x0, 0x0, 0x0, 0x0, 0xef, 0xff, 0xff,
    0x91, 0x0, 0x0, 0x0, 0x0, 0x0, 0x0, 0x0,
    0x0, 0x6, 0xff, 0xfc, 0x30, 0x0, 0x0, 0x0,
    0x0, 0x0, 0x0, 0x0, 0x0, 0x0, 0x3, 0x74,
    0x0, 0x0, 0x0, 0x0, 0x0, 0x0, 0x0, 0x0,
    0x0, 0x0, 0x0,

    /* U+F04C "" */
    0x1a, 0xef, 0xff, 0xff, 0xd5, 0x0, 0x0, 0x1a,
    0xef, 0xff, 0xff, 0xd5, 0xa, 0xff, 0xff, 0xff,
    0xff, 0xf2, 0x0, 0xa, 0xff, 0xff, 0xff, 0xff,
    0xf2, 0xff, 0xff, 0xff, 0xff, 0xff, 0x70, 0x0,
    0xff, 0xff, 0xff, 0xff, 0xff, 0x7f, 0xff, 0xff,
    0xff, 0xff, 0xf8, 0x0, 0xf, 0xff, 0xff, 0xff,
    0xff, 0xf8, 0xff, 0xff, 0xff, 0xff, 0xff, 0x80,
    0x0, 0xff, 0xff, 0xff, 0xff, 0xff, 0x8f, 0xff,
    0xff, 0xff, 0xff, 0xf8, 0x0, 0xf, 0xff, 0xff,
    0xff, 0xff, 0xf8, 0xff, 0xff, 0xff, 0xff, 0xff,
    0x80, 0x0, 0xff, 0xff, 0xff, 0xff, 0xff, 0x8f,
    0xff, 0xff, 0xff, 0xff, 0xf8, 0x0, 0xf, 0xff,
    0xff, 0xff, 0xff, 0xf8, 0xff, 0xff, 0xff, 0xff,
    0xff, 0x80, 0x0, 0xff, 0xff, 0xff, 0xff, 0xff,
    0x8f, 0xff, 0xff, 0xff, 0xff, 0xf8, 0x0, 0xf,
    0xff, 0xff, 0xff, 0xff, 0xf8, 0xff, 0xff, 0xff,
    0xff, 0xff, 0x80, 0x0, 0xff, 0xff, 0xff, 0xff,
    0xff, 0x8f, 0xff, 0xff, 0xff, 0xff, 0xf8, 0x0,
    0xf, 0xff, 0xff, 0xff, 0xff, 0xf8, 0xff, 0xff,
    0xff, 0xff, 0xff, 0x80, 0x0, 0xff, 0xff, 0xff,
    0xff, 0xff, 0x8f, 0xff, 0xff, 0xff, 0xff, 0xf8,
    0x0, 0xf, 0xff, 0xff, 0xff, 0xff, 0xf8, 0xff,
    0xff, 0xff, 0xff, 0xff, 0x80, 0x0, 0xff, 0xff,
    0xff, 0xff, 0xff, 0x8f, 0xff, 0xff, 0xff, 0xff,
    0xf8, 0x0, 0xf, 0xff, 0xff, 0xff, 0xff, 0xf8,
    0xff, 0xff, 0xff, 0xff, 0xff, 0x80, 0x0, 0xff,
    0xff, 0xff, 0xff, 0xff, 0x8f, 0xff, 0xff, 0xff,
    0xff, 0xf8, 0x0, 0xf, 0xff, 0xff, 0xff, 0xff,
    0xf8, 0xff, 0xff, 0xff, 0xff, 0xff, 0x80, 0x0,
    0xff, 0xff, 0xff, 0xff, 0xff, 0x8f, 0xff, 0xff,
    0xff, 0xff, 0xf8, 0x0, 0xf, 0xff, 0xff, 0xff,
    0xff, 0xf8, 0xff, 0xff, 0xff, 0xff, 0xff, 0x80,
    0x0, 0xff, 0xff, 0xff, 0xff, 0xff, 0x8f, 0xff,
    0xff, 0xff, 0xff, 0xf7, 0x0, 0xf, 0xff, 0xff,
    0xff, 0xff, 0xf7, 0xef, 0xff, 0xff, 0xff, 0xff,
    0x60, 0x0, 0xef, 0xff, 0xff, 0xff, 0xff, 0x66,
    0xff, 0xff, 0xff, 0xff, 0xd0, 0x0, 0x6, 0xff,
    0xff, 0xff, 0xff, 0xd0, 0x4, 0x89, 0x99, 0x98,
    0x71, 0x0, 0x0, 0x4, 0x89, 0x99, 0x98, 0x71,
    0x0,

    /* U+F04D "" */
    0x3, 0x88, 0x88, 0x88, 0x88, 0x88, 0x88, 0x88,
    0x88, 0x88, 0x88, 0x60, 0x6, 0xff, 0xff, 0xff,
    0xff, 0xff, 0xff, 0xff, 0xff, 0xff, 0xff, 0xff,
    0xd0, 0xef, 0xff, 0xff, 0xff, 0xff, 0xff, 0xff,
    0xff, 0xff, 0xff, 0xff, 0xff, 0x6f, 0xff, 0xff,
    0xff, 0xff, 0xff, 0xff, 0xff, 0xff, 0xff, 0xff,
    0xff, 0xf7, 0xff, 0xff, 0xff, 0xff, 0xff, 0xff,
    0xff, 0xff, 0xff, 0xff, 0xff, 0xff, 0x8f, 0xff,
    0xff, 0xff, 0xff, 0xff, 0xff, 0xff, 0xff, 0xff,
    0xff, 0xff, 0xf8, 0xff, 0xff, 0xff, 0xff, 0xff,
    0xff, 0xff, 0xff, 0xff, 0xff, 0xff, 0xff, 0x8f,
    0xff, 0xff, 0xff, 0xff, 0xff, 0xff, 0xff, 0xff,
    0xff, 0xff, 0xff, 0xf8, 0xff, 0xff, 0xff, 0xff,
    0xff, 0xff, 0xff, 0xff, 0xff, 0xff, 0xff, 0xff,
    0x8f, 0xff, 0xff, 0xff, 0xff, 0xff, 0xff, 0xff,
    0xff, 0xff, 0xff, 0xff, 0xf8, 0xff, 0xff, 0xff,
    0xff, 0xff, 0xff, 0xff, 0xff, 0xff, 0xff, 0xff,
    0xff, 0x8f, 0xff, 0xff, 0xff, 0xff, 0xff, 0xff,
    0xff, 0xff, 0xff, 0xff, 0xff, 0xf8, 0xff, 0xff,
    0xff, 0xff, 0xff, 0xff, 0xff, 0xff, 0xff, 0xff,
    0xff, 0xff, 0x8f, 0xff, 0xff, 0xff, 0xff, 0xff,
    0xff, 0xff, 0xff, 0xff, 0xff, 0xff, 0xf8, 0xff,
    0xff, 0xff, 0xff, 0xff, 0xff, 0xff, 0xff, 0xff,
    0xff, 0xff, 0xff, 0x8f, 0xff, 0xff, 0xff, 0xff,
    0xff, 0xff, 0xff, 0xff, 0xff, 0xff, 0xff, 0xf8,
    0xff, 0xff, 0xff, 0xff, 0xff, 0xff, 0xff, 0xff,
    0xff, 0xff, 0xff, 0xff, 0x8f, 0xff, 0xff, 0xff,
    0xff, 0xff, 0xff, 0xff, 0xff, 0xff, 0xff, 0xff,
    0xf8, 0xff, 0xff, 0xff, 0xff, 0xff, 0xff, 0xff,
    0xff, 0xff, 0xff, 0xff, 0xff, 0x8f, 0xff, 0xff,
    0xff, 0xff, 0xff, 0xff, 0xff, 0xff, 0xff, 0xff,
    0xff, 0xf8, 0xff, 0xff, 0xff, 0xff, 0xff, 0xff,
    0xff, 0xff, 0xff, 0xff, 0xff, 0xff, 0x8f, 0xff,
    0xff, 0xff, 0xff, 0xff, 0xff, 0xff, 0xff, 0xff,
    0xff, 0xff, 0xf8, 0xff, 0xff, 0xff, 0xff, 0xff,
    0xff, 0xff, 0xff, 0xff, 0xff, 0xff, 0xff, 0x7a,
    0xff, 0xff, 0xff, 0xff, 0xff, 0xff, 0xff, 0xff,
    0xff, 0xff, 0xff, 0xf2, 0x1a, 0xef, 0xff, 0xff,
    0xff, 0xff, 0xff, 0xff, 0xff, 0xff, 0xff, 0xd5,
    0x0,

    /* U+F051 "" */
    0x5, 0x81, 0x0, 0x0, 0x0, 0x0, 0x0, 0x68,
    0x87, 0x5f, 0xfe, 0x20, 0x0, 0x0, 0x0, 0x0,
    0xef, 0xff, 0x7f, 0xff, 0xe3, 0x0, 0x0, 0x0,
    0x0, 0xff, 0xff, 0x8f, 0xff, 0xff, 0x40, 0x0,
    0x0, 0x0, 0xff, 0xff, 0x8f, 0xff, 0xff, 0xf5,
    0x0, 0x0, 0x0, 0xff, 0xff, 0x8f, 0xff, 0xff,
    0xff, 0x60, 0x0, 0x0, 0xff, 0xff, 0x8f, 0xff,
    0xff, 0xff, 0xf8, 0x0, 0x0, 0xff, 0xff, 0x8f,
    0xff, 0xff, 0xff, 0xff, 0x90, 0x0, 0xff, 0xff,
    0x8f, 0xff, 0xff, 0xff, 0xff, 0xfa, 0x0, 0xff,
    0xff, 0x8f, 0xff, 0xff, 0xff, 0xff, 0xff, 0xb0,
    0xff, 0xff, 0x8f, 0xff, 0xff, 0xff, 0xff, 0xff,
    0xfc, 0xff, 0xff, 0x8f, 0xff, 0xff, 0xff, 0xff,
    0xff, 0xff, 0xff, 0xff, 0x8f, 0xff, 0xff, 0xff,
    0xff, 0xff, 0xff, 0xff, 0xff, 0x8f, 0xff, 0xff,
    0xff, 0xff, 0xff, 0xff, 0xff, 0xff, 0x8f, 0xff,
    0xff, 0xff, 0xff, 0xff, 0xff, 0xff, 0xff, 0x8f,
    0xff, 0xff, 0xff, 0xff, 0xff, 0xe3, 0xff, 0xff,
    0x8f, 0xff, 0xff, 0xff, 0xff, 0xfe, 0x20, 0xff,
    0xff, 0x8f, 0xff, 0xff, 0xff, 0xff, 0xd2, 0x0,
    0xff, 0xff, 0x8f, 0xff, 0xff, 0xff, 0xfd, 0x10,
    0x0, 0xff, 0xff, 0x8f, 0xff, 0xff, 0xff, 0xc1,
    0x0, 0x0, 0xff, 0xff, 0x8f, 0xff, 0xff, 0xfb,
    0x0, 0x0, 0x0, 0xff, 0xff, 0x8f, 0xff, 0xff,
    0xa0, 0x0, 0x0, 0x0, 0xff, 0xff, 0x8f, 0xff,
    0xf9, 0x0, 0x0, 0x0, 0x0, 0xff, 0xff, 0x7f,
    0xff, 0x80, 0x0, 0x0, 0x0, 0x0, 0xff, 0xff,
    0x1c, 0xf6, 0x0, 0x0, 0x0, 0x0, 0x0, 0xcf,
    0xfd, 0x0, 0x0, 0x0, 0x0, 0x0, 0x0, 0x0,
    0x0, 0x0,

    /* U+F052 "" */
    0x0, 0x0, 0x0, 0x0, 0x0, 0x1, 0x9a, 0x50,
    0x0, 0x0, 0x0, 0x0, 0x0, 0x0, 0x0, 0x0,
    0x0, 0x0, 0x1e, 0xff, 0xf8, 0x0, 0x0, 0x0,
    0x0, 0x0, 0x0, 0x0, 0x0, 0x0, 0x1, 0xdf,
    0xff, 0xff, 0x60, 0x0, 0x0, 0x0, 0x0, 0x0,
    0x0, 0x0, 0x0, 0xc, 0xff, 0xff, 0xff, 0xf5,
    0x0, 0x0, 0x0, 0x0, 0x0, 0x0, 0x0, 0x0,
    0xbf, 0xff, 0xff, 0xff, 0xff, 0x40, 0x0, 0x0,
    0x0, 0x0, 0x0, 0x0, 0xa, 0xff, 0xff, 0xff,
    0xff, 0xff, 0xf3, 0x0, 0x0, 0x0, 0x0, 0x0,
    0x0, 0x9f, 0xff, 0xff, 0xff, 0xff, 0xff, 0xfe,
    0x20, 0x0, 0x0, 0x0, 0x0, 0x8, 0xff, 0xff,
    0xff, 0xff, 0xff, 0xff, 0xff, 0xe1, 0x0, 0x0,
    0x0, 0x0, 0x6f, 0xff, 0xff, 0xff, 0xff, 0xff,
    0xff, 0xff, 0xfd, 0x10, 0x0, 0x0, 0x5, 0xff,
    0xff, 0xff, 0xff, 0xff, 0xff, 0xff, 0xff, 0xff,
    0xc0, 0x0, 0x0, 0x4f, 0xff, 0xff, 0xff, 0xff,
    0xff, 0xff, 0xff, 0xff, 0xff, 0xfb, 0x0, 0x3,
    0xff, 0xff, 0xff, 0xff, 0xff, 0xff, 0xff, 0xff,
    0xff, 0xff, 0xff, 0xa0, 0xc, 0xff, 0xff, 0xff,
    0xff, 0xff, 0xff, 0xff, 0xff, 0xff, 0xff, 0xff,
    0xf5, 0xf, 0xff, 0xff, 0xff, 0xff, 0xff, 0xff,
    0xff, 0xff, 0xff, 0xff, 0xff, 0xf7, 0xa, 0xff,
    0xff, 0xff, 0xff, 0xff, 0xff, 0xff, 0xff, 0xff,
    0xff, 0xff, 0xf3, 0x1, 0xbf, 0xff, 0xff, 0xff,
    0xff, 0xff, 0xff, 0xff, 0xff, 0xff, 0xfe, 0x60,
    0x0, 0x0, 0x0, 0x0, 0x0, 0x0, 0x0, 0x0,
    0x0, 0x0, 0x0, 0x0, 0x0, 0x0, 0x0, 0x0,
    0x0, 0x0, 0x0, 0x0, 0x0, 0x0, 0x0, 0x0,
    0x0, 0x0, 0x6, 0xff, 0xff, 0xff, 0xff, 0xff,
    0xff, 0xff, 0xff, 0xff, 0xff, 0xff, 0xd1, 0xf,
    0xff, 0xff, 0xff, 0xff, 0xff, 0xff, 0xff, 0xff,
    0xff, 0xff, 0xff, 0xf7, 0xf, 0xff, 0xff, 0xff,
    0xff, 0xff, 0xff, 0xff, 0xff, 0xff, 0xff, 0xff,
    0xf8, 0xf, 0xff, 0xff, 0xff, 0xff, 0xff, 0xff,
    0xff, 0xff, 0xff, 0xff, 0xff, 0xf8, 0xf, 0xff,
    0xff, 0xff, 0xff, 0xff, 0xff, 0xff, 0xff, 0xff,
    0xff, 0xff, 0xf8, 0xe, 0xff, 0xff, 0xff, 0xff,
    0xff, 0xff, 0xff, 0xff, 0xff, 0xff, 0xff, 0xf6,
    0x5, 0xef, 0xff, 0xff, 0xff, 0xff, 0xff, 0xff,
    0xff, 0xff, 0xff, 0xff, 0xb0,

    /* U+F053 "" */
    0x0, 0x0, 0x0, 0x0, 0x0, 0x3, 0x93, 0x0,
    0x0, 0x0, 0x0, 0x0, 0x0, 0x4f, 0xff, 0x30,
    0x0, 0x0, 0x0, 0x0, 0x4, 0xff, 0xff, 0xe0,
    0x0, 0x0, 0x0, 0x0, 0x4f, 0xff, 0xff, 0xc0,
    0x0, 0x0, 0x0, 0x4, 0xff, 0xff, 0xfd, 0x10,
    0x0, 0x0, 0x0, 0x4f, 0xff, 0xff, 0xd1, 0x0,
    0x0, 0x0, 0x4, 0xff, 0xff, 0xfd, 0x10, 0x0,
    0x0, 0x0, 0x4f, 0xff, 0xff, 0xd1, 0x0, 0x0,
    0x0, 0x4, 0xff, 0xff, 0xfd, 0x10, 0x0, 0x0,
    0x0, 0x4f, 0xff, 0xff, 0xd1, 0x0, 0x0, 0x0,
    0x4, 0xff, 0xff, 0xfd, 0x10, 0x0, 0x0, 0x0,
    0x3f, 0xff, 0xff, 0xd1, 0x0, 0x0, 0x0, 0x0,
    0x7f, 0xff, 0xff, 0x70, 0x0, 0x0, 0x0, 0x0,
    0xb, 0xff, 0xff, 0xf6, 0x0, 0x0, 0x0, 0x0,
    0x0, 0xbf, 0xff, 0xff, 0x60, 0x0, 0x0, 0x0,
    0x0, 0xb, 0xff, 0xff, 0xf6, 0x0, 0x0, 0x0,
    0x0, 0x0, 0xbf, 0xff, 0xff, 0x60, 0x0, 0x0,
    0x0, 0x0, 0xb, 0xff, 0xff, 0xf6, 0x0, 0x0,
    0x0, 0x0, 0x0, 0xbf, 0xff, 0xff, 0x60, 0x0,
    0x0, 0x0, 0x0, 0xc, 0xff, 0xff, 0xf6, 0x0,
    0x0, 0x0, 0x0, 0x0, 0xcf, 0xff, 0xff, 0x60,
    0x0, 0x0, 0x0, 0x0, 0xc, 0xff, 0xff, 0xf0,
    0x0, 0x0, 0x0, 0x0, 0x0, 0xcf, 0xff, 0xa0,
    0x0, 0x0, 0x0, 0x0, 0x0, 0xb, 0xfa, 0x0,
    0x0, 0x0, 0x0, 0x0, 0x0, 0x0, 0x20, 0x0,

    /* U+F054 "" */
    0x0, 0x78, 0x0, 0x0, 0x0, 0x0, 0x0, 0x0,
    0xa, 0xff, 0xb0, 0x0, 0x0, 0x0, 0x0, 0x0,
    0x6f, 0xff, 0xfb, 0x0, 0x0, 0x0, 0x0, 0x0,
    0x4f, 0xff, 0xff, 0xb0, 0x0, 0x0, 0x0, 0x0,
    0x7, 0xff, 0xff, 0xfb, 0x0, 0x0, 0x0, 0x0,
    0x0, 0x7f, 0xff, 0xff, 0xb0, 0x0, 0x0, 0x0,
    0x0, 0x7, 0xff, 0xff, 0xfb, 0x0, 0x0, 0x0,
    0x0, 0x0, 0x7f, 0xff, 0xff, 0xb0, 0x0, 0x0,
    0x0, 0x0, 0x7, 0xff, 0xff, 0xfb, 0x0, 0x0,
    0x0, 0x0, 0x0, 0x7f, 0xff, 0xff, 0xb0, 0x0,
    0x0, 0x0, 0x0, 0x7, 0xff, 0xff, 0xfb, 0x0,
    0x0, 0x0, 0x0, 0x0, 0x7f, 0xff, 0xff, 0xa0,
    0x0, 0x0, 0x0, 0x0, 0x1e, 0xff, 0xff, 0xf0,
    0x0, 0x0, 0x0, 0x1, 0xcf, 0xff, 0xff, 0x50,
    0x0, 0x0, 0x0, 0x1c, 0xff, 0xff, 0xf5, 0x0,
    0x0, 0x0, 0x1, 0xcf, 0xff, 0xff, 0x50, 0x0,
    0x0, 0x0, 0x1c, 0xff, 0xff, 0xf5, 0x0, 0x0,
    0x0, 0x1, 0xcf, 0xff, 0xff, 0x50, 0x0, 0x0,
    0x0, 0x1c, 0xff, 0xff, 0xf5, 0x0, 0x0, 0x0,
    0x1, 0xdf, 0xff, 0xff, 0x50, 0x0, 0x0, 0x0,
    0x1d, 0xff, 0xff, 0xf5, 0x0, 0x0, 0x0, 0x0,
    0x7f, 0xff, 0xff, 0x50, 0x0, 0x0, 0x0, 0x0,
    0x2f, 0xff, 0xf5, 0x0, 0x0, 0x0, 0x0, 0x0,
    0x3, 0xff, 0x50, 0x0, 0x0, 0x0, 0x0, 0x0,
    0x0, 0x11, 0x0, 0x0, 0x0, 0x0, 0x0, 0x0,

    /* U+F067 "" */
    0x0, 0x0, 0x0, 0x0, 0x0, 0x5a, 0xa8, 0x10,
    0x0, 0x0, 0x0, 0x0, 0x0, 0x0, 0x0, 0x0,
    0x0, 0x3f, 0xff, 0xfb, 0x0, 0x0, 0x0, 0x0,
    0x0, 0x0, 0x0, 0x0, 0x0, 0x5, 0xff, 0xff,
    0xd0, 0x0, 0x0, 0x0, 0x0, 0x0, 0x0, 0x0,
    0x0, 0x0, 0x6f, 0xff, 0xfe, 0x0, 0x0, 0x0,
    0x0, 0x0, 0x0, 0x0, 0x0, 0x0, 0x6, 0xff,
    0xff, 0xe0, 0x0, 0x0, 0x0, 0x0, 0x0, 0x0,
    0x0, 0x0, 0x0, 0x6f, 0xff, 0xfe, 0x0, 0x0,
    0x0, 0x0, 0x0, 0x0, 0x0, 0x0, 0x0, 0x6,
    0xff, 0xff, 0xe0, 0x0, 0x0, 0x0, 0x0, 0x0,
    0x0, 0x0, 0x0, 0x0, 0x6f, 0xff, 0xfe, 0x0,
    0x0, 0x0, 0x0, 0x0, 0x0, 0x0, 0x0, 0x0,
    0x6, 0xff, 0xff, 0xe0, 0x0, 0x0, 0x0, 0x0,
    0x0, 0x0, 0x0, 0x0, 0x0, 0x6f, 0xff, 0xfe,
    0x0, 0x0, 0x0, 0x0, 0x0, 0x6f, 0xff, 0xff,
    0xff, 0xff, 0xff, 0xff, 0xff, 0xff, 0xff, 0xff,
    0xfc, 0x1f, 0xff, 0xff, 0xff, 0xff, 0xff, 0xff,
    0xff, 0xff, 0xff, 0xff, 0xff, 0xf7, 0xff, 0xff,
    0xff, 0xff, 0xff, 0xff, 0xff, 0xff, 0xff, 0xff,
    0xff, 0xff, 0x8f, 0xff, 0xff, 0xff, 0xff, 0xff,
    0xff, 0xff, 0xff, 0xff, 0xff, 0xff, 0xf7, 0x9f,
    0xff, 0xff, 0xff, 0xff, 0xff, 0xff, 0xff, 0xff,
    0xff, 0xff, 0xfe, 0x20, 0x23, 0x33, 0x33, 0x33,
    0x8f, 0xff, 0xfe, 0x33, 0x33, 0x33, 0x33, 0x10,
    0x0, 0x0, 0x0, 0x0, 0x6, 0xff, 0xff, 0xe0,
    0x0, 0x0, 0x0, 0x0, 0x0, 0x0, 0x0, 0x0,
    0x0, 0x6f, 0xff, 0xfe, 0x0, 0x0, 0x0, 0x0,
    0x0, 0x0, 0x0, 0x0, 0x0, 0x6, 0xff, 0xff,
    0xe0, 0x0, 0x0, 0x0, 0x0, 0x0, 0x0, 0x0,
    0x0, 0x0, 0x6f, 0xff, 0xfe, 0x0, 0x0, 0x0,
    0x0, 0x0, 0x0, 0x0, 0x0, 0x0, 0x6, 0xff,
    0xff, 0xe0, 0x0, 0x0, 0x0, 0x0, 0x0, 0x0,
    0x0, 0x0, 0x0, 0x6f, 0xff, 0xfe, 0x0, 0x0,
    0x0, 0x0, 0x0, 0x0, 0x0, 0x0, 0x0, 0x6,
    0xff, 0xff, 0xe0, 0x0, 0x0, 0x0, 0x0, 0x0,
    0x0, 0x0, 0x0, 0x0, 0x4f, 0xff, 0xfc, 0x0,
    0x0, 0x0, 0x0, 0x0, 0x0, 0x0, 0x0, 0x0,
    0x0, 0x8d, 0xdc, 0x30, 0x0, 0x0, 0x0, 0x0,
    0x0,

    /* U+F068 "" */
    0x1, 0x22, 0x22, 0x22, 0x22, 0x22, 0x22, 0x22,
    0x22, 0x22, 0x22, 0x10, 0x8, 0xff, 0xff, 0xff,
    0xff, 0xff, 0xff, 0xff, 0xff, 0xff, 0xff, 0xff,
    0xe1, 0xff, 0xff, 0xff, 0xff, 0xff, 0xff, 0xff,
    0xff, 0xff, 0xff, 0xff, 0xff, 0x7f, 0xff, 0xff,
    0xff, 0xff, 0xff, 0xff, 0xff, 0xff, 0xff, 0xff,
    0xff, 0xf8, 0xff, 0xff, 0xff, 0xff, 0xff, 0xff,
    0xff, 0xff, 0xff, 0xff, 0xff, 0xff, 0x77, 0xff,
    0xff, 0xff, 0xff, 0xff, 0xff, 0xff, 0xff, 0xff,
    0xff, 0xff, 0xe1, 0x1, 0x22, 0x22, 0x22, 0x22,
    0x22, 0x22, 0x22, 0x22, 0x22, 0x22, 0x10, 0x0,

    /* U+F06E "" */
    0x0, 0x0, 0x0, 0x0, 0x0, 0x26, 0xad, 0xef,
    0xfe, 0xc9, 0x50, 0x0, 0x0, 0x0, 0x0, 0x0,
    0x0, 0x0, 0x0, 0x0, 0x5c, 0xff, 0xff, 0xff,
    0xff, 0xff, 0xff, 0xa2, 0x0, 0x0, 0x0, 0x0,
    0x0, 0x0, 0x0, 0x3c, 0xff, 0xff, 0xff, 0xba,
    0xbd, 0xff, 0xff, 0xff, 0x91, 0x0, 0x0, 0x0,
    0x0, 0x0, 0x8, 0xff, 0xff, 0xfd, 0x50, 0x0,
    0x0, 0x18, 0xff, 0xff, 0xfe, 0x40, 0x0, 0x0,
    0x0, 0x0, 0xbf, 0xff, 0xff, 0xa0, 0x0, 0x0,
    0x0, 0x0, 0x3e, 0xff, 0xff, 0xf6, 0x0, 0x0,
    0x0, 0xc, 0xff, 0xff, 0xfb, 0x0, 0x0, 0x39,
    0x95, 0x0, 0x2, 0xef, 0xff, 0xff, 0x70, 0x0,
    0x0, 0xaf, 0xff, 0xff, 0xe0, 0x0, 0x0, 0x3f,
    0xff, 0xd2, 0x0, 0x5f, 0xff, 0xff, 0xf5, 0x0,
    0x7, 0xff, 0xff, 0xff, 0x70, 0x0, 0x0, 0x3f,
    0xff, 0xfe, 0x10, 0xd, 0xff, 0xff, 0xff, 0x20,
    0x2f, 0xff, 0xff, 0xff, 0x20, 0x0, 0x0, 0xaf,
    0xff, 0xff, 0x80, 0x8, 0xff, 0xff, 0xff, 0xc0,
    0xbf, 0xff, 0xff, 0xff, 0x0, 0x48, 0x6b, 0xff,
    0xff, 0xff, 0xd0, 0x5, 0xff, 0xff, 0xff, 0xf5,
    0xff, 0xff, 0xff, 0xfe, 0x0, 0x7f, 0xff, 0xff,
    0xff, 0xff, 0xf0, 0x4, 0xff, 0xff, 0xff, 0xf9,
    0xbf, 0xff, 0xff, 0xff, 0x0, 0x6f, 0xff, 0xff,
    0xff, 0xff, 0xe0, 0x5, 0xff, 0xff, 0xff, 0xf5,
    0x1f, 0xff, 0xff, 0xff, 0x20, 0x1f, 0xff, 0xff,
    0xff, 0xff, 0x90, 0x8, 0xff, 0xff, 0xff, 0xc0,
    0x6, 0xff, 0xff, 0xff, 0x70, 0x8, 0xff, 0xff,
    0xff, 0xff, 0x20, 0xd, 0xff, 0xff, 0xff, 0x20,
    0x0, 0xaf, 0xff, 0xff, 0xe0, 0x0, 0xaf, 0xff,
    0xff, 0xf4, 0x0, 0x5f, 0xff, 0xff, 0xf5, 0x0,
    0x0, 0xb, 0xff, 0xff, 0xfb, 0x0, 0x4, 0xad,
    0xc8, 0x10, 0x2, 0xef, 0xff, 0xff, 0x70, 0x0,
    0x0, 0x0, 0xbf, 0xff, 0xff, 0xa0, 0x0, 0x0,
    0x0, 0x0, 0x3e, 0xff, 0xff, 0xf6, 0x0, 0x0,
    0x0, 0x0, 0x7, 0xff, 0xff, 0xfd, 0x50, 0x0,
    0x0, 0x18, 0xff, 0xff, 0xfe, 0x40, 0x0, 0x0,
    0x0, 0x0, 0x0, 0x3c, 0xff, 0xff, 0xff, 0xba,
    0xac, 0xff, 0xff, 0xff, 0x91, 0x0, 0x0, 0x0,
    0x0, 0x0, 0x0, 0x0, 0x4c, 0xff, 0xff, 0xff,
    0xff, 0xff, 0xff, 0xa2, 0x0, 0x0, 0x0, 0x0,
    0x0, 0x0, 0x0, 0x0, 0x0, 0x26, 0xad, 0xff,
    0xfe, 0xc9, 0x50, 0x0, 0x0, 0x0, 0x0, 0x0,

    /* U+F070 "" */
    0x4, 0x40, 0x0, 0x0, 0x0, 0x0, 0x0, 0x0,
    0x0, 0x0, 0x0, 0x0, 0x0, 0x0, 0x0, 0x0,
    0x0, 0x4, 0xff, 0x80, 0x0, 0x0, 0x0, 0x0,
    0x0, 0x0, 0x0, 0x0, 0x0, 0x0, 0x0, 0x0,
    0x0, 0x0, 0x0, 0xef, 0xff, 0xc1, 0x0, 0x0,
    0x0, 0x0, 0x0, 0x0, 0x0, 0x0, 0x0, 0x0,
    0x0, 0x0, 0x0, 0x0, 0x8, 0xff, 0xff, 0xe3,
    0x0, 0x0, 0x0, 0x0, 0x0, 0x0, 0x0, 0x0,
    0x0, 0x0, 0x0, 0x0, 0x0, 0x0, 0x5, 0xff,
    0xff, 0xf7, 0x0, 0x0, 0x26, 0xad, 0xff, 0xed,
    0xb7, 0x30, 0x0, 0x0, 0x0, 0x0, 0x0, 0x0,
    0x2, 0xdf, 0xff, 0xfa, 0x16, 0xdf, 0xff, 0xff,
    0xff, 0xff, 0xff, 0xd7, 0x0, 0x0, 0x0, 0x0,
    0x0, 0x0, 0x0, 0xaf, 0xff, 0xff, 0xff, 0xff,
    0xff, 0xba, 0xbe, 0xff, 0xff, 0xfe, 0x60, 0x0,
    0x0, 0x0, 0x0, 0x0, 0x0, 0x7f, 0xff, 0xff,
    0xff, 0xc5, 0x0, 0x0, 0x3, 0xbf, 0xff, 0xff,
    0xb1, 0x0, 0x0, 0x0, 0x0, 0x0, 0x0, 0x3e,
    0xff, 0xff, 0xd0, 0x0, 0x0, 0x0, 0x0, 0x7f,
    0xff, 0xff, 0xe2, 0x0, 0x0, 0x0, 0x0, 0x0,
    0x0, 0x1b, 0xff, 0xff, 0xc1, 0x6, 0xba, 0x50,
    0x0, 0x7f, 0xff, 0xff, 0xe2, 0x0, 0x0, 0x0,
    0x0, 0x0, 0x0, 0x8, 0xff, 0xff, 0xe4, 0x7f,
    0xff, 0xc1, 0x0, 0xbf, 0xff, 0xff, 0xd1, 0x0,
    0x0, 0x0, 0xad, 0x20, 0x0, 0x4, 0xff, 0xff,
    0xfc, 0xff, 0xff, 0xc0, 0x3, 0xff, 0xff, 0xff,
    0xb0, 0x0, 0x0, 0x5f, 0xff, 0x50, 0x0, 0x2,
    0xdf, 0xff, 0xff, 0xff, 0xff, 0x50, 0xe, 0xff,
    0xff, 0xff, 0x50, 0x0, 0xe, 0xff, 0xff, 0x90,
    0x0, 0x0, 0xaf, 0xff, 0xff, 0xff, 0xfa, 0x0,
    0xbf, 0xff, 0xff, 0xfe, 0x0, 0x2, 0xff, 0xff,
    0xff, 0xc2, 0x0, 0x0, 0x6f, 0xff, 0xff, 0xff,
    0xb0, 0xa, 0xff, 0xff, 0xff, 0xf2, 0x0, 0xe,
    0xff, 0xff, 0xff, 0xc0, 0x0, 0x0, 0x3e, 0xff,
    0xff, 0xfa, 0x0, 0xcf, 0xff, 0xff, 0xfe, 0x0,
    0x0, 0x5f, 0xff, 0xff, 0xff, 0x0, 0x0, 0x0,
    0x1b, 0xff, 0xff, 0xd2, 0xe, 0xff, 0xff, 0xff,
    0x50, 0x0, 0x0, 0xbf, 0xff, 0xff, 0xf4, 0x0,
    0x0, 0x0, 0x7, 0xff, 0xff, 0xf9, 0xff, 0xff,
    0xff, 0x90, 0x0, 0x0, 0x0, 0xdf, 0xff, 0xff,
    0xc0, 0x0, 0x0, 0x0, 0x4, 0xef, 0xff, 0xff,
    0xff, 0xff, 0xc0, 0x0, 0x0, 0x0, 0x2, 0xef,
    0xff, 0xff, 0x80, 0x0, 0x0, 0x0, 0x1, 0xcf,
    0xff, 0xff, 0xff, 0xe1, 0x0, 0x0, 0x0, 0x0,
    0x2, 0xdf, 0xff, 0xff, 0x70, 0x0, 0x0, 0x0,
    0x0, 0x9f, 0xff, 0xff, 0xe2, 0x0, 0x0, 0x0,
    0x0, 0x0, 0x1, 0xbf, 0xff, 0xff, 0xc4, 0x0,
    0x0, 0x0, 0x0, 0x5f, 0xff, 0xff, 0x60, 0x0,
    0x0, 0x0, 0x0, 0x0, 0x0, 0x6e, 0xff, 0xff,
    0xfe, 0xba, 0xb5, 0x0, 0x0, 0x2d, 0xff, 0xff,
    0xa0, 0x0, 0x0, 0x0, 0x0, 0x0, 0x0, 0x7,
    0xdf, 0xff, 0xff, 0xff, 0xf8, 0x0, 0x0, 0xa,
    0xff, 0xff, 0xd2, 0x0, 0x0, 0x0, 0x0, 0x0,
    0x0, 0x0, 0x37, 0xbd, 0xef, 0xfd, 0xb4, 0x0,
    0x0, 0x7, 0xff, 0xff, 0xf5, 0x0, 0x0, 0x0,
    0x0, 0x0, 0x0, 0x0, 0x0, 0x0, 0x0, 0x0,
    0x0, 0x0, 0x0, 0x3, 0xef, 0xff, 0xf8, 0x0,
    0x0, 0x0, 0x0, 0x0, 0x0, 0x0, 0x0, 0x0,
    0x0, 0x0, 0x0, 0x0, 0x0, 0x1, 0xcf, 0xff,
    0xe0, 0x0, 0x0, 0x0, 0x0, 0x0, 0x0, 0x0,
    0x0, 0x0, 0x0, 0x0, 0x0, 0x0, 0x0, 0x0,
    0x8f, 0xf4, 0x0, 0x0, 0x0, 0x0, 0x0, 0x0,
    0x0, 0x0, 0x0, 0x0, 0x0, 0x0, 0x0, 0x0,
    0x0, 0x0, 0x44, 0x0,

    /* U+F071 "" */
    0x0, 0x0, 0x0, 0x0, 0x0, 0x0, 0x0, 0x4,
    0x87, 0x10, 0x0, 0x0, 0x0, 0x0, 0x0, 0x0,
    0x0, 0x0, 0x0, 0x0, 0x0, 0x0, 0x0, 0x5,
    0xff, 0xfd, 0x0, 0x0, 0x0, 0x0, 0x0, 0x0,
    0x0, 0x0, 0x0, 0x0, 0x0, 0x0, 0x0, 0x1,
    0xef, 0xff, 0xf7, 0x0, 0x0, 0x0, 0x0, 0x0,
    0x0, 0x0, 0x0, 0x0, 0x0, 0x0, 0x0, 0x0,
    0x8f, 0xff, 0xff, 0xf1, 0x0, 0x0, 0x0, 0x0,
    0x0, 0x0, 0x0, 0x0, 0x0, 0x0, 0x0, 0x0,
    0x2f, 0xff, 0xff, 0xff, 0xa0, 0x0, 0x0, 0x0,
    0x0, 0x0, 0x0, 0x0, 0x0, 0x0, 0x0, 0x0,
    0xb, 0xff, 0xff, 0xff, 0xff, 0x30, 0x0, 0x0,
    0x0, 0x0, 0x0, 0x0, 0x0, 0x0, 0x0, 0x0,
    0x4, 0xff, 0xff, 0xff, 0xff, 0xfc, 0x0, 0x0,
    0x0, 0x0, 0x0, 0x0, 0x0, 0x0, 0x0, 0x0,
    0x0, 0xdf, 0xff, 0xff, 0xff, 0xff, 0xf5, 0x0,
    0x0, 0x0, 0x0, 0x0, 0x0, 0x0, 0x0, 0x0,
    0x0, 0x6f, 0xff, 0xff, 0xff, 0xff, 0xff, 0xe0,
    0x0, 0x0, 0x0, 0x0, 0x0, 0x0, 0x0, 0x0,
    0x0, 0x1e, 0xff, 0xff, 0xff, 0xff, 0xff, 0xff,
    0x80, 0x0, 0x0, 0x0, 0x0, 0x0, 0x0, 0x0,
    0x0, 0x9, 0xff, 0xff, 0x80, 0x0, 0x1e, 0xff,
    0xff, 0x10, 0x0, 0x0, 0x0, 0x0, 0x0, 0x0,
    0x0, 0x2, 0xff, 0xff, 0xf6, 0x0, 0x0, 0xef,
    0xff, 0xfa, 0x0, 0x0, 0x0, 0x0, 0x0, 0x0,
    0x0, 0x0, 0xbf, 0xff, 0xff, 0x70, 0x0, 0xf,
    0xff, 0xff, 0xf3, 0x0, 0x0, 0x0, 0x0, 0x0,
    0x0, 0x0, 0x4f, 0xff, 0xff, 0xf8, 0x0, 0x0,
    0xff, 0xff, 0xff, 0xc0, 0x0, 0x0, 0x0, 0x0,
    0x0, 0x0, 0xd, 0xff, 0xff, 0xff, 0x80, 0x0,
    0xf, 0xff, 0xff, 0xff, 0x50, 0x0, 0x0, 0x0,
    0x0, 0x0, 0x7, 0xff, 0xff, 0xff, 0xf9, 0x0,
    0x1, 0xff, 0xff, 0xff, 0xfe, 0x0, 0x0, 0x0,
    0x0, 0x0, 0x1, 0xff, 0xff, 0xff, 0xff, 0xa0,
    0x0, 0x2f, 0xff, 0xff, 0xff, 0xf8, 0x0, 0x0,
    0x0, 0x0, 0x0, 0x9f, 0xff, 0xff, 0xff, 0xfb,
    0x0, 0x3, 0xff, 0xff, 0xff, 0xff, 0xf2, 0x0,
    0x0, 0x0, 0x0, 0x2f, 0xff, 0xff, 0xff, 0xff,
    0xd1, 0x0, 0x6f, 0xff, 0xff, 0xff, 0xff, 0xa0,
    0x0, 0x0, 0x0, 0xb, 0xff, 0xff, 0xff, 0xff,
    0xff, 0xff, 0xff, 0xff, 0xff, 0xff, 0xff, 0xff,
    0x30, 0x0, 0x0, 0x5, 0xff, 0xff, 0xff, 0xff,
    0xff, 0xf5, 0x1, 0xbf, 0xff, 0xff, 0xff, 0xff,
    0xfc, 0x0, 0x0, 0x0, 0xdf, 0xff, 0xff, 0xff,
    0xff, 0xf7, 0x0, 0x0, 0xef, 0xff, 0xff, 0xff,
    0xff, 0xf6, 0x0, 0x0, 0x7f, 0xff, 0xff, 0xff,
    0xff, 0xff, 0x40, 0x0, 0xc, 0xff, 0xff, 0xff,
    0xff, 0xff, 0xe0, 0x0, 0x1f, 0xff, 0xff, 0xff,
    0xff, 0xff, 0xf8, 0x0, 0x1, 0xff, 0xff, 0xff,
    0xff, 0xff, 0xff, 0x80, 0x9, 0xff, 0xff, 0xff,
    0xff, 0xff, 0xff, 0xf6, 0x13, 0xcf, 0xff, 0xff,
    0xff, 0xff, 0xff, 0xff, 0x10, 0xff, 0xff, 0xff,
    0xff, 0xff, 0xff, 0xff, 0xff, 0xff, 0xff, 0xff,
    0xff, 0xff, 0xff, 0xff, 0xf7, 0xe, 0xff, 0xff,
    0xff, 0xff, 0xff, 0xff, 0xff, 0xff, 0xff, 0xff,
    0xff, 0xff, 0xff, 0xff, 0xff, 0x60, 0x7f, 0xff,
    0xff, 0xff, 0xff, 0xff, 0xff, 0xff, 0xff, 0xff,
    0xff, 0xff, 0xff, 0xff, 0xff, 0xe0, 0x0, 0x48,
    0x99, 0x99, 0x99, 0x99, 0x99, 0x99, 0x99, 0x99,
    0x99, 0x99, 0x99, 0x99, 0x98, 0x71, 0x0,

    /* U+F074 "" */
    0x0, 0x0, 0x0, 0x0, 0x0, 0x0, 0x0, 0x0,
    0x0, 0x0, 0x6, 0xa2, 0x0, 0x0, 0x0, 0x0,
    0x0, 0x0, 0x0, 0x0, 0x0, 0x0, 0x0, 0x0,
    0xf, 0xfe, 0x30, 0x0, 0x0, 0x0, 0x0, 0x0,
    0x0, 0x0, 0x0, 0x0, 0x0, 0x0, 0xf, 0xff,
    0xe3, 0x0, 0x24, 0x44, 0x44, 0x30, 0x0, 0x0,
    0x0, 0x0, 0x2, 0x44, 0x4f, 0xff, 0xfe, 0x30,
    0xff, 0xff, 0xff, 0xfb, 0x0, 0x0, 0x0, 0x0,
    0x3f, 0xff, 0xff, 0xff, 0xff, 0xe3, 0xff, 0xff,
    0xff, 0xff, 0xa0, 0x0, 0x0, 0x3, 0xff, 0xff,
    0xff, 0xff, 0xff, 0xfd, 0xff, 0xff, 0xff, 0xff,
    0xf9, 0x0, 0x0, 0x2e, 0xff, 0xff, 0xff, 0xff,
    0xff, 0xfd, 0xff, 0xff, 0xff, 0xff, 0xff, 0x80,
    0x1, 0xef, 0xff, 0xff, 0xff, 0xff, 0xff, 0xd1,
    0x12, 0x22, 0x26, 0xff, 0xff, 0xa0, 0x1d, 0xff,
    0xff, 0xd2, 0x2f, 0xff, 0xfd, 0x10, 0x0, 0x0,
    0x0, 0x7f, 0xfb, 0x0, 0xcf, 0xff, 0xfd, 0x10,
    0xf, 0xff, 0xd1, 0x0, 0x0, 0x0, 0x0, 0x8,
    0xc0, 0xc, 0xff, 0xff, 0xe2, 0x0, 0xe, 0xfd,
    0x10, 0x0, 0x0, 0x0, 0x0, 0x0, 0x0, 0xbf,
    0xff, 0xfe, 0x20, 0x0, 0x4, 0x81, 0x0, 0x0,
    0x0, 0x0, 0x0, 0x0, 0xa, 0xff, 0xff, 0xf3,
    0x0, 0x0, 0x0, 0x0, 0x0, 0x0, 0x0, 0x0,
    0x0, 0x0, 0x9f, 0xff, 0xff, 0x40, 0x0, 0x0,
    0x4, 0x81, 0x0, 0x0, 0x0, 0x0, 0x0, 0x8,
    0xff, 0xff, 0xf5, 0x5, 0xe2, 0x0, 0xe, 0xfd,
    0x10, 0x0, 0x0, 0x0, 0x0, 0x7f, 0xff, 0xff,
    0x60, 0x4f, 0xfd, 0x10, 0xf, 0xff, 0xd1, 0x0,
    0x12, 0x22, 0x26, 0xff, 0xff, 0xf7, 0x3, 0xff,
    0xff, 0xd2, 0x2f, 0xff, 0xfd, 0x10, 0xff, 0xff,
    0xff, 0xff, 0xff, 0x80, 0x1, 0xef, 0xff, 0xff,
    0xff, 0xff, 0xff, 0xd1, 0xff, 0xff, 0xff, 0xff,
    0xf9, 0x0, 0x0, 0x2e, 0xff, 0xff, 0xff, 0xff,
    0xff, 0xfd, 0xff, 0xff, 0xff, 0xff, 0xa0, 0x0,
    0x0, 0x3, 0xff, 0xff, 0xff, 0xff, 0xff, 0xfd,
    0xff, 0xff, 0xff, 0xfb, 0x0, 0x0, 0x0, 0x0,
    0x3f, 0xff, 0xff, 0xff, 0xff, 0xe2, 0x24, 0x44,
    0x44, 0x30, 0x0, 0x0, 0x0, 0x0, 0x2, 0x44,
    0x4f, 0xff, 0xfe, 0x30, 0x0, 0x0, 0x0, 0x0,
    0x0, 0x0, 0x0, 0x0, 0x0, 0x0, 0xf, 0xff,
    0xe3, 0x0, 0x0, 0x0, 0x0, 0x0, 0x0, 0x0,
    0x0, 0x0, 0x0, 0x0, 0xf, 0xfe, 0x30, 0x0,
    0x0, 0x0, 0x0, 0x0, 0x0, 0x0, 0x0, 0x0,
    0x0, 0x0, 0x6, 0xa2, 0x0, 0x0,

    /* U+F077 "" */
    0x0, 0x0, 0x0, 0x0, 0x0, 0x7, 0xb2, 0x0,
    0x0, 0x0, 0x0, 0x0, 0x0, 0x0, 0x0, 0x0,
    0x0, 0x8, 0xff, 0xe2, 0x0, 0x0, 0x0, 0x0,
    0x0, 0x0, 0x0, 0x0, 0x0, 0x8, 0xff, 0xff,
    0xe2, 0x0, 0x0, 0x0, 0x0, 0x0, 0x0, 0x0,
    0x0, 0x8, 0xff, 0xff, 0xff, 0xe2, 0x0, 0x0,
    0x0, 0x0, 0x0, 0x0, 0x0, 0x8, 0xff, 0xff,
    0xff, 0xff, 0xe2, 0x0, 0x0, 0x0, 0x0, 0x0,
    0x0, 0x8, 0xff, 0xff, 0xff, 0xff, 0xff, 0xe2,
    0x0, 0x0, 0x0, 0x0, 0x0, 0x8, 0xff, 0xff,
    0xfa, 0x3f, 0xff, 0xff, 0xe2, 0x0, 0x0, 0x0,
    0x0, 0x8, 0xff, 0xff, 0xfa, 0x0, 0x3f, 0xff,
    0xff, 0xe2, 0x0, 0x0, 0x0, 0x8, 0xff, 0xff,
    0xfa, 0x0, 0x0, 0x3f, 0xff, 0xff, 0xe2, 0x0,
    0x0, 0x8, 0xff, 0xff, 0xfa, 0x0, 0x0, 0x0,
    0x3f, 0xff, 0xff, 0xe2, 0x0, 0x8, 0xff, 0xff,
    0xfa, 0x0, 0x0, 0x0, 0x0, 0x3f, 0xff, 0xff,
    0xe2, 0x6, 0xff, 0xff, 0xfa, 0x0, 0x0, 0x0,
    0x0, 0x0, 0x3f, 0xff, 0xff, 0xe0, 0x9f, 0xff,
    0xfa, 0x0, 0x0, 0x0, 0x0, 0x0, 0x0, 0x3f,
    0xff, 0xff, 0x11, 0xdf, 0xfa, 0x0, 0x0, 0x0,
    0x0, 0x0, 0x0, 0x0, 0x3f, 0xff, 0x60, 0x1,
    0xa8, 0x0, 0x0, 0x0, 0x0, 0x0, 0x0, 0x0,
    0x0, 0x3b, 0x50, 0x0,

    /* U+F078 "" */
    0x1, 0xa8, 0x0, 0x0, 0x0, 0x0, 0x0, 0x0,
    0x0, 0x0, 0x3b, 0x50, 0x1, 0xdf, 0xfa, 0x0,
    0x0, 0x0, 0x0, 0x0, 0x0, 0x0, 0x3f, 0xff,
    0x60, 0x9f, 0xff, 0xfa, 0x0, 0x0, 0x0, 0x0,
    0x0, 0x0, 0x3f, 0xff, 0xff, 0x16, 0xff, 0xff,
    0xfa, 0x0, 0x0, 0x0, 0x0, 0x0, 0x3f, 0xff,
    0xff, 0xd0, 0x8, 0xff, 0xff, 0xfa, 0x0, 0x0,
    0x0, 0x0, 0x3f, 0xff, 0xff, 0xe2, 0x0, 0x8,
    0xff, 0xff, 0xfa, 0x0, 0x0, 0x0, 0x3f, 0xff,
    0xff, 0xe2, 0x0, 0x0, 0x8, 0xff, 0xff, 0xfa,
    0x0, 0x0, 0x3f, 0xff, 0xff, 0xe2, 0x0, 0x0,
    0x0, 0x8, 0xff, 0xff, 0xfa, 0x0, 0x3f, 0xff,
    0xff, 0xe2, 0x0, 0x0, 0x0, 0x0, 0x8, 0xff,
    0xff, 0xfa, 0x3f, 0xff, 0xff, 0xe2, 0x0, 0x0,
    0x0, 0x0, 0x0, 0x8, 0xff, 0xff, 0xff, 0xff,
    0xff, 0xe2, 0x0, 0x0, 0x0, 0x0, 0x0, 0x0,
    0x8, 0xff, 0xff, 0xff, 0xff, 0xe2, 0x0, 0x0,
    0x0, 0x0, 0x0, 0x0, 0x0, 0x8, 0xff, 0xff,
    0xff, 0xe2, 0x0, 0x0, 0x0, 0x0, 0x0, 0x0,
    0x0, 0x0, 0x8, 0xff, 0xff, 0xe2, 0x0, 0x0,
    0x0, 0x0, 0x0, 0x0, 0x0, 0x0, 0x0, 0x8,
    0xff, 0xe2, 0x0, 0x0, 0x0, 0x0, 0x0, 0x0,
    0x0, 0x0, 0x0, 0x0, 0x6, 0xa2, 0x0, 0x0,
    0x0, 0x0, 0x0, 0x0,

    /* U+F079 "" */
    0x0, 0x0, 0x0, 0x42, 0x0, 0x0, 0x0, 0x0,
    0x0, 0x0, 0x0, 0x0, 0x0, 0x0, 0x0, 0x0,
    0x0, 0x0, 0x0, 0x0, 0x9f, 0xf4, 0x0, 0x0,
    0x0, 0x0, 0x0, 0x0, 0x0, 0x0, 0x0, 0x0,
    0x0, 0x0, 0x0, 0x0, 0x0, 0x9f, 0xff, 0xf4,
    0x0, 0x0, 0x57, 0x77, 0x77, 0x77, 0x77, 0x77,
    0x77, 0x60, 0x0, 0x0, 0x0, 0x0, 0x9f, 0xff,
    0xff, 0xf4, 0x0, 0x4f, 0xff, 0xff, 0xff, 0xff,
    0xff, 0xff, 0xff, 0x70, 0x0, 0x0, 0x0, 0x9f,
    0xff, 0xff, 0xff, 0xf4, 0x2, 0xff, 0xff, 0xff,
    0xff, 0xff, 0xff, 0xff, 0xf9, 0x0, 0x0, 0x0,
    0x9f, 0xff, 0xff, 0xff, 0xff, 0xf4, 0x4, 0xff,
    0xff, 0xff, 0xff, 0xff, 0xff, 0xff, 0x90, 0x0,
    0x0, 0x9f, 0xff, 0xff, 0xff, 0xef, 0xff, 0xf4,
    0x0, 0x0, 0x0, 0x0, 0x0, 0x0, 0xef, 0xf9,
    0x0, 0x0, 0xf, 0xff, 0xf4, 0xef, 0xf9, 0x9f,
    0xff, 0x90, 0x0, 0x0, 0x0, 0x0, 0x0, 0xe,
    0xff, 0x90, 0x0, 0x0, 0x7f, 0xf5, 0xe, 0xff,
    0x90, 0xaf, 0xe2, 0x0, 0x0, 0x0, 0x0, 0x0,
    0x0, 0xef, 0xf9, 0x0, 0x0, 0x0, 0x32, 0x0,
    0xef, 0xf9, 0x0, 0x41, 0x0, 0x0, 0x0, 0x0,
    0x0, 0x0, 0xe, 0xff, 0x90, 0x0, 0x0, 0x0,
    0x0, 0xe, 0xff, 0x90, 0x0, 0x0, 0x0, 0x0,
    0x0, 0x0, 0x0, 0x0, 0xef, 0xf9, 0x0, 0x0,
    0x0, 0x0, 0x0, 0xef, 0xf9, 0x0, 0x0, 0x0,
    0x0, 0x0, 0x0, 0x0, 0x0, 0xe, 0xff, 0x90,
    0x0, 0x0, 0x0, 0x0, 0xe, 0xff, 0x90, 0x0,
    0x0, 0x0, 0x0, 0x0, 0x0, 0x0, 0x0, 0xef,
    0xf9, 0x0, 0x0, 0x0, 0x0, 0x0, 0xef, 0xf9,
    0x0, 0x0, 0x0, 0x0, 0x0, 0x0, 0x19, 0x80,
    0xe, 0xff, 0x90, 0x2a, 0x70, 0x0, 0x0, 0xe,
    0xff, 0x90, 0x0, 0x0, 0x0, 0x0, 0x0, 0xc,
    0xff, 0xa0, 0xef, 0xf9, 0x2e, 0xff, 0x60, 0x0,
    0x0, 0xef, 0xf9, 0x0, 0x0, 0x0, 0x0, 0x0,
    0x0, 0xef, 0xff, 0x9e, 0xff, 0xad, 0xff, 0xf9,
    0x0, 0x0, 0xe, 0xff, 0xc7, 0x77, 0x77, 0x77,
    0x77, 0x73, 0x4, 0xff, 0xff, 0xff, 0xff, 0xff,
    0xfc, 0x10, 0x0, 0x0, 0xef, 0xff, 0xff, 0xff,
    0xff, 0xff, 0xff, 0xf5, 0x4, 0xff, 0xff, 0xff,
    0xff, 0xfc, 0x10, 0x0, 0x0, 0xe, 0xff, 0xff,
    0xff, 0xff, 0xff, 0xff, 0xff, 0xf0, 0x4, 0xff,
    0xff, 0xff, 0xfc, 0x10, 0x0, 0x0, 0x0, 0x9f,
    0xff, 0xff, 0xff, 0xff, 0xff, 0xff, 0xfa, 0x0,
    0x3, 0xff, 0xff, 0xfc, 0x10, 0x0, 0x0, 0x0,
    0x0, 0x0, 0x0, 0x0, 0x0, 0x0, 0x0, 0x0,
    0x0, 0x0, 0x3, 0xff, 0xfc, 0x10, 0x0, 0x0,
    0x0, 0x0, 0x0, 0x0, 0x0, 0x0, 0x0, 0x0,
    0x0, 0x0, 0x0, 0x0, 0x3, 0xdb, 0x0, 0x0,
    0x0,

    /* U+F07B "" */
    0x1b, 0xff, 0xff, 0xff, 0xff, 0xfc, 0x10, 0x0,
    0x0, 0x0, 0x0, 0x0, 0x0, 0x0, 0xbf, 0xff,
    0xff, 0xff, 0xff, 0xff, 0xc1, 0x0, 0x0, 0x0,
    0x0, 0x0, 0x0, 0x0, 0xff, 0xff, 0xff, 0xff,
    0xff, 0xff, 0xfc, 0x10, 0x0, 0x0, 0x0, 0x0,
    0x0, 0x0, 0xff, 0xff, 0xff, 0xff, 0xff, 0xff,
    0xff, 0xc8, 0x88, 0x88, 0x88, 0x88, 0x87, 0x30,
    0xff, 0xff, 0xff, 0xff, 0xff, 0xff, 0xff, 0xff,
    0xff, 0xff, 0xff, 0xff, 0xff, 0xf5, 0xff, 0xff,
    0xff, 0xff, 0xff, 0xff, 0xff, 0xff, 0xff, 0xff,
    0xff, 0xff, 0xff, 0xfe, 0xff, 0xff, 0xff, 0xff,
    0xff, 0xff, 0xff, 0xff, 0xff, 0xff, 0xff, 0xff,
    0xff, 0xff, 0xff, 0xff, 0xff, 0xff, 0xff, 0xff,
    0xff, 0xff, 0xff, 0xff, 0xff, 0xff, 0xff, 0xff,
    0xff, 0xff, 0xff, 0xff, 0xff, 0xff, 0xff, 0xff,
    0xff, 0xff, 0xff, 0xff, 0xff, 0xff, 0xff, 0xff,
    0xff, 0xff, 0xff, 0xff, 0xff, 0xff, 0xff, 0xff,
    0xff, 0xff, 0xff, 0xff, 0xff, 0xff, 0xff, 0xff,
    0xff, 0xff, 0xff, 0xff, 0xff, 0xff, 0xff, 0xff,
    0xff, 0xff, 0xff, 0xff, 0xff, 0xff, 0xff, 0xff,
    0xff, 0xff, 0xff, 0xff, 0xff, 0xff, 0xff, 0xff,
    0xff, 0xff, 0xff, 0xff, 0xff, 0xff, 0xff, 0xff,
    0xff, 0xff, 0xff, 0xff, 0xff, 0xff, 0xff, 0xff,
    0xff, 0xff, 0xff, 0xff, 0xff, 0xff, 0xff, 0xff,
    0xff, 0xff, 0xff, 0xff, 0xff, 0xff, 0xff, 0xff,
    0xff, 0xff, 0xff, 0xff, 0xff, 0xff, 0xff, 0xff,
    0xff, 0xff, 0xff, 0xff, 0xff, 0xff, 0xff, 0xff,
    0xff, 0xff, 0xff, 0xff, 0xff, 0xff, 0xff, 0xff,
    0xff, 0xff, 0xff, 0xff, 0xff, 0xff, 0xff, 0xff,
    0xff, 0xff, 0xff, 0xff, 0xff, 0xff, 0xff, 0xff,
    0xff, 0xff, 0xff, 0xff, 0xff, 0xff, 0xff, 0xff,
    0xff, 0xff, 0xff, 0xff, 0xff, 0xff, 0xff, 0xff,
    0xff, 0xff, 0xff, 0xff, 0xff, 0xff, 0xff, 0xff,
    0xff, 0xff, 0xbf, 0xff, 0xff, 0xff, 0xff, 0xff,
    0xff, 0xff, 0xff, 0xff, 0xff, 0xff, 0xff, 0xfb,
    0x1b, 0xff, 0xff, 0xff, 0xff, 0xff, 0xff, 0xff,
    0xff, 0xff, 0xff, 0xff, 0xff, 0xb1,

    /* U+F093 "" */
    0x0, 0x0, 0x0, 0x0, 0x0, 0x0, 0x3, 0x10,
    0x0, 0x0, 0x0, 0x0, 0x0, 0x0, 0x0, 0x0,
    0x0, 0x0, 0x0, 0x0, 0x7f, 0xe2, 0x0, 0x0,
    0x0, 0x0, 0x0, 0x0, 0x0, 0x0, 0x0, 0x0,
    0x0, 0x7, 0xff, 0xfe, 0x20, 0x0, 0x0, 0x0,
    0x0, 0x0, 0x0, 0x0, 0x0, 0x0, 0x0, 0x7f,
    0xff, 0xff, 0xe2, 0x0, 0x0, 0x0, 0x0, 0x0,
    0x0, 0x0, 0x0, 0x0, 0x7, 0xff, 0xff, 0xff,
    0xfe, 0x20, 0x0, 0x0, 0x0, 0x0, 0x0, 0x0,
    0x0, 0x0, 0x7f, 0xff, 0xff, 0xff, 0xff, 0xe2,
    0x0, 0x0, 0x0, 0x0, 0x0, 0x0, 0x0, 0x7,
    0xff, 0xff, 0xff, 0xff, 0xff, 0xfe, 0x20, 0x0,
    0x0, 0x0, 0x0, 0x0, 0x0, 0x7f, 0xff, 0xff,
    0xff, 0xff, 0xff, 0xff, 0xe2, 0x0, 0x0, 0x0,
    0x0, 0x0, 0x7, 0xff, 0xff, 0xff, 0xff, 0xff,
    0xff, 0xff, 0xfe, 0x20, 0x0, 0x0, 0x0, 0x0,
    0x5f, 0xff, 0xff, 0xff, 0xff, 0xff, 0xff, 0xff,
    0xff, 0xe0, 0x0, 0x0, 0x0, 0x0, 0x6f, 0xff,
    0xff, 0xff, 0xff, 0xff, 0xff, 0xff, 0xff, 0xf0,
    0x0, 0x0, 0x0, 0x0, 0x2, 0x22, 0x22, 0xcf,
    0xff, 0xff, 0xf6, 0x22, 0x22, 0x10, 0x0, 0x0,
    0x0, 0x0, 0x0, 0x0, 0x0, 0xbf, 0xff, 0xff,
    0xf4, 0x0, 0x0, 0x0, 0x0, 0x0, 0x0, 0x0,
    0x0, 0x0, 0x0, 0xbf, 0xff, 0xff, 0xf4, 0x0,
    0x0, 0x0, 0x0, 0x0, 0x0, 0x0, 0x0, 0x0,
    0x0, 0xbf, 0xff, 0xff, 0xf4, 0x0, 0x0, 0x0,
    0x0, 0x0, 0x0, 0x0, 0x0, 0x0, 0x0, 0xbf,
    0xff, 0xff, 0xf4, 0x0, 0x0, 0x0, 0x0, 0x0,
    0x0, 0x0, 0x0, 0x0, 0x0, 0xbf, 0xff, 0xff,
    0xf4, 0x0, 0x0, 0x0, 0x0, 0x0, 0x0, 0x0,
    0x0, 0x0, 0x0, 0xbf, 0xff, 0xff, 0xf4, 0x0,
    0x0, 0x0, 0x0, 0x0, 0x0, 0x0, 0x0, 0x0,
    0x0, 0xbf, 0xff, 0xff, 0xf4, 0x0, 0x0, 0x0,
    0x0, 0x0, 0x1, 0x11, 0x11, 0x11, 0x0, 0xbf,
    0xff, 0xff, 0xf4, 0x0, 0x11, 0x11, 0x11, 0x10,
    0xbf, 0xff, 0xff, 0xff, 0xc0, 0xaf, 0xff, 0xff,
    0xf3, 0xc, 0xff, 0xff, 0xff, 0xfb, 0xff, 0xff,
    0xff, 0xff, 0xf1, 0x18, 0x99, 0x99, 0x60, 0x1f,
    0xff, 0xff, 0xff, 0xff, 0xff, 0xff, 0xff, 0xff,
    0xfc, 0x10, 0x0, 0x0, 0x1, 0xcf, 0xff, 0xff,
    0xff, 0xff, 0xff, 0xff, 0xff, 0xff, 0xff, 0xfc,
    0xcc, 0xcc, 0xcf, 0xff, 0xff, 0xff, 0xff, 0xff,
    0xff, 0xff, 0xff, 0xff, 0xff, 0xff, 0xff, 0xff,
    0xff, 0xff, 0xff, 0xff, 0xff, 0xff, 0xff, 0xff,
    0xff, 0xff, 0xff, 0xff, 0xff, 0xff, 0xff, 0xf4,
    0x1e, 0xb0, 0x8f, 0xff, 0xff, 0xff, 0xff, 0xff,
    0xff, 0xff, 0xff, 0xff, 0xff, 0xf5, 0x2e, 0xc1,
    0x8f, 0xff, 0xef, 0xff, 0xff, 0xff, 0xff, 0xff,
    0xff, 0xff, 0xff, 0xff, 0xff, 0xff, 0xff, 0xfe,
    0x37, 0x88, 0x88, 0x88, 0x88, 0x88, 0x88, 0x88,
    0x88, 0x88, 0x88, 0x88, 0x88, 0x73,

    /* U+F095 "" */
    0x0, 0x0, 0x0, 0x0, 0x0, 0x0, 0x0, 0x0,
    0x0, 0x0, 0x6, 0x62, 0x0, 0x0, 0x0, 0x0,
    0x0, 0x0, 0x0, 0x0, 0x0, 0x0, 0x0, 0x0,
    0x4, 0xff, 0xfe, 0xb7, 0x30, 0x0, 0x0, 0x0,
    0x0, 0x0, 0x0, 0x0, 0x0, 0x0, 0x0, 0xbf,
    0xff, 0xff, 0xff, 0xc0, 0x0, 0x0, 0x0, 0x0,
    0x0, 0x0, 0x0, 0x0, 0x0, 0x2f, 0xff, 0xff,
    0xff, 0xff, 0x0, 0x0, 0x0, 0x0, 0x0, 0x0,
    0x0, 0x0, 0x0, 0x9, 0xff, 0xff, 0xff, 0xff,
    0xe0, 0x0, 0x0, 0x0, 0x0, 0x0, 0x0, 0x0,
    0x0, 0x1, 0xff, 0xff, 0xff, 0xff, 0xfe, 0x0,
    0x0, 0x0, 0x0, 0x0, 0x0, 0x0, 0x0, 0x0,
    0x7f, 0xff, 0xff, 0xff, 0xff, 0xc0, 0x0, 0x0,
    0x0, 0x0, 0x0, 0x0, 0x0, 0x0, 0xd, 0xff,
    0xff, 0xff, 0xff, 0xfa, 0x0, 0x0, 0x0, 0x0,
    0x0, 0x0, 0x0, 0x0, 0x0, 0xbf, 0xff, 0xff,
    0xff, 0xff, 0x70, 0x0, 0x0, 0x0, 0x0, 0x0,
    0x0, 0x0, 0x0, 0x0, 0xbf, 0xff, 0xff, 0xff,
    0xf3, 0x0, 0x0, 0x0, 0x0, 0x0, 0x0, 0x0,
    0x0, 0x0, 0x0, 0x8f, 0xff, 0xff, 0xff, 0x0,
    0x0, 0x0, 0x0, 0x0, 0x0, 0x0, 0x0, 0x0,
    0x0, 0x0, 0x7f, 0xff, 0xff, 0x90, 0x0, 0x0,
    0x0, 0x0, 0x0, 0x0, 0x0, 0x0, 0x0, 0x0,
    0xa, 0xff, 0xff, 0xf4, 0x0, 0x0, 0x0, 0x0,
    0x0, 0x0, 0x0, 0x0, 0x0, 0x0, 0x3, 0xff,
    0xff, 0xfd, 0x0, 0x0, 0x0, 0x0, 0x0, 0x0,
    0x0, 0x0, 0x0, 0x0, 0x0, 0xcf, 0xff, 0xff,
    0x50, 0x0, 0x0, 0x0, 0x0, 0x0, 0x0, 0x0,
    0x0, 0x0, 0x0, 0x9f, 0xff, 0xff, 0xc0, 0x0,
    0x0, 0x0, 0x0, 0x0, 0x0, 0x0, 0x0, 0x0,
    0x0, 0x6f, 0xff, 0xff, 0xf3, 0x0, 0x0, 0x0,
    0x0, 0x0, 0x26, 0x10, 0x0, 0x0, 0x0, 0x5f,
    0xff, 0xff, 0xf8, 0x0, 0x0, 0x0, 0x0, 0x4,
    0xbf, 0xfc, 0x0, 0x0, 0x0, 0x6f, 0xff, 0xff,
    0xfc, 0x0, 0x0, 0x0, 0x0, 0x6d, 0xff, 0xff,
    0xfa, 0x0, 0x0, 0xaf, 0xff, 0xff, 0xfe, 0x10,
    0x0, 0x0, 0x7, 0xff, 0xff, 0xff, 0xff, 0xf7,
    0x5, 0xef, 0xff, 0xff, 0xfe, 0x20, 0x0, 0x0,
    0x0, 0xff, 0xff, 0xff, 0xff, 0xff, 0xfd, 0xff,
    0xff, 0xff, 0xfe, 0x20, 0x0, 0x0, 0x0, 0xc,
    0xff, 0xff, 0xff, 0xff, 0xff, 0xff, 0xff, 0xff,
    0xfd, 0x20, 0x0, 0x0, 0x0, 0x0, 0x8f, 0xff,
    0xff, 0xff, 0xff, 0xff, 0xff, 0xff, 0xfa, 0x0,
    0x0, 0x0, 0x0, 0x0, 0x4, 0xff, 0xff, 0xff,
    0xff, 0xff, 0xff, 0xff, 0xe6, 0x0, 0x0, 0x0,
    0x0, 0x0, 0x0, 0x1f, 0xff, 0xff, 0xff, 0xff,
    0xff, 0xff, 0x91, 0x0, 0x0, 0x0, 0x0, 0x0,
    0x0, 0x0, 0xdf, 0xff, 0xff, 0xff, 0xff, 0xe9,
    0x10, 0x0, 0x0, 0x0, 0x0, 0x0, 0x0, 0x0,
    0x9, 0xff, 0xff, 0xff, 0xd9, 0x40, 0x0, 0x0,
    0x0, 0x0, 0x0, 0x0, 0x0, 0x0, 0x0, 0x17,
    0x76, 0x53, 0x0, 0x0, 0x0, 0x0, 0x0, 0x0,
    0x0, 0x0, 0x0, 0x0, 0x0,

    /* U+F0C4 "" */
    0x0, 0x5, 0x99, 0x72, 0x0, 0x0, 0x0, 0x0,
    0x0, 0x0, 0x0, 0x0, 0x0, 0x2d, 0xff, 0xff,
    0xf7, 0x0, 0x0, 0x0, 0x0, 0x1, 0x7b, 0xb8,
    0x10, 0x1e, 0xff, 0xff, 0xff, 0xf7, 0x0, 0x0,
    0x0, 0x2, 0xef, 0xff, 0xfe, 0x38, 0xff, 0xff,
    0xef, 0xff, 0xf1, 0x0, 0x0, 0x2, 0xef, 0xff,
    0xff, 0xf4, 0xdf, 0xfe, 0x10, 0x7f, 0xff, 0x50,
    0x0, 0x2, 0xef, 0xff, 0xff, 0xf5, 0xf, 0xff,
    0x80, 0x0, 0xff, 0xf7, 0x0, 0x2, 0xef, 0xff,
    0xff, 0xf5, 0x0, 0xef, 0xfc, 0x0, 0x4f, 0xff,
    0x60, 0x2, 0xef, 0xff, 0xff, 0xf5, 0x0, 0xa,
    0xff, 0xfd, 0xbf, 0xff, 0xf4, 0x3, 0xef, 0xff,
    0xff, 0xf5, 0x0, 0x0, 0x2f, 0xff, 0xff, 0xff,
    0xff, 0xe5, 0xef, 0xff, 0xff, 0xf5, 0x0, 0x0,
    0x0, 0x4f, 0xff, 0xff, 0xff, 0xff, 0xff, 0xff,
    0xff, 0xf5, 0x0, 0x0, 0x0, 0x0, 0x18, 0xcd,
    0xff, 0xff, 0xff, 0xff, 0xff, 0xf5, 0x0, 0x0,
    0x0, 0x0, 0x0, 0x0, 0x5, 0xff, 0xff, 0xff,
    0xff, 0xf5, 0x0, 0x0, 0x0, 0x0, 0x0, 0x0,
    0x0, 0x7, 0xff, 0xff, 0xff, 0xf7, 0x0, 0x0,
    0x0, 0x0, 0x0, 0x0, 0x0, 0x3, 0xef, 0xff,
    0xff, 0xff, 0xe2, 0x0, 0x0, 0x0, 0x0, 0x0,
    0x5, 0x99, 0xef, 0xff, 0xff, 0xff, 0xff, 0xe2,
    0x0, 0x0, 0x0, 0x0, 0x2d, 0xff, 0xff, 0xff,
    0xff, 0xff, 0xff, 0xff, 0xe2, 0x0, 0x0, 0x0,
    0x1e, 0xff, 0xff, 0xff, 0xff, 0xf9, 0xff, 0xff,
    0xff, 0xe2, 0x0, 0x0, 0x8, 0xff, 0xff, 0xef,
    0xff, 0xf5, 0x5, 0xff, 0xff, 0xff, 0xe2, 0x0,
    0x0, 0xdf, 0xfe, 0x10, 0x7f, 0xff, 0x50, 0x5,
    0xff, 0xff, 0xff, 0xe2, 0x0, 0xf, 0xff, 0x80,
    0x0, 0xff, 0xf7, 0x0, 0x5, 0xff, 0xff, 0xff,
    0xe2, 0x0, 0xef, 0xfc, 0x0, 0x4f, 0xff, 0x60,
    0x0, 0x5, 0xff, 0xff, 0xff, 0xe2, 0xa, 0xff,
    0xfd, 0xbf, 0xff, 0xf2, 0x0, 0x0, 0x5, 0xff,
    0xff, 0xff, 0xe2, 0x2f, 0xff, 0xff, 0xff, 0xf9,
    0x0, 0x0, 0x0, 0x4, 0xff, 0xff, 0xff, 0x40,
    0x4f, 0xff, 0xff, 0xfb, 0x0, 0x0, 0x0, 0x0,
    0x3, 0xbe, 0xfb, 0x30, 0x0, 0x18, 0xcd, 0xb5,
    0x0, 0x0, 0x0, 0x0, 0x0, 0x0, 0x0, 0x0,
    0x0,

    /* U+F0C5 "" */
    0x0, 0x0, 0x0, 0x1, 0x44, 0x44, 0x44, 0x44,
    0x42, 0x3, 0x0, 0x0, 0x0, 0x0, 0x0, 0x0,
    0xdf, 0xff, 0xff, 0xff, 0xff, 0x80, 0xeb, 0x0,
    0x0, 0x0, 0x0, 0x0, 0xf, 0xff, 0xff, 0xff,
    0xff, 0xf8, 0xe, 0xfb, 0x0, 0x0, 0x0, 0x0,
    0x0, 0xff, 0xff, 0xff, 0xff, 0xff, 0x80, 0xef,
    0xfb, 0x0, 0x0, 0x0, 0x0, 0xf, 0xff, 0xff,
    0xff, 0xff, 0xf8, 0xe, 0xff, 0xfb, 0x0, 0x0,
    0x0, 0x0, 0xff, 0xff, 0xff, 0xff, 0xff, 0x80,
    0xef, 0xff, 0xf4, 0xaf, 0xff, 0xf4, 0xf, 0xff,
    0xff, 0xff, 0xff, 0xfa, 0x0, 0x0, 0x0, 0xf,
    0xff, 0xff, 0x40, 0xff, 0xff, 0xff, 0xff, 0xff,
    0xfc, 0xbb, 0xbb, 0xb3, 0xff, 0xff, 0xf4, 0xf,
    0xff, 0xff, 0xff, 0xff, 0xff, 0xff, 0xff, 0xff,
    0x5f, 0xff, 0xff, 0x40, 0xff, 0xff, 0xff, 0xff,
    0xff, 0xff, 0xff, 0xff, 0xf5, 0xff, 0xff, 0xf4,
    0xf, 0xff, 0xff, 0xff, 0xff, 0xff, 0xff, 0xff,
    0xff, 0x5f, 0xff, 0xff, 0x40, 0xff, 0xff, 0xff,
    0xff, 0xff, 0xff, 0xff, 0xff, 0xf5, 0xff, 0xff,
    0xf4, 0xf, 0xff, 0xff, 0xff, 0xff, 0xff, 0xff,
    0xff, 0xff, 0x5f, 0xff, 0xff, 0x40, 0xff, 0xff,
    0xff, 0xff, 0xff, 0xff, 0xff, 0xff, 0xf5, 0xff,
    0xff, 0xf4, 0xf, 0xff, 0xff, 0xff, 0xff, 0xff,
    0xff, 0xff, 0xff, 0x5f, 0xff, 0xff, 0x40, 0xff,
    0xff, 0xff, 0xff, 0xff, 0xff, 0xff, 0xff, 0xf5,
    0xff, 0xff, 0xf4, 0xf, 0xff, 0xff, 0xff, 0xff,
    0xff, 0xff, 0xff, 0xff, 0x5f, 0xff, 0xff, 0x40,
    0xff, 0xff, 0xff, 0xff, 0xff, 0xff, 0xff, 0xff,
    0xf5, 0xff, 0xff, 0xf4, 0xf, 0xff, 0xff, 0xff,
    0xff, 0xff, 0xff, 0xff, 0xff, 0x5f, 0xff, 0xff,
    0x40, 0xff, 0xff, 0xff, 0xff, 0xff, 0xff, 0xff,
    0xff, 0xf5, 0xff, 0xff, 0xf4, 0xf, 0xff, 0xff,
    0xff, 0xff, 0xff, 0xff, 0xff, 0xff, 0x5f, 0xff,
    0xff, 0x40, 0xff, 0xff, 0xff, 0xff, 0xff, 0xff,
    0xff, 0xff, 0xf5, 0xff, 0xff, 0xf5, 0xa, 0xff,
    0xff, 0xff, 0xff, 0xff, 0xff, 0xff, 0xfe, 0x1f,
    0xff, 0xff, 0xb0, 0x0, 0x0, 0x0, 0x0, 0x0,
    0x0, 0x0, 0x0, 0x0, 0xff, 0xff, 0xff, 0xa2,
    0x0, 0x0, 0x0, 0x0, 0x0, 0x0, 0x0, 0x0,
    0xf, 0xff, 0xff, 0xff, 0xff, 0xff, 0xff, 0xff,
    0xff, 0x80, 0x0, 0x0, 0x0, 0xff, 0xff, 0xff,
    0xff, 0xff, 0xff, 0xff, 0xff, 0xf8, 0x0, 0x0,
    0x0, 0xe, 0xff, 0xff, 0xff, 0xff, 0xff, 0xff,
    0xff, 0xff, 0x60, 0x0, 0x0, 0x0, 0x37, 0x88,
    0x88, 0x88, 0x88, 0x88, 0x88, 0x88, 0x60, 0x0,
    0x0, 0x0, 0x0,

    /* U+F0C7 "" */
    0x4, 0x88, 0x88, 0x88, 0x88, 0x88, 0x88, 0x88,
    0x87, 0x20, 0x0, 0x0, 0x6, 0xff, 0xff, 0xff,
    0xff, 0xff, 0xff, 0xff, 0xff, 0xff, 0x40, 0x0,
    0x0, 0xef, 0xff, 0xff, 0xff, 0xff, 0xff, 0xff,
    0xff, 0xff, 0xff, 0x40, 0x0, 0xf, 0xff, 0xff,
    0xff, 0xff, 0xff, 0xff, 0xff, 0xff, 0xff, 0xff,
    0x40, 0x0, 0xff, 0xf9, 0x0, 0x0, 0x0, 0x0,
    0x0, 0x0, 0xd, 0xff, 0xff, 0x40, 0xf, 0xff,
    0x80, 0x0, 0x0, 0x0, 0x0, 0x0, 0x0, 0xbf,
    0xff, 0xff, 0x30, 0xff, 0xf8, 0x0, 0x0, 0x0,
    0x0, 0x0, 0x0, 0xb, 0xff, 0xff, 0xfe, 0xf,
    0xff, 0x80, 0x0, 0x0, 0x0, 0x0, 0x0, 0x0,
    0xbf, 0xff, 0xff, 0xf3, 0xff, 0xf8, 0x0, 0x0,
    0x0, 0x0, 0x0, 0x0, 0xb, 0xff, 0xff, 0xff,
    0x4f, 0xff, 0x80, 0x0, 0x0, 0x0, 0x0, 0x0,
    0x0, 0xbf, 0xff, 0xff, 0xf4, 0xff, 0xfd, 0x77,
    0x77, 0x77, 0x77, 0x77, 0x77, 0x7e, 0xff, 0xff,
    0xff, 0x4f, 0xff, 0xff, 0xff, 0xff, 0xff, 0xff,
    0xff, 0xff, 0xff, 0xff, 0xff, 0xf4, 0xff, 0xff,
    0xff, 0xff, 0xff, 0xff, 0xff, 0xff, 0xff, 0xff,
    0xff, 0xff, 0x4f, 0xff, 0xff, 0xff, 0xff, 0xff,
    0xff, 0xff, 0xff, 0xff, 0xff, 0xff, 0xf4, 0xff,
    0xff, 0xff, 0xff, 0xff, 0x82, 0x15, 0xef, 0xff,
    0xff, 0xff, 0xff, 0x4f, 0xff, 0xff, 0xff, 0xff,
    0x70, 0x0, 0x3, 0xff, 0xff, 0xff, 0xff, 0xf4,
    0xff, 0xff, 0xff, 0xff, 0xf0, 0x0, 0x0, 0xb,
    0xff, 0xff, 0xff, 0xff, 0x4f, 0xff, 0xff, 0xff,
    0xfc, 0x0, 0x0, 0x0, 0x8f, 0xff, 0xff, 0xff,
    0xf4, 0xff, 0xff, 0xff, 0xff, 0xe0, 0x0, 0x0,
    0x9, 0xff, 0xff, 0xff, 0xff, 0x4f, 0xff, 0xff,
    0xff, 0xff, 0x30, 0x0, 0x0, 0xef, 0xff, 0xff,
    0xff, 0xf4, 0xff, 0xff, 0xff, 0xff, 0xfd, 0x10,
    0x0, 0x9f, 0xff, 0xff, 0xff, 0xff, 0x4f, 0xff,
    0xff, 0xff, 0xff, 0xfe, 0xa9, 0xdf, 0xff, 0xff,
    0xff, 0xff, 0xf4, 0xff, 0xff, 0xff, 0xff, 0xff,
    0xff, 0xff, 0xff, 0xff, 0xff, 0xff, 0xff, 0x3a,
    0xff, 0xff, 0xff, 0xff, 0xff, 0xff, 0xff, 0xff,
    0xff, 0xff, 0xff, 0xe0, 0x1a, 0xef, 0xff, 0xff,
    0xff, 0xff, 0xff, 0xff, 0xff, 0xff, 0xff, 0xc3,
    0x0,

    /* U+F0C9 "" */
    0x0, 0x0, 0x0, 0x0, 0x0, 0x0, 0x0, 0x0,
    0x0, 0x0, 0x0, 0x0, 0xd, 0xff, 0xff, 0xff,
    0xff, 0xff, 0xff, 0xff, 0xff, 0xff, 0xff, 0xff,
    0xf5, 0xff, 0xff, 0xff, 0xff, 0xff, 0xff, 0xff,
    0xff, 0xff, 0xff, 0xff, 0xff, 0x8f, 0xff, 0xff,
    0xff, 0xff, 0xff, 0xff, 0xff, 0xff, 0xff, 0xff,
    0xff, 0xf8, 0xae, 0xee, 0xee, 0xee, 0xee, 0xee,
    0xee, 0xee, 0xee, 0xee, 0xee, 0xed, 0x40, 0x0,
    0x0, 0x0, 0x0, 0x0, 0x0, 0x0, 0x0, 0x0,
    0x0, 0x0, 0x0, 0x0, 0x0, 0x0, 0x0, 0x0,
    0x0, 0x0, 0x0, 0x0, 0x0, 0x0, 0x0, 0x0,
    0x0, 0x0, 0x0, 0x0, 0x0, 0x0, 0x0, 0x0,
    0x0, 0x0, 0x0, 0x0, 0x0, 0x0, 0x0, 0x0,
    0x0, 0x0, 0x0, 0x0, 0x0, 0x0, 0x0, 0x0,
    0x7, 0xbb, 0xbb, 0xbb, 0xbb, 0xbb, 0xbb, 0xbb,
    0xbb, 0xbb, 0xbb, 0xbb, 0xa2, 0xff, 0xff, 0xff,
    0xff, 0xff, 0xff, 0xff, 0xff, 0xff, 0xff, 0xff,
    0xff, 0x7f, 0xff, 0xff, 0xff, 0xff, 0xff, 0xff,
    0xff, 0xff, 0xff, 0xff, 0xff, 0xf8, 0xef, 0xff,
    0xff, 0xff, 0xff, 0xff, 0xff, 0xff, 0xff, 0xff,
    0xff, 0xff, 0x61, 0x44, 0x44, 0x44, 0x44, 0x44,
    0x44, 0x44, 0x44, 0x44, 0x44, 0x44, 0x30, 0x0,
    0x0, 0x0, 0x0, 0x0, 0x0, 0x0, 0x0, 0x0,
    0x0, 0x0, 0x0, 0x0, 0x0, 0x0, 0x0, 0x0,
    0x0, 0x0, 0x0, 0x0, 0x0, 0x0, 0x0, 0x0,
    0x0, 0x0, 0x0, 0x0, 0x0, 0x0, 0x0, 0x0,
    0x0, 0x0, 0x0, 0x0, 0x0, 0x0, 0x0, 0x0,
    0x0, 0x0, 0x0, 0x0, 0x0, 0x0, 0x0, 0x0,
    0x0, 0xae, 0xee, 0xee, 0xee, 0xee, 0xee, 0xee,
    0xee, 0xee, 0xee, 0xee, 0xed, 0x4f, 0xff, 0xff,
    0xff, 0xff, 0xff, 0xff, 0xff, 0xff, 0xff, 0xff,
    0xff, 0xf8, 0xff, 0xff, 0xff, 0xff, 0xff, 0xff,
    0xff, 0xff, 0xff, 0xff, 0xff, 0xff, 0x8d, 0xff,
    0xff, 0xff, 0xff, 0xff, 0xff, 0xff, 0xff, 0xff,
    0xff, 0xff, 0xf5, 0x0, 0x0, 0x0, 0x0, 0x0,
    0x0, 0x0, 0x0, 0x0, 0x0, 0x0, 0x0, 0x0,

    /* U+F0E0 "" */
    0x1b, 0xff, 0xff, 0xff, 0xff, 0xff, 0xff, 0xff,
    0xff, 0xff, 0xff, 0xff, 0xff, 0xb1, 0xbf, 0xff,
    0xff, 0xff, 0xff, 0xff, 0xff, 0xff, 0xff, 0xff,
    0xff, 0xff, 0xff, 0xfb, 0xff, 0xff, 0xff, 0xff,
    0xff, 0xff, 0xff, 0xff, 0xff, 0xff, 0xff, 0xff,
    0xff, 0xff, 0xff, 0xff, 0xff, 0xff, 0xff, 0xff,
    0xff, 0xff, 0xff, 0xff, 0xff, 0xff, 0xff, 0xff,
    0xaf, 0xff, 0xff, 0xff, 0xff, 0xff, 0xff, 0xff,
    0xff, 0xff, 0xff, 0xff, 0xff, 0xfa, 0x7, 0xff,
    0xff, 0xff, 0xff, 0xff, 0xff, 0xff, 0xff, 0xff,
    0xff, 0xff, 0xff, 0x70, 0x0, 0x3e, 0xff, 0xff,
    0xff, 0xff, 0xff, 0xff, 0xff, 0xff, 0xff, 0xff,
    0xe3, 0x0, 0xe5, 0x1, 0xbf, 0xff, 0xff, 0xff,
    0xff, 0xff, 0xff, 0xff, 0xff, 0xfb, 0x10, 0x5e,
    0xff, 0x90, 0x7, 0xff, 0xff, 0xff, 0xff, 0xff,
    0xff, 0xff, 0xff, 0x70, 0x9, 0xff, 0xff, 0xfd,
    0x20, 0x3d, 0xff, 0xff, 0xff, 0xff, 0xff, 0xff,
    0xd3, 0x2, 0xdf, 0xff, 0xff, 0xff, 0xf6, 0x0,
    0xaf, 0xff, 0xff, 0xff, 0xff, 0xfa, 0x0, 0x6f,
    0xff, 0xff, 0xff, 0xff, 0xff, 0xa1, 0x6, 0xff,
    0xff, 0xff, 0xff, 0x60, 0xa, 0xff, 0xff, 0xff,
    0xff, 0xff, 0xff, 0xfe, 0x30, 0x2d, 0xff, 0xff,
    0xd2, 0x3, 0xdf, 0xff, 0xff, 0xff, 0xff, 0xff,
    0xff, 0xff, 0xf6, 0x0, 0x7e, 0xe7, 0x0, 0x7f,
    0xff, 0xff, 0xff, 0xff, 0xff, 0xff, 0xff, 0xff,
    0xff, 0xb1, 0x0, 0x0, 0x1b, 0xff, 0xff, 0xff,
    0xff, 0xff, 0xff, 0xff, 0xff, 0xff, 0xff, 0xff,
    0x95, 0x59, 0xff, 0xff, 0xff, 0xff, 0xff, 0xff,
    0xff, 0xff, 0xff, 0xff, 0xff, 0xff, 0xff, 0xff,
    0xff, 0xff, 0xff, 0xff, 0xff, 0xff, 0xff, 0xff,
    0xff, 0xff, 0xff, 0xff, 0xff, 0xff, 0xff, 0xff,
    0xff, 0xff, 0xff, 0xff, 0xff, 0xff, 0xff, 0xff,
    0xff, 0xff, 0xff, 0xff, 0xff, 0xff, 0xff, 0xff,
    0xff, 0xff, 0xbf, 0xff, 0xff, 0xff, 0xff, 0xff,
    0xff, 0xff, 0xff, 0xff, 0xff, 0xff, 0xff, 0xfb,
    0x1b, 0xff, 0xff, 0xff, 0xff, 0xff, 0xff, 0xff,
    0xff, 0xff, 0xff, 0xff, 0xff, 0xb1,

    /* U+F0E7 "" */
    0x0, 0x8, 0xbb, 0xbb, 0xbb, 0xbb, 0x80, 0x0,
    0x0, 0x0, 0x3, 0xff, 0xff, 0xff, 0xff, 0xff,
    0x20, 0x0, 0x0, 0x0, 0x6f, 0xff, 0xff, 0xff,
    0xff, 0xf0, 0x0, 0x0, 0x0, 0x8, 0xff, 0xff,
    0xff, 0xff, 0xfb, 0x0, 0x0, 0x0, 0x0, 0xaf,
    0xff, 0xff, 0xff, 0xff, 0x50, 0x0, 0x0, 0x0,
    0xc, 0xff, 0xff, 0xff, 0xff, 0xf1, 0x0, 0x0,
    0x0, 0x0, 0xef, 0xff, 0xff, 0xff, 0xfb, 0x0,
    0x0, 0x0, 0x0, 0xf, 0xff, 0xff, 0xff, 0xff,
    0x60, 0x0, 0x0, 0x0, 0x3, 0xff, 0xff, 0xff,
    0xff, 0xf1, 0x0, 0x0, 0x0, 0x0, 0x5f, 0xff,
    0xff, 0xff, 0xff, 0xff, 0xff, 0xff, 0xd2, 0x7,
    0xff, 0xff, 0xff, 0xff, 0xff, 0xff, 0xff, 0xff,
    0x70, 0x9f, 0xff, 0xff, 0xff, 0xff, 0xff, 0xff,
    0xff, 0xf1, 0xb, 0xff, 0xff, 0xff, 0xff, 0xff,
    0xff, 0xff, 0xf7, 0x0, 0xdf, 0xff, 0xff, 0xff,
    0xff, 0xff, 0xff, 0xfd, 0x0, 0xf, 0xff, 0xff,
    0xff, 0xff, 0xff, 0xff, 0xff, 0x50, 0x0, 0xaf,
    0xff, 0xff, 0xff, 0xff, 0xff, 0xff, 0xb0, 0x0,
    0x0, 0x0, 0x0, 0x0, 0x5f, 0xff, 0xff, 0xf2,
    0x0, 0x0, 0x0, 0x0, 0x0, 0x8, 0xff, 0xff,
    0xf9, 0x0, 0x0, 0x0, 0x0, 0x0, 0x0, 0xcf,
    0xff, 0xfe, 0x10, 0x0, 0x0, 0x0, 0x0, 0x0,
    0xf, 0xff, 0xff, 0x60, 0x0, 0x0, 0x0, 0x0,
    0x0, 0x3, 0xff, 0xff, 0xd0, 0x0, 0x0, 0x0,
    0x0, 0x0, 0x0, 0x7f, 0xff, 0xf4, 0x0, 0x0,
    0x0, 0x0, 0x0, 0x0, 0xb, 0xff, 0xfb, 0x0,
    0x0, 0x0, 0x0, 0x0, 0x0, 0x0, 0xef, 0xff,
    0x20, 0x0, 0x0, 0x0, 0x0, 0x0, 0x0, 0x2f,
    0xff, 0x80, 0x0, 0x0, 0x0, 0x0, 0x0, 0x0,
    0x6, 0xff, 0xe0, 0x0, 0x0, 0x0, 0x0, 0x0,
    0x0, 0x0, 0xaf, 0xf6, 0x0, 0x0, 0x0, 0x0,
    0x0, 0x0, 0x0, 0x9, 0xfc, 0x0, 0x0, 0x0,
    0x0, 0x0, 0x0, 0x0, 0x0, 0x3, 0x0, 0x0,
    0x0, 0x0, 0x0, 0x0,

    /* U+F0EA "" */
    0x0, 0x0, 0x0, 0x1, 0x43, 0x0, 0x0, 0x0,
    0x0, 0x0, 0x0, 0x0, 0x0, 0x0, 0x0, 0x7,
    0xff, 0xfe, 0x30, 0x0, 0x0, 0x0, 0x0, 0x0,
    0x0, 0x49, 0x99, 0x99, 0xff, 0xef, 0xfe, 0x99,
    0x99, 0x81, 0x0, 0x0, 0x0, 0xf, 0xff, 0xff,
    0xff, 0xa0, 0x1e, 0xff, 0xff, 0xff, 0x90, 0x0,
    0x0, 0x0, 0xff, 0xff, 0xff, 0xfa, 0x1, 0xef,
    0xff, 0xff, 0xfa, 0x0, 0x0, 0x0, 0xf, 0xff,
    0xff, 0xff, 0xff, 0xff, 0xff, 0xff, 0xff, 0xa0,
    0x0, 0x0, 0x0, 0xff, 0xff, 0xff, 0xff, 0xff,
    0xff, 0xff, 0xff, 0xfa, 0x0, 0x0, 0x0, 0xf,
    0xff, 0xff, 0xff, 0xfc, 0x64, 0x44, 0x44, 0x44,
    0x30, 0x0, 0x0, 0x0, 0xff, 0xff, 0xff, 0xfb,
    0x0, 0x0, 0x0, 0x0, 0x0, 0x0, 0x0, 0x0,
    0xf, 0xff, 0xff, 0xff, 0x20, 0xaf, 0xff, 0xff,
    0xff, 0xa0, 0xd6, 0x0, 0x0, 0xff, 0xff, 0xff,
    0xf0, 0x1f, 0xff, 0xff, 0xff, 0xfa, 0xe, 0xf6,
    0x0, 0xf, 0xff, 0xff, 0xff, 0x1, 0xff, 0xff,
    0xff, 0xff, 0xa0, 0xef, 0xf6, 0x0, 0xff, 0xff,
    0xff, 0xf0, 0x1f, 0xff, 0xff, 0xff, 0xfa, 0xe,
    0xff, 0xf6, 0xf, 0xff, 0xff, 0xff, 0x1, 0xff,
    0xff, 0xff, 0xff, 0xa0, 0xef, 0xff, 0xf3, 0xff,
    0xff, 0xff, 0xf0, 0x1f, 0xff, 0xff, 0xff, 0xfa,
    0x4, 0x44, 0x44, 0x1f, 0xff, 0xff, 0xff, 0x1,
    0xff, 0xff, 0xff, 0xff, 0xe1, 0x0, 0x0, 0x0,
    0xff, 0xff, 0xff, 0xf0, 0x1f, 0xff, 0xff, 0xff,
    0xff, 0xff, 0xff, 0xff, 0x5f, 0xff, 0xff, 0xff,
    0x1, 0xff, 0xff, 0xff, 0xff, 0xff, 0xff, 0xff,
    0xf5, 0xff, 0xff, 0xff, 0xf0, 0x1f, 0xff, 0xff,
    0xff, 0xff, 0xff, 0xff, 0xff, 0x5f, 0xff, 0xff,
    0xff, 0x1, 0xff, 0xff, 0xff, 0xff, 0xff, 0xff,
    0xff, 0xf5, 0xff, 0xff, 0xff, 0xf0, 0x1f, 0xff,
    0xff, 0xff, 0xff, 0xff, 0xff, 0xff, 0x5f, 0xff,
    0xff, 0xff, 0x1, 0xff, 0xff, 0xff, 0xff, 0xff,
    0xff, 0xff, 0xf5, 0xaf, 0xff, 0xff, 0xf0, 0x1f,
    0xff, 0xff, 0xff, 0xff, 0xff, 0xff, 0xff, 0x50,
    0x0, 0x0, 0x0, 0x1, 0xff, 0xff, 0xff, 0xff,
    0xff, 0xff, 0xff, 0xf5, 0x0, 0x0, 0x0, 0x0,
    0x1f, 0xff, 0xff, 0xff, 0xff, 0xff, 0xff, 0xff,
    0x50, 0x0, 0x0, 0x0, 0x1, 0xff, 0xff, 0xff,
    0xff, 0xff, 0xff, 0xff, 0xf5, 0x0, 0x0, 0x0,
    0x0, 0x1f, 0xff, 0xff, 0xff, 0xff, 0xff, 0xff,
    0xff, 0x50, 0x0, 0x0, 0x0, 0x0, 0xef, 0xff,
    0xff, 0xff, 0xff, 0xff, 0xff, 0xf2, 0x0, 0x0,
    0x0, 0x0, 0x1, 0x44, 0x44, 0x44, 0x44, 0x44,
    0x44, 0x42, 0x0,

    /* U+F0F3 "" */
    0x0, 0x0, 0x0, 0x0, 0x0, 0x7, 0xa2, 0x0,
    0x0, 0x0, 0x0, 0x0, 0x0, 0x0, 0x0, 0x0,
    0x0, 0x5, 0xff, 0xd0, 0x0, 0x0, 0x0, 0x0,
    0x0, 0x0, 0x0, 0x0, 0x0, 0x0, 0x7f, 0xff,
    0x0, 0x0, 0x0, 0x0, 0x0, 0x0, 0x0, 0x0,
    0x0, 0x2, 0x8d, 0xff, 0xfa, 0x50, 0x0, 0x0,
    0x0, 0x0, 0x0, 0x0, 0x0, 0x9, 0xff, 0xff,
    0xff, 0xff, 0xd4, 0x0, 0x0, 0x0, 0x0, 0x0,
    0x0, 0x1c, 0xff, 0xff, 0xff, 0xff, 0xff, 0xf5,
    0x0, 0x0, 0x0, 0x0, 0x0, 0xc, 0xff, 0xff,
    0xff, 0xff, 0xff, 0xff, 0xf4, 0x0, 0x0, 0x0,
    0x0, 0x6, 0xff, 0xff, 0xff, 0xff, 0xff, 0xff,
    0xff, 0xd0, 0x0, 0x0, 0x0, 0x0, 0xef, 0xff,
    0xff, 0xff, 0xff, 0xff, 0xff, 0xff, 0x50, 0x0,
    0x0, 0x0, 0x3f, 0xff, 0xff, 0xff, 0xff, 0xff,
    0xff, 0xff, 0xfb, 0x0, 0x0, 0x0, 0x6, 0xff,
    0xff, 0xff, 0xff, 0xff, 0xff, 0xff, 0xff, 0xd0,
    0x0, 0x0, 0x0, 0x7f, 0xff, 0xff, 0xff, 0xff,
    0xff, 0xff, 0xff, 0xff, 0x0, 0x0, 0x0, 0x8,
    0xff, 0xff, 0xff, 0xff, 0xff, 0xff, 0xff, 0xff,
    0xf0, 0x0, 0x0, 0x0, 0x9f, 0xff, 0xff, 0xff,
    0xff, 0xff, 0xff, 0xff, 0xff, 0x10, 0x0, 0x0,
    0xc, 0xff, 0xff, 0xff, 0xff, 0xff, 0xff, 0xff,
    0xff, 0xf4, 0x0, 0x0, 0x0, 0xff, 0xff, 0xff,
    0xff, 0xff, 0xff, 0xff, 0xff, 0xff, 0x70, 0x0,
    0x0, 0x3f, 0xff, 0xff, 0xff, 0xff, 0xff, 0xff,
    0xff, 0xff, 0xfb, 0x0, 0x0, 0x9, 0xff, 0xff,
    0xff, 0xff, 0xff, 0xff, 0xff, 0xff, 0xff, 0xf1,
    0x0, 0x3, 0xff, 0xff, 0xff, 0xff, 0xff, 0xff,
    0xff, 0xff, 0xff, 0xff, 0xa0, 0x1, 0xef, 0xff,
    0xff, 0xff, 0xff, 0xff, 0xff, 0xff, 0xff, 0xff,
    0xff, 0x70, 0xbf, 0xff, 0xff, 0xff, 0xff, 0xff,
    0xff, 0xff, 0xff, 0xff, 0xff, 0xff, 0x3e, 0xff,
    0xff, 0xff, 0xff, 0xff, 0xff, 0xff, 0xff, 0xff,
    0xff, 0xff, 0xf7, 0x6f, 0xff, 0xff, 0xff, 0xff,
    0xff, 0xff, 0xff, 0xff, 0xff, 0xff, 0xfd, 0x10,
    0x0, 0x0, 0x0, 0x0, 0x0, 0x0, 0x0, 0x0,
    0x0, 0x0, 0x0, 0x0, 0x0, 0x0, 0x0, 0x0,
    0x0, 0x0, 0x0, 0x0, 0x0, 0x0, 0x0, 0x0,
    0x0, 0x0, 0x0, 0x0, 0x3, 0xff, 0xff, 0xff,
    0xb0, 0x0, 0x0, 0x0, 0x0, 0x0, 0x0, 0x0,
    0x0, 0xe, 0xff, 0xff, 0xf6, 0x0, 0x0, 0x0,
    0x0, 0x0, 0x0, 0x0, 0x0, 0x0, 0x3e, 0xff,
    0xf9, 0x0, 0x0, 0x0, 0x0, 0x0, 0x0, 0x0,
    0x0, 0x0, 0x0, 0x15, 0x73, 0x0, 0x0, 0x0,
    0x0, 0x0, 0x0,

    /* U+F11C "" */
    0x1b, 0xff, 0xff, 0xff, 0xff, 0xff, 0xff, 0xff,
    0xff, 0xff, 0xff, 0xff, 0xff, 0xff, 0xfe, 0x50,
    0xbf, 0xff, 0xff, 0xff, 0xff, 0xff, 0xff, 0xff,
    0xff, 0xff, 0xff, 0xff, 0xff, 0xff, 0xff, 0xf3,
    0xff, 0xff, 0xff, 0xff, 0xff, 0xff, 0xff, 0xff,
    0xff, 0xff, 0xff, 0xff, 0xff, 0xff, 0xff, 0xf7,
    0xff, 0xfd, 0x88, 0x9f, 0xf8, 0x88, 0xff, 0x98,
    0x8e, 0xfa, 0x88, 0xbf, 0xd8, 0x89, 0xff, 0xf8,
    0xff, 0xf8, 0x0, 0xf, 0xc0, 0x0, 0xcf, 0x0,
    0xa, 0xf1, 0x0, 0x4f, 0x70, 0x0, 0xff, 0xf8,
    0xff, 0xf8, 0x0, 0xf, 0xc0, 0x0, 0xcf, 0x0,
    0xa, 0xf1, 0x0, 0x4f, 0x70, 0x0, 0xff, 0xf8,
    0xff, 0xf9, 0x0, 0x1f, 0xd0, 0x0, 0xdf, 0x10,
    0xc, 0xf3, 0x0, 0x6f, 0x90, 0x1, 0xff, 0xf8,
    0xff, 0xff, 0xff, 0xff, 0xff, 0xff, 0xff, 0xff,
    0xff, 0xff, 0xff, 0xff, 0xff, 0xff, 0xff, 0xf8,
    0xff, 0xff, 0xff, 0xdc, 0xce, 0xfe, 0xcc, 0xdf,
    0xfc, 0xcd, 0xff, 0xcc, 0xcf, 0xff, 0xff, 0xf8,
    0xff, 0xff, 0xff, 0x20, 0x6, 0xf6, 0x0, 0x3f,
    0x80, 0x0, 0xfd, 0x0, 0xa, 0xff, 0xff, 0xf8,
    0xff, 0xff, 0xff, 0x20, 0x6, 0xf6, 0x0, 0x2f,
    0x80, 0x0, 0xed, 0x0, 0xa, 0xff, 0xff, 0xf8,
    0xff, 0xff, 0xff, 0x20, 0x6, 0xf6, 0x0, 0x3f,
    0x80, 0x0, 0xfd, 0x0, 0xa, 0xff, 0xff, 0xf8,
    0xff, 0xff, 0xff, 0xdc, 0xce, 0xfe, 0xcc, 0xdf,
    0xfc, 0xcd, 0xff, 0xcc, 0xcf, 0xff, 0xff, 0xf8,
    0xff, 0xff, 0xff, 0xff, 0xff, 0xff, 0xff, 0xff,
    0xff, 0xff, 0xff, 0xff, 0xff, 0xff, 0xff, 0xf8,
    0xff, 0xf9, 0x0, 0x1f, 0xd0, 0x0, 0x0, 0x0,
    0x0, 0x0, 0x0, 0x6f, 0x90, 0x1, 0xff, 0xf8,
    0xff, 0xf8, 0x0, 0xf, 0xc0, 0x0, 0x0, 0x0,
    0x0, 0x0, 0x0, 0x4f, 0x70, 0x0, 0xff, 0xf8,
    0xff, 0xf8, 0x0, 0xf, 0xc0, 0x0, 0x0, 0x0,
    0x0, 0x0, 0x0, 0x4f, 0x70, 0x0, 0xff, 0xf8,
    0xff, 0xfd, 0x88, 0x9f, 0xf8, 0x88, 0x88, 0x88,
    0x88, 0x88, 0x88, 0xbf, 0xd8, 0x89, 0xff, 0xf8,
    0xff, 0xff, 0xff, 0xff, 0xff, 0xff, 0xff, 0xff,
    0xff, 0xff, 0xff, 0xff, 0xff, 0xff, 0xff, 0xf7,
    0xbf, 0xff, 0xff, 0xff, 0xff, 0xff, 0xff, 0xff,
    0xff, 0xff, 0xff, 0xff, 0xff, 0xff, 0xff, 0xf3,
    0x1b, 0xff, 0xff, 0xff, 0xff, 0xff, 0xff, 0xff,
    0xff, 0xff, 0xff, 0xff, 0xff, 0xff, 0xfe, 0x50,

    /* U+F124 "" */
    0x0, 0x0, 0x0, 0x0, 0x0, 0x0, 0x0, 0x0,
    0x0, 0x0, 0x0, 0x0, 0x5, 0x72, 0x0, 0x0,
    0x0, 0x0, 0x0, 0x0, 0x0, 0x0, 0x0, 0x0,
    0x0, 0x0, 0x6, 0xef, 0xff, 0x40, 0x0, 0x0,
    0x0, 0x0, 0x0, 0x0, 0x0, 0x0, 0x0, 0x0,
    0x18, 0xef, 0xff, 0xff, 0xd0, 0x0, 0x0, 0x0,
    0x0, 0x0, 0x0, 0x0, 0x0, 0x0, 0x29, 0xff,
    0xff, 0xff, 0xff, 0xe0, 0x0, 0x0, 0x0, 0x0,
    0x0, 0x0, 0x0, 0x0, 0x3a, 0xff, 0xff, 0xff,
    0xff, 0xff, 0x90, 0x0, 0x0, 0x0, 0x0, 0x0,
    0x0, 0x0, 0x4c, 0xff, 0xff, 0xff, 0xff, 0xff,
    0xff, 0x20, 0x0, 0x0, 0x0, 0x0, 0x0, 0x0,
    0x6d, 0xff, 0xff, 0xff, 0xff, 0xff, 0xff, 0xfb,
    0x0, 0x0, 0x0, 0x0, 0x0, 0x1, 0x7e, 0xff,
    0xff, 0xff, 0xff, 0xff, 0xff, 0xff, 0xf3, 0x0,
    0x0, 0x0, 0x0, 0x1, 0x8f, 0xff, 0xff, 0xff,
    0xff, 0xff, 0xff, 0xff, 0xff, 0xc0, 0x0, 0x0,
    0x0, 0x2, 0xaf, 0xff, 0xff, 0xff, 0xff, 0xff,
    0xff, 0xff, 0xff, 0xff, 0x50, 0x0, 0x0, 0x4,
    0xbf, 0xff, 0xff, 0xff, 0xff, 0xff, 0xff, 0xff,
    0xff, 0xff, 0xfd, 0x0, 0x0, 0x1, 0xbf, 0xff,
    0xff, 0xff, 0xff, 0xff, 0xff, 0xff, 0xff, 0xff,
    0xff, 0xf6, 0x0, 0x0, 0xb, 0xff, 0xff, 0xff,
    0xff, 0xff, 0xff, 0xff, 0xff, 0xff, 0xff, 0xff,
    0xe0, 0x0, 0x0, 0xf, 0xff, 0xff, 0xff, 0xff,
    0xff, 0xff, 0xff, 0xff, 0xff, 0xff, 0xff, 0x70,
    0x0, 0x0, 0xd, 0xff, 0xff, 0xff, 0xff, 0xff,
    0xff, 0xff, 0xff, 0xff, 0xff, 0xff, 0x10, 0x0,
    0x0, 0x4, 0xff, 0xff, 0xff, 0xff, 0xff, 0xff,
    0xff, 0xff, 0xff, 0xff, 0xf9, 0x0, 0x0, 0x0,
    0x0, 0x3, 0x44, 0x44, 0x44, 0x44, 0x4d, 0xff,
    0xff, 0xff, 0xff, 0xf2, 0x0, 0x0, 0x0, 0x0,
    0x0, 0x0, 0x0, 0x0, 0x0, 0xc, 0xff, 0xff,
    0xff, 0xff, 0xa0, 0x0, 0x0, 0x0, 0x0, 0x0,
    0x0, 0x0, 0x0, 0x0, 0xc, 0xff, 0xff, 0xff,
    0xff, 0x30, 0x0, 0x0, 0x0, 0x0, 0x0, 0x0,
    0x0, 0x0, 0x0, 0xc, 0xff, 0xff, 0xff, 0xfb,
    0x0, 0x0, 0x0, 0x0, 0x0, 0x0, 0x0, 0x0,
    0x0, 0x0, 0xc, 0xff, 0xff, 0xff, 0xf4, 0x0,
    0x0, 0x0, 0x0, 0x0, 0x0, 0x0, 0x0, 0x0,
    0x0, 0xc, 0xff, 0xff, 0xff, 0xd0, 0x0, 0x0,
    0x0, 0x0, 0x0, 0x0, 0x0, 0x0, 0x0, 0x0,
    0xc, 0xff, 0xff, 0xff, 0x50, 0x0, 0x0, 0x0,
    0x0, 0x0, 0x0, 0x0, 0x0, 0x0, 0x0, 0xc,
    0xff, 0xff, 0xfe, 0x0, 0x0, 0x0, 0x0, 0x0,
    0x0, 0x0, 0x0, 0x0, 0x0, 0x0, 0xc, 0xff,
    0xff, 0xf7, 0x0, 0x0, 0x0, 0x0, 0x0, 0x0,
    0x0, 0x0, 0x0, 0x0, 0x0, 0xb, 0xff, 0xff,
    0xf0, 0x0, 0x0, 0x0, 0x0, 0x0, 0x0, 0x0,
    0x0, 0x0, 0x0, 0x0, 0xa, 0xff, 0xff, 0x80,
    0x0, 0x0, 0x0, 0x0, 0x0, 0x0, 0x0, 0x0,
    0x0, 0x0, 0x0, 0x2, 0xff, 0xfd, 0x0, 0x0,
    0x0, 0x0, 0x0, 0x0, 0x0, 0x0, 0x0, 0x0,
    0x0, 0x0, 0x0, 0x17, 0x60, 0x0, 0x0, 0x0,
    0x0, 0x0, 0x0,

    /* U+F15B "" */
    0x14, 0x44, 0x44, 0x44, 0x44, 0x44, 0x10, 0x30,
    0x0, 0x0, 0xd, 0xff, 0xff, 0xff, 0xff, 0xff,
    0xf4, 0xf, 0xa0, 0x0, 0x0, 0xff, 0xff, 0xff,
    0xff, 0xff, 0xff, 0x40, 0xff, 0xa0, 0x0, 0xf,
    0xff, 0xff, 0xff, 0xff, 0xff, 0xf4, 0xf, 0xff,
    0xa0, 0x0, 0xff, 0xff, 0xff, 0xff, 0xff, 0xff,
    0x40, 0xff, 0xff, 0xa0, 0xf, 0xff, 0xff, 0xff,
    0xff, 0xff, 0xf4, 0xf, 0xff, 0xff, 0xa0, 0xff,
    0xff, 0xff, 0xff, 0xff, 0xff, 0x40, 0xff, 0xff,
    0xff, 0x9f, 0xff, 0xff, 0xff, 0xff, 0xff, 0xf4,
    0xb, 0xbb, 0xbb, 0xbb, 0xff, 0xff, 0xff, 0xff,
    0xff, 0xff, 0x80, 0x0, 0x0, 0x0, 0xf, 0xff,
    0xff, 0xff, 0xff, 0xff, 0xff, 0xff, 0xff, 0xff,
    0xff, 0xff, 0xff, 0xff, 0xff, 0xff, 0xff, 0xff,
    0xff, 0xff, 0xff, 0xff, 0xff, 0xff, 0xff, 0xff,
    0xff, 0xff, 0xff, 0xff, 0xff, 0xff, 0xff, 0xff,
    0xff, 0xff, 0xff, 0xff, 0xff, 0xff, 0xff, 0xff,
    0xff, 0xff, 0xff, 0xff, 0xff, 0xff, 0xff, 0xff,
    0xff, 0xff, 0xff, 0xff, 0xff, 0xff, 0xff, 0xff,
    0xff, 0xff, 0xff, 0xff, 0xff, 0xff, 0xff, 0xff,
    0xff, 0xff, 0xff, 0xff, 0xff, 0xff, 0xff, 0xff,
    0xff, 0xff, 0xff, 0xff, 0xff, 0xff, 0xff, 0xff,
    0xff, 0xff, 0xff, 0xff, 0xff, 0xff, 0xff, 0xff,
    0xff, 0xff, 0xff, 0xff, 0xff, 0xff, 0xff, 0xff,
    0xff, 0xff, 0xff, 0xff, 0xff, 0xff, 0xff, 0xff,
    0xff, 0xff, 0xff, 0xff, 0xff, 0xff, 0xff, 0xff,
    0xff, 0xff, 0xff, 0xff, 0xff, 0xff, 0xff, 0xff,
    0xff, 0xff, 0xff, 0xff, 0xff, 0xff, 0xff, 0xff,
    0xff, 0xff, 0xff, 0xff, 0xff, 0xff, 0xff, 0xff,
    0xff, 0xff, 0xff, 0xff, 0xff, 0xff, 0xff, 0xff,
    0xff, 0xff, 0xff, 0xff, 0xff, 0xff, 0xff, 0xff,
    0xff, 0xff, 0xff, 0xff, 0xff, 0xff, 0xff, 0xff,
    0xff, 0xff, 0xff, 0xff, 0xff, 0xff, 0xff, 0xff,
    0xff, 0xff, 0xff, 0xff, 0xff, 0xff, 0xff, 0xff,
    0xff, 0xff, 0xff, 0xff, 0xff, 0xff, 0xff, 0xff,
    0xff, 0xff, 0xff, 0xfd, 0xff, 0xff, 0xff, 0xff,
    0xff, 0xff, 0xff, 0xff, 0xff, 0xfd, 0x14, 0x44,
    0x44, 0x44, 0x44, 0x44, 0x44, 0x44, 0x44, 0x44,
    0x10,

    /* U+F1EB "" */
    0x0, 0x0, 0x0, 0x0, 0x0, 0x0, 0x0, 0x0,
    0x0, 0x0, 0x0, 0x0, 0x0, 0x0, 0x0, 0x0,
    0x0, 0x0, 0x0, 0x0, 0x0, 0x0, 0x0, 0x3,
    0x69, 0xab, 0xcb, 0xa9, 0x63, 0x0, 0x0, 0x0,
    0x0, 0x0, 0x0, 0x0, 0x0, 0x0, 0x0, 0x27,
    0xcf, 0xff, 0xff, 0xff, 0xff, 0xff, 0xff, 0xc7,
    0x20, 0x0, 0x0, 0x0, 0x0, 0x0, 0x0, 0x3,
    0xbf, 0xff, 0xff, 0xff, 0xff, 0xff, 0xff, 0xff,
    0xff, 0xff, 0xb3, 0x0, 0x0, 0x0, 0x0, 0x0,
    0x2c, 0xff, 0xff, 0xff, 0xff, 0xff, 0xff, 0xff,
    0xff, 0xff, 0xff, 0xff, 0xfc, 0x20, 0x0, 0x0,
    0x0, 0x8f, 0xff, 0xff, 0xff, 0xff, 0xfd, 0xba,
    0xaa, 0xbd, 0xff, 0xff, 0xff, 0xff, 0xff, 0x80,
    0x0, 0x1, 0xdf, 0xff, 0xff, 0xff, 0xc7, 0x30,
    0x0, 0x0, 0x0, 0x0, 0x37, 0xcf, 0xff, 0xff,
    0xff, 0xd1, 0x3, 0xef, 0xff, 0xff, 0xf9, 0x20,
    0x0, 0x0, 0x0, 0x0, 0x0, 0x0, 0x0, 0x29,
    0xff, 0xff, 0xff, 0xe3, 0xef, 0xff, 0xff, 0xb2,
    0x0, 0x0, 0x0, 0x0, 0x0, 0x0, 0x0, 0x0,
    0x0, 0x2, 0xbf, 0xff, 0xff, 0xe7, 0xff, 0xff,
    0x60, 0x0, 0x0, 0x0, 0x0, 0x0, 0x0, 0x0,
    0x0, 0x0, 0x0, 0x0, 0x6f, 0xff, 0xf7, 0x7,
    0xfe, 0x20, 0x0, 0x0, 0x0, 0x48, 0xbe, 0xff,
    0xfd, 0xb8, 0x40, 0x0, 0x0, 0x0, 0x2d, 0xf7,
    0x0, 0x4, 0x10, 0x0, 0x0, 0x18, 0xef, 0xff,
    0xff, 0xff, 0xff, 0xff, 0xe8, 0x10, 0x0, 0x0,
    0x14, 0x0, 0x0, 0x0, 0x0, 0x0, 0x6e, 0xff,
    0xff, 0xff, 0xff, 0xff, 0xff, 0xff, 0xfe, 0x60,
    0x0, 0x0, 0x0, 0x0, 0x0, 0x0, 0x1, 0xbf,
    0xff, 0xff, 0xff, 0xff, 0xff, 0xff, 0xff, 0xff,
    0xff, 0xb1, 0x0, 0x0, 0x0, 0x0, 0x0, 0x0,
    0xbf, 0xff, 0xff, 0xff, 0xc8, 0x76, 0x78, 0xcf,
    0xff, 0xff, 0xff, 0xc0, 0x0, 0x0, 0x0, 0x0,
    0x0, 0x8, 0xff, 0xff, 0xe7, 0x0, 0x0, 0x0,
    0x0, 0x7, 0xef, 0xff, 0xf8, 0x0, 0x0, 0x0,
    0x0, 0x0, 0x0, 0x9, 0xff, 0x90, 0x0, 0x0,
    0x0, 0x0, 0x0, 0x0, 0x9f, 0xf9, 0x0, 0x0,
    0x0, 0x0, 0x0, 0x0, 0x0, 0x6, 0x40, 0x0,
    0x0, 0x0, 0x0, 0x0, 0x0, 0x0, 0x47, 0x0,
    0x0, 0x0, 0x0, 0x0, 0x0, 0x0, 0x0, 0x0,
    0x0, 0x0, 0x0, 0x1, 0x0, 0x0, 0x0, 0x0,
    0x0, 0x0, 0x0, 0x0, 0x0, 0x0, 0x0, 0x0,
    0x0, 0x0, 0x0, 0x0, 0x7f, 0xff, 0x70, 0x0,
    0x0, 0x0, 0x0, 0x0, 0x0, 0x0, 0x0, 0x0,
    0x0, 0x0, 0x0, 0x0, 0x0, 0x7f, 0xff, 0xff,
    0x70, 0x0, 0x0, 0x0, 0x0, 0x0, 0x0, 0x0,
    0x0, 0x0, 0x0, 0x0, 0x0, 0x0, 0xe, 0xff,
    0xff, 0xfe, 0x0, 0x0, 0x0, 0x0, 0x0, 0x0,
    0x0, 0x0, 0x0, 0x0, 0x0, 0x0, 0x0, 0x0,
    0xff, 0xff, 0xff, 0xf0, 0x0, 0x0, 0x0, 0x0,
    0x0, 0x0, 0x0, 0x0, 0x0, 0x0, 0x0, 0x0,
    0x0, 0xc, 0xff, 0xff, 0xfc, 0x0, 0x0, 0x0,
    0x0, 0x0, 0x0, 0x0, 0x0, 0x0, 0x0, 0x0,
    0x0, 0x0, 0x0, 0x4f, 0xff, 0xff, 0x40, 0x0,
    0x0, 0x0, 0x0, 0x0, 0x0, 0x0, 0x0, 0x0,
    0x0, 0x0, 0x0, 0x0, 0x0, 0x3b, 0xdb, 0x30,
    0x0, 0x0, 0x0, 0x0, 0x0, 0x0, 0x0,

    /* U+F240 "" */
    0x2, 0x67, 0x77, 0x77, 0x77, 0x77, 0x77, 0x77,
    0x77, 0x77, 0x77, 0x77, 0x77, 0x77, 0x77, 0x74,
    0x0, 0x5, 0xff, 0xff, 0xff, 0xff, 0xff, 0xff,
    0xff, 0xff, 0xff, 0xff, 0xff, 0xff, 0xff, 0xff,
    0xff, 0xf9, 0x0, 0xdf, 0xff, 0xff, 0xff, 0xff,
    0xff, 0xff, 0xff, 0xff, 0xff, 0xff, 0xff, 0xff,
    0xff, 0xff, 0xff, 0xf1, 0xf, 0xff, 0xff, 0xff,
    0xff, 0xff, 0xff, 0xff, 0xff, 0xff, 0xff, 0xff,
    0xff, 0xff, 0xff, 0xff, 0xff, 0x30, 0xff, 0xf8,
    0x0, 0x0, 0x0, 0x0, 0x0, 0x0, 0x0, 0x0,
    0x0, 0x0, 0x0, 0x0, 0x4, 0xff, 0xff, 0x9f,
    0xff, 0x80, 0x0, 0x0, 0x0, 0x0, 0x0, 0x0,
    0x0, 0x0, 0x0, 0x0, 0x0, 0x0, 0x4f, 0xff,
    0xff, 0xff, 0xf8, 0xc, 0xff, 0xff, 0xff, 0xff,
    0xff, 0xff, 0xff, 0xff, 0xff, 0xff, 0xff, 0x4,
    0xff, 0xff, 0xff, 0xff, 0x80, 0xcf, 0xff, 0xff,
    0xff, 0xff, 0xff, 0xff, 0xff, 0xff, 0xff, 0xff,
    0xf0, 0x28, 0xcf, 0xff, 0xff, 0xf8, 0xc, 0xff,
    0xff, 0xff, 0xff, 0xff, 0xff, 0xff, 0xff, 0xff,
    0xff, 0xff, 0x0, 0x8, 0xff, 0xff, 0xff, 0x80,
    0xcf, 0xff, 0xff, 0xff, 0xff, 0xff, 0xff, 0xff,
    0xff, 0xff, 0xff, 0xf0, 0x0, 0x8f, 0xff, 0xff,
    0xf8, 0xc, 0xff, 0xff, 0xff, 0xff, 0xff, 0xff,
    0xff, 0xff, 0xff, 0xff, 0xff, 0x0, 0x8, 0xff,
    0xff, 0xff, 0x80, 0xcf, 0xff, 0xff, 0xff, 0xff,
    0xff, 0xff, 0xff, 0xff, 0xff, 0xff, 0xf0, 0x3f,
    0xff, 0xff, 0xff, 0xf8, 0xc, 0xff, 0xff, 0xff,
    0xff, 0xff, 0xff, 0xff, 0xff, 0xff, 0xff, 0xff,
    0x4, 0xff, 0xff, 0xff, 0xff, 0x80, 0x0, 0x0,
    0x0, 0x0, 0x0, 0x0, 0x0, 0x0, 0x0, 0x0,
    0x0, 0x0, 0x4f, 0xff, 0xfe, 0xff, 0xfb, 0x77,
    0x77, 0x77, 0x77, 0x77, 0x77, 0x77, 0x77, 0x77,
    0x77, 0x77, 0x77, 0x79, 0xff, 0xfa, 0x3f, 0xff,
    0xff, 0xff, 0xff, 0xff, 0xff, 0xff, 0xff, 0xff,
    0xff, 0xff, 0xff, 0xff, 0xff, 0xff, 0xff, 0x30,
    0xbf, 0xff, 0xff, 0xff, 0xff, 0xff, 0xff, 0xff,
    0xff, 0xff, 0xff, 0xff, 0xff, 0xff, 0xff, 0xff,
    0xe0, 0x1, 0xbf, 0xff, 0xff, 0xff, 0xff, 0xff,
    0xff, 0xff, 0xff, 0xff, 0xff, 0xff, 0xff, 0xff,
    0xff, 0xd3, 0x0, 0x0, 0x0, 0x0, 0x0, 0x0,
    0x0, 0x0, 0x0, 0x0, 0x0, 0x0, 0x0, 0x0,
    0x0, 0x0, 0x0, 0x0, 0x0,

    /* U+F241 "" */
    0x2, 0x67, 0x77, 0x77, 0x77, 0x77, 0x77, 0x77,
    0x77, 0x77, 0x77, 0x77, 0x77, 0x77, 0x77, 0x74,
    0x0, 0x5, 0xff, 0xff, 0xff, 0xff, 0xff, 0xff,
    0xff, 0xff, 0xff, 0xff, 0xff, 0xff, 0xff, 0xff,
    0xff, 0xf9, 0x0, 0xdf, 0xff, 0xff, 0xff, 0xff,
    0xff, 0xff, 0xff, 0xff, 0xff, 0xff, 0xff, 0xff,
    0xff, 0xff, 0xff, 0xf1, 0xf, 0xff, 0xff, 0xff,
    0xff, 0xff, 0xff, 0xff, 0xff, 0xff, 0xff, 0xff,
    0xff, 0xff, 0xff, 0xff, 0xff, 0x30, 0xff, 0xf8,
    0x0, 0x0, 0x0, 0x0, 0x0, 0x0, 0x0, 0x0,
    0x0, 0x0, 0x0, 0x0, 0x4, 0xff, 0xff, 0x9f,
    0xff, 0x80, 0x0, 0x0, 0x0, 0x0, 0x0, 0x0,
    0x0, 0x0, 0x0, 0x0, 0x0, 0x0, 0x4f, 0xff,
    0xff, 0xff, 0xf8, 0xe, 0xff, 0xff, 0xff, 0xff,
    0xff, 0xff, 0xff, 0xff, 0x90, 0x0, 0x0, 0x4,
    0xff, 0xff, 0xff, 0xff, 0x80, 0xef, 0xff, 0xff,
    0xff, 0xff, 0xff, 0xff, 0xff, 0xf9, 0x0, 0x0,
    0x0, 0x28, 0xcf, 0xff, 0xff, 0xf8, 0xe, 0xff,
    0xff, 0xff, 0xff, 0xff, 0xff, 0xff, 0xff, 0x90,
    0x0, 0x0, 0x0, 0x8, 0xff, 0xff, 0xff, 0x80,
    0xef, 0xff, 0xff, 0xff, 0xff, 0xff, 0xff, 0xff,
    0xf9, 0x0, 0x0, 0x0, 0x0, 0x8f, 0xff, 0xff,
    0xf8, 0xe, 0xff, 0xff, 0xff, 0xff, 0xff, 0xff,
    0xff, 0xff, 0x90, 0x0, 0x0, 0x0, 0x8, 0xff,
    0xff, 0xff, 0x80, 0xef, 0xff, 0xff, 0xff, 0xff,
    0xff, 0xff, 0xff, 0xf9, 0x0, 0x0, 0x0, 0x3f,
    0xff, 0xff, 0xff, 0xf8, 0xe, 0xff, 0xff, 0xff,
    0xff, 0xff, 0xff, 0xff, 0xff, 0x90, 0x0, 0x0,
    0x4, 0xff, 0xff, 0xff, 0xff, 0x80, 0x0, 0x0,
    0x0, 0x0, 0x0, 0x0, 0x0, 0x0, 0x0, 0x0,
    0x0, 0x0, 0x4f, 0xff, 0xfe, 0xff, 0xfb, 0x77,
    0x77, 0x77, 0x77, 0x77, 0x77, 0x77, 0x77, 0x77,
    0x77, 0x77, 0x77, 0x79, 0xff, 0xfa, 0x3f, 0xff,
    0xff, 0xff, 0xff, 0xff, 0xff, 0xff, 0xff, 0xff,
    0xff, 0xff, 0xff, 0xff, 0xff, 0xff, 0xff, 0x30,
    0xbf, 0xff, 0xff, 0xff, 0xff, 0xff, 0xff, 0xff,
    0xff, 0xff, 0xff, 0xff, 0xff, 0xff, 0xff, 0xff,
    0xe0, 0x1, 0xbf, 0xff, 0xff, 0xff, 0xff, 0xff,
    0xff, 0xff, 0xff, 0xff, 0xff, 0xff, 0xff, 0xff,
    0xff, 0xd3, 0x0, 0x0, 0x0, 0x0, 0x0, 0x0,
    0x0, 0x0, 0x0, 0x0, 0x0, 0x0, 0x0, 0x0,
    0x0, 0x0, 0x0, 0x0, 0x0,

    /* U+F242 "" */
    0x2, 0x67, 0x77, 0x77, 0x77, 0x77, 0x77, 0x77,
    0x77, 0x77, 0x77, 0x77, 0x77, 0x77, 0x77, 0x74,
    0x0, 0x5, 0xff, 0xff, 0xff, 0xff, 0xff, 0xff,
    0xff, 0xff, 0xff, 0xff, 0xff, 0xff, 0xff, 0xff,
    0xff, 0xf9, 0x0, 0xdf, 0xff, 0xff, 0xff, 0xff,
    0xff, 0xff, 0xff, 0xff, 0xff, 0xff, 0xff, 0xff,
    0xff, 0xff, 0xff, 0xf1, 0xf, 0xff, 0xff, 0xff,
    0xff, 0xff, 0xff, 0xff, 0xff, 0xff, 0xff, 0xff,
    0xff, 0xff, 0xff, 0xff, 0xff, 0x30, 0xff, 0xf8,
    0x0, 0x0, 0x0, 0x0, 0x0, 0x0, 0x0, 0x0,
    0x0, 0x0, 0x0, 0x0, 0x4, 0xff, 0xff, 0x9f,
    0xff, 0x80, 0x0, 0x0, 0x0, 0x0, 0x0, 0x0,
    0x0, 0x0, 0x0, 0x0, 0x0, 0x0, 0x4f, 0xff,
    0xff, 0xff, 0xf8, 0xe, 0xff, 0xff, 0xff, 0xff,
    0xff, 0xf5, 0x0, 0x0, 0x0, 0x0, 0x0, 0x4,
    0xff, 0xff, 0xff, 0xff, 0x80, 0xef, 0xff, 0xff,
    0xff, 0xff, 0xff, 0x50, 0x0, 0x0, 0x0, 0x0,
    0x0, 0x28, 0xcf, 0xff, 0xff, 0xf8, 0xe, 0xff,
    0xff, 0xff, 0xff, 0xff, 0xf5, 0x0, 0x0, 0x0,
    0x0, 0x0, 0x0, 0x8, 0xff, 0xff, 0xff, 0x80,
    0xef, 0xff, 0xff, 0xff, 0xff, 0xff, 0x50, 0x0,
    0x0, 0x0, 0x0, 0x0, 0x0, 0x8f, 0xff, 0xff,
    0xf8, 0xe, 0xff, 0xff, 0xff, 0xff, 0xff, 0xf5,
    0x0, 0x0, 0x0, 0x0, 0x0, 0x0, 0x8, 0xff,
    0xff, 0xff, 0x80, 0xef, 0xff, 0xff, 0xff, 0xff,
    0xff, 0x50, 0x0, 0x0, 0x0, 0x0, 0x0, 0x3f,
    0xff, 0xff, 0xff, 0xf8, 0xe, 0xff, 0xff, 0xff,
    0xff, 0xff, 0xf5, 0x0, 0x0, 0x0, 0x0, 0x0,
    0x4, 0xff, 0xff, 0xff, 0xff, 0x80, 0x0, 0x0,
    0x0, 0x0, 0x0, 0x0, 0x0, 0x0, 0x0, 0x0,
    0x0, 0x0, 0x4f, 0xff, 0xfe, 0xff, 0xfb, 0x77,
    0x77, 0x77, 0x77, 0x77, 0x77, 0x77, 0x77, 0x77,
    0x77, 0x77, 0x77, 0x79, 0xff, 0xfa, 0x3f, 0xff,
    0xff, 0xff, 0xff, 0xff, 0xff, 0xff, 0xff, 0xff,
    0xff, 0xff, 0xff, 0xff, 0xff, 0xff, 0xff, 0x30,
    0xbf, 0xff, 0xff, 0xff, 0xff, 0xff, 0xff, 0xff,
    0xff, 0xff, 0xff, 0xff, 0xff, 0xff, 0xff, 0xff,
    0xe0, 0x1, 0xbf, 0xff, 0xff, 0xff, 0xff, 0xff,
    0xff, 0xff, 0xff, 0xff, 0xff, 0xff, 0xff, 0xff,
    0xff, 0xd3, 0x0, 0x0, 0x0, 0x0, 0x0, 0x0,
    0x0, 0x0, 0x0, 0x0, 0x0, 0x0, 0x0, 0x0,
    0x0, 0x0, 0x0, 0x0, 0x0,

    /* U+F243 "" */
    0x2, 0x67, 0x77, 0x77, 0x77, 0x77, 0x77, 0x77,
    0x77, 0x77, 0x77, 0x77, 0x77, 0x77, 0x77, 0x74,
    0x0, 0x5, 0xff, 0xff, 0xff, 0xff, 0xff, 0xff,
    0xff, 0xff, 0xff, 0xff, 0xff, 0xff, 0xff, 0xff,
    0xff, 0xf9, 0x0, 0xdf, 0xff, 0xff, 0xff, 0xff,
    0xff, 0xff, 0xff, 0xff, 0xff, 0xff, 0xff, 0xff,
    0xff, 0xff, 0xff, 0xf1, 0xf, 0xff, 0xff, 0xff,
    0xff, 0xff, 0xff, 0xff, 0xff, 0xff, 0xff, 0xff,
    0xff, 0xff, 0xff, 0xff, 0xff, 0x30, 0xff, 0xf8,
    0x0, 0x0, 0x0, 0x0, 0x0, 0x0, 0x0, 0x0,
    0x0, 0x0, 0x0, 0x0, 0x4, 0xff, 0xff, 0x9f,
    0xff, 0x80, 0x0, 0x0, 0x0, 0x0, 0x0, 0x0,
    0x0, 0x0, 0x0, 0x0, 0x0, 0x0, 0x4f, 0xff,
    0xff, 0xff, 0xf8, 0xe, 0xff, 0xff, 0xff, 0x10,
    0x0, 0x0, 0x0, 0x0, 0x0, 0x0, 0x0, 0x4,
    0xff, 0xff, 0xff, 0xff, 0x80, 0xef, 0xff, 0xff,
    0xf1, 0x0, 0x0, 0x0, 0x0, 0x0, 0x0, 0x0,
    0x0, 0x28, 0xcf, 0xff, 0xff, 0xf8, 0xe, 0xff,
    0xff, 0xff, 0x10, 0x0, 0x0, 0x0, 0x0, 0x0,
    0x0, 0x0, 0x0, 0x8, 0xff, 0xff, 0xff, 0x80,
    0xef, 0xff, 0xff, 0xf1, 0x0, 0x0, 0x0, 0x0,
    0x0, 0x0, 0x0, 0x0, 0x0, 0x8f, 0xff, 0xff,
    0xf8, 0xe, 0xff, 0xff, 0xff, 0x10, 0x0, 0x0,
    0x0, 0x0, 0x0, 0x0, 0x0, 0x0, 0x8, 0xff,
    0xff, 0xff, 0x80, 0xef, 0xff, 0xff, 0xf1, 0x0,
    0x0, 0x0, 0x0, 0x0, 0x0, 0x0, 0x0, 0x3f,
    0xff, 0xff, 0xff, 0xf8, 0xe, 0xff, 0xff, 0xff,
    0x10, 0x0, 0x0, 0x0, 0x0, 0x0, 0x0, 0x0,
    0x4, 0xff, 0xff, 0xff, 0xff, 0x80, 0x0, 0x0,
    0x0, 0x0, 0x0, 0x0, 0x0, 0x0, 0x0, 0x0,
    0x0, 0x0, 0x4f, 0xff, 0xfe, 0xff, 0xfb, 0x77,
    0x77, 0x77, 0x77, 0x77, 0x77, 0x77, 0x77, 0x77,
    0x77, 0x77, 0x77, 0x79, 0xff, 0xfa, 0x3f, 0xff,
    0xff, 0xff, 0xff, 0xff, 0xff, 0xff, 0xff, 0xff,
    0xff, 0xff, 0xff, 0xff, 0xff, 0xff, 0xff, 0x30,
    0xbf, 0xff, 0xff, 0xff, 0xff, 0xff, 0xff, 0xff,
    0xff, 0xff, 0xff, 0xff, 0xff, 0xff, 0xff, 0xff,
    0xe0, 0x1, 0xbf, 0xff, 0xff, 0xff, 0xff, 0xff,
    0xff, 0xff, 0xff, 0xff, 0xff, 0xff, 0xff, 0xff,
    0xff, 0xd3, 0x0, 0x0, 0x0, 0x0, 0x0, 0x0,
    0x0, 0x0, 0x0, 0x0, 0x0, 0x0, 0x0, 0x0,
    0x0, 0x0, 0x0, 0x0, 0x0,

    /* U+F244 "" */
    0x2, 0x67, 0x77, 0x77, 0x77, 0x77, 0x77, 0x77,
    0x77, 0x77, 0x77, 0x77, 0x77, 0x77, 0x77, 0x74,
    0x0, 0x5, 0xff, 0xff, 0xff, 0xff, 0xff, 0xff,
    0xff, 0xff, 0xff, 0xff, 0xff, 0xff, 0xff, 0xff,
    0xff, 0xf9, 0x0, 0xdf, 0xff, 0xff, 0xff, 0xff,
    0xff, 0xff, 0xff, 0xff, 0xff, 0xff, 0xff, 0xff,
    0xff, 0xff, 0xff, 0xf1, 0xf, 0xff, 0xff, 0xff,
    0xff, 0xff, 0xff, 0xff, 0xff, 0xff, 0xff, 0xff,
    0xff, 0xff, 0xff, 0xff, 0xff, 0x30, 0xff, 0xf8,
    0x0, 0x0, 0x0, 0x0, 0x0, 0x0, 0x0, 0x0,
    0x0, 0x0, 0x0, 0x0, 0x4, 0xff, 0xff, 0x9f,
    0xff, 0x80, 0x0, 0x0, 0x0, 0x0, 0x0, 0x0,
    0x0, 0x0, 0x0, 0x0, 0x0, 0x0, 0x4f, 0xff,
    0xff, 0xff, 0xf8, 0x0, 0x0, 0x0, 0x0, 0x0,
    0x0, 0x0, 0x0, 0x0, 0x0, 0x0, 0x0, 0x4,
    0xff, 0xff, 0xff, 0xff, 0x80, 0x0, 0x0, 0x0,
    0x0, 0x0, 0x0, 0x0, 0x0, 0x0, 0x0, 0x0,
    0x0, 0x28, 0xcf, 0xff, 0xff, 0xf8, 0x0, 0x0,
    0x0, 0x0, 0x0, 0x0, 0x0, 0x0, 0x0, 0x0,
    0x0, 0x0, 0x0, 0x8, 0xff, 0xff, 0xff, 0x80,
    0x0, 0x0, 0x0, 0x0, 0x0, 0x0, 0x0, 0x0,
    0x0, 0x0, 0x0, 0x0, 0x0, 0x8f, 0xff, 0xff,
    0xf8, 0x0, 0x0, 0x0, 0x0, 0x0, 0x0, 0x0,
    0x0, 0x0, 0x0, 0x0, 0x0, 0x0, 0x8, 0xff,
    0xff, 0xff, 0x80, 0x0, 0x0, 0x0, 0x0, 0x0,
    0x0, 0x0, 0x0, 0x0, 0x0, 0x0, 0x0, 0x3f,
    0xff, 0xff, 0xff, 0xf8, 0x0, 0x0, 0x0, 0x0,
    0x0, 0x0, 0x0, 0x0, 0x0, 0x0, 0x0, 0x0,
    0x4, 0xff, 0xff, 0xff, 0xff, 0x80, 0x0, 0x0,
    0x0, 0x0, 0x0, 0x0, 0x0, 0x0, 0x0, 0x0,
    0x0, 0x0, 0x4f, 0xff, 0xfe, 0xff, 0xfb, 0x77,
    0x77, 0x77, 0x77, 0x77, 0x77, 0x77, 0x77, 0x77,
    0x77, 0x77, 0x77, 0x79, 0xff, 0xfa, 0x3f, 0xff,
    0xff, 0xff, 0xff, 0xff, 0xff, 0xff, 0xff, 0xff,
    0xff, 0xff, 0xff, 0xff, 0xff, 0xff, 0xff, 0x30,
    0xbf, 0xff, 0xff, 0xff, 0xff, 0xff, 0xff, 0xff,
    0xff, 0xff, 0xff, 0xff, 0xff, 0xff, 0xff, 0xff,
    0xe0, 0x1, 0xbf, 0xff, 0xff, 0xff, 0xff, 0xff,
    0xff, 0xff, 0xff, 0xff, 0xff, 0xff, 0xff, 0xff,
    0xff, 0xd3, 0x0, 0x0, 0x0, 0x0, 0x0, 0x0,
    0x0, 0x0, 0x0, 0x0, 0x0, 0x0, 0x0, 0x0,
    0x0, 0x0, 0x0, 0x0, 0x0,

    /* U+F287 "" */
    0x0, 0x0, 0x0, 0x0, 0x0, 0x0, 0x0, 0x0,
    0x0, 0x0, 0x10, 0x0, 0x0, 0x0, 0x0, 0x0,
    0x0, 0x0, 0x0, 0x0, 0x0, 0x0, 0x0, 0x0,
    0x0, 0x0, 0x0, 0x5e, 0xfe, 0x40, 0x0, 0x0,
    0x0, 0x0, 0x0, 0x0, 0x0, 0x0, 0x0, 0x0,
    0x0, 0x0, 0x0, 0x1, 0x23, 0xff, 0xff, 0xf1,
    0x0, 0x0, 0x0, 0x0, 0x0, 0x0, 0x0, 0x0,
    0x0, 0x0, 0x0, 0x0, 0x1, 0xbf, 0xff, 0xff,
    0xff, 0xf5, 0x0, 0x0, 0x0, 0x0, 0x0, 0x0,
    0x0, 0x0, 0x0, 0x0, 0x0, 0x0, 0xb, 0xff,
    0xcd, 0xff, 0xff, 0xf4, 0x0, 0x0, 0x0, 0x0,
    0x0, 0x0, 0x0, 0x0, 0x0, 0x0, 0x0, 0x0,
    0x5f, 0xe1, 0x0, 0xcf, 0xff, 0xc0, 0x0, 0x0,
    0x0, 0x0, 0x0, 0x0, 0x0, 0x0, 0x0, 0x0,
    0x0, 0x0, 0xdf, 0x50, 0x0, 0x7, 0xa7, 0x0,
    0x0, 0x0, 0x0, 0x0, 0x0, 0x0, 0x0, 0x2,
    0x10, 0x0, 0x0, 0x4, 0xfd, 0x0, 0x0, 0x0,
    0x0, 0x0, 0x0, 0x0, 0x0, 0x0, 0x0, 0x0,
    0x4, 0xef, 0xfc, 0x20, 0x0, 0xc, 0xf5, 0x0,
    0x0, 0x0, 0x0, 0x0, 0x0, 0x0, 0x7, 0x40,
    0x0, 0x0, 0x4f, 0xff, 0xff, 0xe1, 0x0, 0x4f,
    0xe0, 0x0, 0x0, 0x0, 0x0, 0x0, 0x0, 0x0,
    0xc, 0xfb, 0x20, 0x0, 0xcf, 0xff, 0xff, 0xfa,
    0x35, 0xef, 0x94, 0x44, 0x44, 0x44, 0x44, 0x44,
    0x44, 0x44, 0x4d, 0xff, 0xf7, 0x0, 0xff, 0xff,
    0xff, 0xff, 0xff, 0xff, 0xff, 0xff, 0xff, 0xff,
    0xff, 0xff, 0xff, 0xff, 0xff, 0xff, 0xff, 0xd0,
    0xef, 0xff, 0xff, 0xfe, 0xbb, 0xbb, 0xbc, 0xff,
    0xcb, 0xbb, 0xbb, 0xbb, 0xbb, 0xbb, 0xbf, 0xff,
    0xfe, 0x50, 0x8f, 0xff, 0xff, 0xf4, 0x0, 0x0,
    0x0, 0x9f, 0xa0, 0x0, 0x0, 0x0, 0x0, 0x0,
    0xc, 0xff, 0x80, 0x0, 0xb, 0xff, 0xff, 0x80,
    0x0, 0x0, 0x0, 0xe, 0xf2, 0x0, 0x0, 0x0,
    0x0, 0x0, 0xc, 0xb2, 0x0, 0x0, 0x0, 0x58,
    0x73, 0x0, 0x0, 0x0, 0x0, 0x7, 0xfa, 0x0,
    0x0, 0x0, 0x0, 0x0, 0x0, 0x0, 0x0, 0x0,
    0x0, 0x0, 0x0, 0x0, 0x0, 0x0, 0x0, 0x1,
    0xff, 0x20, 0x6, 0xdd, 0xdd, 0xc2, 0x0, 0x0,
    0x0, 0x0, 0x0, 0x0, 0x0, 0x0, 0x0, 0x0,
    0x0, 0x0, 0x8f, 0xc0, 0x9, 0xff, 0xff, 0xf4,
    0x0, 0x0, 0x0, 0x0, 0x0, 0x0, 0x0, 0x0,
    0x0, 0x0, 0x0, 0x0, 0xc, 0xff, 0xde, 0xff,
    0xff, 0xf4, 0x0, 0x0, 0x0, 0x0, 0x0, 0x0,
    0x0, 0x0, 0x0, 0x0, 0x0, 0x0, 0x1, 0xaf,
    0xff, 0xff, 0xff, 0xf4, 0x0, 0x0, 0x0, 0x0,
    0x0, 0x0, 0x0, 0x0, 0x0, 0x0, 0x0, 0x0,
    0x0, 0x0, 0x19, 0xff, 0xff, 0xf4, 0x0, 0x0,
    0x0, 0x0, 0x0, 0x0, 0x0, 0x0, 0x0, 0x0,
    0x0, 0x0, 0x0, 0x0, 0x8, 0xff, 0xff, 0xf4,
    0x0, 0x0, 0x0, 0x0, 0x0, 0x0, 0x0, 0x0,
    0x0, 0x0, 0x0, 0x0, 0x0, 0x0, 0x0, 0x0,
    0x0, 0x0, 0x0, 0x0, 0x0, 0x0,

    /* U+F293 "" */
    0x0, 0x0, 0x0, 0x0, 0x1, 0x34, 0x32, 0x0,
    0x0, 0x0, 0x0, 0x0, 0x0, 0x0, 0x3a, 0xef,
    0xff, 0xff, 0xfb, 0x50, 0x0, 0x0, 0x0, 0x0,
    0xa, 0xff, 0xff, 0xff, 0xff, 0xff, 0xfc, 0x10,
    0x0, 0x0, 0x1, 0xcf, 0xff, 0xff, 0xc7, 0xff,
    0xff, 0xff, 0xd1, 0x0, 0x0, 0xb, 0xff, 0xff,
    0xff, 0xc0, 0x8f, 0xff, 0xff, 0xfc, 0x0, 0x0,
    0x5f, 0xff, 0xff, 0xff, 0xc0, 0x9, 0xff, 0xff,
    0xff, 0x50, 0x0, 0xcf, 0xff, 0xff, 0xff, 0xc0,
    0x0, 0xaf, 0xff, 0xff, 0xb0, 0x2, 0xff, 0xff,
    0xff, 0xff, 0xc0, 0x0, 0xb, 0xff, 0xff, 0xf1,
    0x6, 0xff, 0xff, 0xaf, 0xff, 0xc0, 0x39, 0x0,
    0xcf, 0xff, 0xf5, 0xa, 0xff, 0xf9, 0x3, 0xef,
    0xc0, 0x3f, 0x90, 0x1d, 0xff, 0xf8, 0xc, 0xff,
    0xfd, 0x10, 0x3e, 0xc0, 0x2f, 0xb0, 0xc, 0xff,
    0xfa, 0xe, 0xff, 0xff, 0xd1, 0x3, 0xb0, 0x2b,
    0x0, 0xaf, 0xff, 0xfc, 0xf, 0xff, 0xff, 0xfd,
    0x10, 0x10, 0x0, 0x9, 0xff, 0xff, 0xfd, 0xf,
    0xff, 0xff, 0xff, 0xd1, 0x0, 0x0, 0x7f, 0xff,
    0xff, 0xfe, 0x1f, 0xff, 0xff, 0xff, 0xfd, 0x10,
    0x5, 0xff, 0xff, 0xff, 0xfe, 0x1f, 0xff, 0xff,
    0xff, 0xfb, 0x0, 0x3, 0xff, 0xff, 0xff, 0xfe,
    0xf, 0xff, 0xff, 0xff, 0xb0, 0x0, 0x0, 0x3f,
    0xff, 0xff, 0xfd, 0xf, 0xff, 0xff, 0xfb, 0x0,
    0x20, 0x11, 0x4, 0xff, 0xff, 0xfd, 0xe, 0xff,
    0xff, 0xb0, 0x5, 0xc0, 0x2d, 0x10, 0x5f, 0xff,
    0xfc, 0xc, 0xff, 0xfb, 0x0, 0x5f, 0xc0, 0x2f,
    0xd0, 0x7, 0xff, 0xfa, 0x9, 0xff, 0xfb, 0x5,
    0xff, 0xc0, 0x3f, 0x60, 0x1d, 0xff, 0xf7, 0x5,
    0xff, 0xff, 0xdf, 0xff, 0xc0, 0x36, 0x1, 0xdf,
    0xff, 0xf4, 0x1, 0xff, 0xff, 0xff, 0xff, 0xd0,
    0x0, 0x1d, 0xff, 0xff, 0xf0, 0x0, 0xaf, 0xff,
    0xff, 0xff, 0xd0, 0x1, 0xdf, 0xff, 0xff, 0xa0,
    0x0, 0x2f, 0xff, 0xff, 0xff, 0xd0, 0x1d, 0xff,
    0xff, 0xff, 0x20, 0x0, 0x6, 0xff, 0xff, 0xff,
    0xd1, 0xcf, 0xff, 0xff, 0xf8, 0x0, 0x0, 0x0,
    0x6f, 0xff, 0xff, 0xec, 0xff, 0xff, 0xff, 0xb0,
    0x0, 0x0, 0x0, 0x2, 0xaf, 0xff, 0xff, 0xff,
    0xff, 0xe7, 0x0, 0x0, 0x0, 0x0, 0x0, 0x1,
    0x58, 0xab, 0xba, 0x84, 0x0, 0x0, 0x0,

    /* U+F2ED "" */
    0x0, 0x0, 0x0, 0x0, 0x14, 0x44, 0x44, 0x43,
    0x0, 0x0, 0x0, 0x0, 0x0, 0x0, 0x0, 0x0,
    0x1f, 0xff, 0xff, 0xff, 0xf9, 0x0, 0x0, 0x0,
    0x0, 0x58, 0x88, 0x88, 0x8c, 0xff, 0xff, 0xff,
    0xff, 0xf8, 0x88, 0x88, 0x88, 0x1f, 0xff, 0xff,
    0xff, 0xff, 0xff, 0xff, 0xff, 0xff, 0xff, 0xff,
    0xff, 0xf7, 0xff, 0xff, 0xff, 0xff, 0xff, 0xff,
    0xff, 0xff, 0xff, 0xff, 0xff, 0xff, 0x8b, 0xff,
    0xff, 0xff, 0xff, 0xff, 0xff, 0xff, 0xff, 0xff,
    0xff, 0xff, 0xe4, 0x0, 0x0, 0x0, 0x0, 0x0,
    0x0, 0x0, 0x0, 0x0, 0x0, 0x0, 0x0, 0x0,
    0x28, 0x88, 0x88, 0x88, 0x88, 0x88, 0x88, 0x88,
    0x88, 0x88, 0x86, 0x0, 0x4, 0xff, 0xff, 0xff,
    0xff, 0xff, 0xff, 0xff, 0xff, 0xff, 0xff, 0xc0,
    0x0, 0x4f, 0xff, 0xff, 0xff, 0xff, 0xff, 0xff,
    0xff, 0xff, 0xff, 0xfc, 0x0, 0x4, 0xff, 0xff,
    0xff, 0xff, 0xff, 0xff, 0xff, 0xff, 0xff, 0xff,
    0xc0, 0x0, 0x4f, 0xff, 0xf5, 0x5f, 0xff, 0x92,
    0xff, 0xfc, 0x1c, 0xff, 0xfc, 0x0, 0x4, 0xff,
    0xff, 0x22, 0xff, 0xf6, 0xe, 0xff, 0xa0, 0xaf,
    0xff, 0xc0, 0x0, 0x4f, 0xff, 0xf2, 0x2f, 0xff,
    0x60, 0xef, 0xfa, 0xa, 0xff, 0xfc, 0x0, 0x4,
    0xff, 0xff, 0x22, 0xff, 0xf6, 0xe, 0xff, 0xa0,
    0xaf, 0xff, 0xc0, 0x0, 0x4f, 0xff, 0xf2, 0x2f,
    0xff, 0x60, 0xef, 0xfa, 0xa, 0xff, 0xfc, 0x0,
    0x4, 0xff, 0xff, 0x22, 0xff, 0xf6, 0xe, 0xff,
    0xa0, 0xaf, 0xff, 0xc0, 0x0, 0x4f, 0xff, 0xf2,
    0x2f, 0xff, 0x60, 0xef, 0xfa, 0xa, 0xff, 0xfc,
    0x0, 0x4, 0xff, 0xff, 0x22, 0xff, 0xf6, 0xe,
    0xff, 0xa0, 0xaf, 0xff, 0xc0, 0x0, 0x4f, 0xff,
    0xf2, 0x2f, 0xff, 0x60, 0xef, 0xfa, 0xa, 0xff,
    0xfc, 0x0, 0x4, 0xff, 0xff, 0x22, 0xff, 0xf6,
    0xe, 0xff, 0xa0, 0xaf, 0xff, 0xc0, 0x0, 0x4f,
    0xff, 0xf2, 0x2f, 0xff, 0x60, 0xef, 0xfa, 0xa,
    0xff, 0xfc, 0x0, 0x4, 0xff, 0xff, 0x22, 0xff,
    0xf6, 0xe, 0xff, 0xa0, 0xaf, 0xff, 0xc0, 0x0,
    0x4f, 0xff, 0xf2, 0x2f, 0xff, 0x60, 0xef, 0xfa,
    0xa, 0xff, 0xfc, 0x0, 0x4, 0xff, 0xff, 0x55,
    0xff, 0xf9, 0x2f, 0xff, 0xc1, 0xcf, 0xff, 0xc0,
    0x0, 0x3f, 0xff, 0xff, 0xff, 0xff, 0xff, 0xff,
    0xff, 0xff, 0xff, 0xfb, 0x0, 0x2, 0xff, 0xff,
    0xff, 0xff, 0xff, 0xff, 0xff, 0xff, 0xff, 0xff,
    0xa0, 0x0, 0x9, 0xff, 0xff, 0xff, 0xff, 0xff,
    0xff, 0xff, 0xff, 0xff, 0xf2, 0x0, 0x0, 0x4,
    0x78, 0x88, 0x88, 0x88, 0x88, 0x88, 0x88, 0x88,
    0x61, 0x0, 0x0,

    /* U+F304 "" */
    0x0, 0x0, 0x0, 0x0, 0x0, 0x0, 0x0, 0x0,
    0x0, 0x0, 0x0, 0x66, 0x10, 0x0, 0x0, 0x0,
    0x0, 0x0, 0x0, 0x0, 0x0, 0x0, 0x0, 0x0,
    0x1, 0xdf, 0xfe, 0x30, 0x0, 0x0, 0x0, 0x0,
    0x0, 0x0, 0x0, 0x0, 0x0, 0x0, 0x1, 0xef,
    0xff, 0xff, 0x30, 0x0, 0x0, 0x0, 0x0, 0x0,
    0x0, 0x0, 0x0, 0x0, 0x1, 0xef, 0xff, 0xff,
    0xff, 0x30, 0x0, 0x0, 0x0, 0x0, 0x0, 0x0,
    0x0, 0x0, 0x0, 0x9f, 0xff, 0xff, 0xff, 0xff,
    0x30, 0x0, 0x0, 0x0, 0x0, 0x0, 0x0, 0x0,
    0x1, 0x0, 0xbf, 0xff, 0xff, 0xff, 0xfc, 0x0,
    0x0, 0x0, 0x0, 0x0, 0x0, 0x0, 0x1, 0xec,
    0x0, 0xbf, 0xff, 0xff, 0xff, 0xf0, 0x0, 0x0,
    0x0, 0x0, 0x0, 0x0, 0x1, 0xef, 0xfc, 0x0,
    0xbf, 0xff, 0xff, 0xfb, 0x0, 0x0, 0x0, 0x0,
    0x0, 0x0, 0x1, 0xef, 0xff, 0xfc, 0x0, 0xbf,
    0xff, 0xfe, 0x10, 0x0, 0x0, 0x0, 0x0, 0x0,
    0x1, 0xef, 0xff, 0xff, 0xfc, 0x0, 0xbf, 0xfe,
    0x10, 0x0, 0x0, 0x0, 0x0, 0x0, 0x1, 0xef,
    0xff, 0xff, 0xff, 0xfc, 0x0, 0xbe, 0x10, 0x0,
    0x0, 0x0, 0x0, 0x0, 0x1, 0xef, 0xff, 0xff,
    0xff, 0xff, 0xfc, 0x0, 0x10, 0x0, 0x0, 0x0,
    0x0, 0x0, 0x1, 0xef, 0xff, 0xff, 0xff, 0xff,
    0xff, 0xfa, 0x0, 0x0, 0x0, 0x0, 0x0, 0x0,
    0x1, 0xef, 0xff, 0xff, 0xff, 0xff, 0xff, 0xfe,
    0x20, 0x0, 0x0, 0x0, 0x0, 0x0, 0x1, 0xef,
    0xff, 0xff, 0xff, 0xff, 0xff, 0xfe, 0x20, 0x0,
    0x0, 0x0, 0x0, 0x0, 0x1, 0xef, 0xff, 0xff,
    0xff, 0xff, 0xff, 0xfe, 0x20, 0x0, 0x0, 0x0,
    0x0, 0x0, 0x1, 0xef, 0xff, 0xff, 0xff, 0xff,
    0xff, 0xfe, 0x20, 0x0, 0x0, 0x0, 0x0, 0x0,
    0x1, 0xef, 0xff, 0xff, 0xff, 0xff, 0xff, 0xfe,
    0x20, 0x0, 0x0, 0x0, 0x0, 0x0, 0x1, 0xef,
    0xff, 0xff, 0xff, 0xff, 0xff, 0xfe, 0x20, 0x0,
    0x0, 0x0, 0x0, 0x0, 0x1, 0xef, 0xff, 0xff,
    0xff, 0xff, 0xff, 0xfe, 0x20, 0x0, 0x0, 0x0,
    0x0, 0x0, 0x1, 0xef, 0xff, 0xff, 0xff, 0xff,
    0xff, 0xfe, 0x20, 0x0, 0x0, 0x0, 0x0, 0x0,
    0x0, 0x5f, 0xff, 0xff, 0xff, 0xff, 0xff, 0xfe,
    0x20, 0x0, 0x0, 0x0, 0x0, 0x0, 0x0, 0x7,
    0xff, 0xff, 0xff, 0xff, 0xff, 0xfe, 0x20, 0x0,
    0x0, 0x0, 0x0, 0x0, 0x0, 0x0, 0x9f, 0xff,
    0xff, 0xff, 0xff, 0xfe, 0x20, 0x0, 0x0, 0x0,
    0x0, 0x0, 0x0, 0x0, 0xb, 0xff, 0xff, 0xff,
    0xff, 0xfe, 0x20, 0x0, 0x0, 0x0, 0x0, 0x0,
    0x0, 0x0, 0x0, 0xdf, 0xff, 0xff, 0xff, 0xfe,
    0x20, 0x0, 0x0, 0x0, 0x0, 0x0, 0x0, 0x0,
    0x0, 0xf, 0xff, 0xff, 0xff, 0xfe, 0x20, 0x0,
    0x0, 0x0, 0x0, 0x0, 0x0, 0x0, 0x0, 0x0,
    0xef, 0xff, 0xff, 0xec, 0x20, 0x0, 0x0, 0x0,
    0x0, 0x0, 0x0, 0x0, 0x0, 0x0, 0x3, 0x76,
    0x42, 0x0, 0x0, 0x0, 0x0, 0x0, 0x0, 0x0,
    0x0, 0x0, 0x0, 0x0, 0x0,

    /* U+F55A "" */
    0x0, 0x0, 0x0, 0x0, 0x8, 0xef, 0xff, 0xff,
    0xff, 0xff, 0xff, 0xff, 0xff, 0xff, 0xff, 0xff,
    0xd5, 0x0, 0x0, 0x0, 0x0, 0xb, 0xff, 0xff,
    0xff, 0xff, 0xff, 0xff, 0xff, 0xff, 0xff, 0xff,
    0xff, 0xff, 0xf5, 0x0, 0x0, 0x0, 0xb, 0xff,
    0xff, 0xff, 0xff, 0xff, 0xff, 0xff, 0xff, 0xff,
    0xff, 0xff, 0xff, 0xff, 0xd0, 0x0, 0x0, 0xb,
    0xff, 0xff, 0xff, 0xff, 0xff, 0xff, 0xff, 0xff,
    0xff, 0xff, 0xff, 0xff, 0xff, 0xff, 0x0, 0x0,
    0xb, 0xff, 0xff, 0xff, 0xff, 0xff, 0x99, 0xff,
    0xff, 0xff, 0x99, 0xff, 0xff, 0xff, 0xff, 0xf0,
    0x0, 0xb, 0xff, 0xff, 0xff, 0xff, 0xff, 0x80,
    0x8, 0xff, 0xff, 0x80, 0x7, 0xff, 0xff, 0xff,
    0xff, 0x0, 0xb, 0xff, 0xff, 0xff, 0xff, 0xff,
    0xe0, 0x0, 0x8, 0xff, 0x80, 0x0, 0xe, 0xff,
    0xff, 0xff, 0xf0, 0xb, 0xff, 0xff, 0xff, 0xff,
    0xff, 0xff, 0x80, 0x0, 0x8, 0x80, 0x0, 0x8,
    0xff, 0xff, 0xff, 0xff, 0xb, 0xff, 0xff, 0xff,
    0xff, 0xff, 0xff, 0xff, 0x80, 0x0, 0x0, 0x0,
    0x8, 0xff, 0xff, 0xff, 0xff, 0xfa, 0xff, 0xff,
    0xff, 0xff, 0xff, 0xff, 0xff, 0xff, 0x80, 0x0,
    0x0, 0x8, 0xff, 0xff, 0xff, 0xff, 0xff, 0xff,
    0xff, 0xff, 0xff, 0xff, 0xff, 0xff, 0xff, 0xff,
    0x40, 0x0, 0x4, 0xff, 0xff, 0xff, 0xff, 0xff,
    0xfa, 0xff, 0xff, 0xff, 0xff, 0xff, 0xff, 0xff,
    0xff, 0x80, 0x0, 0x0, 0x8, 0xff, 0xff, 0xff,
    0xff, 0xff, 0xb, 0xff, 0xff, 0xff, 0xff, 0xff,
    0xff, 0xff, 0x80, 0x0, 0x0, 0x0, 0x8, 0xff,
    0xff, 0xff, 0xff, 0xf0, 0xb, 0xff, 0xff, 0xff,
    0xff, 0xff, 0xff, 0x80, 0x0, 0x8, 0x80, 0x0,
    0x8, 0xff, 0xff, 0xff, 0xff, 0x0, 0xb, 0xff,
    0xff, 0xff, 0xff, 0xff, 0xe0, 0x0, 0x8, 0xff,
    0x80, 0x0, 0xe, 0xff, 0xff, 0xff, 0xf0, 0x0,
    0xb, 0xff, 0xff, 0xff, 0xff, 0xff, 0x80, 0x8,
    0xff, 0xff, 0x80, 0x8, 0xff, 0xff, 0xff, 0xff,
    0x0, 0x0, 0xb, 0xff, 0xff, 0xff, 0xff, 0xff,
    0x99, 0xff, 0xff, 0xff, 0x99, 0xff, 0xff, 0xff,
    0xff, 0xf0, 0x0, 0x0, 0xb, 0xff, 0xff, 0xff,
    0xff, 0xff, 0xff, 0xff, 0xff, 0xff, 0xff, 0xff,
    0xff, 0xff, 0xff, 0x0, 0x0, 0x0, 0xb, 0xff,
    0xff, 0xff, 0xff, 0xff, 0xff, 0xff, 0xff, 0xff,
    0xff, 0xff, 0xff, 0xff, 0xd0, 0x0, 0x0, 0x0,
    0xa, 0xff, 0xff, 0xff, 0xff, 0xff, 0xff, 0xff,
    0xff, 0xff, 0xff, 0xff, 0xff, 0xf5, 0x0, 0x0,
    0x0, 0x0, 0x8, 0xef, 0xff, 0xff, 0xff, 0xff,
    0xff, 0xff, 0xff, 0xff, 0xff, 0xff, 0xd5, 0x0,

    /* U+F7C2 "" */
    0x0, 0x0, 0x0, 0x17, 0x88, 0x88, 0x88, 0x88,
    0x87, 0x50, 0x0, 0x0, 0x0, 0x1d, 0xff, 0xff,
    0xff, 0xff, 0xff, 0xff, 0xc1, 0x0, 0x0, 0x2d,
    0xff, 0xff, 0xff, 0xff, 0xff, 0xff, 0xff, 0xa0,
    0x0, 0x2e, 0xff, 0xff, 0xff, 0xff, 0xff, 0xff,
    0xff, 0xff, 0x0, 0x2e, 0xff, 0x20, 0x1f, 0xa0,
    0xe, 0xd0, 0x8, 0xff, 0xf0, 0x2e, 0xff, 0xf2,
    0x1, 0xfa, 0x0, 0xed, 0x0, 0x8f, 0xff, 0x3e,
    0xff, 0xff, 0x20, 0x1f, 0xa0, 0xe, 0xd0, 0x8,
    0xff, 0xfe, 0xff, 0xff, 0xf2, 0x1, 0xfa, 0x0,
    0xed, 0x0, 0x8f, 0xff, 0xff, 0xff, 0xff, 0x20,
    0x1f, 0xa0, 0xe, 0xd0, 0x8, 0xff, 0xff, 0xff,
    0xff, 0xff, 0xff, 0xff, 0xff, 0xff, 0xff, 0xff,
    0xff, 0xff, 0xff, 0xff, 0xff, 0xff, 0xff, 0xff,
    0xff, 0xff, 0xff, 0xff, 0xff, 0xff, 0xff, 0xff,
    0xff, 0xff, 0xff, 0xff, 0xff, 0xff, 0xff, 0xff,
    0xff, 0xff, 0xff, 0xff, 0xff, 0xff, 0xff, 0xff,
    0xff, 0xff, 0xff, 0xff, 0xff, 0xff, 0xff, 0xff,
    0xff, 0xff, 0xff, 0xff, 0xff, 0xff, 0xff, 0xff,
    0xff, 0xff, 0xff, 0xff, 0xff, 0xff, 0xff, 0xff,
    0xff, 0xff, 0xff, 0xff, 0xff, 0xff, 0xff, 0xff,
    0xff, 0xff, 0xff, 0xff, 0xff, 0xff, 0xff, 0xff,
    0xff, 0xff, 0xff, 0xff, 0xff, 0xff, 0xff, 0xff,
    0xff, 0xff, 0xff, 0xff, 0xff, 0xff, 0xff, 0xff,
    0xff, 0xff, 0xff, 0xff, 0xff, 0xff, 0xff, 0xff,
    0xff, 0xff, 0xff, 0xff, 0xff, 0xff, 0xff, 0xff,
    0xff, 0xff, 0xff, 0xff, 0xff, 0xff, 0xff, 0xff,
    0xff, 0xff, 0xff, 0xff, 0xff, 0xff, 0xff, 0xff,
    0xff, 0xff, 0xff, 0xff, 0xff, 0xff, 0xff, 0xff,
    0xff, 0xff, 0xff, 0xff, 0xff, 0xff, 0xff, 0xff,
    0xff, 0xff, 0xff, 0xff, 0xff, 0xff, 0xff, 0xff,
    0xff, 0xff, 0xff, 0xff, 0xff, 0xff, 0xff, 0xff,
    0xff, 0xff, 0xff, 0xff, 0xff, 0xff, 0xfe, 0xff,
    0xff, 0xff, 0xff, 0xff, 0xff, 0xff, 0xff, 0xff,
    0xfe, 0x8f, 0xff, 0xff, 0xff, 0xff, 0xff, 0xff,
    0xff, 0xff, 0xff, 0x80, 0xaf, 0xff, 0xff, 0xff,
    0xff, 0xff, 0xff, 0xff, 0xff, 0x90, 0x0, 0x24,
    0x44, 0x44, 0x44, 0x44, 0x44, 0x44, 0x44, 0x20,
    0x0,

    /* U+F8A2 "" */
    0x0, 0x0, 0x0, 0x0, 0x0, 0x0, 0x0, 0x0,
    0x0, 0x0, 0x0, 0x0, 0x0, 0x4, 0x0, 0x0,
    0x0, 0x0, 0x0, 0x0, 0x0, 0x0, 0x0, 0x0,
    0x0, 0x0, 0x0, 0x9, 0xf1, 0x0, 0x0, 0x0,
    0x0, 0x0, 0x0, 0x0, 0x0, 0x0, 0x0, 0x0,
    0x0, 0x9, 0xff, 0x10, 0x0, 0x0, 0x0, 0x0,
    0x0, 0x0, 0x0, 0x0, 0x0, 0x0, 0x0, 0x9,
    0xff, 0xf1, 0x0, 0x0, 0x0, 0x5c, 0x50, 0x0,
    0x0, 0x0, 0x0, 0x0, 0x0, 0x3, 0xff, 0xff,
    0x10, 0x0, 0x0, 0x7f, 0xfd, 0x0, 0x0, 0x0,
    0x0, 0x0, 0x0, 0x0, 0x4f, 0xff, 0xf1, 0x0,
    0x0, 0x8f, 0xff, 0xd0, 0x0, 0x0, 0x0, 0x0,
    0x0, 0x0, 0x4, 0xff, 0xff, 0x10, 0x0, 0x9f,
    0xff, 0xfd, 0x0, 0x0, 0x0, 0x0, 0x0, 0x0,
    0x0, 0x4f, 0xff, 0xf1, 0x0, 0xaf, 0xff, 0xff,
    0xd0, 0x0, 0x0, 0x0, 0x0, 0x0, 0x0, 0x4,
    0xff, 0xff, 0x10, 0xbf, 0xff, 0xff, 0xff, 0xff,
    0xff, 0xff, 0xff, 0xff, 0xff, 0xff, 0xff, 0xff,
    0xf1, 0xaf, 0xff, 0xff, 0xff, 0xff, 0xff, 0xff,
    0xff, 0xff, 0xff, 0xff, 0xff, 0xff, 0xff, 0x1c,
    0xff, 0xff, 0xff, 0xff, 0xff, 0xff, 0xff, 0xff,
    0xff, 0xff, 0xff, 0xff, 0xff, 0xf1, 0x2e, 0xff,
    0xff, 0xff, 0xff, 0xff, 0xff, 0xff, 0xff, 0xff,
    0xff, 0xff, 0xff, 0xfe, 0x0, 0x1d, 0xff, 0xff,
    0xfe, 0x55, 0x55, 0x55, 0x55, 0x55, 0x55, 0x55,
    0x55, 0x55, 0x10, 0x0, 0x1c, 0xff, 0xff, 0xd0,
    0x0, 0x0, 0x0, 0x0, 0x0, 0x0, 0x0, 0x0,
    0x0, 0x0, 0x0, 0xc, 0xff, 0xfd, 0x0, 0x0,
    0x0, 0x0, 0x0, 0x0, 0x0, 0x0, 0x0, 0x0,
    0x0, 0x0, 0xb, 0xff, 0xd0, 0x0, 0x0, 0x0,
    0x0, 0x0, 0x0, 0x0, 0x0, 0x0, 0x0, 0x0,
    0x0, 0xa, 0xf9, 0x0, 0x0, 0x0, 0x0, 0x0,
    0x0, 0x0, 0x0, 0x0, 0x0, 0x0, 0x0, 0x0,
    0x1, 0x0, 0x0, 0x0, 0x0, 0x0, 0x0, 0x0,
    0x0, 0x0, 0x0, 0x0
};


/*---------------------
 *  GLYPH DESCRIPTION
 *--------------------*/

static const lv_font_fmt_txt_glyph_dsc_t glyph_dsc[] = {
    {.bitmap_index = 0, .adv_w = 0, .box_w = 0, .box_h = 0, .ofs_x = 0, .ofs_y = 0} /* id = 0 reserved */,
    {.bitmap_index = 0, .adv_w = 115, .box_w = 0, .box_h = 0, .ofs_x = 0, .ofs_y = 0},
    {.bitmap_index = 0, .adv_w = 164, .box_w = 6, .box_h = 20, .ofs_x = 2, .ofs_y = 0},
    {.bitmap_index = 60, .adv_w = 185, .box_w = 9, .box_h = 9, .ofs_x = 1, .ofs_y = 13},
    {.bitmap_index = 101, .adv_w = 269, .box_w = 17, .box_h = 20, .ofs_x = 0, .ofs_y = 0},
    {.bitmap_index = 271, .adv_w = 262, .box_w = 14, .box_h = 27, .ofs_x = 1, .ofs_y = -4},
    {.bitmap_index = 460, .adv_w = 371, .box_w = 21, .box_h = 20, .ofs_x = 1, .ofs_y = 0},
    {.bitmap_index = 670, .adv_w = 287, .box_w = 18, .box_h = 20, .ofs_x = 0, .ofs_y = 0},
    {.bitmap_index = 850, .adv_w = 106, .box_w = 5, .box_h = 9, .ofs_x = 1, .ofs_y = 13},
    {.bitmap_index = 873, .adv_w = 172, .box_w = 9, .box_h = 28, .ofs_x = 1, .ofs_y = -6},
    {.bitmap_index = 999, .adv_w = 172, .box_w = 9, .box_h = 28, .ofs_x = 1, .ofs_y = -6},
    {.bitmap_index = 1125, .adv_w = 202, .box_w = 12, .box_h = 11, .ofs_x = 0, .ofs_y = 11},
    {.bitmap_index = 1191, .adv_w = 255, .box_w = 16, .box_h = 15, .ofs_x = 0, .ofs_y = 1},
    {.bitmap_index = 1311, .adv_w = 143, .box_w = 7, .box_h = 9, .ofs_x = 0, .ofs_y = -4},
    {.bitmap_index = 1343, .adv_w = 197, .box_w = 10, .box_h = 3, .ofs_x = 1, .ofs_y = 7},
    {.bitmap_index = 1358, .adv_w = 143, .box_w = 5, .box_h = 5, .ofs_x = 2, .ofs_y = 0},
    {.bitmap_index = 1371, .adv_w = 224, .box_w = 12, .box_h = 22, .ofs_x = 1, .ofs_y = -1},
    {.bitmap_index = 1503, .adv_w = 262, .box_w = 15, .box_h = 20, .ofs_x = 1, .ofs_y = 0},
    {.bitmap_index = 1653, .adv_w = 262, .box_w = 10, .box_h = 20, .ofs_x = 2, .ofs_y = 0},
    {.bitmap_index = 1753, .adv_w = 262, .box_w = 14, .box_h = 20, .ofs_x = 1, .ofs_y = 0},
    {.bitmap_index = 1893, .adv_w = 262, .box_w = 14, .box_h = 20, .ofs_x = 1, .ofs_y = 0},
    {.bitmap_index = 2033, .adv_w = 262, .box_w = 16, .box_h = 20, .ofs_x = 0, .ofs_y = 0},
    {.bitmap_index = 2193, .adv_w = 262, .box_w = 13, .box_h = 20, .ofs_x = 2, .ofs_y = 0},
    {.bitmap_index = 2323, .adv_w = 262, .box_w = 14, .box_h = 20, .ofs_x = 1, .ofs_y = 0},
    {.bitmap_index = 2463, .adv_w = 262, .box_w = 14, .box_h = 20, .ofs_x = 1, .ofs_y = 0},
    {.bitmap_index = 2603, .adv_w = 262, .box_w = 15, .box_h = 20, .ofs_x = 1, .ofs_y = 0},
    {.bitmap_index = 2753, .adv_w = 262, .box_w = 14, .box_h = 20, .ofs_x = 1, .ofs_y = 0},
    {.bitmap_index = 2893, .adv_w = 177, .box_w = 5, .box_h = 16, .ofs_x = 3, .ofs_y = 0},
    {.bitmap_index = 2933, .adv_w = 177, .box_w = 7, .box_h = 20, .ofs_x = 1, .ofs_y = -4},
    {.bitmap_index = 3003, .adv_w = 255, .box_w = 16, .box_h = 17, .ofs_x = 0, .ofs_y = 0},
    {.bitmap_index = 3139, .adv_w = 255, .box_w = 16, .box_h = 11, .ofs_x = 0, .ofs_y = 4},
    {.bitmap_index = 3227, .adv_w = 255, .box_w = 16, .box_h = 17, .ofs_x = 0, .ofs_y = 0},
    {.bitmap_index = 3363, .adv_w = 198, .box_w = 11, .box_h = 20, .ofs_x = 1, .ofs_y = 0},
    {.bitmap_index = 3473, .adv_w = 383, .box_w = 23, .box_h = 24, .ofs_x = 1, .ofs_y = -4},
    {.bitmap_index = 3749, .adv_w = 316, .box_w = 20, .box_h = 20, .ofs_x = 0, .ofs_y = 0},
    {.bitmap_index = 3949, .adv_w = 286, .box_w = 15, .box_h = 20, .ofs_x = 2, .ofs_y = 0},
    {.bitmap_index = 4099, .adv_w = 270, .box_w = 15, .box_h = 20, .ofs_x = 1, .ofs_y = 0},
    {.bitmap_index = 4249, .adv_w = 317, .box_w = 17, .box_h = 20, .ofs_x = 2, .ofs_y = 0},
    {.bitmap_index = 4419, .adv_w = 251, .box_w = 13, .box_h = 20, .ofs_x = 2, .ofs_y = 0},
    {.bitmap_index = 4549, .adv_w = 240, .box_w = 12, .box_h = 20, .ofs_x = 2, .ofs_y = 0},
    {.bitmap_index = 4669, .adv_w = 309, .box_w = 17, .box_h = 20, .ofs_x = 1, .ofs_y = 0},
    {.bitmap_index = 4839, .adv_w = 324, .box_w = 16, .box_h = 20, .ofs_x = 2, .ofs_y = 0},
    {.bitmap_index = 4999, .adv_w = 132, .box_w = 4, .box_h = 20, .ofs_x = 2, .ofs_y = 0},
    {.bitmap_index = 5039, .adv_w = 131, .box_w = 9, .box_h = 26, .ofs_x = -3, .ofs_y = -6},
    {.bitmap_index = 5156, .adv_w = 288, .box_w = 16, .box_h = 20, .ofs_x = 2, .ofs_y = 0},
    {.bitmap_index = 5316, .adv_w = 233, .box_w = 12, .box_h = 20, .ofs_x = 2, .ofs_y = 0},
    {.bitmap_index = 5436, .adv_w = 387, .box_w = 20, .box_h = 20, .ofs_x = 2, .ofs_y = 0},
    {.bitmap_index = 5636, .adv_w = 336, .box_w = 17, .box_h = 20, .ofs_x = 2, .ofs_y = 0},
    {.bitmap_index = 5806, .adv_w = 334, .box_w = 19, .box_h = 20, .ofs_x = 1, .ofs_y = 0},
    {.bitmap_index = 5996, .adv_w = 278, .box_w = 14, .box_h = 20, .ofs_x = 2, .ofs_y = 0},
    {.bitmap_index = 6136, .adv_w = 334, .box_w = 19, .box_h = 24, .ofs_x = 1, .ofs_y = -4},
    {.bitmap_index = 6364, .adv_w = 286, .box_w = 16, .box_h = 20, .ofs_x = 2, .ofs_y = 0},
    {.bitmap_index = 6524, .adv_w = 257, .box_w = 14, .box_h = 20, .ofs_x = 1, .ofs_y = 0},
    {.bitmap_index = 6664, .adv_w = 243, .box_w = 15, .box_h = 20, .ofs_x = 0, .ofs_y = 0},
    {.bitmap_index = 6814, .adv_w = 323, .box_w = 16, .box_h = 20, .ofs_x = 2, .ofs_y = 0},
    {.bitmap_index = 6974, .adv_w = 301, .box_w = 19, .box_h = 20, .ofs_x = 0, .ofs_y = 0},
    {.bitmap_index = 7164, .adv_w = 418, .box_w = 26, .box_h = 20, .ofs_x = 0, .ofs_y = 0},
    {.bitmap_index = 7424, .adv_w = 298, .box_w = 19, .box_h = 20, .ofs_x = 0, .ofs_y = 0},
    {.bitmap_index = 7614, .adv_w = 287, .box_w = 18, .box_h = 20, .ofs_x = 0, .ofs_y = 0},
    {.bitmap_index = 7794, .adv_w = 287, .box_w = 16, .box_h = 20, .ofs_x = 1, .ofs_y = 0},
    {.bitmap_index = 7954, .adv_w = 142, .box_w = 8, .box_h = 28, .ofs_x = 1, .ofs_y = -6},
    {.bitmap_index = 8066, .adv_w = 227, .box_w = 14, .box_h = 25, .ofs_x = 0, .ofs_y = -3},
    {.bitmap_index = 8241, .adv_w = 142, .box_w = 7, .box_h = 28, .ofs_x = 0, .ofs_y = -6},
    {.bitmap_index = 8339, .adv_w = 255, .box_w = 14, .box_h = 11, .ofs_x = 1, .ofs_y = 9},
    {.bitmap_index = 8416, .adv_w = 224, .box_w = 14, .box_h = 3, .ofs_x = 0, .ofs_y = -6},
    {.bitmap_index = 8437, .adv_w = 181, .box_w = 8, .box_h = 4, .ofs_x = 1, .ofs_y = 18},
    {.bitmap_index = 8453, .adv_w = 276, .box_w = 14, .box_h = 16, .ofs_x = 1, .ofs_y = 0},
    {.bitmap_index = 8565, .adv_w = 286, .box_w = 15, .box_h = 22, .ofs_x = 2, .ofs_y = 0},
    {.bitmap_index = 8730, .adv_w = 223, .box_w = 12, .box_h = 16, .ofs_x = 1, .ofs_y = 0},
    {.bitmap_index = 8826, .adv_w = 286, .box_w = 15, .box_h = 22, .ofs_x = 1, .ofs_y = 0},
    {.bitmap_index = 8991, .adv_w = 261, .box_w = 14, .box_h = 16, .ofs_x = 1, .ofs_y = 0},
    {.bitmap_index = 9103, .adv_w = 159, .box_w = 11, .box_h = 22, .ofs_x = 0, .ofs_y = 0},
    {.bitmap_index = 9224, .adv_w = 287, .box_w = 15, .box_h = 22, .ofs_x = 1, .ofs_y = -6},
    {.bitmap_index = 9389, .adv_w = 282, .box_w = 14, .box_h = 22, .ofs_x = 2, .ofs_y = 0},
    {.bitmap_index = 9543, .adv_w = 125, .box_w = 5, .box_h = 22, .ofs_x = 1, .ofs_y = 0},
    {.bitmap_index = 9598, .adv_w = 125, .box_w = 8, .box_h = 28, .ofs_x = -2, .ofs_y = -6},
    {.bitmap_index = 9710, .adv_w = 247, .box_w = 14, .box_h = 22, .ofs_x = 2, .ofs_y = 0},
    {.bitmap_index = 9864, .adv_w = 134, .box_w = 6, .box_h = 22, .ofs_x = 2, .ofs_y = 0},
    {.bitmap_index = 9930, .adv_w = 419, .box_w = 23, .box_h = 16, .ofs_x = 2, .ofs_y = 0},
    {.bitmap_index = 10114, .adv_w = 282, .box_w = 14, .box_h = 16, .ofs_x = 2, .ofs_y = 0},
    {.bitmap_index = 10226, .adv_w = 277, .box_w = 15, .box_h = 16, .ofs_x = 1, .ofs_y = 0},
    {.bitmap_index = 10346, .adv_w = 286, .box_w = 15, .box_h = 22, .ofs_x = 2, .ofs_y = -6},
    {.bitmap_index = 10511, .adv_w = 287, .box_w = 15, .box_h = 22, .ofs_x = 1, .ofs_y = -6},
    {.bitmap_index = 10676, .adv_w = 177, .box_w = 9, .box_h = 16, .ofs_x = 2, .ofs_y = 0},
    {.bitmap_index = 10748, .adv_w = 218, .box_w = 12, .box_h = 16, .ofs_x = 1, .ofs_y = 0},
    {.bitmap_index = 10844, .adv_w = 157, .box_w = 10, .box_h = 20, .ofs_x = 0, .ofs_y = 0},
    {.bitmap_index = 10944, .adv_w = 280, .box_w = 14, .box_h = 16, .ofs_x = 2, .ofs_y = 0},
    {.bitmap_index = 11056, .adv_w = 251, .box_w = 16, .box_h = 16, .ofs_x = 0, .ofs_y = 0},
    {.bitmap_index = 11184, .adv_w = 385, .box_w = 24, .box_h = 16, .ofs_x = 0, .ofs_y = 0},
    {.bitmap_index = 11376, .adv_w = 254, .box_w = 16, .box_h = 16, .ofs_x = 0, .ofs_y = 0},
    {.bitmap_index = 11504, .adv_w = 252, .box_w = 16, .box_h = 22, .ofs_x = 0, .ofs_y = -6},
    {.bitmap_index = 11680, .adv_w = 239, .box_w = 13, .box_h = 16, .ofs_x = 1, .ofs_y = 0},
    {.bitmap_index = 11784, .adv_w = 149, .box_w = 8, .box_h = 28, .ofs_x = 1, .ofs_y = -6},
    {.bitmap_index = 11896, .adv_w = 94, .box_w = 4, .box_h = 28, .ofs_x = 1, .ofs_y = -6},
    {.bitmap_index = 11952, .adv_w = 149, .box_w = 9, .box_h = 28, .ofs_x = 0, .ofs_y = -6},
    {.bitmap_index = 12078, .adv_w = 255, .box_w = 16, .box_h = 5, .ofs_x = 0, .ofs_y = 6},
    {.bitmap_index = 12118, .adv_w = 441, .box_w = 23, .box_h = 26, .ofs_x = 2, .ofs_y = -3},
    {.bitmap_index = 12417, .adv_w = 441, .box_w = 26, .box_h = 26, .ofs_x = 1, .ofs_y = -3},
    {.bitmap_index = 12755, .adv_w = 441, .box_w = 27, .box_h = 26, .ofs_x = 0, .ofs_y = -3},
    {.bitmap_index = 13106, .adv_w = 441, .box_w = 28, .box_h = 26, .ofs_x = 0, .ofs_y = -3},
    {.bitmap_index = 13470, .adv_w = 441, .box_w = 27, .box_h = 27, .ofs_x = 0, .ofs_y = -4},
    {.bitmap_index = 13835, .adv_w = 441, .box_w = 27, .box_h = 26, .ofs_x = 0, .ofs_y = -4},
    {.bitmap_index = 14186, .adv_w = 441, .box_w = 27, .box_h = 26, .ofs_x = 0, .ofs_y = -3},
    {.bitmap_index = 14537, .adv_w = 441, .box_w = 26, .box_h = 26, .ofs_x = 0, .ofs_y = -4},
    {.bitmap_index = 14875, .adv_w = 441, .box_w = 25, .box_h = 24, .ofs_x = 1, .ofs_y = -2},
    {.bitmap_index = 15175, .adv_w = 441, .box_w = 26, .box_h = 25, .ofs_x = 1, .ofs_y = -2},
    {.bitmap_index = 15500, .adv_w = 441, .box_w = 26, .box_h = 26, .ofs_x = 1, .ofs_y = -3},
    {.bitmap_index = 15838, .adv_w = 441, .box_w = 26, .box_h = 26, .ofs_x = 1, .ofs_y = -3},
    {.bitmap_index = 16176, .adv_w = 448, .box_w = 28, .box_h = 29, .ofs_x = 0, .ofs_y = -4},
    {.bitmap_index = 16582, .adv_w = 448, .box_w = 28, .box_h = 21, .ofs_x = 0, .ofs_y = 0},
    {.bitmap_index = 16876, .adv_w = 448, .box_w = 28, .box_h = 25, .ofs_x = 0, .ofs_y = -2},
    {.bitmap_index = 17226, .adv_w = 448, .box_w = 28, .box_h = 21, .ofs_x = 0, .ofs_y = 0},
    {.bitmap_index = 17520, .adv_w = 308, .box_w = 20, .box_h = 21, .ofs_x = 0, .ofs_y = 0},
    {.bitmap_index = 17730, .adv_w = 448, .box_w = 28, .box_h = 29, .ofs_x = 0, .ofs_y = -4},
    {.bitmap_index = 18136, .adv_w = 448, .box_w = 27, .box_h = 29, .ofs_x = 1, .ofs_y = -4},
    {.bitmap_index = 18528, .adv_w = 504, .box_w = 32, .box_h = 25, .ofs_x = 0, .ofs_y = -2},
    {.bitmap_index = 18928, .adv_w = 448, .box_w = 28, .box_h = 29, .ofs_x = 0, .ofs_y = -4},
    {.bitmap_index = 19334, .adv_w = 504, .box_w = 32, .box_h = 21, .ofs_x = 0, .ofs_y = 0},
    {.bitmap_index = 19670, .adv_w = 448, .box_w = 28, .box_h = 29, .ofs_x = 0, .ofs_y = -4},
    {.bitmap_index = 20076, .adv_w = 224, .box_w = 14, .box_h = 23, .ofs_x = 0, .ofs_y = -1},
    {.bitmap_index = 20237, .adv_w = 336, .box_w = 21, .box_h = 23, .ofs_x = 0, .ofs_y = -1},
    {.bitmap_index = 20479, .adv_w = 504, .box_w = 32, .box_h = 27, .ofs_x = 0, .ofs_y = -3},
    {.bitmap_index = 20911, .adv_w = 448, .box_w = 28, .box_h = 21, .ofs_x = 0, .ofs_y = 0},
    {.bitmap_index = 21205, .adv_w = 308, .box_w = 20, .box_h = 29, .ofs_x = 0, .ofs_y = -4},
    {.bitmap_index = 21495, .adv_w = 392, .box_w = 18, .box_h = 26, .ofs_x = 3, .ofs_y = -3},
    {.bitmap_index = 21729, .adv_w = 392, .box_w = 25, .box_h = 29, .ofs_x = 0, .ofs_y = -4},
    {.bitmap_index = 22092, .adv_w = 392, .box_w = 25, .box_h = 25, .ofs_x = 0, .ofs_y = -2},
    {.bitmap_index = 22405, .adv_w = 392, .box_w = 25, .box_h = 25, .ofs_x = 0, .ofs_y = -2},
    {.bitmap_index = 22718, .adv_w = 392, .box_w = 18, .box_h = 26, .ofs_x = 3, .ofs_y = -3},
    {.bitmap_index = 22952, .adv_w = 392, .box_w = 26, .box_h = 25, .ofs_x = -1, .ofs_y = -2},
    {.bitmap_index = 23277, .adv_w = 280, .box_w = 16, .box_h = 25, .ofs_x = 1, .ofs_y = -2},
    {.bitmap_index = 23477, .adv_w = 280, .box_w = 16, .box_h = 25, .ofs_x = 1, .ofs_y = -2},
    {.bitmap_index = 23677, .adv_w = 392, .box_w = 25, .box_h = 25, .ofs_x = 0, .ofs_y = -2},
    {.bitmap_index = 23990, .adv_w = 392, .box_w = 25, .box_h = 7, .ofs_x = 0, .ofs_y = 7},
    {.bitmap_index = 24078, .adv_w = 504, .box_w = 32, .box_h = 21, .ofs_x = 0, .ofs_y = 0},
    {.bitmap_index = 24414, .adv_w = 560, .box_w = 35, .box_h = 29, .ofs_x = 0, .ofs_y = -4},
    {.bitmap_index = 24922, .adv_w = 504, .box_w = 33, .box_h = 29, .ofs_x = -1, .ofs_y = -4},
    {.bitmap_index = 25401, .adv_w = 448, .box_w = 28, .box_h = 25, .ofs_x = 0, .ofs_y = -2},
    {.bitmap_index = 25751, .adv_w = 392, .box_w = 25, .box_h = 15, .ofs_x = 0, .ofs_y = 3},
    {.bitmap_index = 25939, .adv_w = 392, .box_w = 25, .box_h = 15, .ofs_x = 0, .ofs_y = 3},
    {.bitmap_index = 26127, .adv_w = 560, .box_w = 35, .box_h = 22, .ofs_x = 0, .ofs_y = 0},
    {.bitmap_index = 26512, .adv_w = 448, .box_w = 28, .box_h = 21, .ofs_x = 0, .ofs_y = 0},
    {.bitmap_index = 26806, .adv_w = 448, .box_w = 28, .box_h = 29, .ofs_x = 0, .ofs_y = -4},
    {.bitmap_index = 27212, .adv_w = 448, .box_w = 29, .box_h = 29, .ofs_x = -1, .ofs_y = -4},
    {.bitmap_index = 27633, .adv_w = 392, .box_w = 25, .box_h = 25, .ofs_x = 0, .ofs_y = -2},
    {.bitmap_index = 27946, .adv_w = 392, .box_w = 25, .box_h = 29, .ofs_x = 0, .ofs_y = -4},
    {.bitmap_index = 28309, .adv_w = 392, .box_w = 25, .box_h = 25, .ofs_x = 0, .ofs_y = -2},
    {.bitmap_index = 28622, .adv_w = 392, .box_w = 25, .box_h = 23, .ofs_x = 0, .ofs_y = -1},
    {.bitmap_index = 28910, .adv_w = 448, .box_w = 28, .box_h = 21, .ofs_x = 0, .ofs_y = 0},
    {.bitmap_index = 29204, .adv_w = 280, .box_w = 19, .box_h = 29, .ofs_x = -1, .ofs_y = -4},
    {.bitmap_index = 29480, .adv_w = 392, .box_w = 25, .box_h = 29, .ofs_x = 0, .ofs_y = -4},
    {.bitmap_index = 29843, .adv_w = 392, .box_w = 25, .box_h = 29, .ofs_x = 0, .ofs_y = -4},
    {.bitmap_index = 30206, .adv_w = 504, .box_w = 32, .box_h = 21, .ofs_x = 0, .ofs_y = 0},
    {.bitmap_index = 30542, .adv_w = 448, .box_w = 30, .box_h = 29, .ofs_x = -1, .ofs_y = -4},
    {.bitmap_index = 30977, .adv_w = 336, .box_w = 21, .box_h = 29, .ofs_x = 0, .ofs_y = -4},
    {.bitmap_index = 31282, .adv_w = 560, .box_w = 35, .box_h = 26, .ofs_x = 0, .ofs_y = -2},
    {.bitmap_index = 31737, .adv_w = 560, .box_w = 35, .box_h = 19, .ofs_x = 0, .ofs_y = 1},
    {.bitmap_index = 32070, .adv_w = 560, .box_w = 35, .box_h = 19, .ofs_x = 0, .ofs_y = 1},
    {.bitmap_index = 32403, .adv_w = 560, .box_w = 35, .box_h = 19, .ofs_x = 0, .ofs_y = 1},
    {.bitmap_index = 32736, .adv_w = 560, .box_w = 35, .box_h = 19, .ofs_x = 0, .ofs_y = 1},
    {.bitmap_index = 33069, .adv_w = 560, .box_w = 35, .box_h = 19, .ofs_x = 0, .ofs_y = 1},
    {.bitmap_index = 33402, .adv_w = 560, .box_w = 36, .box_h = 23, .ofs_x = 0, .ofs_y = -1},
    {.bitmap_index = 33816, .adv_w = 392, .box_w = 22, .box_h = 29, .ofs_x = 1, .ofs_y = -4},
    {.bitmap_index = 34135, .adv_w = 392, .box_w = 25, .box_h = 29, .ofs_x = 0, .ofs_y = -4},
    {.bitmap_index = 34498, .adv_w = 448, .box_w = 29, .box_h = 29, .ofs_x = -1, .ofs_y = -4},
    {.bitmap_index = 34919, .adv_w = 560, .box_w = 35, .box_h = 21, .ofs_x = 0, .ofs_y = 0},
    {.bitmap_index = 35287, .adv_w = 336, .box_w = 21, .box_h = 29, .ofs_x = 0, .ofs_y = -4},
    {.bitmap_index = 35592, .adv_w = 451, .box_w = 29, .box_h = 19, .ofs_x = 0, .ofs_y = 1}
};

/*---------------------
 *  CHARACTER MAPPING
 *--------------------*/

static const uint16_t unicode_list_1[] = {
    0x0, 0x23, 0x126, 0x1b0, 0xc65, 0xe22, 0x1196, 0x242c,
    0x3141, 0x36b0, 0x3d91, 0x49c6, 0xa1d4, 0xa1db, 0xa1de, 0xa1df,
    0xa1e0, 0xa1e4, 0xa1e6, 0xa1e8, 0xa1ec, 0xa1ef, 0xa1f4, 0xa1f9,
    0xa1fa, 0xa1fb, 0xa211, 0xa216, 0xa21b, 0xa21e, 0xa21f, 0xa220,
    0xa224, 0xa225, 0xa226, 0xa227, 0xa23a, 0xa23b, 0xa241, 0xa243,
    0xa244, 0xa247, 0xa24a, 0xa24b, 0xa24c, 0xa24e, 0xa266, 0xa268,
    0xa297, 0xa298, 0xa29a, 0xa29c, 0xa2b3, 0xa2ba, 0xa2bd, 0xa2c6,
    0xa2ef, 0xa2f7, 0xa32e, 0xa3be, 0xa413, 0xa414, 0xa415, 0xa416,
    0xa417, 0xa45a, 0xa466, 0xa4c0, 0xa4d7, 0xa72d, 0xa995, 0xaa75
};

/*Collect the unicode lists and glyph_id offsets*/
static const lv_font_fmt_txt_cmap_t cmaps[] =
{
    {
        .range_start = 32, .range_length = 95, .glyph_id_start = 1,
        .unicode_list = NULL, .glyph_id_ofs_list = NULL, .list_length = 0, .type = LV_FONT_FMT_TXT_CMAP_FORMAT0_TINY
    },
    {
        .range_start = 20013, .range_length = 43638, .glyph_id_start = 96,
        .unicode_list = unicode_list_1, .glyph_id_ofs_list = NULL, .list_length = 72, .type = LV_FONT_FMT_TXT_CMAP_SPARSE_TINY
    }
};

/*-----------------
 *    KERNING
 *----------------*/


/*Pair left and right glyphs for kerning*/
static const uint8_t kern_pair_glyph_ids[] =
{
    3, 3,
    3, 8,
    3, 13,
    3, 15,
    8, 3,
    8, 8,
    8, 13,
    8, 15,
    9, 75,
    13, 3,
    13, 8,
    13, 18,
    13, 24,
    13, 26,
    15, 3,
    15, 8,
    15, 18,
    15, 24,
    15, 26,
    16, 16,
    18, 13,
    18, 15,
    18, 27,
    18, 28,
    24, 13,
    24, 15,
    24, 27,
    24, 28,
    27, 18,
    27, 24,
    28, 18,
    28, 24,
    34, 3,
    34, 8,
    34, 36,
    34, 40,
    34, 48,
    34, 50,
    34, 53,
    34, 54,
    34, 55,
    34, 56,
    34, 58,
    34, 71,
    34, 77,
    34, 85,
    34, 87,
    34, 90,
    35, 36,
    35, 40,
    35, 48,
    35, 50,
    35, 53,
    35, 55,
    35, 57,
    35, 58,
    37, 13,
    37, 15,
    37, 34,
    37, 53,
    37, 55,
    37, 56,
    37, 57,
    37, 58,
    37, 59,
    37, 66,
    38, 75,
    39, 13,
    39, 15,
    39, 34,
    39, 66,
    39, 73,
    39, 76,
    40, 55,
    40, 58,
    43, 43,
    44, 34,
    44, 36,
    44, 40,
    44, 48,
    44, 50,
    44, 53,
    44, 54,
    44, 55,
    44, 56,
    44, 58,
    44, 68,
    44, 69,
    44, 70,
    44, 72,
    44, 77,
    44, 80,
    44, 82,
    44, 84,
    44, 85,
    44, 86,
    44, 87,
    44, 88,
    44, 90,
    45, 3,
    45, 8,
    45, 34,
    45, 36,
    45, 40,
    45, 48,
    45, 50,
    45, 53,
    45, 54,
    45, 55,
    45, 56,
    45, 58,
    45, 87,
    45, 88,
    45, 90,
    48, 13,
    48, 15,
    48, 34,
    48, 53,
    48, 55,
    48, 56,
    48, 57,
    48, 58,
    48, 59,
    48, 66,
    49, 13,
    49, 15,
    49, 34,
    49, 53,
    49, 55,
    49, 56,
    49, 57,
    49, 58,
    49, 59,
    49, 66,
    50, 13,
    50, 15,
    50, 34,
    50, 43,
    50, 53,
    50, 55,
    50, 56,
    50, 57,
    50, 58,
    50, 59,
    50, 66,
    51, 36,
    51, 40,
    51, 48,
    51, 50,
    51, 53,
    51, 54,
    51, 55,
    51, 56,
    51, 57,
    51, 58,
    51, 68,
    51, 69,
    51, 70,
    51, 72,
    51, 80,
    51, 82,
    51, 85,
    51, 86,
    51, 87,
    51, 89,
    51, 90,
    52, 13,
    52, 15,
    52, 52,
    52, 53,
    52, 55,
    52, 56,
    52, 58,
    52, 85,
    52, 87,
    52, 88,
    52, 89,
    52, 90,
    53, 3,
    53, 8,
    53, 13,
    53, 15,
    53, 34,
    53, 36,
    53, 40,
    53, 48,
    53, 50,
    53, 52,
    53, 66,
    53, 68,
    53, 69,
    53, 70,
    53, 72,
    53, 74,
    53, 75,
    53, 78,
    53, 79,
    53, 80,
    53, 81,
    53, 82,
    53, 83,
    53, 84,
    53, 85,
    53, 86,
    53, 87,
    53, 88,
    53, 89,
    53, 90,
    53, 91,
    54, 34,
    54, 57,
    54, 89,
    55, 13,
    55, 15,
    55, 27,
    55, 28,
    55, 34,
    55, 36,
    55, 40,
    55, 48,
    55, 50,
    55, 52,
    55, 66,
    55, 68,
    55, 69,
    55, 70,
    55, 72,
    55, 73,
    55, 76,
    55, 80,
    55, 82,
    55, 84,
    55, 87,
    55, 90,
    56, 13,
    56, 15,
    56, 27,
    56, 28,
    56, 34,
    56, 36,
    56, 40,
    56, 48,
    56, 50,
    56, 66,
    56, 68,
    56, 69,
    56, 70,
    56, 72,
    56, 80,
    56, 82,
    56, 84,
    57, 34,
    57, 36,
    57, 40,
    57, 48,
    57, 50,
    57, 53,
    57, 54,
    57, 55,
    57, 56,
    57, 58,
    57, 68,
    57, 69,
    57, 70,
    57, 72,
    57, 77,
    57, 80,
    57, 82,
    57, 84,
    57, 85,
    57, 86,
    57, 87,
    57, 88,
    57, 90,
    58, 3,
    58, 8,
    58, 13,
    58, 15,
    58, 27,
    58, 28,
    58, 34,
    58, 36,
    58, 40,
    58, 48,
    58, 50,
    58, 52,
    58, 66,
    58, 68,
    58, 69,
    58, 70,
    58, 71,
    58, 72,
    58, 73,
    58, 74,
    58, 76,
    58, 78,
    58, 79,
    58, 80,
    58, 81,
    58, 82,
    58, 83,
    58, 84,
    58, 85,
    58, 86,
    58, 87,
    58, 89,
    58, 90,
    58, 91,
    59, 36,
    59, 40,
    59, 48,
    59, 50,
    60, 75,
    66, 53,
    66, 55,
    66, 58,
    66, 87,
    66, 88,
    66, 90,
    67, 13,
    67, 15,
    67, 53,
    67, 55,
    67, 56,
    67, 57,
    67, 58,
    67, 87,
    67, 89,
    67, 90,
    70, 13,
    70, 15,
    70, 53,
    70, 58,
    70, 75,
    71, 3,
    71, 8,
    71, 10,
    71, 11,
    71, 13,
    71, 15,
    71, 32,
    71, 53,
    71, 55,
    71, 56,
    71, 57,
    71, 58,
    71, 62,
    71, 66,
    71, 68,
    71, 69,
    71, 70,
    71, 71,
    71, 72,
    71, 73,
    71, 74,
    71, 75,
    71, 76,
    71, 77,
    71, 80,
    71, 82,
    71, 84,
    71, 85,
    71, 87,
    71, 90,
    71, 94,
    73, 53,
    73, 58,
    73, 87,
    73, 88,
    73, 90,
    74, 3,
    74, 8,
    74, 10,
    74, 32,
    74, 53,
    74, 62,
    74, 94,
    75, 53,
    76, 53,
    76, 54,
    76, 56,
    76, 66,
    76, 68,
    76, 69,
    76, 70,
    76, 72,
    76, 77,
    76, 80,
    76, 82,
    76, 86,
    77, 71,
    77, 85,
    77, 87,
    77, 88,
    77, 90,
    78, 53,
    78, 58,
    78, 87,
    78, 88,
    78, 90,
    79, 53,
    79, 58,
    79, 87,
    79, 88,
    79, 90,
    80, 13,
    80, 15,
    80, 53,
    80, 55,
    80, 56,
    80, 57,
    80, 58,
    80, 87,
    80, 89,
    80, 90,
    81, 13,
    81, 15,
    81, 53,
    81, 55,
    81, 56,
    81, 57,
    81, 58,
    81, 87,
    81, 89,
    81, 90,
    82, 53,
    82, 58,
    82, 75,
    83, 3,
    83, 8,
    83, 13,
    83, 15,
    83, 66,
    83, 68,
    83, 69,
    83, 70,
    83, 71,
    83, 80,
    83, 82,
    83, 85,
    83, 87,
    83, 90,
    84, 53,
    84, 55,
    84, 56,
    84, 57,
    84, 58,
    84, 87,
    84, 89,
    84, 90,
    85, 71,
    85, 85,
    86, 53,
    86, 58,
    87, 13,
    87, 15,
    87, 53,
    87, 57,
    87, 66,
    87, 68,
    87, 69,
    87, 70,
    87, 80,
    87, 82,
    88, 13,
    88, 15,
    88, 53,
    88, 57,
    88, 66,
    89, 53,
    89, 54,
    89, 56,
    89, 66,
    89, 68,
    89, 69,
    89, 70,
    89, 72,
    89, 77,
    89, 80,
    89, 82,
    89, 86,
    90, 13,
    90, 15,
    90, 53,
    90, 57,
    90, 66,
    90, 68,
    90, 69,
    90, 70,
    90, 80,
    90, 82,
    91, 53,
    92, 73,
    92, 75,
    92, 76
};

/* Kerning between the respective left and right glyphs
 * 4.4 format which needs to scaled with `kern_scale`*/
static const int8_t kern_pair_values[] =
{
    -5, -13, -77, -77, -5, -13, -77, -77,
    27, -72, -72, -63, -25, -14, -72, -72,
    -63, -25, -14, -54, -38, -38, -41, -41,
    -72, -72, -38, -38, -32, -23, -32, -23,
    -45, -45, -7, -7, -7, -7, -36, -3,
    -32, -13, -39, -9, -4, -9, -9, -9,
    -3, -3, -3, -3, -16, -9, -9, -13,
    -23, -23, -9, -16, -13, -5, -11, -18,
    -9, -11, 5, -65, -65, -18, -23, 4,
    4, -8, -14, 9, -5, -11, -11, -11,
    -11, -5, -14, -11, -11, -18, -14, -14,
    -14, -14, -14, -14, -14, -5, -6, -16,
    -27, -18, -27, -41, -41, 9, -20, -20,
    -20, -20, -29, -5, -32, -14, -45, -22,
    -13, -22, -23, -23, -9, -16, -13, -5,
    -11, -18, -9, -11, -82, -82, -27, -8,
    -3, -3, -22, -9, -14, -27, -23, -23,
    -9, 9, -16, -13, -5, -11, -18, -9,
    -11, -6, -6, -6, -6, -18, -4, -12,
    -6, -9, -22, -9, -9, -9, -9, -9,
    -9, -9, -3, -4, 9, -4, -9, -9,
    -4, -7, -13, -6, -13, -4, -9, -4,
    -4, -9, 11, 11, -66, -66, -36, -9,
    -9, -9, -9, -4, -36, -23, -23, -23,
    -23, -9, -5, -23, -23, -23, -16, -23,
    -23, -27, 9, -29, -11, -5, -11, -11,
    -23, -3, -5, -4, -63, -63, -22, -22,
    -33, -13, -13, -13, -13, -6, -25, -13,
    -13, -13, -13, 5, 5, -13, -13, -13,
    -5, -5, -32, -32, -11, -11, -17, -5,
    -5, -5, -5, -18, -9, -9, -9, -9,
    -9, -9, -9, -5, -11, -11, -11, -11,
    -5, -14, -11, -11, -18, -14, -14, -14,
    -14, -14, -14, -14, -5, -6, -16, -27,
    -18, -27, 7, 7, -70, -70, -27, -27,
    -39, -18, -18, -18, -18, -4, -48, -27,
    -27, -27, -7, -27, 4, -5, 4, -22,
    -22, -27, -18, -27, -22, -30, -4, -18,
    -18, -22, -18, -22, -9, -9, -9, -9,
    36, -27, -13, -34, -6, -6, -6, -18,
    -18, -23, -16, -9, -14, -27, -4, -9,
    -4, -9, -9, -20, -18, 9, 14, 14,
    7, 30, -7, -7, 18, 18, 13, 13,
    13, 7, 16, -10, -5, -5, -5, 5,
    -11, -4, -5, -5, -4, -5, -5, -5,
    -5, 5, 2, 2, 14, -16, -11, -6,
    -2, -6, 11, 11, 11, 14, -9, 25,
    20, -9, -11, -4, -9, -9, -9, -9,
    -9, -7, -9, -9, -9, -6, -9, -2,
    -5, -3, -5, -16, -11, -6, -2, -6,
    -16, -11, -6, -2, -6, -18, -18, -23,
    -16, -9, -14, -27, -4, -9, -4, -18,
    -18, -23, -16, -9, -14, -27, -4, -9,
    -4, -5, -5, 9, 11, 11, -42, -42,
    -20, -5, -5, -5, 4, -5, -5, 9,
    2, 2, -23, -13, -9, -5, -27, -5,
    -4, -5, 4, 2, -18, -5, -39, -39,
    -11, -11, -17, -4, -4, -4, -4, -4,
    -24, -24, -5, -11, -15, -11, -4, -9,
    -9, -9, -9, -9, -7, -9, -9, -9,
    -6, -39, -39, -11, -11, -17, -4, -4,
    -4, -4, -4, -23, 11, 32, 11
};

/*Collect the kern pair's data in one place*/
static const lv_font_fmt_txt_kern_pair_t kern_pairs =
{
    .glyph_ids = kern_pair_glyph_ids,
    .values = kern_pair_values,
    .pair_cnt = 495,
    .glyph_ids_size = 0
};

/*--------------------
 *  ALL CUSTOM DATA
 *--------------------*/

#if LVGL_VERSION_MAJOR == 8
/*Store all the custom data of the font*/
static  lv_font_fmt_txt_glyph_cache_t cache;
#endif

#if LVGL_VERSION_MAJOR >= 8
static const lv_font_fmt_txt_dsc_t font_dsc = {
#else
static lv_font_fmt_txt_dsc_t font_dsc = {
#endif
    .glyph_bitmap = glyph_bitmap,
    .glyph_dsc = glyph_dsc,
    .cmaps = cmaps,
    .kern_dsc = &kern_pairs,
    .kern_scale = 16,
    .cmap_num = 2,
    .bpp = 4,
    .kern_classes = 0,
    .bitmap_format = 0,
#if LVGL_VERSION_MAJOR == 8
    .cache = &cache
#endif
};



/*-----------------
 *  PUBLIC FONT
 *----------------*/

/*Initialize a public general font descriptor*/
#if LVGL_VERSION_MAJOR >= 8
const lv_font_t lv_font_Alibaba_PuHuiTi_2_0_75_SemiBold_75_SemiBold_28 = {
#else
lv_font_t lv_font_Alibaba_PuHuiTi_2_0_75_SemiBold_75_SemiBold_28 = {
#endif
    .get_glyph_dsc = lv_font_get_glyph_dsc_fmt_txt,    /*Function pointer to get glyph's data*/
    .get_glyph_bitmap = lv_font_get_bitmap_fmt_txt,    /*Function pointer to get glyph's bitmap*/
    .line_height = 31,          /*The maximum line height required by the font*/
    .base_line = 6,             /*Baseline measured from the bottom of the line*/
#if !(LVGL_VERSION_MAJOR == 6 && LVGL_VERSION_MINOR == 0)
    .subpx = LV_FONT_SUBPX_NONE,
#endif
#if LV_VERSION_CHECK(7, 4, 0) || LVGL_VERSION_MAJOR >= 8
    .underline_position = -2,
    .underline_thickness = 1,
#endif
    .dsc = &font_dsc,          /*The custom font data. Will be accessed by `get_glyph_bitmap/dsc` */
#if LV_VERSION_CHECK(8, 2, 0) || LVGL_VERSION_MAJOR >= 9
    .fallback = NULL,
#endif
    .user_data = NULL,
};



#endif /*#if LV_FONT_ALIBABA_PUHUITI_2_0_75_SEMIBOLD_75_SEMIBOLD_28*/

