/*******************************************************************************
 * Size: 17 px
 * Bpp: 4
 * Opts: --font D:\test\ktv_demo\assets\fonts\Alibaba_PuHuiTi_2_0_55_Regular_55_Regular\Alibaba_PuHuiTi_2_0_55_Regular_55_Regular.ttf -r 0x20-0x7F --symbols  /0123456789a入名手拼歌请输音 --size 17 -o \\192.168.30.245\weichao.lian\klok\projects\multimedia\ktv_example\ap\ui\beken_generated\fonts\lv_font_Alibaba_PuHuiTi_2_0_55_Regular_55_Regular_17.c --format lvgl --bpp 4 --no-compress --lv-include lvgl.h --font C:\Users\weichao.lian\Downloads\lvgl_ui_designer_2.0.2\resources\assets\fonts\FontAwesome5.woff -r 61441, 61448, 61451, 61452, 61453, 61457, 61459, 61461, 61465, 61468,                                61473, 61478, 61479, 61480, 61502, 61507, 61512, 61515, 61516, 61517,                                61521, 61522, 61523, 61524, 61543, 61544, 61550, 61552, 61553, 61556,                                61559, 61560, 61561, 61563, 61587, 61589, 61636, 61637, 61639, 61641,                                61664, 61671, 61674, 61683, 61724, 61732, 61787, 61931, 62016, 62017,                                62018, 62019, 62020, 62087, 62099, 62189, 62212, 62810, 63426, 63650
 ******************************************************************************/

#ifdef LV_LVGL_H_INCLUDE_SIMPLE
#include "lvgl.h"
#else
#include "lvgl.h"
#endif

#ifndef LV_FONT_ALIBABA_PUHUITI_2_0_55_REGULAR_55_REGULAR_17
#define LV_FONT_ALIBABA_PUHUITI_2_0_55_REGULAR_55_REGULAR_17 1
#endif

#if LV_FONT_ALIBABA_PUHUITI_2_0_55_REGULAR_55_REGULAR_17

/*-----------------
 *    BITMAPS
 *----------------*/

/*Store the image of the glyphs*/
static LV_ATTRIBUTE_LARGE_CONST const uint8_t glyph_bitmap[] = {
    /* U+0020 " " */

    /* U+0021 "!" */
    0xc, 0xd0, 0xc, 0xd0, 0xb, 0xc0, 0xa, 0xc0,
    0xa, 0xb0, 0x9, 0xb0, 0x9, 0xa0, 0x8, 0xa0,
    0x0, 0x0, 0xe, 0xf0, 0xe, 0xe0,

    /* U+0022 "\"" */
    0xaf, 0x1f, 0x89, 0xe0, 0xf7, 0x7d, 0xe, 0x66,
    0xb0, 0xd4, 0x48, 0xa, 0x30,

    /* U+0023 "#" */
    0x0, 0x8, 0xd0, 0x6, 0xf0, 0x0, 0xb, 0xa0,
    0x9, 0xc0, 0x0, 0xe, 0x70, 0xd, 0x80, 0xaf,
    0xff, 0xff, 0xff, 0xfe, 0x12, 0x7f, 0x22, 0x6f,
    0x32, 0x0, 0x9c, 0x0, 0x7e, 0x0, 0x0, 0xd8,
    0x0, 0xba, 0x0, 0xaf, 0xff, 0xff, 0xff, 0xfe,
    0x16, 0xf3, 0x25, 0xf5, 0x22, 0x8, 0xd0, 0x6,
    0xf0, 0x0, 0xc, 0x90, 0xa, 0xb0, 0x0,

    /* U+0024 "$" */
    0x0, 0x6, 0x20, 0x0, 0x0, 0xc, 0x40, 0x0,
    0x9, 0xef, 0xfe, 0xb0, 0x7e, 0x4d, 0x63, 0x60,
    0xba, 0xc, 0x40, 0x0, 0xab, 0xc, 0x40, 0x0,
    0x4f, 0xce, 0x50, 0x0, 0x2, 0x8f, 0xfd, 0x40,
    0x0, 0xc, 0x69, 0xf2, 0x0, 0xc, 0x40, 0xe6,
    0x0, 0xc, 0x40, 0xe6, 0x75, 0x4d, 0x7a, 0xf2,
    0xae, 0xff, 0xfb, 0x30, 0x0, 0xc, 0x40, 0x0,
    0x0, 0xc, 0x40, 0x0, 0x0, 0x6, 0x20, 0x0,

    /* U+0025 "%" */
    0x1c, 0xed, 0x30, 0x0, 0x98, 0x0, 0x99, 0x6,
    0xc0, 0x3, 0xe0, 0x0, 0xd5, 0x2, 0xf0, 0xc,
    0x50, 0x0, 0xc5, 0x2, 0xf0, 0x6b, 0x0, 0x0,
    0x99, 0x7, 0xb1, 0xe2, 0x0, 0x0, 0x1b, 0xdb,
    0x29, 0x82, 0xcd, 0xa1, 0x0, 0x0, 0x3d, 0xc,
    0x60, 0x98, 0x0, 0x0, 0xc5, 0xf, 0x20, 0x6c,
    0x0, 0x6, 0xb0, 0xf, 0x20, 0x5c, 0x0, 0x1e,
    0x20, 0xd, 0x40, 0x89, 0x0, 0x98, 0x0, 0x4,
    0xcb, 0xb1,

    /* U+0026 "&" */
    0x0, 0x6, 0xdf, 0xb2, 0x0, 0x0, 0x4, 0xf8,
    0x4d, 0xc0, 0x0, 0x0, 0x9f, 0x0, 0x8e, 0x0,
    0x0, 0x7, 0xf2, 0x2e, 0x90, 0x0, 0x0, 0x1e,
    0xef, 0x90, 0x0, 0x0, 0xa, 0xff, 0xa0, 0x2,
    0xa2, 0xc, 0xd2, 0x5f, 0x80, 0x6f, 0x3, 0xf5,
    0x0, 0x6f, 0x7d, 0xa0, 0x4f, 0x50, 0x0, 0x8f,
    0xf2, 0x0, 0xde, 0x64, 0x6d, 0xff, 0x83, 0x2,
    0xae, 0xfd, 0x81, 0x8e, 0xd0,

    /* U+0027 "'" */
    0xaf, 0x9, 0xe0, 0x7d, 0x6, 0xb0, 0x48, 0x0,

    /* U+0028 "(" */
    0x0, 0x7e, 0x0, 0x2f, 0x40, 0xa, 0xc0, 0x1,
    0xf5, 0x0, 0x6f, 0x0, 0xa, 0xc0, 0x0, 0xca,
    0x0, 0xd, 0x90, 0x0, 0xda, 0x0, 0xb, 0xc0,
    0x0, 0x7f, 0x0, 0x2, 0xf5, 0x0, 0xb, 0xc0,
    0x0, 0x3f, 0x40, 0x0, 0x8d, 0x0,

    /* U+0029 ")" */
    0xc, 0xa0, 0x0, 0x2f, 0x40, 0x0, 0xac, 0x0,
    0x3, 0xf4, 0x0, 0xe, 0x90, 0x0, 0xad, 0x0,
    0x9, 0xe0, 0x0, 0x8f, 0x0, 0x9, 0xe0, 0x0,
    0xbc, 0x0, 0xe, 0x80, 0x4, 0xf3, 0x0, 0xbc,
    0x0, 0x3f, 0x30, 0xd, 0x90, 0x0,

    /* U+002A "*" */
    0x0, 0xf, 0x50, 0x1, 0x60, 0xf4, 0x44, 0x4e,
    0xff, 0xef, 0x80, 0x9, 0xfd, 0x0, 0x5, 0xf4,
    0xda, 0x0, 0x27, 0x4, 0x50,

    /* U+002B "+" */
    0x0, 0x0, 0xf6, 0x0, 0x0, 0x0, 0xf, 0x60,
    0x0, 0x1, 0x11, 0xf7, 0x11, 0x16, 0xff, 0xff,
    0xff, 0xfc, 0x14, 0x44, 0xf9, 0x44, 0x30, 0x0,
    0xf, 0x60, 0x0, 0x0, 0x0, 0xf6, 0x0, 0x0,
    0x0, 0xe, 0x50, 0x0,

    /* U+002C "," */
    0x0, 0x64, 0x0, 0xe7, 0x2, 0xf3, 0x9, 0xc0,
    0x1f, 0x30,

    /* U+002D "-" */
    0xcf, 0xff, 0xf3, 0x22, 0x22, 0x20,

    /* U+002E "." */
    0x0, 0x6, 0xf8, 0x6f, 0x80,

    /* U+002F "/" */
    0x0, 0x0, 0x18, 0x0, 0x0, 0x7, 0xd0, 0x0,
    0x0, 0xd7, 0x0, 0x0, 0x3f, 0x10, 0x0, 0x9,
    0xb0, 0x0, 0x0, 0xe5, 0x0, 0x0, 0x5f, 0x0,
    0x0, 0xa, 0xa0, 0x0, 0x1, 0xf4, 0x0, 0x0,
    0x6e, 0x0, 0x0, 0xc, 0x80, 0x0, 0x2, 0xf2,
    0x0, 0x0, 0x8c, 0x0, 0x0, 0x0,

    /* U+0030 "0" */
    0x0, 0x5c, 0xfe, 0xb2, 0x0, 0x3f, 0xa5, 0x5c,
    0xe1, 0xb, 0xd0, 0x0, 0x1f, 0x70, 0xe9, 0x0,
    0x0, 0xdb, 0xf, 0x80, 0x0, 0xb, 0xd1, 0xf7,
    0x0, 0x0, 0xad, 0xf, 0x80, 0x0, 0xb, 0xd0,
    0xe9, 0x0, 0x0, 0xdb, 0xb, 0xd0, 0x0, 0x1f,
    0x70, 0x4f, 0xa4, 0x5c, 0xe1, 0x0, 0x5c, 0xfe,
    0xb3, 0x0,

    /* U+0031 "1" */
    0x17, 0xad, 0xf2, 0x3b, 0x89, 0xf2, 0x0, 0x5,
    0xf2, 0x0, 0x5, 0xf2, 0x0, 0x5, 0xf2, 0x0,
    0x5, 0xf2, 0x0, 0x5, 0xf2, 0x0, 0x5, 0xf2,
    0x0, 0x5, 0xf2, 0x0, 0x5, 0xf2, 0x0, 0x5,
    0xf2,

    /* U+0032 "2" */
    0x2, 0xdf, 0xfe, 0x91, 0x0, 0x16, 0x44, 0x6e,
    0xc0, 0x0, 0x0, 0x0, 0x6f, 0x30, 0x0, 0x0,
    0x4, 0xf3, 0x0, 0x0, 0x0, 0x8f, 0x0, 0x0,
    0x0, 0x4f, 0x60, 0x0, 0x0, 0x4f, 0x80, 0x0,
    0x0, 0x6f, 0x70, 0x0, 0x0, 0xae, 0x40, 0x0,
    0x0, 0xde, 0x54, 0x44, 0x42, 0xf, 0xff, 0xff,
    0xff, 0xb0,

    /* U+0033 "3" */
    0x2d, 0xff, 0xea, 0x20, 0x15, 0x43, 0x6d, 0xd0,
    0x0, 0x0, 0x6, 0xf0, 0x0, 0x0, 0x4d, 0xa0,
    0x6, 0xff, 0xf8, 0x0, 0x1, 0x23, 0x7e, 0xa0,
    0x0, 0x0, 0x5, 0xf3, 0x0, 0x0, 0x2, 0xf5,
    0x0, 0x0, 0x5, 0xf3, 0x54, 0x34, 0x7f, 0xc0,
    0xaf, 0xff, 0xd8, 0x0,

    /* U+0034 "4" */
    0x0, 0x0, 0xa, 0xf9, 0x0, 0x0, 0x6, 0xee,
    0x90, 0x0, 0x3, 0xf4, 0xd9, 0x0, 0x1, 0xe8,
    0xd, 0x90, 0x0, 0xbb, 0x0, 0xd9, 0x0, 0x8e,
    0x10, 0xd, 0x90, 0x4f, 0x40, 0x0, 0xd9, 0x6,
    0xff, 0xff, 0xff, 0xff, 0x13, 0x33, 0x33, 0xda,
    0x30, 0x0, 0x0, 0xd, 0x90, 0x0, 0x0, 0x0,
    0xd9, 0x0,

    /* U+0035 "5" */
    0xc, 0xff, 0xff, 0xc0, 0xe, 0x84, 0x44, 0x30,
    0x1f, 0x30, 0x0, 0x0, 0x3f, 0x10, 0x0, 0x0,
    0x5f, 0xef, 0xd9, 0x20, 0x24, 0x23, 0x5d, 0xf2,
    0x0, 0x0, 0x1, 0xf8, 0x0, 0x0, 0x0, 0xe9,
    0x0, 0x0, 0x2, 0xf6, 0x34, 0x34, 0x7e, 0xe1,
    0x6e, 0xff, 0xd9, 0x10,

    /* U+0036 "6" */
    0x0, 0x1, 0x8c, 0xf4, 0x0, 0x3, 0xec, 0x75,
    0x10, 0x1, 0xe6, 0x0, 0x0, 0x0, 0x7c, 0x9e,
    0xeb, 0x30, 0xc, 0xf9, 0x33, 0xbf, 0x20, 0xfb,
    0x0, 0x0, 0xe8, 0xf, 0x70, 0x0, 0xb, 0xb0,
    0xf8, 0x0, 0x0, 0xca, 0xc, 0xc0, 0x0, 0x1f,
    0x70, 0x5f, 0xa4, 0x5c, 0xe0, 0x0, 0x5c, 0xff,
    0xb2, 0x0,

    /* U+0037 "7" */
    0x1f, 0xff, 0xff, 0xff, 0xb0, 0x44, 0x44, 0x44,
    0xd9, 0x0, 0x0, 0x0, 0x4f, 0x20, 0x0, 0x0,
    0xc, 0xa0, 0x0, 0x0, 0x4, 0xf2, 0x0, 0x0,
    0x0, 0xda, 0x0, 0x0, 0x0, 0x5f, 0x20, 0x0,
    0x0, 0xd, 0xa0, 0x0, 0x0, 0x6, 0xf2, 0x0,
    0x0, 0x0, 0xe9, 0x0, 0x0, 0x0, 0x7f, 0x20,
    0x0, 0x0,

    /* U+0038 "8" */
    0x0, 0x7d, 0xff, 0xc5, 0x0, 0x7f, 0x63, 0x49,
    0xf3, 0xb, 0xa0, 0x0, 0xe, 0x70, 0x7e, 0x20,
    0x5, 0xf3, 0x0, 0x8f, 0xff, 0xf5, 0x0, 0x6f,
    0x62, 0x38, 0xf3, 0xf, 0x70, 0x0, 0xb, 0xb1,
    0xf5, 0x0, 0x0, 0x8d, 0xf, 0x70, 0x0, 0xb,
    0xc0, 0xaf, 0x73, 0x49, 0xf6, 0x0, 0x7d, 0xfe,
    0xc5, 0x0,

    /* U+0039 "9" */
    0x0, 0x4c, 0xfe, 0xb2, 0x0, 0x5f, 0x94, 0x5c,
    0xe1, 0xd, 0xa0, 0x0, 0x1f, 0x70, 0xf6, 0x0,
    0x0, 0xca, 0xf, 0x80, 0x0, 0xc, 0xb0, 0x9e,
    0x30, 0x7, 0xfa, 0x0, 0xaf, 0xff, 0xae, 0x70,
    0x0, 0x1, 0x3, 0xf2, 0x0, 0x0, 0x1, 0xda,
    0x0, 0x2, 0x58, 0xfc, 0x10, 0x0, 0x8e, 0xb6,
    0x0, 0x0,

    /* U+003A ":" */
    0xbf, 0x2c, 0xf3, 0x0, 0x0, 0x0, 0x0, 0x0,
    0x0, 0x0, 0xc, 0xf3, 0xbf, 0x20,

    /* U+003B ";" */
    0xb, 0xf2, 0xc, 0xf3, 0x0, 0x0, 0x0, 0x0,
    0x0, 0x0, 0x0, 0x0, 0x0, 0x30, 0x6, 0xf0,
    0x9, 0xb0, 0x1f, 0x40, 0x8b, 0x0, 0x0, 0x0,

    /* U+003C "<" */
    0x0, 0x0, 0x0, 0x0, 0x0, 0x0, 0x0, 0x3,
    0x9b, 0x0, 0x0, 0x6c, 0xfc, 0x50, 0x39, 0xff,
    0x93, 0x0, 0x6f, 0xc6, 0x0, 0x0, 0x6, 0xf9,
    0x30, 0x0, 0x0, 0x6, 0xcf, 0xc6, 0x0, 0x0,
    0x0, 0x39, 0xff, 0xa3, 0x0, 0x0, 0x0, 0x5c,
    0xc0, 0x0, 0x0, 0x0, 0x1,

    /* U+003D "=" */
    0x1, 0x11, 0x11, 0x11, 0x16, 0xff, 0xff, 0xff,
    0xfc, 0x14, 0x44, 0x44, 0x44, 0x30, 0x0, 0x0,
    0x0, 0x0, 0x1, 0x11, 0x11, 0x11, 0x16, 0xff,
    0xff, 0xff, 0xfc, 0x14, 0x44, 0x44, 0x44, 0x30,

    /* U+003E ">" */
    0x0, 0x0, 0x0, 0x0, 0x6, 0xb5, 0x0, 0x0,
    0x0, 0x2a, 0xfe, 0x82, 0x0, 0x0, 0x1, 0x7d,
    0xfc, 0x60, 0x0, 0x0, 0x3, 0x9f, 0xc0, 0x0,
    0x0, 0x16, 0xdc, 0x0, 0x4, 0xaf, 0xe8, 0x21,
    0x7d, 0xfb, 0x50, 0x0, 0x6e, 0x82, 0x0, 0x0,
    0x1, 0x0, 0x0, 0x0, 0x0,

    /* U+003F "?" */
    0x3c, 0xef, 0xea, 0x12, 0x75, 0x58, 0xfb, 0x0,
    0x0, 0xb, 0xe0, 0x0, 0x0, 0xbd, 0x0, 0x0,
    0x7f, 0x60, 0x0, 0x9f, 0x50, 0x0, 0x4f, 0x30,
    0x0, 0x4, 0xa0, 0x0, 0x0, 0x0, 0x0, 0x0,
    0xb, 0xf3, 0x0, 0x0, 0xaf, 0x30, 0x0,

    /* U+0040 "@" */
    0x0, 0x0, 0x17, 0xce, 0xfe, 0xb4, 0x0, 0x0,
    0x0, 0x5f, 0xc6, 0x32, 0x49, 0xf9, 0x0, 0x0,
    0x6f, 0x50, 0x0, 0x0, 0x3, 0xf6, 0x0, 0x1f,
    0x60, 0x19, 0xec, 0x8d, 0x8, 0xd0, 0x9, 0xd0,
    0xc, 0xc3, 0x5f, 0xb0, 0x4f, 0x0, 0xd7, 0x5,
    0xf1, 0x0, 0xd8, 0x3, 0xf1, 0xf, 0x50, 0xab,
    0x0, 0xe, 0x50, 0x4f, 0x0, 0xf4, 0xb, 0x90,
    0x2, 0xf3, 0x8, 0xc0, 0xe, 0x60, 0x9d, 0x1,
    0xcf, 0x52, 0xe5, 0x0, 0xac, 0x1, 0xdf, 0xfa,
    0x8f, 0xf7, 0x0, 0x2, 0xf6, 0x0, 0x10, 0x0,
    0x10, 0x0, 0x0, 0x5, 0xfa, 0x41, 0x0, 0x13,
    0x30, 0x0, 0x0, 0x2, 0x9e, 0xff, 0xff, 0xd5,
    0x0, 0x0, 0x0, 0x0, 0x1, 0x21, 0x0, 0x0,
    0x0,

    /* U+0041 "A" */
    0x0, 0x0, 0x8f, 0xe0, 0x0, 0x0, 0x0, 0x0,
    0xeb, 0xf4, 0x0, 0x0, 0x0, 0x5, 0xf1, 0xbb,
    0x0, 0x0, 0x0, 0xc, 0xa0, 0x4f, 0x20, 0x0,
    0x0, 0x2f, 0x20, 0xd, 0x80, 0x0, 0x0, 0x9c,
    0x11, 0x17, 0xe0, 0x0, 0x0, 0xff, 0xff, 0xff,
    0xf5, 0x0, 0x6, 0xe4, 0x44, 0x44, 0xbb, 0x0,
    0xc, 0x90, 0x0, 0x0, 0x5f, 0x20, 0x3f, 0x40,
    0x0, 0x0, 0xf, 0x80, 0x9e, 0x0, 0x0, 0x0,
    0xa, 0xe0,

    /* U+0042 "B" */
    0x7f, 0xff, 0xfd, 0x90, 0x7, 0xf4, 0x34, 0x8f,
    0x90, 0x7f, 0x10, 0x0, 0xbd, 0x7, 0xf1, 0x0,
    0xa, 0xd0, 0x7f, 0x10, 0x5, 0xf7, 0x7, 0xff,
    0xff, 0xfb, 0x0, 0x7f, 0x32, 0x36, 0xdd, 0x7,
    0xf1, 0x0, 0x4, 0xf3, 0x7f, 0x10, 0x0, 0x5f,
    0x37, 0xf5, 0x44, 0x6d, 0xe0, 0x7f, 0xff, 0xfe,
    0xb3, 0x0,

    /* U+0043 "C" */
    0x0, 0x4b, 0xef, 0xfd, 0x30, 0x8f, 0xc7, 0x55,
    0x73, 0x2f, 0x90, 0x0, 0x0, 0x8, 0xf1, 0x0,
    0x0, 0x0, 0xbe, 0x0, 0x0, 0x0, 0xc, 0xd0,
    0x0, 0x0, 0x0, 0xbe, 0x0, 0x0, 0x0, 0x9,
    0xf1, 0x0, 0x0, 0x0, 0x4f, 0x80, 0x0, 0x0,
    0x0, 0xaf, 0xb6, 0x55, 0x74, 0x0, 0x6c, 0xef,
    0xec, 0x40,

    /* U+0044 "D" */
    0x7f, 0xff, 0xfd, 0xb5, 0x0, 0x7f, 0x54, 0x57,
    0xdf, 0x70, 0x7f, 0x10, 0x0, 0xb, 0xf2, 0x7f,
    0x10, 0x0, 0x3, 0xf6, 0x7f, 0x10, 0x0, 0x0,
    0xf9, 0x7f, 0x10, 0x0, 0x0, 0xfa, 0x7f, 0x10,
    0x0, 0x0, 0xf9, 0x7f, 0x10, 0x0, 0x3, 0xf6,
    0x7f, 0x10, 0x0, 0xc, 0xf1, 0x7f, 0x54, 0x57,
    0xdf, 0x60, 0x7f, 0xff, 0xfe, 0xa3, 0x0,

    /* U+0045 "E" */
    0x7f, 0xff, 0xff, 0xf2, 0x7f, 0x65, 0x55, 0x50,
    0x7f, 0x10, 0x0, 0x0, 0x7f, 0x10, 0x0, 0x0,
    0x7f, 0xff, 0xff, 0xc0, 0x7f, 0x43, 0x33, 0x20,
    0x7f, 0x10, 0x0, 0x0, 0x7f, 0x10, 0x0, 0x0,
    0x7f, 0x10, 0x0, 0x0, 0x7f, 0x65, 0x55, 0x52,
    0x7f, 0xff, 0xff, 0xf8,

    /* U+0046 "F" */
    0x7f, 0xff, 0xff, 0xf2, 0x7f, 0x65, 0x55, 0x50,
    0x7f, 0x10, 0x0, 0x0, 0x7f, 0x10, 0x0, 0x0,
    0x7f, 0x21, 0x11, 0x0, 0x7f, 0xff, 0xff, 0xc0,
    0x7f, 0x54, 0x44, 0x30, 0x7f, 0x10, 0x0, 0x0,
    0x7f, 0x10, 0x0, 0x0, 0x7f, 0x10, 0x0, 0x0,
    0x7f, 0x10, 0x0, 0x0,

    /* U+0047 "G" */
    0x0, 0x4a, 0xef, 0xfe, 0xb0, 0x7, 0xfc, 0x75,
    0x56, 0x90, 0x2f, 0xa0, 0x0, 0x0, 0x0, 0x8f,
    0x10, 0x0, 0x0, 0x0, 0xbe, 0x0, 0x0, 0x0,
    0x0, 0xcd, 0x0, 0x8, 0xff, 0xf4, 0xbe, 0x0,
    0x1, 0x35, 0xf4, 0x9f, 0x0, 0x0, 0x2, 0xf4,
    0x4f, 0x80, 0x0, 0x2, 0xf4, 0xa, 0xfa, 0x64,
    0x47, 0xf4, 0x0, 0x6c, 0xef, 0xfe, 0xb2,

    /* U+0048 "H" */
    0x7f, 0x10, 0x0, 0x1, 0xf7, 0x7f, 0x10, 0x0,
    0x1, 0xf7, 0x7f, 0x10, 0x0, 0x1, 0xf7, 0x7f,
    0x10, 0x0, 0x1, 0xf7, 0x7f, 0xff, 0xff, 0xff,
    0xf7, 0x7f, 0x43, 0x33, 0x34, 0xf7, 0x7f, 0x10,
    0x0, 0x1, 0xf7, 0x7f, 0x10, 0x0, 0x1, 0xf7,
    0x7f, 0x10, 0x0, 0x1, 0xf7, 0x7f, 0x10, 0x0,
    0x1, 0xf7, 0x7f, 0x10, 0x0, 0x1, 0xf7,

    /* U+0049 "I" */
    0x7f, 0x17, 0xf1, 0x7f, 0x17, 0xf1, 0x7f, 0x17,
    0xf1, 0x7f, 0x17, 0xf1, 0x7f, 0x17, 0xf1, 0x7f,
    0x10,

    /* U+004A "J" */
    0x0, 0x6, 0xf1, 0x0, 0x6, 0xf1, 0x0, 0x6,
    0xf1, 0x0, 0x6, 0xf1, 0x0, 0x6, 0xf1, 0x0,
    0x6, 0xf1, 0x0, 0x6, 0xf1, 0x0, 0x6, 0xf1,
    0x0, 0x6, 0xf1, 0x0, 0x6, 0xf1, 0x0, 0x6,
    0xf1, 0x0, 0x9, 0xf0, 0x15, 0x7f, 0xb0, 0x4f,
    0xea, 0x10,

    /* U+004B "K" */
    0x7f, 0x10, 0x0, 0x7f, 0x60, 0x7f, 0x10, 0x8,
    0xf5, 0x0, 0x7f, 0x10, 0x8f, 0x50, 0x0, 0x7f,
    0x29, 0xf4, 0x0, 0x0, 0x7f, 0xff, 0x50, 0x0,
    0x0, 0x7f, 0x4d, 0xd0, 0x0, 0x0, 0x7f, 0x12,
    0xfa, 0x0, 0x0, 0x7f, 0x10, 0x6f, 0x60, 0x0,
    0x7f, 0x10, 0xb, 0xf3, 0x0, 0x7f, 0x10, 0x1,
    0xee, 0x10, 0x7f, 0x10, 0x0, 0x3f, 0xb0,

    /* U+004C "L" */
    0x7f, 0x10, 0x0, 0x0, 0x7f, 0x10, 0x0, 0x0,
    0x7f, 0x10, 0x0, 0x0, 0x7f, 0x10, 0x0, 0x0,
    0x7f, 0x10, 0x0, 0x0, 0x7f, 0x10, 0x0, 0x0,
    0x7f, 0x10, 0x0, 0x0, 0x7f, 0x10, 0x0, 0x0,
    0x7f, 0x10, 0x0, 0x0, 0x7f, 0x65, 0x55, 0x51,
    0x7f, 0xff, 0xff, 0xf3,

    /* U+004D "M" */
    0x7f, 0xf3, 0x0, 0x0, 0x1f, 0xf8, 0x7f, 0xea,
    0x0, 0x0, 0x8e, 0xf8, 0x7f, 0x7f, 0x10, 0x0,
    0xe7, 0xf8, 0x7f, 0x1e, 0x70, 0x5, 0xf1, 0xf8,
    0x7f, 0x18, 0xe0, 0xc, 0x90, 0xf8, 0x7f, 0x11,
    0xf5, 0x3f, 0x20, 0xf8, 0x7f, 0x10, 0xac, 0xab,
    0x0, 0xf8, 0x7f, 0x10, 0x3f, 0xf5, 0x0, 0xf8,
    0x7f, 0x10, 0x7, 0x70, 0x0, 0xf8, 0x7f, 0x10,
    0x0, 0x0, 0x0, 0xf8, 0x7f, 0x10, 0x0, 0x0,
    0x0, 0xf8,

    /* U+004E "N" */
    0x7f, 0xf4, 0x0, 0x0, 0x9f, 0x7f, 0xcd, 0x0,
    0x0, 0x9f, 0x7f, 0x3f, 0x60, 0x0, 0x9f, 0x7f,
    0x18, 0xf1, 0x0, 0x9f, 0x7f, 0x10, 0xe9, 0x0,
    0x9f, 0x7f, 0x10, 0x5f, 0x30, 0x9f, 0x7f, 0x10,
    0xb, 0xc0, 0x9f, 0x7f, 0x10, 0x2, 0xf5, 0x9f,
    0x7f, 0x10, 0x0, 0x8e, 0x9f, 0x7f, 0x10, 0x0,
    0xe, 0xff, 0x7f, 0x10, 0x0, 0x5, 0xff,

    /* U+004F "O" */
    0x0, 0x7c, 0xff, 0xeb, 0x40, 0x0, 0xbf, 0x95,
    0x46, 0xcf, 0x50, 0x4f, 0x60, 0x0, 0x0, 0xce,
    0x9, 0xf0, 0x0, 0x0, 0x6, 0xf3, 0xbd, 0x0,
    0x0, 0x0, 0x3f, 0x5c, 0xd0, 0x0, 0x0, 0x3,
    0xf6, 0xbd, 0x0, 0x0, 0x0, 0x3f, 0x59, 0xf0,
    0x0, 0x0, 0x6, 0xf3, 0x5f, 0x50, 0x0, 0x0,
    0xbe, 0x0, 0xcf, 0x84, 0x45, 0xbf, 0x60, 0x0,
    0x8d, 0xff, 0xeb, 0x40, 0x0,

    /* U+0050 "P" */
    0x7f, 0xff, 0xfd, 0x81, 0x7, 0xf5, 0x45, 0x9f,
    0xb0, 0x7f, 0x10, 0x0, 0x9f, 0x7, 0xf1, 0x0,
    0x7, 0xf2, 0x7f, 0x10, 0x0, 0x8f, 0x17, 0xf1,
    0x0, 0x5f, 0xc0, 0x7f, 0xff, 0xff, 0xb1, 0x7,
    0xf4, 0x32, 0x0, 0x0, 0x7f, 0x10, 0x0, 0x0,
    0x7, 0xf1, 0x0, 0x0, 0x0, 0x7f, 0x10, 0x0,
    0x0, 0x0,

    /* U+0051 "Q" */
    0x0, 0x7c, 0xff, 0xeb, 0x40, 0x0, 0xbf, 0x95,
    0x46, 0xcf, 0x50, 0x4f, 0x60, 0x0, 0x0, 0xce,
    0x9, 0xf0, 0x0, 0x0, 0x6, 0xf3, 0xbd, 0x0,
    0x0, 0x0, 0x3f, 0x5c, 0xd0, 0x0, 0x0, 0x3,
    0xf6, 0xbd, 0x0, 0x0, 0x0, 0x3f, 0x59, 0xf0,
    0x0, 0x0, 0x6, 0xf3, 0x5f, 0x50, 0x0, 0x0,
    0xbe, 0x0, 0xcf, 0x84, 0x45, 0xbf, 0x50, 0x0,
    0x8d, 0xff, 0xfa, 0x40, 0x0, 0x0, 0x0, 0x3f,
    0x70, 0x0, 0x0, 0x0, 0x0, 0x5f, 0x60, 0x0,

    /* U+0052 "R" */
    0x7f, 0xff, 0xfd, 0x91, 0x0, 0x7f, 0x54, 0x58,
    0xfb, 0x0, 0x7f, 0x10, 0x0, 0x9f, 0x0, 0x7f,
    0x10, 0x0, 0x9f, 0x0, 0x7f, 0x10, 0x14, 0xec,
    0x0, 0x7f, 0xff, 0xff, 0xb2, 0x0, 0x7f, 0x43,
    0xae, 0x10, 0x0, 0x7f, 0x10, 0x1e, 0xa0, 0x0,
    0x7f, 0x10, 0x4, 0xf6, 0x0, 0x7f, 0x10, 0x0,
    0xaf, 0x20, 0x7f, 0x10, 0x0, 0x1e, 0xc0,

    /* U+0053 "S" */
    0x0, 0x7d, 0xff, 0xeb, 0x0, 0x7f, 0x85, 0x56,
    0x90, 0xc, 0xb0, 0x0, 0x0, 0x0, 0xcc, 0x0,
    0x0, 0x0, 0x5, 0xfb, 0x62, 0x0, 0x0, 0x2,
    0x9d, 0xfd, 0x60, 0x0, 0x0, 0x1, 0x8f, 0x40,
    0x0, 0x0, 0x0, 0xe9, 0x0, 0x0, 0x0, 0xf,
    0x90, 0x96, 0x54, 0x6c, 0xf4, 0xb, 0xdf, 0xfe,
    0xb4, 0x0,

    /* U+0054 "T" */
    0xbf, 0xff, 0xff, 0xff, 0xb3, 0x55, 0x8f, 0x75,
    0x53, 0x0, 0x4, 0xf4, 0x0, 0x0, 0x0, 0x4f,
    0x40, 0x0, 0x0, 0x4, 0xf4, 0x0, 0x0, 0x0,
    0x4f, 0x40, 0x0, 0x0, 0x4, 0xf4, 0x0, 0x0,
    0x0, 0x4f, 0x40, 0x0, 0x0, 0x4, 0xf4, 0x0,
    0x0, 0x0, 0x4f, 0x40, 0x0, 0x0, 0x4, 0xf4,
    0x0, 0x0,

    /* U+0055 "U" */
    0x7f, 0x0, 0x0, 0x1, 0xf6, 0x7f, 0x0, 0x0,
    0x1, 0xf6, 0x7f, 0x0, 0x0, 0x1, 0xf6, 0x7f,
    0x0, 0x0, 0x1, 0xf6, 0x7f, 0x0, 0x0, 0x1,
    0xf6, 0x7f, 0x0, 0x0, 0x1, 0xf6, 0x7f, 0x0,
    0x0, 0x1, 0xf6, 0x7f, 0x0, 0x0, 0x2, 0xf6,
    0x5f, 0x40, 0x0, 0x5, 0xf4, 0xe, 0xe7, 0x54,
    0x8e, 0xd0, 0x2, 0x9e, 0xff, 0xd9, 0x10,

    /* U+0056 "V" */
    0x8f, 0x10, 0x0, 0x0, 0x7f, 0x13, 0xf6, 0x0,
    0x0, 0xd, 0xa0, 0xd, 0xc0, 0x0, 0x3, 0xf4,
    0x0, 0x7f, 0x20, 0x0, 0x8e, 0x0, 0x1, 0xf7,
    0x0, 0xe, 0x90, 0x0, 0xb, 0xd0, 0x4, 0xf3,
    0x0, 0x0, 0x5f, 0x20, 0x9d, 0x0, 0x0, 0x0,
    0xf8, 0xe, 0x70, 0x0, 0x0, 0xa, 0xd5, 0xf1,
    0x0, 0x0, 0x0, 0x4f, 0xdb, 0x0, 0x0, 0x0,
    0x0, 0xef, 0x50, 0x0, 0x0,

    /* U+0057 "W" */
    0x7f, 0x20, 0x0, 0x0, 0x0, 0x0, 0xd, 0xb3,
    0xf6, 0x0, 0x4, 0xb7, 0x0, 0x1, 0xf7, 0xe,
    0xa0, 0x0, 0x9f, 0xe0, 0x0, 0x4f, 0x30, 0xad,
    0x0, 0xe, 0x8f, 0x30, 0x8, 0xe0, 0x6, 0xf1,
    0x3, 0xf1, 0xd8, 0x0, 0xca, 0x0, 0x2f, 0x50,
    0x8c, 0x8, 0xd0, 0xf, 0x60, 0x0, 0xe9, 0xc,
    0x70, 0x3f, 0x24, 0xf2, 0x0, 0xa, 0xd1, 0xf2,
    0x0, 0xe6, 0x7e, 0x0, 0x0, 0x6f, 0x7e, 0x0,
    0xa, 0xbb, 0xa0, 0x0, 0x2, 0xfe, 0x90, 0x0,
    0x5f, 0xf6, 0x0, 0x0, 0xe, 0xf4, 0x0, 0x1,
    0xff, 0x20, 0x0,

    /* U+0058 "X" */
    0xe, 0xc0, 0x0, 0x0, 0xeb, 0x0, 0x4f, 0x60,
    0x0, 0x9e, 0x10, 0x0, 0xaf, 0x10, 0x4f, 0x50,
    0x0, 0x1, 0xea, 0xd, 0xa0, 0x0, 0x0, 0x5,
    0xfc, 0xe0, 0x0, 0x0, 0x0, 0xe, 0xf9, 0x0,
    0x0, 0x0, 0x7, 0xf9, 0xf3, 0x0, 0x0, 0x3,
    0xf7, 0xc, 0xd0, 0x0, 0x0, 0xdc, 0x0, 0x3f,
    0x80, 0x0, 0x9f, 0x20, 0x0, 0x8f, 0x30, 0x4f,
    0x70, 0x0, 0x0, 0xdd, 0x0,

    /* U+0059 "Y" */
    0x9f, 0x30, 0x0, 0x1, 0xea, 0xd, 0xc0, 0x0,
    0xa, 0xe1, 0x3, 0xf7, 0x0, 0x4f, 0x50, 0x0,
    0x9f, 0x20, 0xda, 0x0, 0x0, 0xd, 0xb8, 0xe1,
    0x0, 0x0, 0x4, 0xff, 0x40, 0x0, 0x0, 0x0,
    0xcd, 0x0, 0x0, 0x0, 0x0, 0xbc, 0x0, 0x0,
    0x0, 0x0, 0xbc, 0x0, 0x0, 0x0, 0x0, 0xbc,
    0x0, 0x0, 0x0, 0x0, 0xbc, 0x0, 0x0,

    /* U+005A "Z" */
    0xa, 0xff, 0xff, 0xff, 0xf8, 0x3, 0x55, 0x55,
    0x5a, 0xf5, 0x0, 0x0, 0x0, 0x3f, 0x90, 0x0,
    0x0, 0x1, 0xeb, 0x0, 0x0, 0x0, 0xc, 0xd1,
    0x0, 0x0, 0x0, 0xae, 0x20, 0x0, 0x0, 0x8,
    0xf4, 0x0, 0x0, 0x0, 0x5f, 0x60, 0x0, 0x0,
    0x3, 0xf9, 0x0, 0x0, 0x0, 0xe, 0xe6, 0x66,
    0x66, 0x65, 0xf, 0xff, 0xff, 0xff, 0xfe,

    /* U+005B "[" */
    0xdf, 0xf6, 0xdb, 0x31, 0xda, 0x0, 0xda, 0x0,
    0xda, 0x0, 0xda, 0x0, 0xda, 0x0, 0xda, 0x0,
    0xda, 0x0, 0xda, 0x0, 0xda, 0x0, 0xda, 0x0,
    0xda, 0x0, 0xdb, 0x31, 0xdf, 0xf6,

    /* U+005C "\\" */
    0x6f, 0x0, 0x0, 0x0, 0x0, 0xe7, 0x0, 0x0,
    0x0, 0x7, 0xe0, 0x0, 0x0, 0x0, 0xe, 0x60,
    0x0, 0x0, 0x0, 0x8d, 0x0, 0x0, 0x0, 0x1,
    0xf5, 0x0, 0x0, 0x0, 0x9, 0xc0, 0x0, 0x0,
    0x0, 0x2f, 0x30, 0x0, 0x0, 0x0, 0xab, 0x0,
    0x0, 0x0, 0x3, 0xf2, 0x0, 0x0, 0x0, 0xb,
    0xa0, 0x0, 0x0, 0x0, 0x4f, 0x10, 0x0, 0x0,
    0x0, 0xc9, 0x0, 0x0, 0x0, 0x5, 0xf1,

    /* U+005D "]" */
    0x6f, 0xfd, 0x13, 0xbd, 0x0, 0xad, 0x0, 0xad,
    0x0, 0xad, 0x0, 0xad, 0x0, 0xad, 0x0, 0xad,
    0x0, 0xad, 0x0, 0xad, 0x0, 0xad, 0x0, 0xad,
    0x0, 0xad, 0x13, 0xbd, 0x6f, 0xfd,

    /* U+005E "^" */
    0x0, 0x8f, 0xe0, 0x0, 0x0, 0xe9, 0xf5, 0x0,
    0x6, 0xf1, 0xac, 0x0, 0xd, 0x90, 0x3f, 0x30,
    0x4f, 0x20, 0xc, 0xa0, 0xbb, 0x0, 0x5, 0xf1,

    /* U+005F "_" */
    0xff, 0xff, 0xff, 0xff, 0x72, 0x22, 0x22, 0x22,
    0x21,

    /* U+0060 "`" */
    0x6, 0x70, 0x0, 0x3f, 0x60, 0x0, 0x5e, 0x0,

    /* U+0061 "a" */
    0x0, 0xd, 0xff, 0xe9, 0x0, 0x0, 0x42, 0x27,
    0xf9, 0x0, 0x0, 0x0, 0xb, 0xc0, 0x0, 0x0,
    0x0, 0xad, 0x1, 0x9e, 0xff, 0xff, 0xd0, 0xcd,
    0x42, 0x22, 0xad, 0xf, 0x70, 0x0, 0xb, 0xd0,
    0xdc, 0x10, 0x3a, 0xfd, 0x3, 0xbf, 0xfd, 0x67,
    0xd0,

    /* U+0062 "b" */
    0x7f, 0x0, 0x0, 0x0, 0x7, 0xf0, 0x0, 0x0,
    0x0, 0x7f, 0x0, 0x0, 0x0, 0x7, 0xf2, 0xbf,
    0xfc, 0x40, 0x7f, 0xc6, 0x34, 0xcf, 0x27, 0xf5,
    0x0, 0x1, 0xf8, 0x7f, 0x0, 0x0, 0xd, 0xa7,
    0xf0, 0x0, 0x0, 0xcc, 0x7f, 0x0, 0x0, 0xd,
    0xa7, 0xf5, 0x0, 0x1, 0xf8, 0x7f, 0xd7, 0x34,
    0xcf, 0x27, 0xe2, 0xcf, 0xfc, 0x30,

    /* U+0063 "c" */
    0x5, 0xce, 0xfe, 0x74, 0xfb, 0x53, 0x55, 0xbd,
    0x0, 0x0, 0xe, 0x90, 0x0, 0x0, 0xf9, 0x0,
    0x0, 0xe, 0x90, 0x0, 0x0, 0xbd, 0x0, 0x0,
    0x4, 0xfb, 0x54, 0x55, 0x5, 0xce, 0xfe, 0x80,

    /* U+0064 "d" */
    0x0, 0x0, 0x0, 0x3f, 0x40, 0x0, 0x0, 0x3,
    0xf4, 0x0, 0x0, 0x0, 0x3f, 0x40, 0x5c, 0xfe,
    0xa4, 0xf4, 0x4f, 0xb3, 0x38, 0xdf, 0x4b, 0xe0,
    0x0, 0x9, 0xf4, 0xea, 0x0, 0x0, 0x4f, 0x4f,
    0x90, 0x0, 0x2, 0xf4, 0xea, 0x0, 0x0, 0x3f,
    0x4b, 0xd0, 0x0, 0x7, 0xf4, 0x5f, 0x81, 0x15,
    0xdf, 0x40, 0x6d, 0xff, 0xb2, 0xf4,

    /* U+0065 "e" */
    0x5, 0xce, 0xfd, 0x50, 0x4f, 0x93, 0x28, 0xf4,
    0xbc, 0x0, 0x0, 0xca, 0xe9, 0x12, 0x34, 0xcc,
    0xfe, 0xdd, 0xdd, 0xda, 0xe9, 0x0, 0x0, 0x0,
    0xbd, 0x0, 0x0, 0x0, 0x4f, 0xc5, 0x45, 0x84,
    0x5, 0xce, 0xfe, 0xc3,

    /* U+0066 "f" */
    0x0, 0x4c, 0xfe, 0x0, 0xeb, 0x32, 0x2, 0xf5,
    0x0, 0xbf, 0xff, 0xf7, 0x14, 0xf6, 0x21, 0x2,
    0xf4, 0x0, 0x2, 0xf4, 0x0, 0x2, 0xf4, 0x0,
    0x2, 0xf4, 0x0, 0x2, 0xf4, 0x0, 0x2, 0xf4,
    0x0, 0x2, 0xf4, 0x0,

    /* U+0067 "g" */
    0x5, 0xdf, 0xea, 0x4f, 0x44, 0xfa, 0x33, 0x8d,
    0xf4, 0xbd, 0x0, 0x0, 0x8f, 0x4e, 0xa0, 0x0,
    0x3, 0xf4, 0xf9, 0x0, 0x0, 0x2f, 0x4e, 0xa0,
    0x0, 0x3, 0xf4, 0xbd, 0x0, 0x0, 0x8f, 0x45,
    0xfa, 0x33, 0x8d, 0xf4, 0x6, 0xdf, 0xfb, 0x5f,
    0x30, 0x0, 0x0, 0x8, 0xf1, 0x2, 0x53, 0x48,
    0xf8, 0x0, 0x5e, 0xff, 0xc6, 0x0,

    /* U+0068 "h" */
    0x7f, 0x0, 0x0, 0x0, 0x7, 0xf0, 0x0, 0x0,
    0x0, 0x7f, 0x0, 0x0, 0x0, 0x7, 0xf3, 0xcf,
    0xfb, 0x20, 0x7f, 0xe7, 0x46, 0xfb, 0x7, 0xf4,
    0x0, 0x8, 0xf0, 0x7f, 0x0, 0x0, 0x7f, 0x7,
    0xf0, 0x0, 0x7, 0xf0, 0x7f, 0x0, 0x0, 0x7f,
    0x7, 0xf0, 0x0, 0x7, 0xf0, 0x7f, 0x0, 0x0,
    0x7f, 0x7, 0xf0, 0x0, 0x7, 0xf0,

    /* U+0069 "i" */
    0x7f, 0x14, 0x90, 0x0, 0x7, 0xf0, 0x7f, 0x7,
    0xf0, 0x7f, 0x7, 0xf0, 0x7f, 0x7, 0xf0, 0x7f,
    0x7, 0xf0,

    /* U+006A "j" */
    0x0, 0x7, 0xf1, 0x0, 0x4, 0x90, 0x0, 0x0,
    0x0, 0x0, 0x7, 0xf0, 0x0, 0x7, 0xf0, 0x0,
    0x7, 0xf0, 0x0, 0x7, 0xf0, 0x0, 0x7, 0xf0,
    0x0, 0x7, 0xf0, 0x0, 0x7, 0xf0, 0x0, 0x7,
    0xf0, 0x0, 0x7, 0xf0, 0x0, 0x8, 0xf0, 0x3,
    0x4d, 0xb0, 0x2f, 0xfb, 0x20,

    /* U+006B "k" */
    0x7f, 0x0, 0x0, 0x0, 0x7f, 0x0, 0x0, 0x0,
    0x7f, 0x0, 0x0, 0x0, 0x7f, 0x0, 0xa, 0xf2,
    0x7f, 0x0, 0x7f, 0x40, 0x7f, 0x4, 0xf6, 0x0,
    0x7f, 0x2e, 0x80, 0x0, 0x7f, 0xfe, 0x0, 0x0,
    0x7f, 0x4f, 0x80, 0x0, 0x7f, 0x5, 0xf7, 0x0,
    0x7f, 0x0, 0x7f, 0x50, 0x7f, 0x0, 0x9, 0xf4,

    /* U+006C "l" */
    0x7f, 0x0, 0x7f, 0x0, 0x7f, 0x0, 0x7f, 0x0,
    0x7f, 0x0, 0x7f, 0x0, 0x7f, 0x0, 0x7f, 0x0,
    0x7f, 0x0, 0x7f, 0x0, 0x6f, 0x51, 0x1c, 0xf8,

    /* U+006D "m" */
    0x7f, 0x4d, 0xfe, 0x71, 0xae, 0xfb, 0x20, 0x7f,
    0xd6, 0x4a, 0xfd, 0xa4, 0x5d, 0xd0, 0x7f, 0x30,
    0x0, 0xfb, 0x0, 0x6, 0xf2, 0x7f, 0x0, 0x0,
    0xe9, 0x0, 0x4, 0xf3, 0x7f, 0x0, 0x0, 0xe9,
    0x0, 0x4, 0xf3, 0x7f, 0x0, 0x0, 0xe9, 0x0,
    0x4, 0xf3, 0x7f, 0x0, 0x0, 0xe9, 0x0, 0x4,
    0xf3, 0x7f, 0x0, 0x0, 0xe9, 0x0, 0x4, 0xf3,
    0x7f, 0x0, 0x0, 0xe9, 0x0, 0x4, 0xf3,

    /* U+006E "n" */
    0x7f, 0x3c, 0xff, 0xb2, 0x7, 0xfe, 0x74, 0x6f,
    0xb0, 0x7f, 0x40, 0x0, 0x9f, 0x7, 0xf0, 0x0,
    0x7, 0xf0, 0x7f, 0x0, 0x0, 0x7f, 0x7, 0xf0,
    0x0, 0x7, 0xf0, 0x7f, 0x0, 0x0, 0x7f, 0x7,
    0xf0, 0x0, 0x7, 0xf0, 0x7f, 0x0, 0x0, 0x7f,
    0x0,

    /* U+006F "o" */
    0x5, 0xce, 0xfd, 0x91, 0x4, 0xfa, 0x43, 0x6e,
    0xc0, 0xbd, 0x0, 0x0, 0x5f, 0x3e, 0x90, 0x0,
    0x1, 0xf6, 0xf9, 0x0, 0x0, 0x1f, 0x7e, 0x90,
    0x0, 0x1, 0xf6, 0xbd, 0x0, 0x0, 0x5f, 0x34,
    0xfa, 0x43, 0x6e, 0xc0, 0x5, 0xce, 0xfd, 0x91,
    0x0,

    /* U+0070 "p" */
    0x7f, 0x2b, 0xff, 0xc4, 0x7, 0xfc, 0x63, 0x4c,
    0xf2, 0x7f, 0x50, 0x0, 0x1f, 0x87, 0xf0, 0x0,
    0x0, 0xda, 0x7f, 0x0, 0x0, 0xc, 0xc7, 0xf0,
    0x0, 0x0, 0xda, 0x7f, 0x50, 0x0, 0x1f, 0x87,
    0xfd, 0x73, 0x4c, 0xf2, 0x7f, 0x3c, 0xff, 0xc3,
    0x7, 0xf0, 0x0, 0x0, 0x0, 0x7f, 0x0, 0x0,
    0x0, 0x7, 0xf0, 0x0, 0x0, 0x0,

    /* U+0071 "q" */
    0x5, 0xcf, 0xea, 0x4f, 0x44, 0xfa, 0x33, 0x8d,
    0xf4, 0xbe, 0x0, 0x0, 0x9f, 0x4e, 0xa0, 0x0,
    0x4, 0xf4, 0xf9, 0x0, 0x0, 0x2f, 0x4e, 0xa0,
    0x0, 0x3, 0xf4, 0xbe, 0x0, 0x0, 0x8f, 0x45,
    0xfa, 0x33, 0x8d, 0xf4, 0x6, 0xdf, 0xea, 0x4f,
    0x40, 0x0, 0x0, 0x3, 0xf4, 0x0, 0x0, 0x0,
    0x3f, 0x40, 0x0, 0x0, 0x3, 0xf4,

    /* U+0072 "r" */
    0x7f, 0x3c, 0xf1, 0x7f, 0xd6, 0x20, 0x7f, 0x40,
    0x0, 0x7f, 0x0, 0x0, 0x7f, 0x0, 0x0, 0x7f,
    0x0, 0x0, 0x7f, 0x0, 0x0, 0x7f, 0x0, 0x0,
    0x7f, 0x0, 0x0,

    /* U+0073 "s" */
    0x9, 0xef, 0xe9, 0x9, 0xd4, 0x23, 0x40, 0xc9,
    0x0, 0x0, 0x9, 0xe6, 0x20, 0x0, 0x8, 0xdf,
    0xd4, 0x0, 0x0, 0x1a, 0xf0, 0x0, 0x0, 0x4f,
    0x15, 0x22, 0x3b, 0xe0, 0xdf, 0xfe, 0xb3, 0x0,

    /* U+0074 "t" */
    0x6, 0xf1, 0x0, 0x6, 0xf1, 0x0, 0xcf, 0xff,
    0xf5, 0x28, 0xf4, 0x31, 0x6, 0xf1, 0x0, 0x6,
    0xf1, 0x0, 0x6, 0xf1, 0x0, 0x6, 0xf1, 0x0,
    0x6, 0xf1, 0x0, 0x3, 0xf7, 0x21, 0x0, 0x9e,
    0xf6,

    /* U+0075 "u" */
    0x8f, 0x0, 0x0, 0x9e, 0x8f, 0x0, 0x0, 0x9e,
    0x8f, 0x0, 0x0, 0x9e, 0x8f, 0x0, 0x0, 0x9e,
    0x8f, 0x0, 0x0, 0x9e, 0x8f, 0x0, 0x0, 0x9e,
    0x7f, 0x0, 0x0, 0xce, 0x3f, 0x81, 0x29, 0xfe,
    0x7, 0xef, 0xe9, 0x7e,

    /* U+0076 "v" */
    0xad, 0x0, 0x0, 0xe, 0x94, 0xf3, 0x0, 0x5,
    0xf3, 0xd, 0x90, 0x0, 0xad, 0x0, 0x7e, 0x0,
    0xf, 0x60, 0x1, 0xf4, 0x6, 0xf1, 0x0, 0xb,
    0xa0, 0xba, 0x0, 0x0, 0x5f, 0x2f, 0x40, 0x0,
    0x0, 0xed, 0xe0, 0x0, 0x0, 0x9, 0xf8, 0x0,
    0x0,

    /* U+0077 "w" */
    0x7f, 0x0, 0x0, 0xff, 0x10, 0x0, 0xd9, 0x3f,
    0x30, 0x4, 0xff, 0x50, 0x1, 0xf4, 0xe, 0x70,
    0x9, 0xba, 0xa0, 0x5, 0xf0, 0xa, 0xb0, 0xe,
    0x65, 0xf0, 0x9, 0xb0, 0x6, 0xf0, 0x3f, 0x10,
    0xf4, 0xd, 0x70, 0x1, 0xf4, 0x8c, 0x0, 0xb9,
    0x2f, 0x20, 0x0, 0xd8, 0xc7, 0x0, 0x6e, 0x6e,
    0x0, 0x0, 0x8d, 0xf2, 0x0, 0x1f, 0xd9, 0x0,
    0x0, 0x4f, 0xd0, 0x0, 0xc, 0xf5, 0x0,

    /* U+0078 "x" */
    0x4f, 0x60, 0x0, 0x9e, 0x10, 0x9e, 0x10, 0x3f,
    0x50, 0x0, 0xdb, 0xd, 0xa0, 0x0, 0x3, 0xfc,
    0xe1, 0x0, 0x0, 0xc, 0xf9, 0x0, 0x0, 0x5,
    0xf9, 0xf2, 0x0, 0x1, 0xe8, 0xb, 0xd0, 0x0,
    0xbd, 0x0, 0x2f, 0x80, 0x6f, 0x30, 0x0, 0x7f,
    0x30,

    /* U+0079 "y" */
    0x9e, 0x0, 0x0, 0xd, 0x93, 0xf5, 0x0, 0x3,
    0xf3, 0xc, 0xb0, 0x0, 0x9c, 0x0, 0x5f, 0x10,
    0xf, 0x60, 0x0, 0xe7, 0x5, 0xf0, 0x0, 0x8,
    0xd0, 0xba, 0x0, 0x0, 0x1f, 0x5f, 0x30, 0x0,
    0x0, 0xaf, 0xd0, 0x0, 0x0, 0x4, 0xf7, 0x0,
    0x0, 0x0, 0x8f, 0x10, 0x0, 0x3, 0x8f, 0x60,
    0x0, 0x0, 0xdd, 0x50, 0x0, 0x0,

    /* U+007A "z" */
    0xd, 0xff, 0xff, 0xfb, 0x2, 0x33, 0x38, 0xf5,
    0x0, 0x0, 0x2f, 0x90, 0x0, 0x0, 0xdc, 0x0,
    0x0, 0xa, 0xe1, 0x0, 0x0, 0x6f, 0x40, 0x0,
    0x3, 0xf7, 0x0, 0x0, 0x1e, 0xd4, 0x44, 0x44,
    0x4f, 0xff, 0xff, 0xff,

    /* U+007B "{" */
    0x0, 0x4d, 0x70, 0xe, 0xb2, 0x1, 0xf6, 0x0,
    0x1f, 0x60, 0x1, 0xf6, 0x0, 0x1f, 0x60, 0x4,
    0xf4, 0x2, 0xfc, 0x0, 0x7, 0xf3, 0x0, 0x1f,
    0x60, 0x1, 0xf6, 0x0, 0x1f, 0x60, 0x1, 0xf6,
    0x0, 0xe, 0xb2, 0x0, 0x4d, 0x70,

    /* U+007C "|" */
    0x2f, 0x42, 0xf4, 0x2f, 0x42, 0xf4, 0x2f, 0x42,
    0xf4, 0x2f, 0x42, 0xf4, 0x2f, 0x42, 0xf4, 0x2f,
    0x42, 0xf4, 0x2f, 0x42, 0xf4, 0x2f, 0x40,

    /* U+007D "}" */
    0x6d, 0x50, 0x2, 0xaf, 0x0, 0x5, 0xf2, 0x0,
    0x5f, 0x20, 0x5, 0xf2, 0x0, 0x5f, 0x20, 0x3,
    0xf5, 0x0, 0xb, 0xf4, 0x2, 0xf8, 0x0, 0x4f,
    0x20, 0x5, 0xf2, 0x0, 0x5f, 0x20, 0x5, 0xf2,
    0x2, 0xaf, 0x0, 0x6d, 0x50, 0x0,

    /* U+007E "~" */
    0x0, 0x0, 0x0, 0x0, 0x0, 0xaf, 0xfb, 0x41,
    0xab, 0x6f, 0x11, 0x9f, 0xff, 0x40, 0x10, 0x0,
    0x3, 0x10,

    /* U+5165 "入" */
    0x0, 0x0, 0x0, 0x0, 0x0, 0x0, 0x0, 0x0,
    0x0, 0x0, 0x7, 0xc1, 0x0, 0x0, 0x0, 0x0,
    0x0, 0x0, 0x1, 0xcd, 0x0, 0x0, 0x0, 0x0,
    0x0, 0x0, 0x0, 0xd, 0x90, 0x0, 0x0, 0x0,
    0x0, 0x0, 0x0, 0x7, 0xf1, 0x0, 0x0, 0x0,
    0x0, 0x0, 0x0, 0xb, 0xf7, 0x0, 0x0, 0x0,
    0x0, 0x0, 0x0, 0x1f, 0xbe, 0x0, 0x0, 0x0,
    0x0, 0x0, 0x0, 0x8d, 0xe, 0x60, 0x0, 0x0,
    0x0, 0x0, 0x1, 0xf6, 0x7, 0xd0, 0x0, 0x0,
    0x0, 0x0, 0xb, 0xd0, 0x1, 0xe8, 0x0, 0x0,
    0x0, 0x0, 0x7f, 0x30, 0x0, 0x6f, 0x30, 0x0,
    0x0, 0x4, 0xf8, 0x0, 0x0, 0xc, 0xe1, 0x0,
    0x0, 0x3e, 0xa0, 0x0, 0x0, 0x1, 0xec, 0x10,
    0x5, 0xfc, 0x0, 0x0, 0x0, 0x0, 0x3f, 0xd2,
    0x1e, 0xa0, 0x0, 0x0, 0x0, 0x0, 0x3, 0xeb,
    0x2, 0x0, 0x0, 0x0, 0x0, 0x0, 0x0, 0x21,

    /* U+540D "名" */
    0x0, 0x0, 0x0, 0x1b, 0x20, 0x0, 0x0, 0x0,
    0x0, 0x0, 0xc, 0xc0, 0x0, 0x0, 0x0, 0x0,
    0x0, 0xc, 0xff, 0xff, 0xff, 0xff, 0x30, 0x0,
    0x1c, 0xe4, 0x44, 0x44, 0x4d, 0xd1, 0x0, 0x2d,
    0xfc, 0x10, 0x0, 0xb, 0xe2, 0x0, 0x4f, 0xb3,
    0xce, 0x30, 0x2c, 0xd2, 0x0, 0x0, 0x60, 0x0,
    0xb7, 0x7f, 0xb1, 0x0, 0x0, 0x0, 0x0, 0x5,
    0xde, 0x60, 0x0, 0x0, 0x0, 0x1, 0x7d, 0xfc,
    0x54, 0x44, 0x44, 0x1, 0x6b, 0xff, 0xff, 0xff,
    0xff, 0xff, 0xf3, 0x6d, 0x83, 0xe5, 0x0, 0x0,
    0x0, 0xf, 0x30, 0x0, 0xe, 0x50, 0x0, 0x0,
    0x0, 0xf3, 0x0, 0x0, 0xe5, 0x0, 0x0, 0x0,
    0xf, 0x30, 0x0, 0xe, 0xdc, 0xcc, 0xcc, 0xcc,
    0xf3, 0x0, 0x0, 0xe8, 0x55, 0x55, 0x55, 0x5f,
    0x30, 0x0, 0xe, 0x50, 0x0, 0x0, 0x0, 0xf3,

    /* U+624B "手" */
    0x0, 0x12, 0x23, 0x45, 0x67, 0x8a, 0xcd, 0x60,
    0x0, 0xcf, 0xff, 0xee, 0xfc, 0xa9, 0x75, 0x10,
    0x0, 0x0, 0x0, 0x4, 0xf1, 0x0, 0x0, 0x0,
    0x0, 0x0, 0x0, 0x4, 0xf1, 0x0, 0x0, 0x0,
    0x0, 0x24, 0x44, 0x47, 0xf5, 0x44, 0x44, 0x10,
    0x0, 0xbf, 0xff, 0xff, 0xff, 0xff, 0xff, 0x50,
    0x0, 0x0, 0x0, 0x4, 0xf1, 0x0, 0x0, 0x0,
    0x0, 0x0, 0x0, 0x4, 0xf1, 0x0, 0x0, 0x0,
    0x5, 0x55, 0x55, 0x58, 0xf6, 0x55, 0x55, 0x54,
    0xe, 0xee, 0xee, 0xee, 0xfe, 0xee, 0xee, 0xeb,
    0x0, 0x0, 0x0, 0x4, 0xf1, 0x0, 0x0, 0x0,
    0x0, 0x0, 0x0, 0x4, 0xf1, 0x0, 0x0, 0x0,
    0x0, 0x0, 0x0, 0x4, 0xf1, 0x0, 0x0, 0x0,
    0x0, 0x0, 0x7, 0xbe, 0xf0, 0x0, 0x0, 0x0,
    0x0, 0x0, 0x5, 0xa8, 0x30, 0x0, 0x0, 0x0,

    /* U+62FC "拼" */
    0x0, 0x0, 0x0, 0x0, 0x0, 0x0, 0x0, 0x0,
    0x0, 0xa, 0x40, 0x4, 0x80, 0x0, 0x1d, 0x10,
    0x0, 0xd, 0x50, 0x2, 0xf4, 0x0, 0xab, 0x0,
    0x0, 0xd, 0x50, 0x0, 0x7b, 0x5, 0xf1, 0x0,
    0xb, 0xbf, 0xcb, 0x8d, 0xde, 0xdf, 0xfd, 0xd4,
    0x8, 0x8e, 0xa8, 0x46, 0xf8, 0x66, 0xf9, 0x61,
    0x0, 0xd, 0x50, 0x0, 0xf4, 0x0, 0xe5, 0x0,
    0x0, 0xd, 0x50, 0x0, 0xf4, 0x0, 0xe5, 0x0,
    0x0, 0xd, 0x9b, 0x20, 0xf3, 0x0, 0xe5, 0x0,
    0x15, 0xaf, 0xfa, 0x65, 0xf7, 0x55, 0xf8, 0x53,
    0x7f, 0xbe, 0x50, 0xff, 0xff, 0xff, 0xff, 0xfb,
    0x10, 0xd, 0x50, 0x1, 0xf1, 0x0, 0xe5, 0x0,
    0x0, 0xd, 0x50, 0x4, 0xf0, 0x0, 0xe5, 0x0,
    0x0, 0xd, 0x50, 0x9, 0xb0, 0x0, 0xe5, 0x0,
    0x0, 0xd, 0x50, 0x2f, 0x50, 0x0, 0xe5, 0x0,
    0x5, 0x9f, 0x41, 0xdb, 0x0, 0x0, 0xe5, 0x0,
    0x6, 0xb7, 0x6, 0xd1, 0x0, 0x0, 0xe5, 0x0,
    0x0, 0x0, 0x0, 0x0, 0x0, 0x0, 0x0, 0x0,

    /* U+6B4C "歌" */
    0x0, 0x0, 0x0, 0x0, 0x0, 0x9, 0x70, 0x0,
    0x0, 0xcf, 0xff, 0xff, 0xff, 0xa0, 0xe5, 0x0,
    0x0, 0x2, 0x22, 0x22, 0x2c, 0x81, 0x4f, 0x66,
    0x63, 0x0, 0xc, 0xcc, 0xa0, 0xb6, 0xb, 0xca,
    0xad, 0x80, 0x1, 0xe1, 0x3e, 0xb, 0x62, 0xf2,
    0x10, 0xb4, 0x0, 0x1e, 0x23, 0xe0, 0xb6, 0xaa,
    0x3d, 0x1e, 0x0, 0x0, 0xbb, 0xba, 0xb, 0x6b,
    0x23, 0xd5, 0xa0, 0x0, 0x33, 0x33, 0x33, 0x43,
    0x20, 0x5d, 0x0, 0x0, 0x3e, 0xee, 0xee, 0xef,
    0xec, 0x6, 0xf0, 0x0, 0x0, 0x0, 0x0, 0x0,
    0xa7, 0x0, 0x9f, 0x20, 0x0, 0x2, 0xfe, 0xed,
    0xa, 0x70, 0xe, 0xe7, 0x0, 0x0, 0x2d, 0x2,
    0xd0, 0xa7, 0x5, 0xf5, 0xd0, 0x0, 0x2, 0xfb,
    0xcd, 0xa, 0x71, 0xe8, 0xc, 0x70, 0x0, 0x2,
    0x22, 0x20, 0xc7, 0xcd, 0x0, 0x3f, 0x40, 0x0,
    0x0, 0xa, 0xfe, 0xcd, 0x20, 0x0, 0x7e, 0x0,
    0x0, 0x0, 0x22, 0x2, 0x10, 0x0, 0x0, 0x10,

    /* U+8BF7 "请" */
    0x0, 0x0, 0x0, 0x0, 0x1, 0x80, 0x0, 0x0,
    0x0, 0xd6, 0x0, 0x11, 0x13, 0xf1, 0x11, 0x10,
    0x0, 0x5f, 0x25, 0xff, 0xff, 0xff, 0xff, 0xf4,
    0x0, 0xb, 0xb0, 0x0, 0x3, 0xf0, 0x0, 0x0,
    0x0, 0x2, 0x30, 0xce, 0xee, 0xfe, 0xee, 0xc0,
    0x2, 0x22, 0x0, 0x0, 0x3, 0xf0, 0x0, 0x0,
    0x4f, 0xff, 0x1e, 0xff, 0xff, 0xff, 0xff, 0xff,
    0x0, 0x2f, 0x10, 0x0, 0x0, 0x0, 0x0, 0x0,
    0x0, 0x2f, 0x10, 0x8f, 0xff, 0xff, 0xff, 0x60,
    0x0, 0x2f, 0x10, 0x99, 0x0, 0x0, 0xc, 0x60,
    0x0, 0x2f, 0x10, 0x9f, 0xff, 0xff, 0xff, 0x60,
    0x0, 0x2f, 0x13, 0x99, 0x0, 0x0, 0xc, 0x60,
    0x0, 0x2f, 0xbb, 0x9f, 0xff, 0xff, 0xff, 0x60,
    0x0, 0x4f, 0xa0, 0x99, 0x0, 0x0, 0xd, 0x50,
    0x0, 0x26, 0x0, 0x99, 0x0, 0x4, 0xdc, 0x10,

    /* U+8F93 "输" */
    0x0, 0xc, 0x20, 0x0, 0x3, 0xb5, 0x0, 0x0,
    0x0, 0x1, 0xf0, 0x0, 0x0, 0xda, 0xf3, 0x0,
    0x0, 0xb, 0xcf, 0xbb, 0x60, 0xbb, 0x8, 0xe3,
    0x0, 0x0, 0x7c, 0xb7, 0x75, 0xcb, 0x0, 0xa,
    0xf7, 0x0, 0x0, 0xc5, 0x3, 0xfc, 0xcf, 0xff,
    0xfa, 0xfc, 0x0, 0x1f, 0x34, 0x1c, 0x11, 0x11,
    0x11, 0x6, 0x80, 0x5, 0xd5, 0xb0, 0x15, 0x55,
    0x20, 0x13, 0x70, 0x0, 0x99, 0x6c, 0x15, 0xda,
    0xc8, 0x5a, 0x5c, 0x0, 0xb, 0xff, 0xff, 0x79,
    0x6, 0x85, 0xa5, 0xc0, 0x0, 0x0, 0x5b, 0x5,
    0xfe, 0xe8, 0x5a, 0x5c, 0x0, 0x0, 0x5, 0xb1,
    0x59, 0x17, 0x85, 0xa5, 0xc0, 0x1, 0x79, 0xdf,
    0xf8, 0xc7, 0xa8, 0x5a, 0x5c, 0x0, 0x3c, 0x99,
    0xc0, 0x5c, 0x8b, 0x85, 0xa5, 0xc0, 0x0, 0x0,
    0x5b, 0x5, 0x90, 0x68, 0x0, 0x5c, 0x0, 0x0,
    0x5, 0xb0, 0x59, 0x2b, 0x81, 0x5b, 0xb0, 0x0,
    0x0, 0x5b, 0x4, 0x76, 0xb2, 0xc, 0xb3, 0x0,

    /* U+97F3 "音" */
    0x0, 0x0, 0x0, 0x6, 0xa0, 0x0, 0x0, 0x0,
    0x0, 0x11, 0x11, 0x15, 0xf2, 0x11, 0x11, 0x0,
    0x3, 0xff, 0xff, 0xff, 0xff, 0xff, 0xff, 0xe0,
    0x0, 0x11, 0x1f, 0x31, 0x11, 0x5e, 0x11, 0x0,
    0x0, 0x0, 0xe, 0x50, 0x0, 0x7b, 0x0, 0x0,
    0x2, 0x22, 0x2c, 0x92, 0x22, 0xba, 0x22, 0x22,
    0x1f, 0xff, 0xff, 0xff, 0xff, 0xff, 0xff, 0xfb,
    0x0, 0x0, 0x0, 0x0, 0x0, 0x0, 0x0, 0x0,
    0x0, 0xd, 0xdd, 0xdd, 0xdd, 0xdd, 0xd9, 0x0,
    0x0, 0xf, 0x84, 0x44, 0x44, 0x44, 0xbb, 0x0,
    0x0, 0xf, 0x50, 0x0, 0x0, 0x0, 0x9b, 0x0,
    0x0, 0xf, 0xff, 0xff, 0xff, 0xff, 0xfb, 0x0,
    0x0, 0xf, 0x62, 0x22, 0x22, 0x22, 0xab, 0x0,
    0x0, 0xf, 0x62, 0x22, 0x22, 0x22, 0xab, 0x0,
    0x0, 0xf, 0xff, 0xff, 0xff, 0xff, 0xfb, 0x0,
    0x0, 0xf, 0x50, 0x0, 0x0, 0x0, 0x9b, 0x0,

    /* U+F001 "" */
    0x0, 0x0, 0x0, 0x0, 0x0, 0x0, 0x0, 0x38,
    0xc8, 0x0, 0x0, 0x0, 0x0, 0x0, 0x15, 0xae,
    0xff, 0xfe, 0x0, 0x0, 0x0, 0x2, 0x7c, 0xff,
    0xff, 0xff, 0xfe, 0x0, 0x0, 0x6, 0xef, 0xff,
    0xff, 0xff, 0xff, 0xfe, 0x0, 0x0, 0xe, 0xff,
    0xff, 0xff, 0xff, 0xfe, 0xfe, 0x0, 0x0, 0xe,
    0xff, 0xff, 0xff, 0xb6, 0x13, 0xfe, 0x0, 0x0,
    0xe, 0xff, 0xd9, 0x40, 0x0, 0x3, 0xfe, 0x0,
    0x0, 0xe, 0xf4, 0x0, 0x0, 0x0, 0x3, 0xfe,
    0x0, 0x0, 0xe, 0xf3, 0x0, 0x0, 0x0, 0x3,
    0xfe, 0x0, 0x0, 0xe, 0xf3, 0x0, 0x0, 0x0,
    0x3, 0xfe, 0x0, 0x0, 0xe, 0xf3, 0x0, 0x0,
    0x1, 0x35, 0xfe, 0x0, 0x0, 0xe, 0xf3, 0x0,
    0x0, 0x9f, 0xff, 0xfe, 0x0, 0x0, 0x1e, 0xf3,
    0x0, 0x5, 0xff, 0xff, 0xfe, 0x4, 0xdf, 0xff,
    0xf3, 0x0, 0x4, 0xff, 0xff, 0xfb, 0xf, 0xff,
    0xff, 0xf3, 0x0, 0x0, 0x5c, 0xfe, 0x91, 0xf,
    0xff, 0xff, 0xf1, 0x0, 0x0, 0x0, 0x0, 0x0,
    0x4, 0xdf, 0xfd, 0x40, 0x0, 0x0, 0x0, 0x0,
    0x0, 0x0, 0x0, 0x10, 0x0, 0x0, 0x0, 0x0,
    0x0, 0x0,

    /* U+F008 "" */
    0x90, 0x9, 0xcc, 0xcc, 0xcc, 0xcc, 0xc9, 0x0,
    0x9f, 0xbb, 0xff, 0xdd, 0xdd, 0xdd, 0xdf, 0xfb,
    0xbf, 0xf7, 0x6e, 0xc0, 0x0, 0x0, 0x0, 0xce,
    0x67, 0xff, 0x10, 0xdc, 0x0, 0x0, 0x0, 0xc,
    0xd0, 0x1f, 0xf9, 0x8f, 0xc0, 0x0, 0x0, 0x0,
    0xcf, 0x89, 0xff, 0xa9, 0xfd, 0x22, 0x22, 0x22,
    0x2d, 0xf9, 0xaf, 0xf1, 0xd, 0xff, 0xff, 0xff,
    0xff, 0xfd, 0x1, 0xff, 0x65, 0xee, 0x66, 0x66,
    0x66, 0x6e, 0xe5, 0x6f, 0xfc, 0xcf, 0xc0, 0x0,
    0x0, 0x0, 0xcf, 0xcc, 0xff, 0x10, 0xdc, 0x0,
    0x0, 0x0, 0xc, 0xd0, 0x1f, 0xf3, 0x2d, 0xc0,
    0x0, 0x0, 0x0, 0xcd, 0x23, 0xff, 0xff, 0xff,
    0x99, 0x99, 0x99, 0x9f, 0xff, 0xff, 0xd1, 0xd,
    0xff, 0xff, 0xff, 0xff, 0xfd, 0x1, 0xd0,

    /* U+F00B "" */
    0xcf, 0xff, 0xb0, 0xcf, 0xff, 0xff, 0xff, 0xff,
    0xcf, 0xff, 0xff, 0xf, 0xff, 0xff, 0xff, 0xff,
    0xff, 0xff, 0xff, 0xf0, 0xff, 0xff, 0xff, 0xff,
    0xff, 0xff, 0xff, 0xfe, 0xe, 0xff, 0xff, 0xff,
    0xff, 0xff, 0x24, 0x44, 0x20, 0x24, 0x44, 0x44,
    0x44, 0x44, 0x22, 0x44, 0x42, 0x2, 0x44, 0x44,
    0x44, 0x44, 0x42, 0xff, 0xff, 0xe0, 0xef, 0xff,
    0xff, 0xff, 0xff, 0xff, 0xff, 0xff, 0xf, 0xff,
    0xff, 0xff, 0xff, 0xff, 0xff, 0xff, 0xf0, 0xff,
    0xff, 0xff, 0xff, 0xff, 0xfc, 0xff, 0xfb, 0xc,
    0xff, 0xff, 0xff, 0xff, 0xfc, 0x13, 0x33, 0x10,
    0x13, 0x33, 0x33, 0x33, 0x33, 0x1e, 0xff, 0xfd,
    0xe, 0xff, 0xff, 0xff, 0xff, 0xfe, 0xff, 0xff,
    0xf0, 0xff, 0xff, 0xff, 0xff, 0xff, 0xff, 0xff,
    0xff, 0xf, 0xff, 0xff, 0xff, 0xff, 0xff, 0xdf,
    0xff, 0xc0, 0xdf, 0xff, 0xff, 0xff, 0xff, 0xd0,
    0x11, 0x10, 0x0, 0x11, 0x11, 0x11, 0x11, 0x10,

    /* U+F00C "" */
    0x0, 0x0, 0x0, 0x0, 0x0, 0x0, 0x0, 0x87,
    0x0, 0x0, 0x0, 0x0, 0x0, 0x0, 0x0, 0x9f,
    0xf7, 0x0, 0x0, 0x0, 0x0, 0x0, 0x0, 0x9f,
    0xff, 0xe0, 0x0, 0x0, 0x0, 0x0, 0x0, 0x9f,
    0xff, 0xf3, 0x3, 0x40, 0x0, 0x0, 0x0, 0x9f,
    0xff, 0xf3, 0x4, 0xff, 0x50, 0x0, 0x0, 0x9f,
    0xff, 0xf3, 0x0, 0xef, 0xff, 0x50, 0x0, 0x9f,
    0xff, 0xf3, 0x0, 0x7, 0xff, 0xff, 0x50, 0x9f,
    0xff, 0xf3, 0x0, 0x0, 0x7, 0xff, 0xff, 0xbf,
    0xff, 0xf3, 0x0, 0x0, 0x0, 0x7, 0xff, 0xff,
    0xff, 0xf3, 0x0, 0x0, 0x0, 0x0, 0x7, 0xff,
    0xff, 0xf3, 0x0, 0x0, 0x0, 0x0, 0x0, 0x6,
    0xff, 0xf3, 0x0, 0x0, 0x0, 0x0, 0x0, 0x0,
    0x6, 0xe3, 0x0, 0x0, 0x0, 0x0, 0x0,

    /* U+F00D "" */
    0x1, 0x0, 0x0, 0x0, 0x0, 0x0, 0x5f, 0xc1,
    0x0, 0x0, 0x3f, 0xd1, 0xef, 0xfc, 0x10, 0x3,
    0xff, 0xf9, 0x8f, 0xff, 0xc1, 0x3f, 0xff, 0xf4,
    0x9, 0xff, 0xfd, 0xff, 0xff, 0x40, 0x0, 0x9f,
    0xff, 0xff, 0xf4, 0x0, 0x0, 0xa, 0xff, 0xff,
    0x50, 0x0, 0x0, 0x3f, 0xff, 0xff, 0xc1, 0x0,
    0x3, 0xff, 0xff, 0xff, 0xfc, 0x10, 0x3f, 0xff,
    0xf4, 0x9f, 0xff, 0xc1, 0xef, 0xff, 0x40, 0x9,
    0xff, 0xf9, 0xaf, 0xf4, 0x0, 0x0, 0x9f, 0xf5,
    0x7, 0x30, 0x0, 0x0, 0x6, 0x40,

    /* U+F011 "" */
    0x0, 0x0, 0x0, 0x9, 0xd7, 0x0, 0x0, 0x0,
    0x0, 0x0, 0x1, 0x0, 0xef, 0xb0, 0x2, 0x0,
    0x0, 0x0, 0x1d, 0xf1, 0xe, 0xfb, 0x3, 0xfb,
    0x0, 0x0, 0x1d, 0xff, 0x60, 0xef, 0xb0, 0x9f,
    0xfb, 0x0, 0x9, 0xff, 0xb0, 0xe, 0xfb, 0x1,
    0xdf, 0xf6, 0x1, 0xff, 0xd0, 0x0, 0xef, 0xb0,
    0x2, 0xff, 0xd0, 0x7f, 0xf5, 0x0, 0xe, 0xfb,
    0x0, 0x9, 0xff, 0x3a, 0xff, 0x10, 0x0, 0xef,
    0xb0, 0x0, 0x4f, 0xf6, 0xbf, 0xf0, 0x0, 0xe,
    0xfb, 0x0, 0x2, 0xff, 0x8a, 0xff, 0x0, 0x0,
    0x7a, 0x50, 0x0, 0x3f, 0xf7, 0x8f, 0xf3, 0x0,
    0x0, 0x0, 0x0, 0x7, 0xff, 0x53, 0xff, 0xb0,
    0x0, 0x0, 0x0, 0x0, 0xdf, 0xf0, 0xc, 0xff,
    0x70, 0x0, 0x0, 0x0, 0xaf, 0xf9, 0x0, 0x2f,
    0xff, 0xa2, 0x0, 0x3, 0xcf, 0xfd, 0x10, 0x0,
    0x4f, 0xff, 0xfe, 0xde, 0xff, 0xfe, 0x20, 0x0,
    0x0, 0x2d, 0xff, 0xff, 0xff, 0xfb, 0x10, 0x0,
    0x0, 0x0, 0x4, 0x9c, 0xdc, 0x93, 0x0, 0x0,
    0x0,

    /* U+F013 "" */
    0x0, 0x0, 0x0, 0x37, 0x97, 0x30, 0x0, 0x0,
    0x0, 0x0, 0x0, 0xa, 0xff, 0xfa, 0x0, 0x0,
    0x0, 0x0, 0x0, 0x0, 0xbf, 0xff, 0xb0, 0x0,
    0x0, 0x0, 0xd, 0xb6, 0xef, 0xff, 0xff, 0xe6,
    0xbd, 0x0, 0x9, 0xff, 0xff, 0xff, 0xff, 0xff,
    0xff, 0xf9, 0x1, 0xff, 0xff, 0xff, 0xff, 0xff,
    0xff, 0xff, 0xf1, 0x3f, 0xff, 0xff, 0xd3, 0x3,
    0xdf, 0xff, 0xff, 0x30, 0x1e, 0xff, 0xf2, 0x0,
    0x2, 0xff, 0xfe, 0x10, 0x0, 0xdf, 0xfe, 0x0,
    0x0, 0xe, 0xff, 0xd0, 0x0, 0xd, 0xff, 0xf0,
    0x0, 0x0, 0xff, 0xfd, 0x0, 0x2c, 0xff, 0xff,
    0xa0, 0x0, 0xaf, 0xff, 0xfc, 0x22, 0xff, 0xff,
    0xff, 0xec, 0xef, 0xff, 0xff, 0xf3, 0xb, 0xff,
    0xff, 0xff, 0xff, 0xff, 0xff, 0xfb, 0x0, 0x2f,
    0xea, 0xff, 0xff, 0xff, 0xfa, 0xef, 0x20, 0x0,
    0x20, 0x3, 0xdf, 0xff, 0xd3, 0x0, 0x20, 0x0,
    0x0, 0x0, 0xa, 0xff, 0xfa, 0x0, 0x0, 0x0,
    0x0, 0x0, 0x0, 0x6b, 0xdc, 0x60, 0x0, 0x0,
    0x0, 0x0, 0x0, 0x0, 0x0, 0x0, 0x0, 0x0,
    0x0,

    /* U+F015 "" */
    0x0, 0x0, 0x0, 0x0, 0x6c, 0x70, 0x5, 0xdd,
    0x20, 0x0, 0x0, 0x0, 0x0, 0x9, 0xff, 0xfb,
    0x7, 0xff, 0x30, 0x0, 0x0, 0x0, 0x1, 0xcf,
    0xfb, 0xff, 0xd9, 0xff, 0x30, 0x0, 0x0, 0x0,
    0x3e, 0xff, 0x50, 0x3e, 0xff, 0xff, 0x30, 0x0,
    0x0, 0x5, 0xff, 0xe3, 0x5f, 0x62, 0xdf, 0xff,
    0x30, 0x0, 0x0, 0x8f, 0xfc, 0x17, 0xff, 0xf9,
    0x1b, 0xff, 0x90, 0x0, 0xa, 0xff, 0xa1, 0xaf,
    0xff, 0xff, 0xc1, 0x8f, 0xfb, 0x10, 0xcf, 0xf7,
    0x1c, 0xff, 0xff, 0xff, 0xfd, 0x25, 0xff, 0xe0,
    0x8f, 0x43, 0xef, 0xff, 0xff, 0xff, 0xff, 0xf4,
    0x3e, 0xa0, 0x1, 0xc, 0xff, 0xff, 0xff, 0xff,
    0xff, 0xfe, 0x1, 0x0, 0x0, 0xd, 0xff, 0xff,
    0xdc, 0xdf, 0xff, 0xff, 0x0, 0x0, 0x0, 0xd,
    0xff, 0xff, 0x0, 0xd, 0xff, 0xff, 0x0, 0x0,
    0x0, 0xd, 0xff, 0xff, 0x0, 0xd, 0xff, 0xff,
    0x0, 0x0, 0x0, 0xd, 0xff, 0xff, 0x0, 0xd,
    0xff, 0xff, 0x0, 0x0, 0x0, 0xc, 0xff, 0xfe,
    0x0, 0xc, 0xff, 0xfe, 0x0, 0x0, 0x0, 0x0,
    0x0, 0x0, 0x0, 0x0, 0x0, 0x0, 0x0, 0x0,

    /* U+F019 "" */
    0x0, 0x0, 0x0, 0x4c, 0xcc, 0x40, 0x0, 0x0,
    0x0, 0x0, 0x0, 0x9, 0xff, 0xf9, 0x0, 0x0,
    0x0, 0x0, 0x0, 0x0, 0xaf, 0xff, 0xa0, 0x0,
    0x0, 0x0, 0x0, 0x0, 0xa, 0xff, 0xfa, 0x0,
    0x0, 0x0, 0x0, 0x0, 0x0, 0xaf, 0xff, 0xa0,
    0x0, 0x0, 0x0, 0x0, 0x0, 0xa, 0xff, 0xfa,
    0x0, 0x0, 0x0, 0x0, 0x5, 0x66, 0xcf, 0xff,
    0xc6, 0x65, 0x0, 0x0, 0x1, 0xff, 0xff, 0xff,
    0xff, 0xff, 0xf1, 0x0, 0x0, 0x4, 0xff, 0xff,
    0xff, 0xff, 0xf3, 0x0, 0x0, 0x0, 0x3, 0xff,
    0xff, 0xff, 0xf3, 0x0, 0x0, 0x0, 0x0, 0x3,
    0xff, 0xff, 0xf3, 0x0, 0x0, 0x0, 0x11, 0x11,
    0x13, 0xef, 0xe3, 0x11, 0x11, 0x10, 0xef, 0xff,
    0xff, 0x53, 0xc3, 0x5f, 0xff, 0xff, 0xef, 0xff,
    0xff, 0xff, 0x83, 0x8f, 0xff, 0xff, 0xff, 0xff,
    0xff, 0xff, 0xff, 0xff, 0xff, 0xff, 0xff, 0xff,
    0xff, 0xff, 0xff, 0xff, 0xff, 0xb4, 0xd2, 0xff,
    0xdf, 0xff, 0xff, 0xff, 0xff, 0xff, 0xff, 0xff,
    0xd0,

    /* U+F01C "" */
    0x0, 0x1, 0xcf, 0xff, 0xff, 0xff, 0xff, 0xc2,
    0x0, 0x0, 0x0, 0xb, 0xff, 0xff, 0xff, 0xff,
    0xff, 0xfc, 0x0, 0x0, 0x0, 0x5f, 0xf4, 0x22,
    0x22, 0x22, 0x23, 0xff, 0x70, 0x0, 0x1, 0xef,
    0x80, 0x0, 0x0, 0x0, 0x0, 0x6f, 0xf2, 0x0,
    0xa, 0xfd, 0x0, 0x0, 0x0, 0x0, 0x0, 0xc,
    0xfc, 0x0, 0x5f, 0xf4, 0x0, 0x0, 0x0, 0x0,
    0x0, 0x2, 0xff, 0x70, 0xef, 0xd6, 0x66, 0x40,
    0x0, 0x0, 0x36, 0x66, 0xcf, 0xf0, 0xff, 0xff,
    0xff, 0xf1, 0x0, 0x0, 0xef, 0xff, 0xff, 0xf1,
    0xff, 0xff, 0xff, 0xfa, 0x44, 0x48, 0xff, 0xff,
    0xff, 0xf2, 0xff, 0xff, 0xff, 0xff, 0xff, 0xff,
    0xff, 0xff, 0xff, 0xf2, 0xff, 0xff, 0xff, 0xff,
    0xff, 0xff, 0xff, 0xff, 0xff, 0xf2, 0xff, 0xff,
    0xff, 0xff, 0xff, 0xff, 0xff, 0xff, 0xff, 0xf1,
    0x7f, 0xff, 0xff, 0xff, 0xff, 0xff, 0xff, 0xff,
    0xff, 0x90,

    /* U+F021 "" */
    0x0, 0x0, 0x0, 0x0, 0x0, 0x0, 0x0, 0x1,
    0x10, 0x0, 0x0, 0x4, 0x78, 0x63, 0x0, 0x5,
    0xff, 0x0, 0x0, 0x8f, 0xff, 0xff, 0xfd, 0x60,
    0x4f, 0xf0, 0x1, 0xdf, 0xff, 0xfe, 0xff, 0xff,
    0xc5, 0xff, 0x1, 0xef, 0xfb, 0x30, 0x0, 0x4b,
    0xff, 0xff, 0xf0, 0xaf, 0xf7, 0x0, 0x0, 0x0,
    0x5, 0xff, 0xff, 0x2f, 0xf8, 0x0, 0x0, 0x6,
    0xfe, 0xef, 0xff, 0xf7, 0xff, 0x0, 0x0, 0x0,
    0x6f, 0xff, 0xff, 0xff, 0x25, 0x40, 0x0, 0x0,
    0x1, 0x55, 0x55, 0x55, 0x40, 0x0, 0x0, 0x0,
    0x0, 0x0, 0x0, 0x0, 0x0, 0x45, 0x55, 0x55,
    0x51, 0x0, 0x0, 0x0, 0x35, 0x2f, 0xff, 0xff,
    0xff, 0x60, 0x0, 0x0, 0xf, 0xf7, 0xff, 0xff,
    0xef, 0xf6, 0x0, 0x0, 0x7, 0xff, 0x2f, 0xff,
    0xf3, 0x0, 0x0, 0x0, 0x4, 0xff, 0xb0, 0xff,
    0xff, 0xf7, 0x0, 0x0, 0x7, 0xff, 0xf2, 0xf,
    0xf7, 0xff, 0xff, 0xa8, 0xae, 0xff, 0xf4, 0x0,
    0xff, 0x42, 0xaf, 0xff, 0xff, 0xff, 0xc2, 0x0,
    0xf, 0xf5, 0x0, 0x28, 0xbd, 0xc9, 0x40, 0x0,
    0x0, 0x11, 0x0, 0x0, 0x0, 0x0, 0x0, 0x0,
    0x0, 0x0,

    /* U+F026 "" */
    0x0, 0x0, 0x0, 0x8, 0x20, 0x0, 0x0, 0xb,
    0xf7, 0x0, 0x0, 0xb, 0xff, 0x84, 0x66, 0x6b,
    0xff, 0xf8, 0xff, 0xff, 0xff, 0xff, 0x8f, 0xff,
    0xff, 0xff, 0xf8, 0xff, 0xff, 0xff, 0xff, 0x8f,
    0xff, 0xff, 0xff, 0xf8, 0xff, 0xff, 0xff, 0xff,
    0x8c, 0xff, 0xff, 0xff, 0xf8, 0x0, 0x0, 0x4f,
    0xff, 0x80, 0x0, 0x0, 0x4f, 0xf8, 0x0, 0x0,
    0x0, 0x4f, 0x60, 0x0, 0x0, 0x0, 0x10,

    /* U+F027 "" */
    0x0, 0x0, 0x0, 0x7, 0x20, 0x0, 0x0, 0x0,
    0x0, 0xb, 0xf7, 0x0, 0x0, 0x0, 0x0, 0xb,
    0xff, 0x80, 0x0, 0x4, 0x66, 0x6b, 0xff, 0xf8,
    0x0, 0x0, 0xff, 0xff, 0xff, 0xff, 0x80, 0xca,
    0xf, 0xff, 0xff, 0xff, 0xf8, 0x8, 0xf7, 0xff,
    0xff, 0xff, 0xff, 0x80, 0xe, 0xbf, 0xff, 0xff,
    0xff, 0xf8, 0x4, 0xf9, 0xff, 0xff, 0xff, 0xff,
    0x80, 0xde, 0x1c, 0xff, 0xff, 0xff, 0xf8, 0x2,
    0x10, 0x0, 0x0, 0x4f, 0xff, 0x80, 0x0, 0x0,
    0x0, 0x0, 0x4f, 0xf8, 0x0, 0x0, 0x0, 0x0,
    0x0, 0x4f, 0x60, 0x0, 0x0, 0x0, 0x0, 0x0,
    0x10, 0x0, 0x0,

    /* U+F028 "" */
    0x0, 0x0, 0x0, 0x0, 0x0, 0x0, 0x0, 0x40,
    0x0, 0x0, 0x0, 0x0, 0x0, 0x0, 0x0, 0x0,
    0x4, 0xfa, 0x0, 0x0, 0x0, 0x0, 0x0, 0x8,
    0x20, 0x0, 0x0, 0x8f, 0xc0, 0x0, 0x0, 0x0,
    0x0, 0xbf, 0x70, 0x0, 0x93, 0x7, 0xf8, 0x0,
    0x0, 0x0, 0xb, 0xff, 0x80, 0x0, 0xef, 0x50,
    0xbf, 0x20, 0x46, 0x66, 0xbf, 0xff, 0x80, 0x0,
    0x2d, 0xf1, 0x3f, 0x90, 0xff, 0xff, 0xff, 0xff,
    0x80, 0xcb, 0x4, 0xf8, 0xc, 0xd0, 0xff, 0xff,
    0xff, 0xff, 0x80, 0x7f, 0x70, 0xdc, 0x9, 0xf0,
    0xff, 0xff, 0xff, 0xff, 0x80, 0xe, 0xb0, 0xbe,
    0x8, 0xf1, 0xff, 0xff, 0xff, 0xff, 0x80, 0x4f,
    0x90, 0xcd, 0x8, 0xf1, 0xff, 0xff, 0xff, 0xff,
    0x80, 0xde, 0x12, 0xf9, 0xb, 0xe0, 0xcf, 0xff,
    0xff, 0xff, 0x80, 0x21, 0xb, 0xf3, 0x1f, 0xa0,
    0x0, 0x0, 0x4f, 0xff, 0x80, 0x0, 0xbf, 0x80,
    0x8f, 0x40, 0x0, 0x0, 0x4, 0xff, 0x80, 0x0,
    0xd7, 0x3, 0xfb, 0x0, 0x0, 0x0, 0x0, 0x4f,
    0x60, 0x0, 0x0, 0x4f, 0xe1, 0x0, 0x0, 0x0,
    0x0, 0x1, 0x0, 0x0, 0x3, 0xfd, 0x20, 0x0,
    0x0, 0x0, 0x0, 0x0, 0x0, 0x0, 0x1, 0x81,
    0x0, 0x0,

    /* U+F03E "" */
    0x5c, 0xdd, 0xdd, 0xdd, 0xdd, 0xdd, 0xdd, 0xdc,
    0x5e, 0xff, 0xff, 0xff, 0xff, 0xff, 0xff, 0xff,
    0xfe, 0xff, 0x91, 0x4e, 0xff, 0xff, 0xff, 0xff,
    0xff, 0xff, 0xf0, 0x0, 0x8f, 0xff, 0xff, 0xff,
    0xff, 0xff, 0xff, 0x0, 0x8, 0xff, 0xff, 0xf4,
    0xbf, 0xff, 0xff, 0xfa, 0x36, 0xff, 0xff, 0xf3,
    0x0, 0xbf, 0xff, 0xff, 0xff, 0xef, 0xff, 0xf3,
    0x0, 0x0, 0xbf, 0xff, 0xff, 0xd1, 0x5f, 0xf3,
    0x0, 0x0, 0x2, 0xff, 0xff, 0xd1, 0x0, 0x53,
    0x0, 0x0, 0x0, 0x2f, 0xff, 0xf2, 0x0, 0x0,
    0x0, 0x0, 0x0, 0x2, 0xff, 0xff, 0x32, 0x22,
    0x22, 0x22, 0x22, 0x22, 0x3f, 0xff, 0xff, 0xff,
    0xff, 0xff, 0xff, 0xff, 0xff, 0xff, 0x7f, 0xff,
    0xff, 0xff, 0xff, 0xff, 0xff, 0xff, 0x70,

    /* U+F043 "" */
    0x0, 0x0, 0xb, 0x80, 0x0, 0x0, 0x0, 0x0,
    0x5f, 0xf1, 0x0, 0x0, 0x0, 0x0, 0xbf, 0xf6,
    0x0, 0x0, 0x0, 0x3, 0xff, 0xfe, 0x0, 0x0,
    0x0, 0xb, 0xff, 0xff, 0x70, 0x0, 0x0, 0x5f,
    0xff, 0xff, 0xf1, 0x0, 0x1, 0xef, 0xff, 0xff,
    0xfb, 0x0, 0xb, 0xff, 0xff, 0xff, 0xff, 0x70,
    0x4f, 0xff, 0xff, 0xff, 0xff, 0xf1, 0xbf, 0xff,
    0xff, 0xff, 0xff, 0xf6, 0xef, 0xdf, 0xff, 0xff,
    0xff, 0xf9, 0xff, 0x2c, 0xff, 0xff, 0xff, 0xfa,
    0xdf, 0x57, 0xff, 0xff, 0xff, 0xf8, 0x8f, 0xd1,
    0x8e, 0xff, 0xff, 0xf3, 0x1e, 0xfd, 0x40, 0xcf,
    0xff, 0xa0, 0x3, 0xef, 0xff, 0xff, 0xfc, 0x0,
    0x0, 0x19, 0xff, 0xfd, 0x70, 0x0, 0x0, 0x0,
    0x1, 0x10, 0x0, 0x0,

    /* U+F048 "" */
    0x0, 0x0, 0x0, 0x0, 0x0, 0xb, 0xd5, 0x0,
    0x0, 0x3, 0xc5, 0xef, 0x70, 0x0, 0x4, 0xff,
    0xbe, 0xf7, 0x0, 0x5, 0xff, 0xfb, 0xef, 0x70,
    0x6, 0xff, 0xff, 0xbe, 0xf7, 0x7, 0xff, 0xff,
    0xfb, 0xef, 0x78, 0xff, 0xff, 0xff, 0xbe, 0xfe,
    0xff, 0xff, 0xff, 0xfb, 0xef, 0xff, 0xff, 0xff,
    0xff, 0xbe, 0xff, 0xff, 0xff, 0xff, 0xfb, 0xef,
    0x8c, 0xff, 0xff, 0xff, 0xbe, 0xf7, 0xb, 0xff,
    0xff, 0xfb, 0xef, 0x70, 0x9, 0xff, 0xff, 0xbe,
    0xf7, 0x0, 0x8, 0xff, 0xfb, 0xef, 0x70, 0x0,
    0x7, 0xff, 0xbe, 0xf7, 0x0, 0x0, 0x5, 0xf7,
    0x0, 0x0, 0x0, 0x0, 0x0, 0x0,

    /* U+F04B "" */
    0x0, 0x0, 0x0, 0x0, 0x0, 0x0, 0x0, 0x5,
    0xd8, 0x10, 0x0, 0x0, 0x0, 0x0, 0x0, 0xef,
    0xfe, 0x60, 0x0, 0x0, 0x0, 0x0, 0xf, 0xff,
    0xff, 0xc3, 0x0, 0x0, 0x0, 0x0, 0xff, 0xff,
    0xff, 0xf9, 0x10, 0x0, 0x0, 0xf, 0xff, 0xff,
    0xff, 0xff, 0x70, 0x0, 0x0, 0xff, 0xff, 0xff,
    0xff, 0xff, 0xd4, 0x0, 0xf, 0xff, 0xff, 0xff,
    0xff, 0xff, 0xfa, 0x10, 0xff, 0xff, 0xff, 0xff,
    0xff, 0xff, 0xff, 0x5f, 0xff, 0xff, 0xff, 0xff,
    0xff, 0xff, 0xfc, 0xff, 0xff, 0xff, 0xff, 0xff,
    0xff, 0xff, 0x8f, 0xff, 0xff, 0xff, 0xff, 0xff,
    0xfe, 0x50, 0xff, 0xff, 0xff, 0xff, 0xff, 0xf8,
    0x0, 0xf, 0xff, 0xff, 0xff, 0xff, 0xb2, 0x0,
    0x0, 0xff, 0xff, 0xff, 0xfd, 0x40, 0x0, 0x0,
    0xf, 0xff, 0xff, 0xf7, 0x0, 0x0, 0x0, 0x0,
    0xff, 0xff, 0xa1, 0x0, 0x0, 0x0, 0x0, 0x9,
    0xfc, 0x30, 0x0, 0x0, 0x0, 0x0, 0x0, 0x0,
    0x0, 0x0, 0x0, 0x0, 0x0, 0x0, 0x0,

    /* U+F04C "" */
    0x5c, 0xdd, 0xd9, 0x0, 0xa, 0xdd, 0xdc, 0x4f,
    0xff, 0xff, 0xf5, 0x6, 0xff, 0xff, 0xfd, 0xff,
    0xff, 0xff, 0x60, 0x7f, 0xff, 0xff, 0xef, 0xff,
    0xff, 0xf6, 0x7, 0xff, 0xff, 0xfe, 0xff, 0xff,
    0xff, 0x60, 0x7f, 0xff, 0xff, 0xef, 0xff, 0xff,
    0xf6, 0x7, 0xff, 0xff, 0xfe, 0xff, 0xff, 0xff,
    0x60, 0x7f, 0xff, 0xff, 0xef, 0xff, 0xff, 0xf6,
    0x7, 0xff, 0xff, 0xfe, 0xff, 0xff, 0xff, 0x60,
    0x7f, 0xff, 0xff, 0xef, 0xff, 0xff, 0xf6, 0x7,
    0xff, 0xff, 0xfe, 0xff, 0xff, 0xff, 0x60, 0x7f,
    0xff, 0xff, 0xef, 0xff, 0xff, 0xf6, 0x7, 0xff,
    0xff, 0xfe, 0xff, 0xff, 0xff, 0x60, 0x7f, 0xff,
    0xff, 0xef, 0xff, 0xff, 0xf5, 0x6, 0xff, 0xff,
    0xfe, 0x8f, 0xff, 0xfc, 0x0, 0x1d, 0xff, 0xff,
    0x60, 0x0, 0x0, 0x0, 0x0, 0x0, 0x0, 0x0,

    /* U+F04D "" */
    0x5c, 0xdd, 0xdd, 0xdd, 0xdd, 0xdd, 0xdc, 0x3f,
    0xff, 0xff, 0xff, 0xff, 0xff, 0xff, 0xfd, 0xff,
    0xff, 0xff, 0xff, 0xff, 0xff, 0xff, 0xef, 0xff,
    0xff, 0xff, 0xff, 0xff, 0xff, 0xfe, 0xff, 0xff,
    0xff, 0xff, 0xff, 0xff, 0xff, 0xef, 0xff, 0xff,
    0xff, 0xff, 0xff, 0xff, 0xfe, 0xff, 0xff, 0xff,
    0xff, 0xff, 0xff, 0xff, 0xef, 0xff, 0xff, 0xff,
    0xff, 0xff, 0xff, 0xfe, 0xff, 0xff, 0xff, 0xff,
    0xff, 0xff, 0xff, 0xef, 0xff, 0xff, 0xff, 0xff,
    0xff, 0xff, 0xfe, 0xff, 0xff, 0xff, 0xff, 0xff,
    0xff, 0xff, 0xef, 0xff, 0xff, 0xff, 0xff, 0xff,
    0xff, 0xfe, 0xff, 0xff, 0xff, 0xff, 0xff, 0xff,
    0xff, 0xef, 0xff, 0xff, 0xff, 0xff, 0xff, 0xff,
    0xfd, 0x8f, 0xff, 0xff, 0xff, 0xff, 0xff, 0xff,
    0x60, 0x0, 0x0, 0x0, 0x0, 0x0, 0x0, 0x0,

    /* U+F051 "" */
    0x0, 0x0, 0x0, 0x0, 0x0, 0x5, 0xc3, 0x0,
    0x0, 0x5, 0xdb, 0xbf, 0xf4, 0x0, 0x0, 0x7f,
    0xeb, 0xff, 0xf5, 0x0, 0x7, 0xfe, 0xbf, 0xff,
    0xf6, 0x0, 0x7f, 0xeb, 0xff, 0xff, 0xf7, 0x7,
    0xfe, 0xbf, 0xff, 0xff, 0xf9, 0x7f, 0xeb, 0xff,
    0xff, 0xff, 0xfe, 0xfe, 0xbf, 0xff, 0xff, 0xff,
    0xff, 0xeb, 0xff, 0xff, 0xff, 0xff, 0xfe, 0xbf,
    0xff, 0xff, 0xfb, 0x8f, 0xeb, 0xff, 0xff, 0xfa,
    0x7, 0xfe, 0xbf, 0xff, 0xf9, 0x0, 0x7f, 0xeb,
    0xff, 0xf8, 0x0, 0x7, 0xfe, 0xbf, 0xf7, 0x0,
    0x0, 0x7f, 0xe7, 0xf6, 0x0, 0x0, 0x7, 0xfe,
    0x0, 0x0, 0x0, 0x0, 0x0, 0x0,

    /* U+F052 "" */
    0x0, 0x0, 0x0, 0x9, 0xe7, 0x0, 0x0, 0x0,
    0x0, 0x0, 0x0, 0x9, 0xff, 0xf6, 0x0, 0x0,
    0x0, 0x0, 0x0, 0x7, 0xff, 0xff, 0xf5, 0x0,
    0x0, 0x0, 0x0, 0x6, 0xff, 0xff, 0xff, 0xf4,
    0x0, 0x0, 0x0, 0x5, 0xff, 0xff, 0xff, 0xff,
    0xf3, 0x0, 0x0, 0x4, 0xff, 0xff, 0xff, 0xff,
    0xff, 0xe2, 0x0, 0x3, 0xff, 0xff, 0xff, 0xff,
    0xff, 0xff, 0xe2, 0x0, 0xdf, 0xff, 0xff, 0xff,
    0xff, 0xff, 0xff, 0xb0, 0xe, 0xff, 0xff, 0xff,
    0xff, 0xff, 0xff, 0xfb, 0x0, 0x29, 0x99, 0x99,
    0x99, 0x99, 0x99, 0x98, 0x10, 0x0, 0x23, 0x33,
    0x33, 0x33, 0x33, 0x33, 0x20, 0x0, 0xdf, 0xff,
    0xff, 0xff, 0xff, 0xff, 0xff, 0xb0, 0xf, 0xff,
    0xff, 0xff, 0xff, 0xff, 0xff, 0xfe, 0x0, 0xff,
    0xff, 0xff, 0xff, 0xff, 0xff, 0xff, 0xe0, 0xc,
    0xff, 0xff, 0xff, 0xff, 0xff, 0xff, 0xfa, 0x0,
    0x0, 0x11, 0x11, 0x11, 0x11, 0x11, 0x10, 0x0,

    /* U+F053 "" */
    0x0, 0x0, 0x0, 0x3, 0x70, 0x0, 0x0, 0x0,
    0x4f, 0xf7, 0x0, 0x0, 0x4, 0xff, 0xf6, 0x0,
    0x0, 0x4f, 0xff, 0x70, 0x0, 0x4, 0xff, 0xf7,
    0x0, 0x0, 0x4f, 0xff, 0x70, 0x0, 0x4, 0xff,
    0xf7, 0x0, 0x0, 0xf, 0xff, 0x90, 0x0, 0x0,
    0x8, 0xff, 0xf4, 0x0, 0x0, 0x0, 0x8f, 0xff,
    0x40, 0x0, 0x0, 0x8, 0xff, 0xf4, 0x0, 0x0,
    0x0, 0x8f, 0xff, 0x40, 0x0, 0x0, 0x8, 0xff,
    0xf4, 0x0, 0x0, 0x0, 0x8f, 0xf9, 0x0, 0x0,
    0x0, 0x7, 0xb1,

    /* U+F054 "" */
    0x1, 0x81, 0x0, 0x0, 0x0, 0xd, 0xfd, 0x10,
    0x0, 0x0, 0xc, 0xff, 0xd1, 0x0, 0x0, 0x1,
    0xcf, 0xfd, 0x10, 0x0, 0x0, 0x1c, 0xff, 0xd1,
    0x0, 0x0, 0x0, 0xcf, 0xfd, 0x10, 0x0, 0x0,
    0xc, 0xff, 0xd1, 0x0, 0x0, 0x1, 0xef, 0xfa,
    0x0, 0x0, 0x9, 0xff, 0xf3, 0x0, 0x0, 0x9f,
    0xff, 0x30, 0x0, 0x9, 0xff, 0xf3, 0x0, 0x0,
    0x9f, 0xff, 0x30, 0x0, 0x9, 0xff, 0xf3, 0x0,
    0x0, 0xf, 0xfe, 0x30, 0x0, 0x0, 0x4, 0xc3,
    0x0, 0x0, 0x0,

    /* U+F067 "" */
    0x0, 0x0, 0x0, 0xac, 0x90, 0x0, 0x0, 0x0,
    0x0, 0x0, 0x2f, 0xff, 0x0, 0x0, 0x0, 0x0,
    0x0, 0x2, 0xff, 0xf0, 0x0, 0x0, 0x0, 0x0,
    0x0, 0x2f, 0xff, 0x0, 0x0, 0x0, 0x0, 0x0,
    0x2, 0xff, 0xf0, 0x0, 0x0, 0x0, 0x0, 0x0,
    0x2f, 0xff, 0x0, 0x0, 0x0, 0xbf, 0xff, 0xff,
    0xff, 0xff, 0xff, 0xff, 0x9f, 0xff, 0xff, 0xff,
    0xff, 0xff, 0xff, 0xfd, 0xef, 0xff, 0xff, 0xff,
    0xff, 0xff, 0xff, 0xc1, 0x33, 0x33, 0x5f, 0xff,
    0x33, 0x33, 0x30, 0x0, 0x0, 0x2, 0xff, 0xf0,
    0x0, 0x0, 0x0, 0x0, 0x0, 0x2f, 0xff, 0x0,
    0x0, 0x0, 0x0, 0x0, 0x2, 0xff, 0xf0, 0x0,
    0x0, 0x0, 0x0, 0x0, 0x2f, 0xff, 0x0, 0x0,
    0x0, 0x0, 0x0, 0x0, 0xef, 0xd0, 0x0, 0x0,
    0x0, 0x0, 0x0, 0x0, 0x0, 0x0, 0x0, 0x0,

    /* U+F068 "" */
    0xbf, 0xff, 0xff, 0xff, 0xff, 0xff, 0xff, 0x9f,
    0xff, 0xff, 0xff, 0xff, 0xff, 0xff, 0xfd, 0xef,
    0xff, 0xff, 0xff, 0xff, 0xff, 0xff, 0xc1, 0x33,
    0x33, 0x33, 0x33, 0x33, 0x33, 0x30,

    /* U+F06E "" */
    0x0, 0x0, 0x0, 0x48, 0xab, 0xa8, 0x40, 0x0,
    0x0, 0x0, 0x0, 0x0, 0x6e, 0xff, 0xfe, 0xff,
    0xfe, 0x70, 0x0, 0x0, 0x0, 0x1b, 0xff, 0xe5,
    0x0, 0x4, 0xdf, 0xfc, 0x20, 0x0, 0x1, 0xdf,
    0xfe, 0x10, 0x17, 0x50, 0xc, 0xff, 0xe2, 0x0,
    0xc, 0xff, 0xf4, 0x0, 0xf, 0xfc, 0x2, 0xff,
    0xfd, 0x10, 0x8f, 0xff, 0xe0, 0x0, 0x6f, 0xff,
    0x70, 0xcf, 0xff, 0xa0, 0xff, 0xff, 0xc0, 0x8f,
    0xff, 0xff, 0xb0, 0xaf, 0xff, 0xf1, 0xaf, 0xff,
    0xe0, 0x7f, 0xff, 0xff, 0x90, 0xcf, 0xff, 0xc0,
    0x1e, 0xff, 0xf2, 0xe, 0xff, 0xff, 0x21, 0xff,
    0xff, 0x30, 0x3, 0xff, 0xfb, 0x1, 0x9c, 0xa2,
    0xa, 0xff, 0xf5, 0x0, 0x0, 0x3e, 0xff, 0xb1,
    0x0, 0x0, 0x9f, 0xff, 0x50, 0x0, 0x0, 0x1,
    0x9f, 0xff, 0xb9, 0xbf, 0xff, 0xb2, 0x0, 0x0,
    0x0, 0x0, 0x2, 0x7c, 0xef, 0xfc, 0x93, 0x0,
    0x0, 0x0,

    /* U+F070 "" */
    0x5b, 0x10, 0x0, 0x0, 0x0, 0x0, 0x0, 0x0,
    0x0, 0x0, 0x0, 0xef, 0xe3, 0x0, 0x0, 0x0,
    0x0, 0x0, 0x0, 0x0, 0x0, 0x0, 0x3d, 0xff,
    0x60, 0x3, 0x69, 0xba, 0x85, 0x0, 0x0, 0x0,
    0x0, 0x1, 0xbf, 0xfb, 0xdf, 0xff, 0xef, 0xff,
    0xe7, 0x0, 0x0, 0x0, 0x0, 0x7, 0xff, 0xfe,
    0x60, 0x0, 0x4c, 0xff, 0xd2, 0x0, 0x0, 0x0,
    0x0, 0x4e, 0xff, 0x50, 0x86, 0x0, 0xcf, 0xfe,
    0x30, 0x0, 0x0, 0x70, 0x1, 0xcf, 0xf9, 0xff,
    0xd1, 0x2f, 0xff, 0xe1, 0x0, 0x7, 0xfc, 0x20,
    0x9, 0xff, 0xff, 0xf8, 0xb, 0xff, 0xfb, 0x0,
    0xe, 0xff, 0xe4, 0x0, 0x5f, 0xff, 0xfc, 0x9,
    0xff, 0xff, 0x20, 0x9, 0xff, 0xff, 0x0, 0x2,
    0xdf, 0xfc, 0xb, 0xff, 0xfd, 0x0, 0x1, 0xef,
    0xff, 0x40, 0x0, 0xa, 0xff, 0xbf, 0xff, 0xf3,
    0x0, 0x0, 0x3f, 0xff, 0xd0, 0x0, 0x0, 0x6f,
    0xff, 0xff, 0x50, 0x0, 0x0, 0x3, 0xef, 0xfc,
    0x20, 0x0, 0x3, 0xef, 0xfa, 0x0, 0x0, 0x0,
    0x0, 0x19, 0xff, 0xfc, 0x99, 0x0, 0x1b, 0xff,
    0x90, 0x0, 0x0, 0x0, 0x0, 0x28, 0xce, 0xff,
    0xa0, 0x0, 0x8f, 0xfd, 0x20, 0x0, 0x0, 0x0,
    0x0, 0x0, 0x0, 0x0, 0x0, 0x4, 0xef, 0xf1,
    0x0, 0x0, 0x0, 0x0, 0x0, 0x0, 0x0, 0x0,
    0x0, 0x2c, 0xc0, 0x0, 0x0, 0x0, 0x0, 0x0,
    0x0, 0x0, 0x0, 0x0, 0x0, 0x0,

    /* U+F071 "" */
    0x0, 0x0, 0x0, 0x0, 0x6, 0xc7, 0x0, 0x0,
    0x0, 0x0, 0x0, 0x0, 0x0, 0x0, 0x2, 0xff,
    0xf4, 0x0, 0x0, 0x0, 0x0, 0x0, 0x0, 0x0,
    0x0, 0xbf, 0xff, 0xd0, 0x0, 0x0, 0x0, 0x0,
    0x0, 0x0, 0x0, 0x5f, 0xff, 0xff, 0x70, 0x0,
    0x0, 0x0, 0x0, 0x0, 0x0, 0xd, 0xff, 0xff,
    0xfe, 0x10, 0x0, 0x0, 0x0, 0x0, 0x0, 0x7,
    0xff, 0xff, 0xff, 0xf9, 0x0, 0x0, 0x0, 0x0,
    0x0, 0x1, 0xff, 0xf2, 0x0, 0xff, 0xf2, 0x0,
    0x0, 0x0, 0x0, 0x0, 0xaf, 0xff, 0x20, 0xf,
    0xff, 0xb0, 0x0, 0x0, 0x0, 0x0, 0x3f, 0xff,
    0xf3, 0x1, 0xff, 0xff, 0x50, 0x0, 0x0, 0x0,
    0xc, 0xff, 0xff, 0x40, 0x2f, 0xff, 0xfd, 0x0,
    0x0, 0x0, 0x5, 0xff, 0xff, 0xf5, 0x3, 0xff,
    0xff, 0xf7, 0x0, 0x0, 0x0, 0xef, 0xff, 0xff,
    0xda, 0xdf, 0xff, 0xff, 0xf1, 0x0, 0x0, 0x8f,
    0xff, 0xff, 0xf6, 0x4, 0xff, 0xff, 0xff, 0xa0,
    0x0, 0x1f, 0xff, 0xff, 0xff, 0x10, 0xf, 0xff,
    0xff, 0xff, 0x30, 0xa, 0xff, 0xff, 0xff, 0xf9,
    0x17, 0xff, 0xff, 0xff, 0xfc, 0x0, 0xff, 0xff,
    0xff, 0xff, 0xff, 0xff, 0xff, 0xff, 0xff, 0xf1,
    0x9, 0xff, 0xff, 0xff, 0xff, 0xff, 0xff, 0xff,
    0xff, 0xfb, 0x0, 0x1, 0x22, 0x22, 0x22, 0x22,
    0x22, 0x22, 0x22, 0x21, 0x0,

    /* U+F074 "" */
    0x0, 0x0, 0x0, 0x0, 0x0, 0x0, 0x1b, 0x30,
    0x0, 0x0, 0x0, 0x0, 0x0, 0x0, 0x4, 0xff,
    0x30, 0xab, 0xbb, 0x60, 0x0, 0x0, 0x7b, 0xcf,
    0xff, 0x3f, 0xff, 0xff, 0x60, 0x0, 0x7f, 0xff,
    0xff, 0xfe, 0xef, 0xff, 0xff, 0x40, 0x6f, 0xff,
    0xff, 0xff, 0x70, 0x0, 0x5f, 0xf3, 0x5f, 0xff,
    0x34, 0xff, 0x70, 0x0, 0x0, 0x64, 0x4f, 0xff,
    0x40, 0x2f, 0x70, 0x0, 0x0, 0x0, 0x3f, 0xff,
    0x50, 0x0, 0x0, 0x0, 0x0, 0x0, 0x3f, 0xff,
    0x63, 0x10, 0x1b, 0x30, 0x0, 0x0, 0x2e, 0xff,
    0x72, 0xed, 0x14, 0xff, 0x30, 0xab, 0xbe, 0xff,
    0x80, 0x9f, 0xfd, 0xcf, 0xff, 0x3f, 0xff, 0xff,
    0x90, 0x0, 0xbf, 0xff, 0xff, 0xfe, 0xef, 0xff,
    0xa0, 0x0, 0x0, 0xbf, 0xff, 0xff, 0x70, 0x0,
    0x0, 0x0, 0x0, 0x0, 0x4, 0xff, 0x70, 0x0,
    0x0, 0x0, 0x0, 0x0, 0x0, 0x2f, 0x70, 0x0,
    0x0, 0x0, 0x0, 0x0, 0x0, 0x0, 0x0, 0x0,

    /* U+F077 "" */
    0x0, 0x0, 0x0, 0x3b, 0x20, 0x0, 0x0, 0x0,
    0x0, 0x0, 0x3f, 0xfe, 0x20, 0x0, 0x0, 0x0,
    0x0, 0x3f, 0xff, 0xfe, 0x20, 0x0, 0x0, 0x0,
    0x3f, 0xff, 0xef, 0xfe, 0x20, 0x0, 0x0, 0x3f,
    0xff, 0x90, 0xbf, 0xfe, 0x20, 0x0, 0x3e, 0xff,
    0x90, 0x0, 0xbf, 0xfe, 0x20, 0x3e, 0xff, 0x90,
    0x0, 0x0, 0xbf, 0xfe, 0x2b, 0xff, 0x90, 0x0,
    0x0, 0x0, 0xbf, 0xf9, 0x3e, 0x90, 0x0, 0x0,
    0x0, 0x0, 0xad, 0x10, 0x0, 0x0, 0x0, 0x0,
    0x0, 0x0, 0x0,

    /* U+F078 "" */
    0x1a, 0x50, 0x0, 0x0, 0x0, 0x0, 0x69, 0xa,
    0xff, 0x50, 0x0, 0x0, 0x0, 0x7f, 0xf8, 0x5f,
    0xff, 0x50, 0x0, 0x0, 0x7f, 0xff, 0x40, 0x6f,
    0xff, 0x50, 0x0, 0x7f, 0xff, 0x40, 0x0, 0x6f,
    0xff, 0x50, 0x7f, 0xff, 0x40, 0x0, 0x0, 0x6f,
    0xff, 0xaf, 0xff, 0x40, 0x0, 0x0, 0x0, 0x6f,
    0xff, 0xff, 0x40, 0x0, 0x0, 0x0, 0x0, 0x6f,
    0xff, 0x40, 0x0, 0x0, 0x0, 0x0, 0x0, 0x6f,
    0x40, 0x0, 0x0, 0x0, 0x0, 0x0, 0x0, 0x0,
    0x0, 0x0, 0x0,

    /* U+F079 "" */
    0x0, 0x0, 0x7a, 0x0, 0x0, 0x0, 0x0, 0x0,
    0x0, 0x0, 0x0, 0x0, 0x0, 0x9f, 0xfc, 0x10,
    0x8e, 0xee, 0xee, 0xee, 0xea, 0x0, 0x0, 0x0,
    0x9f, 0xff, 0xfd, 0x16, 0xff, 0xff, 0xff, 0xff,
    0xf0, 0x0, 0x0, 0x9f, 0xff, 0xfe, 0xfd, 0x2,
    0x33, 0x33, 0x35, 0xff, 0x0, 0x0, 0xd, 0xf4,
    0xef, 0x4d, 0xf2, 0x0, 0x0, 0x0, 0x2f, 0xf0,
    0x0, 0x0, 0x2, 0xe, 0xf3, 0x12, 0x0, 0x0,
    0x0, 0x2, 0xff, 0x0, 0x0, 0x0, 0x0, 0xef,
    0x30, 0x0, 0x0, 0x0, 0x0, 0x2f, 0xf0, 0x0,
    0x0, 0x0, 0xe, 0xf3, 0x0, 0x0, 0x0, 0x1,
    0x2, 0xff, 0x1, 0x0, 0x0, 0x0, 0xef, 0x30,
    0x0, 0x0, 0x1, 0xfd, 0x4f, 0xf3, 0xfd, 0x0,
    0x0, 0xe, 0xf5, 0x22, 0x22, 0x21, 0xd, 0xfe,
    0xff, 0xef, 0xb0, 0x0, 0x0, 0xef, 0xff, 0xff,
    0xff, 0xf6, 0x1d, 0xff, 0xff, 0xa0, 0x0, 0x0,
    0xb, 0xff, 0xff, 0xff, 0xff, 0x90, 0x1c, 0xff,
    0xa0, 0x0, 0x0, 0x0, 0x0, 0x0, 0x0, 0x0,
    0x0, 0x0, 0xa, 0x80, 0x0, 0x0,

    /* U+F07B "" */
    0x4b, 0xcc, 0xcc, 0xb3, 0x0, 0x0, 0x0, 0x0,
    0xe, 0xff, 0xff, 0xff, 0xf3, 0x0, 0x0, 0x0,
    0x0, 0xff, 0xff, 0xff, 0xff, 0xfa, 0xaa, 0xaa,
    0xa9, 0x3f, 0xff, 0xff, 0xff, 0xff, 0xff, 0xff,
    0xff, 0xfe, 0xff, 0xff, 0xff, 0xff, 0xff, 0xff,
    0xff, 0xff, 0xff, 0xff, 0xff, 0xff, 0xff, 0xff,
    0xff, 0xff, 0xff, 0xff, 0xff, 0xff, 0xff, 0xff,
    0xff, 0xff, 0xff, 0xff, 0xff, 0xff, 0xff, 0xff,
    0xff, 0xff, 0xff, 0xff, 0xff, 0xff, 0xff, 0xff,
    0xff, 0xff, 0xff, 0xff, 0xff, 0xff, 0xff, 0xff,
    0xff, 0xff, 0xff, 0xff, 0xff, 0xff, 0xff, 0xff,
    0xff, 0xff, 0xff, 0xff, 0xff, 0xff, 0xff, 0xff,
    0xff, 0xff, 0xff, 0xff, 0xff, 0xff, 0x7f, 0xff,
    0xff, 0xff, 0xff, 0xff, 0xff, 0xff, 0x70,

    /* U+F093 "" */
    0x0, 0x0, 0x0, 0x4, 0xa0, 0x0, 0x0, 0x0,
    0x0, 0x0, 0x0, 0x4, 0xff, 0xc0, 0x0, 0x0,
    0x0, 0x0, 0x0, 0x4, 0xff, 0xff, 0xc0, 0x0,
    0x0, 0x0, 0x0, 0x4, 0xff, 0xff, 0xff, 0xc0,
    0x0, 0x0, 0x0, 0x4, 0xff, 0xff, 0xff, 0xff,
    0xc0, 0x0, 0x0, 0x3, 0xff, 0xff, 0xff, 0xff,
    0xff, 0xb0, 0x0, 0x0, 0x29, 0x99, 0xef, 0xff,
    0xc9, 0x97, 0x0, 0x0, 0x0, 0x0, 0xd, 0xff,
    0xf6, 0x0, 0x0, 0x0, 0x0, 0x0, 0x0, 0xdf,
    0xff, 0x60, 0x0, 0x0, 0x0, 0x0, 0x0, 0xd,
    0xff, 0xf6, 0x0, 0x0, 0x0, 0x0, 0x0, 0x0,
    0xdf, 0xff, 0x60, 0x0, 0x0, 0x0, 0x11, 0x11,
    0xd, 0xff, 0xf6, 0x1, 0x11, 0x10, 0xef, 0xff,
    0xf6, 0x8d, 0xdd, 0x36, 0xff, 0xff, 0xef, 0xff,
    0xff, 0xe5, 0x33, 0x35, 0xef, 0xff, 0xff, 0xff,
    0xff, 0xff, 0xff, 0xff, 0xff, 0xff, 0xff, 0xff,
    0xff, 0xff, 0xff, 0xff, 0xff, 0xb4, 0xd2, 0xff,
    0xdf, 0xff, 0xff, 0xff, 0xff, 0xff, 0xff, 0xff,
    0xd0,

    /* U+F095 "" */
    0x0, 0x0, 0x0, 0x0, 0x0, 0x0, 0x0, 0x0,
    0x0, 0x0, 0x0, 0x0, 0x0, 0x0, 0x0, 0xb,
    0xb7, 0x30, 0x0, 0x0, 0x0, 0x0, 0x0, 0x0,
    0x6f, 0xff, 0xfe, 0x0, 0x0, 0x0, 0x0, 0x0,
    0x0, 0xcf, 0xff, 0xff, 0x0, 0x0, 0x0, 0x0,
    0x0, 0x3, 0xff, 0xff, 0xfe, 0x0, 0x0, 0x0,
    0x0, 0x0, 0x9, 0xff, 0xff, 0xfc, 0x0, 0x0,
    0x0, 0x0, 0x0, 0x2, 0xdf, 0xff, 0xf8, 0x0,
    0x0, 0x0, 0x0, 0x0, 0x0, 0x1c, 0xff, 0xf4,
    0x0, 0x0, 0x0, 0x0, 0x0, 0x0, 0xb, 0xff,
    0xe0, 0x0, 0x0, 0x0, 0x0, 0x0, 0x0, 0x4f,
    0xff, 0x70, 0x0, 0x0, 0x0, 0x0, 0x0, 0x2,
    0xef, 0xfd, 0x0, 0x0, 0x0, 0x27, 0x0, 0x0,
    0x1d, 0xff, 0xf4, 0x0, 0x0, 0x4b, 0xff, 0xb0,
    0x3, 0xef, 0xff, 0x70, 0x0, 0xc, 0xff, 0xff,
    0xf9, 0xaf, 0xff, 0xf9, 0x0, 0x0, 0xd, 0xff,
    0xff, 0xff, 0xff, 0xff, 0x80, 0x0, 0x0, 0xa,
    0xff, 0xff, 0xff, 0xff, 0xe4, 0x0, 0x0, 0x0,
    0x6, 0xff, 0xff, 0xff, 0xf8, 0x0, 0x0, 0x0,
    0x0, 0x2, 0xff, 0xfd, 0xa5, 0x0, 0x0, 0x0,
    0x0, 0x0, 0x0, 0x11, 0x0, 0x0, 0x0, 0x0,
    0x0, 0x0, 0x0,

    /* U+F0C4 "" */
    0x4, 0xbc, 0x70, 0x0, 0x0, 0x0, 0x42, 0x0,
    0x5f, 0xff, 0xfa, 0x0, 0x0, 0x3e, 0xff, 0x90,
    0xdf, 0xa6, 0xff, 0x20, 0x2, 0xef, 0xff, 0x50,
    0xff, 0x20, 0xcf, 0x50, 0x2e, 0xff, 0xf5, 0x0,
    0xcf, 0xa7, 0xff, 0x32, 0xef, 0xff, 0x50, 0x0,
    0x4f, 0xff, 0xff, 0xcd, 0xff, 0xf5, 0x0, 0x0,
    0x3, 0xad, 0xff, 0xff, 0xff, 0x50, 0x0, 0x0,
    0x0, 0x0, 0xaf, 0xff, 0xf7, 0x0, 0x0, 0x0,
    0x0, 0x25, 0xef, 0xff, 0xfe, 0x20, 0x0, 0x0,
    0x1b, 0xff, 0xff, 0xff, 0xff, 0xe2, 0x0, 0x0,
    0x9f, 0xfe, 0xff, 0x67, 0xff, 0xfe, 0x20, 0x0,
    0xef, 0x40, 0xef, 0x40, 0x7f, 0xff, 0xe2, 0x0,
    0xef, 0x62, 0xef, 0x30, 0x6, 0xff, 0xfe, 0x20,
    0x8f, 0xff, 0xfd, 0x0, 0x0, 0x6f, 0xff, 0xb0,
    0x8, 0xef, 0xb2, 0x0, 0x0, 0x2, 0x76, 0x0,
    0x0, 0x0, 0x0, 0x0, 0x0, 0x0, 0x0, 0x0,

    /* U+F0C5 "" */
    0x0, 0x0, 0xbf, 0xff, 0xff, 0x64, 0xa0, 0x0,
    0x0, 0xe, 0xff, 0xff, 0xf7, 0x4f, 0xb0, 0x0,
    0x0, 0xef, 0xff, 0xff, 0x74, 0xff, 0xa8, 0xbb,
    0x2e, 0xff, 0xff, 0xf7, 0x3, 0x33, 0xff, 0xf3,
    0xef, 0xff, 0xff, 0xea, 0x99, 0x8f, 0xff, 0x3e,
    0xff, 0xff, 0xff, 0xff, 0xfe, 0xff, 0xf3, 0xef,
    0xff, 0xff, 0xff, 0xff, 0xef, 0xff, 0x3e, 0xff,
    0xff, 0xff, 0xff, 0xfe, 0xff, 0xf3, 0xef, 0xff,
    0xff, 0xff, 0xff, 0xef, 0xff, 0x3e, 0xff, 0xff,
    0xff, 0xff, 0xfe, 0xff, 0xf3, 0xef, 0xff, 0xff,
    0xff, 0xff, 0xef, 0xff, 0x3e, 0xff, 0xff, 0xff,
    0xff, 0xfe, 0xff, 0xf3, 0xef, 0xff, 0xff, 0xff,
    0xff, 0xef, 0xff, 0x4b, 0xff, 0xff, 0xff, 0xff,
    0xfa, 0xff, 0xfc, 0x10, 0x0, 0x0, 0x0, 0x0,
    0xf, 0xff, 0xff, 0xff, 0xff, 0xf7, 0x0, 0x0,
    0xef, 0xff, 0xff, 0xff, 0xff, 0x50, 0x0, 0x0,
    0x22, 0x22, 0x22, 0x22, 0x10, 0x0, 0x0,

    /* U+F0C7 "" */
    0x6e, 0xff, 0xff, 0xff, 0xff, 0xe9, 0x0, 0xf,
    0xff, 0xff, 0xff, 0xff, 0xff, 0xfa, 0x0, 0xff,
    0x52, 0x22, 0x22, 0x22, 0x8f, 0xf9, 0xf, 0xf2,
    0x0, 0x0, 0x0, 0x5, 0xff, 0xf8, 0xff, 0x20,
    0x0, 0x0, 0x0, 0x5f, 0xff, 0xef, 0xf2, 0x0,
    0x0, 0x0, 0x5, 0xff, 0xfe, 0xff, 0x53, 0x33,
    0x33, 0x33, 0x8f, 0xff, 0xef, 0xff, 0xff, 0xff,
    0xff, 0xff, 0xff, 0xfe, 0xff, 0xff, 0xff, 0xff,
    0xff, 0xff, 0xff, 0xef, 0xff, 0xff, 0xe2, 0x3,
    0xef, 0xff, 0xfe, 0xff, 0xff, 0xf6, 0x0, 0x7,
    0xff, 0xff, 0xef, 0xff, 0xff, 0x70, 0x0, 0x8f,
    0xff, 0xfe, 0xff, 0xff, 0xfe, 0x51, 0x5f, 0xff,
    0xff, 0xef, 0xff, 0xff, 0xff, 0xff, 0xff, 0xff,
    0xfe, 0x8f, 0xff, 0xff, 0xff, 0xff, 0xff, 0xff,
    0x70, 0x1, 0x11, 0x11, 0x11, 0x11, 0x11, 0x0,

    /* U+F0C9 "" */
    0xdf, 0xff, 0xff, 0xff, 0xff, 0xff, 0xff, 0xcf,
    0xff, 0xff, 0xff, 0xff, 0xff, 0xff, 0xfd, 0x57,
    0x77, 0x77, 0x77, 0x77, 0x77, 0x77, 0x40, 0x0,
    0x0, 0x0, 0x0, 0x0, 0x0, 0x0, 0x0, 0x0,
    0x0, 0x0, 0x0, 0x0, 0x0, 0x5, 0x77, 0x77,
    0x77, 0x77, 0x77, 0x77, 0x74, 0xff, 0xff, 0xff,
    0xff, 0xff, 0xff, 0xff, 0xde, 0xff, 0xff, 0xff,
    0xff, 0xff, 0xff, 0xfc, 0x0, 0x0, 0x0, 0x0,
    0x0, 0x0, 0x0, 0x0, 0x0, 0x0, 0x0, 0x0,
    0x0, 0x0, 0x0, 0x34, 0x44, 0x44, 0x44, 0x44,
    0x44, 0x44, 0x2f, 0xff, 0xff, 0xff, 0xff, 0xff,
    0xff, 0xfd, 0xff, 0xff, 0xff, 0xff, 0xff, 0xff,
    0xff, 0xd1, 0x22, 0x22, 0x22, 0x22, 0x22, 0x22,
    0x21,

    /* U+F0E0 "" */
    0x28, 0x88, 0x88, 0x88, 0x88, 0x88, 0x88, 0x88,
    0x2d, 0xff, 0xff, 0xff, 0xff, 0xff, 0xff, 0xff,
    0xfd, 0xff, 0xff, 0xff, 0xff, 0xff, 0xff, 0xff,
    0xff, 0xf7, 0xff, 0xff, 0xff, 0xff, 0xff, 0xff,
    0xff, 0xf7, 0x23, 0xef, 0xff, 0xff, 0xff, 0xff,
    0xff, 0xe3, 0x5f, 0x71, 0xbf, 0xff, 0xff, 0xff,
    0xff, 0xb2, 0xaf, 0xff, 0xc2, 0x7f, 0xff, 0xff,
    0xff, 0x73, 0xdf, 0xff, 0xff, 0xf6, 0x3d, 0xff,
    0xfd, 0x37, 0xff, 0xff, 0xff, 0xff, 0xfa, 0x19,
    0xe9, 0x1b, 0xff, 0xff, 0xff, 0xff, 0xff, 0xfe,
    0x63, 0x6e, 0xff, 0xff, 0xff, 0xff, 0xff, 0xff,
    0xff, 0xff, 0xff, 0xff, 0xff, 0xff, 0xff, 0xff,
    0xff, 0xff, 0xff, 0xff, 0xff, 0xff, 0x7f, 0xff,
    0xff, 0xff, 0xff, 0xff, 0xff, 0xff, 0x70,

    /* U+F0E7 "" */
    0x0, 0xbf, 0xff, 0xff, 0x40, 0x0, 0x0, 0xff,
    0xff, 0xff, 0x40, 0x0, 0x2, 0xff, 0xff, 0xfe,
    0x0, 0x0, 0x4, 0xff, 0xff, 0xf9, 0x0, 0x0,
    0x7, 0xff, 0xff, 0xf4, 0x0, 0x0, 0x9, 0xff,
    0xff, 0xfa, 0xaa, 0xa4, 0xb, 0xff, 0xff, 0xff,
    0xff, 0xf8, 0xd, 0xff, 0xff, 0xff, 0xff, 0xe0,
    0xf, 0xff, 0xff, 0xff, 0xff, 0x60, 0x7, 0x99,
    0x9b, 0xff, 0xfd, 0x0, 0x0, 0x0, 0x7, 0xff,
    0xf3, 0x0, 0x0, 0x0, 0xb, 0xff, 0xa0, 0x0,
    0x0, 0x0, 0xe, 0xff, 0x10, 0x0, 0x0, 0x0,
    0x2f, 0xf8, 0x0, 0x0, 0x0, 0x0, 0x6f, 0xe0,
    0x0, 0x0, 0x0, 0x0, 0xaf, 0x50, 0x0, 0x0,
    0x0, 0x0, 0xbb, 0x0, 0x0, 0x0, 0x0, 0x0,
    0x0, 0x0, 0x0, 0x0,

    /* U+F0EA "" */
    0x0, 0x1, 0xbd, 0x50, 0x0, 0x0, 0x0, 0xa,
    0xdd, 0xee, 0xaf, 0xdd, 0xc2, 0x0, 0x0, 0xff,
    0xff, 0xa4, 0xff, 0xff, 0x60, 0x0, 0xf, 0xff,
    0xff, 0xff, 0xff, 0xf6, 0x0, 0x0, 0xff, 0xff,
    0xf8, 0x66, 0x66, 0x20, 0x0, 0xf, 0xff, 0xf7,
    0x25, 0x55, 0x52, 0x11, 0x0, 0xff, 0xff, 0x4d,
    0xff, 0xff, 0x64, 0xe2, 0xf, 0xff, 0xf4, 0xef,
    0xff, 0xf6, 0x4f, 0xe2, 0xff, 0xff, 0x4e, 0xff,
    0xff, 0x63, 0xdd, 0xbf, 0xff, 0xf4, 0xef, 0xff,
    0xfc, 0x55, 0x54, 0xff, 0xff, 0x4e, 0xff, 0xff,
    0xff, 0xff, 0xef, 0xff, 0xf4, 0xef, 0xff, 0xff,
    0xff, 0xfe, 0xff, 0xff, 0x4e, 0xff, 0xff, 0xff,
    0xff, 0xec, 0xff, 0xf3, 0xef, 0xff, 0xff, 0xff,
    0xfe, 0x0, 0x0, 0xe, 0xff, 0xff, 0xff, 0xff,
    0xe0, 0x0, 0x0, 0xef, 0xff, 0xff, 0xff, 0xfe,
    0x0, 0x0, 0xc, 0xff, 0xff, 0xff, 0xff, 0xc0,
    0x0, 0x0, 0x2, 0x22, 0x22, 0x22, 0x20,

    /* U+F0F3 "" */
    0x0, 0x0, 0x0, 0x4c, 0x30, 0x0, 0x0, 0x0,
    0x0, 0x0, 0xa, 0xf8, 0x0, 0x0, 0x0, 0x0,
    0x0, 0x5d, 0xff, 0xfc, 0x30, 0x0, 0x0, 0x0,
    0x7f, 0xff, 0xff, 0xff, 0x50, 0x0, 0x0, 0x3f,
    0xff, 0xff, 0xff, 0xff, 0x10, 0x0, 0xa, 0xff,
    0xff, 0xff, 0xff, 0xf7, 0x0, 0x0, 0xdf, 0xff,
    0xff, 0xff, 0xff, 0xb0, 0x0, 0xe, 0xff, 0xff,
    0xff, 0xff, 0xfc, 0x0, 0x0, 0xff, 0xff, 0xff,
    0xff, 0xff, 0xd0, 0x0, 0x3f, 0xff, 0xff, 0xff,
    0xff, 0xff, 0x10, 0x8, 0xff, 0xff, 0xff, 0xff,
    0xff, 0xf6, 0x2, 0xff, 0xff, 0xff, 0xff, 0xff,
    0xff, 0xe1, 0xdf, 0xff, 0xff, 0xff, 0xff, 0xff,
    0xff, 0xba, 0xff, 0xff, 0xff, 0xff, 0xff, 0xff,
    0xf9, 0x0, 0x0, 0x0, 0x0, 0x0, 0x0, 0x0,
    0x0, 0x0, 0x0, 0x9f, 0xff, 0x70, 0x0, 0x0,
    0x0, 0x0, 0x1, 0xdf, 0xc0, 0x0, 0x0, 0x0,
    0x0, 0x0, 0x0, 0x10, 0x0, 0x0, 0x0,

    /* U+F11C "" */
    0x6e, 0xff, 0xff, 0xff, 0xff, 0xff, 0xff, 0xff,
    0xfe, 0x80, 0xff, 0xff, 0xff, 0xff, 0xff, 0xff,
    0xff, 0xff, 0xff, 0xf1, 0xff, 0x53, 0xf5, 0x2d,
    0x72, 0x5f, 0x35, 0xf3, 0x3f, 0xf2, 0xff, 0x20,
    0xe2, 0xc, 0x40, 0x2e, 0x2, 0xe0, 0xf, 0xf2,
    0xff, 0x64, 0xf6, 0x4e, 0x84, 0x7f, 0x46, 0xf4,
    0x5f, 0xf2, 0xff, 0xff, 0xce, 0xfc, 0xdf, 0xdc,
    0xfe, 0xcf, 0xff, 0xf2, 0xff, 0xfb, 0x5, 0xb0,
    0x1f, 0x30, 0x96, 0x9, 0xff, 0xf2, 0xff, 0xfc,
    0x17, 0xc1, 0x3f, 0x51, 0xb7, 0x1a, 0xff, 0xf2,
    0xff, 0xff, 0xff, 0xff, 0xff, 0xff, 0xff, 0xff,
    0xff, 0xf2, 0xff, 0x20, 0xe2, 0x0, 0x0, 0x0,
    0x2, 0xf0, 0xf, 0xf2, 0xff, 0x42, 0xf4, 0x22,
    0x22, 0x22, 0x24, 0xf2, 0x2f, 0xf2, 0xff, 0xff,
    0xff, 0xff, 0xff, 0xff, 0xff, 0xff, 0xff, 0xf1,
    0x7f, 0xff, 0xff, 0xff, 0xff, 0xff, 0xff, 0xff,
    0xff, 0x90,

    /* U+F124 "" */
    0x0, 0x0, 0x0, 0x0, 0x0, 0x0, 0x0, 0x0,
    0x0, 0x0, 0x0, 0x0, 0x0, 0x0, 0x0, 0x0,
    0x2, 0x9d, 0x50, 0x0, 0x0, 0x0, 0x0, 0x0,
    0x0, 0x3b, 0xff, 0xfe, 0x0, 0x0, 0x0, 0x0,
    0x0, 0x5, 0xcf, 0xff, 0xff, 0xc0, 0x0, 0x0,
    0x0, 0x0, 0x6d, 0xff, 0xff, 0xff, 0xf5, 0x0,
    0x0, 0x0, 0x17, 0xef, 0xff, 0xff, 0xff, 0xfd,
    0x0, 0x0, 0x1, 0x9f, 0xff, 0xff, 0xff, 0xff,
    0xff, 0x60, 0x0, 0x1a, 0xff, 0xff, 0xff, 0xff,
    0xff, 0xff, 0xe0, 0x0, 0xd, 0xff, 0xff, 0xff,
    0xff, 0xff, 0xff, 0xf8, 0x0, 0x0, 0xef, 0xff,
    0xff, 0xff, 0xff, 0xff, 0xff, 0x10, 0x0, 0x3,
    0xab, 0xbb, 0xbb, 0xdf, 0xff, 0xff, 0x90, 0x0,
    0x0, 0x0, 0x0, 0x0, 0x9, 0xff, 0xff, 0xf2,
    0x0, 0x0, 0x0, 0x0, 0x0, 0x0, 0x9f, 0xff,
    0xfa, 0x0, 0x0, 0x0, 0x0, 0x0, 0x0, 0x9,
    0xff, 0xff, 0x30, 0x0, 0x0, 0x0, 0x0, 0x0,
    0x0, 0x9f, 0xff, 0xc0, 0x0, 0x0, 0x0, 0x0,
    0x0, 0x0, 0x9, 0xff, 0xf4, 0x0, 0x0, 0x0,
    0x0, 0x0, 0x0, 0x0, 0x8f, 0xfd, 0x0, 0x0,
    0x0, 0x0, 0x0, 0x0, 0x0, 0x3, 0xff, 0x40,
    0x0, 0x0, 0x0, 0x0, 0x0, 0x0, 0x0, 0x0,
    0x0, 0x0, 0x0, 0x0, 0x0,

    /* U+F15B "" */
    0xcf, 0xff, 0xff, 0xf6, 0x49, 0x0, 0xf, 0xff,
    0xff, 0xff, 0x75, 0xfa, 0x0, 0xff, 0xff, 0xff,
    0xf7, 0x5f, 0xfa, 0xf, 0xff, 0xff, 0xff, 0x75,
    0xff, 0xf9, 0xff, 0xff, 0xff, 0xf7, 0x14, 0x44,
    0x4f, 0xff, 0xff, 0xff, 0xea, 0xaa, 0xa9, 0xff,
    0xff, 0xff, 0xff, 0xff, 0xff, 0xef, 0xff, 0xff,
    0xff, 0xff, 0xff, 0xfe, 0xff, 0xff, 0xff, 0xff,
    0xff, 0xff, 0xef, 0xff, 0xff, 0xff, 0xff, 0xff,
    0xfe, 0xff, 0xff, 0xff, 0xff, 0xff, 0xff, 0xef,
    0xff, 0xff, 0xff, 0xff, 0xff, 0xfe, 0xff, 0xff,
    0xff, 0xff, 0xff, 0xff, 0xef, 0xff, 0xff, 0xff,
    0xff, 0xff, 0xfe, 0xff, 0xff, 0xff, 0xff, 0xff,
    0xff, 0xef, 0xff, 0xff, 0xff, 0xff, 0xff, 0xfe,
    0xdf, 0xff, 0xff, 0xff, 0xff, 0xff, 0xc0, 0x0,
    0x0, 0x0, 0x0, 0x0, 0x0,

    /* U+F1EB "" */
    0x0, 0x0, 0x0, 0x0, 0x0, 0x0, 0x0, 0x0,
    0x0, 0x0, 0x0, 0x0, 0x0, 0x0, 0x47, 0xac,
    0xdc, 0xb8, 0x50, 0x0, 0x0, 0x0, 0x0, 0x1,
    0x8e, 0xff, 0xff, 0xff, 0xff, 0xff, 0xa3, 0x0,
    0x0, 0x0, 0x8f, 0xff, 0xff, 0xfe, 0xde, 0xff,
    0xff, 0xff, 0xa1, 0x0, 0x1c, 0xff, 0xfe, 0x83,
    0x0, 0x0, 0x2, 0x7c, 0xff, 0xfe, 0x30, 0xdf,
    0xfe, 0x60, 0x0, 0x0, 0x0, 0x0, 0x0, 0x4d,
    0xff, 0xf2, 0x5f, 0xc1, 0x0, 0x0, 0x46, 0x77,
    0x51, 0x0, 0x0, 0x9f, 0x90, 0x2, 0x0, 0x2,
    0xaf, 0xff, 0xff, 0xff, 0xc4, 0x0, 0x3, 0x0,
    0x0, 0x0, 0x7f, 0xff, 0xff, 0xff, 0xff, 0xff,
    0xa0, 0x0, 0x0, 0x0, 0x2, 0xff, 0xfd, 0x73,
    0x23, 0x6b, 0xff, 0xf6, 0x0, 0x0, 0x0, 0x0,
    0x6f, 0x60, 0x0, 0x0, 0x0, 0x3d, 0xa0, 0x0,
    0x0, 0x0, 0x0, 0x0, 0x0, 0x0, 0x20, 0x0,
    0x0, 0x0, 0x0, 0x0, 0x0, 0x0, 0x0, 0x0,
    0xc, 0xfe, 0x20, 0x0, 0x0, 0x0, 0x0, 0x0,
    0x0, 0x0, 0x0, 0x6f, 0xff, 0xa0, 0x0, 0x0,
    0x0, 0x0, 0x0, 0x0, 0x0, 0x0, 0x6f, 0xff,
    0xa0, 0x0, 0x0, 0x0, 0x0, 0x0, 0x0, 0x0,
    0x0, 0xb, 0xfd, 0x20, 0x0, 0x0, 0x0, 0x0,
    0x0, 0x0, 0x0, 0x0, 0x0, 0x0, 0x0, 0x0,
    0x0, 0x0, 0x0,

    /* U+F240 "" */
    0x6d, 0xee, 0xee, 0xee, 0xee, 0xee, 0xee, 0xee,
    0xee, 0xe8, 0x0, 0xff, 0xff, 0xff, 0xff, 0xff,
    0xff, 0xff, 0xff, 0xff, 0xff, 0x20, 0xff, 0x53,
    0x33, 0x33, 0x33, 0x33, 0x33, 0x33, 0x33, 0xff,
    0xb0, 0xff, 0x23, 0x44, 0x44, 0x44, 0x44, 0x44,
    0x44, 0x40, 0xff, 0xf3, 0xff, 0x2d, 0xff, 0xff,
    0xff, 0xff, 0xff, 0xff, 0xf0, 0x5f, 0xf3, 0xff,
    0x2d, 0xff, 0xff, 0xff, 0xff, 0xff, 0xff, 0xf0,
    0xe, 0xf3, 0xff, 0x2d, 0xff, 0xff, 0xff, 0xff,
    0xff, 0xff, 0xf0, 0x4f, 0xf3, 0xff, 0x2c, 0xff,
    0xff, 0xff, 0xff, 0xff, 0xff, 0xf0, 0xff, 0xf3,
    0xff, 0x42, 0x22, 0x22, 0x22, 0x22, 0x22, 0x22,
    0x22, 0xff, 0xc0, 0xff, 0xff, 0xff, 0xff, 0xff,
    0xff, 0xff, 0xff, 0xff, 0xff, 0x20, 0x6e, 0xff,
    0xff, 0xff, 0xff, 0xff, 0xff, 0xff, 0xff, 0xf9,
    0x0,

    /* U+F241 "" */
    0x6d, 0xee, 0xee, 0xee, 0xee, 0xee, 0xee, 0xee,
    0xee, 0xe8, 0x0, 0xff, 0xff, 0xff, 0xff, 0xff,
    0xff, 0xff, 0xff, 0xff, 0xff, 0x20, 0xff, 0x53,
    0x33, 0x33, 0x33, 0x33, 0x33, 0x33, 0x33, 0xff,
    0xb0, 0xff, 0x24, 0x44, 0x44, 0x44, 0x44, 0x43,
    0x0, 0x0, 0xff, 0xf3, 0xff, 0x2e, 0xff, 0xff,
    0xff, 0xff, 0xfb, 0x0, 0x0, 0x5f, 0xf3, 0xff,
    0x2e, 0xff, 0xff, 0xff, 0xff, 0xfb, 0x0, 0x0,
    0xe, 0xf3, 0xff, 0x2e, 0xff, 0xff, 0xff, 0xff,
    0xfb, 0x0, 0x0, 0x4f, 0xf3, 0xff, 0x2e, 0xff,
    0xff, 0xff, 0xff, 0xfa, 0x0, 0x0, 0xff, 0xf3,
    0xff, 0x42, 0x22, 0x22, 0x22, 0x22, 0x22, 0x22,
    0x22, 0xff, 0xc0, 0xff, 0xff, 0xff, 0xff, 0xff,
    0xff, 0xff, 0xff, 0xff, 0xff, 0x20, 0x6e, 0xff,
    0xff, 0xff, 0xff, 0xff, 0xff, 0xff, 0xff, 0xf9,
    0x0,

    /* U+F242 "" */
    0x6d, 0xee, 0xee, 0xee, 0xee, 0xee, 0xee, 0xee,
    0xee, 0xe8, 0x0, 0xff, 0xff, 0xff, 0xff, 0xff,
    0xff, 0xff, 0xff, 0xff, 0xff, 0x20, 0xff, 0x53,
    0x33, 0x33, 0x33, 0x33, 0x33, 0x33, 0x33, 0xff,
    0xb0, 0xff, 0x24, 0x44, 0x44, 0x44, 0x20, 0x0,
    0x0, 0x0, 0xff, 0xf3, 0xff, 0x2e, 0xff, 0xff,
    0xff, 0x80, 0x0, 0x0, 0x0, 0x5f, 0xf3, 0xff,
    0x2e, 0xff, 0xff, 0xff, 0x80, 0x0, 0x0, 0x0,
    0xe, 0xf3, 0xff, 0x2e, 0xff, 0xff, 0xff, 0x80,
    0x0, 0x0, 0x0, 0x4f, 0xf3, 0xff, 0x2e, 0xff,
    0xff, 0xff, 0x70, 0x0, 0x0, 0x0, 0xff, 0xf3,
    0xff, 0x42, 0x22, 0x22, 0x22, 0x22, 0x22, 0x22,
    0x22, 0xff, 0xc0, 0xff, 0xff, 0xff, 0xff, 0xff,
    0xff, 0xff, 0xff, 0xff, 0xff, 0x20, 0x6e, 0xff,
    0xff, 0xff, 0xff, 0xff, 0xff, 0xff, 0xff, 0xf9,
    0x0,

    /* U+F243 "" */
    0x6d, 0xee, 0xee, 0xee, 0xee, 0xee, 0xee, 0xee,
    0xee, 0xe8, 0x0, 0xff, 0xff, 0xff, 0xff, 0xff,
    0xff, 0xff, 0xff, 0xff, 0xff, 0x20, 0xff, 0x53,
    0x33, 0x33, 0x33, 0x33, 0x33, 0x33, 0x33, 0xff,
    0xb0, 0xff, 0x24, 0x44, 0x41, 0x0, 0x0, 0x0,
    0x0, 0x0, 0xff, 0xf3, 0xff, 0x2e, 0xff, 0xf5,
    0x0, 0x0, 0x0, 0x0, 0x0, 0x5f, 0xf3, 0xff,
    0x2e, 0xff, 0xf5, 0x0, 0x0, 0x0, 0x0, 0x0,
    0xe, 0xf3, 0xff, 0x2e, 0xff, 0xf5, 0x0, 0x0,
    0x0, 0x0, 0x0, 0x4f, 0xf3, 0xff, 0x2e, 0xff,
    0xf5, 0x0, 0x0, 0x0, 0x0, 0x0, 0xff, 0xf3,
    0xff, 0x42, 0x22, 0x22, 0x22, 0x22, 0x22, 0x22,
    0x22, 0xff, 0xc0, 0xff, 0xff, 0xff, 0xff, 0xff,
    0xff, 0xff, 0xff, 0xff, 0xff, 0x20, 0x6e, 0xff,
    0xff, 0xff, 0xff, 0xff, 0xff, 0xff, 0xff, 0xf9,
    0x0,

    /* U+F244 "" */
    0x6d, 0xee, 0xee, 0xee, 0xee, 0xee, 0xee, 0xee,
    0xee, 0xe8, 0x0, 0xff, 0xff, 0xff, 0xff, 0xff,
    0xff, 0xff, 0xff, 0xff, 0xff, 0x20, 0xff, 0x53,
    0x33, 0x33, 0x33, 0x33, 0x33, 0x33, 0x33, 0xff,
    0xb0, 0xff, 0x20, 0x0, 0x0, 0x0, 0x0, 0x0,
    0x0, 0x0, 0xff, 0xf3, 0xff, 0x20, 0x0, 0x0,
    0x0, 0x0, 0x0, 0x0, 0x0, 0x5f, 0xf3, 0xff,
    0x20, 0x0, 0x0, 0x0, 0x0, 0x0, 0x0, 0x0,
    0xe, 0xf3, 0xff, 0x20, 0x0, 0x0, 0x0, 0x0,
    0x0, 0x0, 0x0, 0x4f, 0xf3, 0xff, 0x20, 0x0,
    0x0, 0x0, 0x0, 0x0, 0x0, 0x0, 0xff, 0xf3,
    0xff, 0x42, 0x22, 0x22, 0x22, 0x22, 0x22, 0x22,
    0x22, 0xff, 0xc0, 0xff, 0xff, 0xff, 0xff, 0xff,
    0xff, 0xff, 0xff, 0xff, 0xff, 0x20, 0x6e, 0xff,
    0xff, 0xff, 0xff, 0xff, 0xff, 0xff, 0xff, 0xf9,
    0x0,

    /* U+F287 "" */
    0x0, 0x0, 0x0, 0x0, 0x0, 0x9, 0xd6, 0x0,
    0x0, 0x0, 0x0, 0x0, 0x0, 0x0, 0x0, 0x3a,
    0xbf, 0xff, 0x10, 0x0, 0x0, 0x0, 0x0, 0x0,
    0x0, 0x1, 0xfa, 0x8f, 0xff, 0x0, 0x0, 0x0,
    0x0, 0x0, 0x0, 0x0, 0x9, 0xb0, 0x5, 0x93,
    0x0, 0x0, 0x0, 0x0, 0x8, 0xb6, 0x0, 0x1f,
    0x30, 0x0, 0x0, 0x0, 0x1, 0x30, 0x0, 0xaf,
    0xff, 0x60, 0xab, 0x0, 0x0, 0x0, 0x0, 0x4,
    0xfa, 0x10, 0xff, 0xff, 0xff, 0xff, 0xff, 0xff,
    0xff, 0xff, 0xff, 0xff, 0xe2, 0xcf, 0xff, 0x93,
    0x33, 0x8f, 0x43, 0x33, 0x33, 0x36, 0xfd, 0x40,
    0x2c, 0xea, 0x0, 0x0, 0xd, 0x70, 0x0, 0x0,
    0x2, 0x70, 0x0, 0x0, 0x0, 0x0, 0x0, 0x5,
    0xe0, 0x7, 0x88, 0x40, 0x0, 0x0, 0x0, 0x0,
    0x0, 0x0, 0x0, 0xca, 0x5f, 0xff, 0x90, 0x0,
    0x0, 0x0, 0x0, 0x0, 0x0, 0x0, 0x1a, 0xdf,
    0xff, 0x90, 0x0, 0x0, 0x0, 0x0, 0x0, 0x0,
    0x0, 0x0, 0xf, 0xff, 0x80, 0x0, 0x0, 0x0,
    0x0, 0x0, 0x0, 0x0, 0x0, 0x0, 0x0, 0x0,
    0x0, 0x0,

    /* U+F293 "" */
    0x0, 0x3, 0x9c, 0xdc, 0xa5, 0x0, 0x0, 0x9,
    0xff, 0xfc, 0xff, 0xfb, 0x0, 0x7, 0xff, 0xff,
    0x1c, 0xff, 0xf9, 0x1, 0xff, 0xff, 0xf0, 0x1d,
    0xff, 0xf2, 0x6f, 0xff, 0xff, 0x3, 0x1d, 0xff,
    0x7a, 0xfe, 0x1a, 0xf0, 0x97, 0x1e, 0xfa, 0xcf,
    0xf8, 0xa, 0x8, 0x35, 0xff, 0xcd, 0xff, 0xf8,
    0x0, 0x4, 0xff, 0xfd, 0xef, 0xff, 0xf7, 0x1,
    0xff, 0xff, 0xee, 0xff, 0xfe, 0x20, 0x9, 0xff,
    0xfe, 0xdf, 0xfe, 0x23, 0x4, 0xa, 0xff, 0xdb,
    0xfe, 0x23, 0xf0, 0x98, 0xc, 0xfc, 0x8f, 0xf8,
    0xff, 0x17, 0x16, 0xff, 0x93, 0xff, 0xff, 0xf1,
    0x6, 0xff, 0xf4, 0xb, 0xff, 0xff, 0x17, 0xff,
    0xfd, 0x0, 0x1d, 0xff, 0xf8, 0xff, 0xff, 0x30,
    0x0, 0x8, 0xdf, 0xff, 0xfa, 0x30, 0x0, 0x0,
    0x0, 0x1, 0x10, 0x0, 0x0,

    /* U+F2ED "" */
    0x0, 0x0, 0x2d, 0xee, 0xec, 0x10, 0x0, 0xc,
    0xee, 0xee, 0xff, 0xff, 0xfe, 0xee, 0xeb, 0xff,
    0xff, 0xff, 0xff, 0xff, 0xff, 0xff, 0xd1, 0x22,
    0x22, 0x22, 0x22, 0x22, 0x22, 0x21, 0xc, 0xdd,
    0xdd, 0xdd, 0xdd, 0xdd, 0xda, 0x0, 0xff, 0xff,
    0xff, 0xff, 0xff, 0xff, 0xd0, 0xf, 0xfd, 0x8f,
    0xf6, 0xff, 0x7f, 0xfd, 0x0, 0xff, 0xb3, 0xfe,
    0xf, 0xf1, 0xdf, 0xd0, 0xf, 0xfb, 0x3f, 0xe0,
    0xff, 0x1d, 0xfd, 0x0, 0xff, 0xb3, 0xfe, 0xf,
    0xf1, 0xdf, 0xd0, 0xf, 0xfb, 0x3f, 0xe0, 0xff,
    0x1d, 0xfd, 0x0, 0xff, 0xb3, 0xfe, 0xf, 0xf1,
    0xdf, 0xd0, 0xf, 0xfb, 0x3f, 0xe0, 0xff, 0x1d,
    0xfd, 0x0, 0xff, 0xb3, 0xfe, 0xf, 0xf1, 0xdf,
    0xd0, 0xf, 0xfc, 0x4f, 0xf2, 0xff, 0x3e, 0xfd,
    0x0, 0xef, 0xff, 0xff, 0xff, 0xff, 0xff, 0xc0,
    0x8, 0xff, 0xff, 0xff, 0xff, 0xff, 0xf6, 0x0,
    0x1, 0x22, 0x22, 0x22, 0x22, 0x21, 0x0,

    /* U+F304 "" */
    0x0, 0x0, 0x0, 0x0, 0x0, 0x0, 0x8, 0xd6,
    0x0, 0x0, 0x0, 0x0, 0x0, 0x0, 0x0, 0x9f,
    0xff, 0x70, 0x0, 0x0, 0x0, 0x0, 0x0, 0x5,
    0xff, 0xff, 0xf6, 0x0, 0x0, 0x0, 0x0, 0x0,
    0x81, 0x9f, 0xff, 0xff, 0x0, 0x0, 0x0, 0x0,
    0x9, 0xfd, 0x19, 0xff, 0xfb, 0x0, 0x0, 0x0,
    0x0, 0x9f, 0xff, 0xd1, 0x9f, 0xc1, 0x0, 0x0,
    0x0, 0x9, 0xff, 0xff, 0xfd, 0x17, 0x10, 0x0,
    0x0, 0x0, 0x9f, 0xff, 0xff, 0xff, 0xa0, 0x0,
    0x0, 0x0, 0x9, 0xff, 0xff, 0xff, 0xfc, 0x10,
    0x0, 0x0, 0x0, 0x9f, 0xff, 0xff, 0xff, 0xc1,
    0x0, 0x0, 0x0, 0x9, 0xff, 0xff, 0xff, 0xfc,
    0x10, 0x0, 0x0, 0x0, 0x9f, 0xff, 0xff, 0xff,
    0xc1, 0x0, 0x0, 0x0, 0x7, 0xff, 0xff, 0xff,
    0xfc, 0x10, 0x0, 0x0, 0x0, 0xb, 0xff, 0xff,
    0xff, 0xc1, 0x0, 0x0, 0x0, 0x0, 0xc, 0xff,
    0xff, 0xfc, 0x10, 0x0, 0x0, 0x0, 0x0, 0xe,
    0xff, 0xff, 0xc1, 0x0, 0x0, 0x0, 0x0, 0x0,
    0xe, 0xff, 0xda, 0x10, 0x0, 0x0, 0x0, 0x0,
    0x0, 0x0, 0x0, 0x0, 0x0, 0x0, 0x0, 0x0,
    0x0, 0x0,

    /* U+F55A "" */
    0x0, 0x0, 0x4, 0xac, 0xcc, 0xcc, 0xcc, 0xcc,
    0xcc, 0xca, 0x30, 0x0, 0x0, 0x5f, 0xff, 0xff,
    0xff, 0xff, 0xff, 0xff, 0xff, 0xf1, 0x0, 0x5,
    0xff, 0xff, 0xff, 0xff, 0xff, 0xff, 0xff, 0xff,
    0xf3, 0x0, 0x5f, 0xff, 0xff, 0xf8, 0x1d, 0xff,
    0x62, 0xef, 0xff, 0xf4, 0x5, 0xff, 0xff, 0xff,
    0xf3, 0x1, 0xc6, 0x0, 0xbf, 0xff, 0xf4, 0x5f,
    0xff, 0xff, 0xff, 0xfe, 0x30, 0x0, 0xa, 0xff,
    0xff, 0xf4, 0xff, 0xff, 0xff, 0xff, 0xff, 0xe1,
    0x0, 0x7f, 0xff, 0xff, 0xf4, 0x9f, 0xff, 0xff,
    0xff, 0xff, 0x60, 0x0, 0x1c, 0xff, 0xff, 0xf4,
    0x9, 0xff, 0xff, 0xff, 0xf6, 0x0, 0x93, 0x1,
    0xdf, 0xff, 0xf4, 0x0, 0x9f, 0xff, 0xff, 0xf4,
    0xa, 0xfe, 0x30, 0xcf, 0xff, 0xf4, 0x0, 0x9,
    0xff, 0xff, 0xff, 0xcf, 0xff, 0xfd, 0xff, 0xff,
    0xf3, 0x0, 0x0, 0x9f, 0xff, 0xff, 0xff, 0xff,
    0xff, 0xff, 0xff, 0xf1, 0x0, 0x0, 0x7, 0xef,
    0xff, 0xff, 0xff, 0xff, 0xff, 0xfe, 0x60,

    /* U+F7C2 "" */
    0x0, 0x4, 0xff, 0xff, 0xff, 0xfc, 0x20, 0x4,
    0xff, 0xff, 0xff, 0xff, 0xfb, 0x4, 0xfc, 0x2e,
    0x43, 0xf3, 0x5f, 0xe4, 0xff, 0xb0, 0xe2, 0xf,
    0x3, 0xfe, 0xff, 0xfb, 0xe, 0x20, 0xf0, 0x3f,
    0xef, 0xff, 0xea, 0xfb, 0xaf, 0xab, 0xfe, 0xff,
    0xff, 0xff, 0xff, 0xff, 0xff, 0xef, 0xff, 0xff,
    0xff, 0xff, 0xff, 0xfe, 0xff, 0xff, 0xff, 0xff,
    0xff, 0xff, 0xef, 0xff, 0xff, 0xff, 0xff, 0xff,
    0xfe, 0xff, 0xff, 0xff, 0xff, 0xff, 0xff, 0xef,
    0xff, 0xff, 0xff, 0xff, 0xff, 0xfe, 0xff, 0xff,
    0xff, 0xff, 0xff, 0xff, 0xef, 0xff, 0xff, 0xff,
    0xff, 0xff, 0xfe, 0xff, 0xff, 0xff, 0xff, 0xff,
    0xff, 0xed, 0xff, 0xff, 0xff, 0xff, 0xff, 0xfc,
    0x4e, 0xff, 0xff, 0xff, 0xff, 0xfd, 0x30, 0x0,
    0x0, 0x0, 0x0, 0x0, 0x0,

    /* U+F8A2 "" */
    0x0, 0x0, 0x0, 0x0, 0x0, 0x0, 0x0, 0x0,
    0x80, 0x0, 0x0, 0x0, 0x0, 0x0, 0x0, 0x0,
    0xa, 0xf1, 0x0, 0x0, 0x71, 0x0, 0x0, 0x0,
    0x0, 0x7f, 0xf1, 0x0, 0x1c, 0xf5, 0x0, 0x0,
    0x0, 0x0, 0x9f, 0xf1, 0x1, 0xdf, 0xf6, 0x0,
    0x0, 0x0, 0x0, 0x9f, 0xf1, 0x2e, 0xff, 0xfc,
    0xaa, 0xaa, 0xaa, 0xaa, 0xdf, 0xf1, 0xdf, 0xff,
    0xff, 0xff, 0xff, 0xff, 0xff, 0xff, 0xf1, 0x6f,
    0xff, 0xff, 0xff, 0xff, 0xff, 0xff, 0xff, 0xd0,
    0x6, 0xff, 0xf6, 0x0, 0x0, 0x0, 0x0, 0x0,
    0x0, 0x0, 0x5f, 0xf6, 0x0, 0x0, 0x0, 0x0,
    0x0, 0x0, 0x0, 0x4, 0xd3, 0x0, 0x0, 0x0,
    0x0, 0x0, 0x0
};


/*---------------------
 *  GLYPH DESCRIPTION
 *--------------------*/

static const lv_font_fmt_txt_glyph_dsc_t glyph_dsc[] = {
    {.bitmap_index = 0, .adv_w = 0, .box_w = 0, .box_h = 0, .ofs_x = 0, .ofs_y = 0} /* id = 0 reserved */,
    {.bitmap_index = 0, .adv_w = 70, .box_w = 0, .box_h = 0, .ofs_x = 0, .ofs_y = 0},
    {.bitmap_index = 0, .adv_w = 98, .box_w = 4, .box_h = 11, .ofs_x = 1, .ofs_y = 0},
    {.bitmap_index = 22, .adv_w = 110, .box_w = 5, .box_h = 5, .ofs_x = 1, .ofs_y = 7},
    {.bitmap_index = 35, .adv_w = 163, .box_w = 10, .box_h = 11, .ofs_x = 0, .ofs_y = 0},
    {.bitmap_index = 90, .adv_w = 156, .box_w = 8, .box_h = 16, .ofs_x = 1, .ofs_y = -3},
    {.bitmap_index = 154, .adv_w = 223, .box_w = 12, .box_h = 11, .ofs_x = 1, .ofs_y = 0},
    {.bitmap_index = 220, .adv_w = 174, .box_w = 11, .box_h = 11, .ofs_x = 0, .ofs_y = 0},
    {.bitmap_index = 281, .adv_w = 69, .box_w = 3, .box_h = 5, .ofs_x = 1, .ofs_y = 7},
    {.bitmap_index = 289, .adv_w = 98, .box_w = 5, .box_h = 15, .ofs_x = 1, .ofs_y = -3},
    {.bitmap_index = 327, .adv_w = 98, .box_w = 5, .box_h = 15, .ofs_x = 0, .ofs_y = -3},
    {.bitmap_index = 365, .adv_w = 117, .box_w = 7, .box_h = 6, .ofs_x = 0, .ofs_y = 6},
    {.bitmap_index = 386, .adv_w = 150, .box_w = 9, .box_h = 8, .ofs_x = 0, .ofs_y = 1},
    {.bitmap_index = 422, .adv_w = 82, .box_w = 4, .box_h = 5, .ofs_x = 0, .ofs_y = -2},
    {.bitmap_index = 432, .adv_w = 120, .box_w = 6, .box_h = 2, .ofs_x = 1, .ofs_y = 4},
    {.bitmap_index = 438, .adv_w = 82, .box_w = 3, .box_h = 3, .ofs_x = 1, .ofs_y = 0},
    {.bitmap_index = 443, .adv_w = 136, .box_w = 7, .box_h = 13, .ofs_x = 1, .ofs_y = 0},
    {.bitmap_index = 489, .adv_w = 156, .box_w = 9, .box_h = 11, .ofs_x = 0, .ofs_y = 0},
    {.bitmap_index = 539, .adv_w = 156, .box_w = 6, .box_h = 11, .ofs_x = 1, .ofs_y = 0},
    {.bitmap_index = 572, .adv_w = 156, .box_w = 9, .box_h = 11, .ofs_x = 0, .ofs_y = 0},
    {.bitmap_index = 622, .adv_w = 156, .box_w = 8, .box_h = 11, .ofs_x = 1, .ofs_y = 0},
    {.bitmap_index = 666, .adv_w = 156, .box_w = 9, .box_h = 11, .ofs_x = 0, .ofs_y = 0},
    {.bitmap_index = 716, .adv_w = 156, .box_w = 8, .box_h = 11, .ofs_x = 1, .ofs_y = 0},
    {.bitmap_index = 760, .adv_w = 156, .box_w = 9, .box_h = 11, .ofs_x = 0, .ofs_y = 0},
    {.bitmap_index = 810, .adv_w = 156, .box_w = 9, .box_h = 11, .ofs_x = 0, .ofs_y = 0},
    {.bitmap_index = 860, .adv_w = 156, .box_w = 9, .box_h = 11, .ofs_x = 0, .ofs_y = 0},
    {.bitmap_index = 910, .adv_w = 156, .box_w = 9, .box_h = 11, .ofs_x = 0, .ofs_y = 0},
    {.bitmap_index = 960, .adv_w = 103, .box_w = 3, .box_h = 9, .ofs_x = 2, .ofs_y = 0},
    {.bitmap_index = 974, .adv_w = 103, .box_w = 4, .box_h = 12, .ofs_x = 1, .ofs_y = -3},
    {.bitmap_index = 998, .adv_w = 150, .box_w = 9, .box_h = 10, .ofs_x = 0, .ofs_y = 0},
    {.bitmap_index = 1043, .adv_w = 150, .box_w = 9, .box_h = 7, .ofs_x = 0, .ofs_y = 2},
    {.bitmap_index = 1075, .adv_w = 150, .box_w = 9, .box_h = 10, .ofs_x = 0, .ofs_y = 0},
    {.bitmap_index = 1120, .adv_w = 117, .box_w = 7, .box_h = 11, .ofs_x = 0, .ofs_y = 0},
    {.bitmap_index = 1159, .adv_w = 234, .box_w = 15, .box_h = 14, .ofs_x = 0, .ofs_y = -3},
    {.bitmap_index = 1264, .adv_w = 181, .box_w = 12, .box_h = 11, .ofs_x = 0, .ofs_y = 0},
    {.bitmap_index = 1330, .adv_w = 169, .box_w = 9, .box_h = 11, .ofs_x = 1, .ofs_y = 0},
    {.bitmap_index = 1380, .adv_w = 163, .box_w = 9, .box_h = 11, .ofs_x = 1, .ofs_y = 0},
    {.bitmap_index = 1430, .adv_w = 190, .box_w = 10, .box_h = 11, .ofs_x = 1, .ofs_y = 0},
    {.bitmap_index = 1485, .adv_w = 151, .box_w = 8, .box_h = 11, .ofs_x = 1, .ofs_y = 0},
    {.bitmap_index = 1529, .adv_w = 143, .box_w = 8, .box_h = 11, .ofs_x = 1, .ofs_y = 0},
    {.bitmap_index = 1573, .adv_w = 186, .box_w = 10, .box_h = 11, .ofs_x = 1, .ofs_y = 0},
    {.bitmap_index = 1628, .adv_w = 193, .box_w = 10, .box_h = 11, .ofs_x = 1, .ofs_y = 0},
    {.bitmap_index = 1683, .adv_w = 75, .box_w = 3, .box_h = 11, .ofs_x = 1, .ofs_y = 0},
    {.bitmap_index = 1700, .adv_w = 74, .box_w = 6, .box_h = 14, .ofs_x = -2, .ofs_y = -3},
    {.bitmap_index = 1742, .adv_w = 167, .box_w = 10, .box_h = 11, .ofs_x = 1, .ofs_y = 0},
    {.bitmap_index = 1797, .adv_w = 138, .box_w = 8, .box_h = 11, .ofs_x = 1, .ofs_y = 0},
    {.bitmap_index = 1841, .adv_w = 226, .box_w = 12, .box_h = 11, .ofs_x = 1, .ofs_y = 0},
    {.bitmap_index = 1907, .adv_w = 200, .box_w = 10, .box_h = 11, .ofs_x = 1, .ofs_y = 0},
    {.bitmap_index = 1962, .adv_w = 202, .box_w = 11, .box_h = 11, .ofs_x = 1, .ofs_y = 0},
    {.bitmap_index = 2023, .adv_w = 162, .box_w = 9, .box_h = 11, .ofs_x = 1, .ofs_y = 0},
    {.bitmap_index = 2073, .adv_w = 202, .box_w = 11, .box_h = 13, .ofs_x = 1, .ofs_y = -2},
    {.bitmap_index = 2145, .adv_w = 167, .box_w = 10, .box_h = 11, .ofs_x = 1, .ofs_y = 0},
    {.bitmap_index = 2200, .adv_w = 154, .box_w = 9, .box_h = 11, .ofs_x = 0, .ofs_y = 0},
    {.bitmap_index = 2250, .adv_w = 144, .box_w = 9, .box_h = 11, .ofs_x = 0, .ofs_y = 0},
    {.bitmap_index = 2300, .adv_w = 191, .box_w = 10, .box_h = 11, .ofs_x = 1, .ofs_y = 0},
    {.bitmap_index = 2355, .adv_w = 168, .box_w = 11, .box_h = 11, .ofs_x = 0, .ofs_y = 0},
    {.bitmap_index = 2416, .adv_w = 244, .box_w = 15, .box_h = 11, .ofs_x = 0, .ofs_y = 0},
    {.bitmap_index = 2499, .adv_w = 170, .box_w = 11, .box_h = 11, .ofs_x = 0, .ofs_y = 0},
    {.bitmap_index = 2560, .adv_w = 162, .box_w = 10, .box_h = 11, .ofs_x = 0, .ofs_y = 0},
    {.bitmap_index = 2615, .adv_w = 170, .box_w = 10, .box_h = 11, .ofs_x = 0, .ofs_y = 0},
    {.bitmap_index = 2670, .adv_w = 80, .box_w = 4, .box_h = 15, .ofs_x = 1, .ofs_y = -3},
    {.bitmap_index = 2700, .adv_w = 139, .box_w = 9, .box_h = 14, .ofs_x = 0, .ofs_y = -2},
    {.bitmap_index = 2763, .adv_w = 80, .box_w = 4, .box_h = 15, .ofs_x = 0, .ofs_y = -3},
    {.bitmap_index = 2793, .adv_w = 150, .box_w = 8, .box_h = 6, .ofs_x = 1, .ofs_y = 5},
    {.bitmap_index = 2817, .adv_w = 136, .box_w = 9, .box_h = 2, .ofs_x = 0, .ofs_y = -4},
    {.bitmap_index = 2826, .adv_w = 94, .box_w = 5, .box_h = 3, .ofs_x = 0, .ofs_y = 10},
    {.bitmap_index = 2834, .adv_w = 166, .box_w = 9, .box_h = 9, .ofs_x = 0, .ofs_y = 0},
    {.bitmap_index = 2875, .adv_w = 173, .box_w = 9, .box_h = 12, .ofs_x = 1, .ofs_y = 0},
    {.bitmap_index = 2929, .adv_w = 135, .box_w = 7, .box_h = 9, .ofs_x = 1, .ofs_y = 0},
    {.bitmap_index = 2961, .adv_w = 173, .box_w = 9, .box_h = 12, .ofs_x = 1, .ofs_y = 0},
    {.bitmap_index = 3015, .adv_w = 157, .box_w = 8, .box_h = 9, .ofs_x = 1, .ofs_y = 0},
    {.bitmap_index = 3051, .adv_w = 95, .box_w = 6, .box_h = 12, .ofs_x = 0, .ofs_y = 0},
    {.bitmap_index = 3087, .adv_w = 173, .box_w = 9, .box_h = 12, .ofs_x = 1, .ofs_y = -3},
    {.bitmap_index = 3141, .adv_w = 168, .box_w = 9, .box_h = 12, .ofs_x = 1, .ofs_y = 0},
    {.bitmap_index = 3195, .adv_w = 73, .box_w = 3, .box_h = 12, .ofs_x = 1, .ofs_y = 0},
    {.bitmap_index = 3213, .adv_w = 73, .box_w = 6, .box_h = 15, .ofs_x = -2, .ofs_y = -3},
    {.bitmap_index = 3258, .adv_w = 141, .box_w = 8, .box_h = 12, .ofs_x = 1, .ofs_y = 0},
    {.bitmap_index = 3306, .adv_w = 78, .box_w = 4, .box_h = 12, .ofs_x = 1, .ofs_y = 0},
    {.bitmap_index = 3330, .adv_w = 251, .box_w = 14, .box_h = 9, .ofs_x = 1, .ofs_y = 0},
    {.bitmap_index = 3393, .adv_w = 168, .box_w = 9, .box_h = 9, .ofs_x = 1, .ofs_y = 0},
    {.bitmap_index = 3434, .adv_w = 168, .box_w = 9, .box_h = 9, .ofs_x = 1, .ofs_y = 0},
    {.bitmap_index = 3475, .adv_w = 173, .box_w = 9, .box_h = 12, .ofs_x = 1, .ofs_y = -3},
    {.bitmap_index = 3529, .adv_w = 173, .box_w = 9, .box_h = 12, .ofs_x = 1, .ofs_y = -3},
    {.bitmap_index = 3583, .adv_w = 103, .box_w = 6, .box_h = 9, .ofs_x = 1, .ofs_y = 0},
    {.bitmap_index = 3610, .adv_w = 130, .box_w = 7, .box_h = 9, .ofs_x = 1, .ofs_y = 0},
    {.bitmap_index = 3642, .adv_w = 92, .box_w = 6, .box_h = 11, .ofs_x = 0, .ofs_y = 0},
    {.bitmap_index = 3675, .adv_w = 167, .box_w = 8, .box_h = 9, .ofs_x = 1, .ofs_y = 0},
    {.bitmap_index = 3711, .adv_w = 143, .box_w = 9, .box_h = 9, .ofs_x = 0, .ofs_y = 0},
    {.bitmap_index = 3752, .adv_w = 225, .box_w = 14, .box_h = 9, .ofs_x = 0, .ofs_y = 0},
    {.bitmap_index = 3815, .adv_w = 140, .box_w = 9, .box_h = 9, .ofs_x = 0, .ofs_y = 0},
    {.bitmap_index = 3856, .adv_w = 143, .box_w = 9, .box_h = 12, .ofs_x = 0, .ofs_y = -3},
    {.bitmap_index = 3910, .adv_w = 138, .box_w = 8, .box_h = 9, .ofs_x = 0, .ofs_y = 0},
    {.bitmap_index = 3946, .adv_w = 81, .box_w = 5, .box_h = 15, .ofs_x = 0, .ofs_y = -3},
    {.bitmap_index = 3984, .adv_w = 50, .box_w = 3, .box_h = 15, .ofs_x = 0, .ofs_y = -3},
    {.bitmap_index = 4007, .adv_w = 81, .box_w = 5, .box_h = 15, .ofs_x = 0, .ofs_y = -3},
    {.bitmap_index = 4045, .adv_w = 150, .box_w = 9, .box_h = 4, .ofs_x = 0, .ofs_y = 3},
    {.bitmap_index = 4063, .adv_w = 268, .box_w = 16, .box_h = 16, .ofs_x = 0, .ofs_y = -2},
    {.bitmap_index = 4191, .adv_w = 268, .box_w = 15, .box_h = 16, .ofs_x = 0, .ofs_y = -2},
    {.bitmap_index = 4311, .adv_w = 268, .box_w = 16, .box_h = 15, .ofs_x = 0, .ofs_y = -2},
    {.bitmap_index = 4431, .adv_w = 268, .box_w = 16, .box_h = 18, .ofs_x = 0, .ofs_y = -3},
    {.bitmap_index = 4575, .adv_w = 268, .box_w = 17, .box_h = 16, .ofs_x = 0, .ofs_y = -2},
    {.bitmap_index = 4711, .adv_w = 268, .box_w = 16, .box_h = 15, .ofs_x = 0, .ofs_y = -1},
    {.bitmap_index = 4831, .adv_w = 268, .box_w = 17, .box_h = 16, .ofs_x = 0, .ofs_y = -2},
    {.bitmap_index = 4967, .adv_w = 268, .box_w = 16, .box_h = 16, .ofs_x = 0, .ofs_y = -2},
    {.bitmap_index = 5095, .adv_w = 272, .box_w = 18, .box_h = 18, .ofs_x = -1, .ofs_y = -3},
    {.bitmap_index = 5257, .adv_w = 272, .box_w = 17, .box_h = 13, .ofs_x = 0, .ofs_y = 0},
    {.bitmap_index = 5368, .adv_w = 272, .box_w = 17, .box_h = 16, .ofs_x = 0, .ofs_y = -2},
    {.bitmap_index = 5504, .adv_w = 272, .box_w = 17, .box_h = 13, .ofs_x = 0, .ofs_y = 0},
    {.bitmap_index = 5615, .adv_w = 187, .box_w = 12, .box_h = 13, .ofs_x = 0, .ofs_y = 0},
    {.bitmap_index = 5693, .adv_w = 272, .box_w = 17, .box_h = 17, .ofs_x = 0, .ofs_y = -2},
    {.bitmap_index = 5838, .adv_w = 272, .box_w = 17, .box_h = 18, .ofs_x = 0, .ofs_y = -3},
    {.bitmap_index = 5991, .adv_w = 306, .box_w = 20, .box_h = 16, .ofs_x = 0, .ofs_y = -2},
    {.bitmap_index = 6151, .adv_w = 272, .box_w = 17, .box_h = 17, .ofs_x = 0, .ofs_y = -2},
    {.bitmap_index = 6296, .adv_w = 306, .box_w = 20, .box_h = 13, .ofs_x = 0, .ofs_y = 0},
    {.bitmap_index = 6426, .adv_w = 272, .box_w = 17, .box_h = 19, .ofs_x = 0, .ofs_y = -3},
    {.bitmap_index = 6588, .adv_w = 136, .box_w = 9, .box_h = 14, .ofs_x = 0, .ofs_y = -1},
    {.bitmap_index = 6651, .adv_w = 204, .box_w = 13, .box_h = 14, .ofs_x = 0, .ofs_y = -1},
    {.bitmap_index = 6742, .adv_w = 306, .box_w = 20, .box_h = 17, .ofs_x = 0, .ofs_y = -2},
    {.bitmap_index = 6912, .adv_w = 272, .box_w = 17, .box_h = 13, .ofs_x = 0, .ofs_y = 0},
    {.bitmap_index = 7023, .adv_w = 187, .box_w = 12, .box_h = 18, .ofs_x = 0, .ofs_y = -3},
    {.bitmap_index = 7131, .adv_w = 238, .box_w = 11, .box_h = 17, .ofs_x = 2, .ofs_y = -2},
    {.bitmap_index = 7225, .adv_w = 238, .box_w = 15, .box_h = 19, .ofs_x = 0, .ofs_y = -3},
    {.bitmap_index = 7368, .adv_w = 238, .box_w = 15, .box_h = 16, .ofs_x = 0, .ofs_y = -2},
    {.bitmap_index = 7488, .adv_w = 238, .box_w = 15, .box_h = 16, .ofs_x = 0, .ofs_y = -2},
    {.bitmap_index = 7608, .adv_w = 238, .box_w = 11, .box_h = 17, .ofs_x = 2, .ofs_y = -2},
    {.bitmap_index = 7702, .adv_w = 238, .box_w = 17, .box_h = 16, .ofs_x = -1, .ofs_y = -2},
    {.bitmap_index = 7838, .adv_w = 170, .box_w = 10, .box_h = 15, .ofs_x = 0, .ofs_y = -1},
    {.bitmap_index = 7913, .adv_w = 170, .box_w = 10, .box_h = 15, .ofs_x = 0, .ofs_y = -1},
    {.bitmap_index = 7988, .adv_w = 238, .box_w = 15, .box_h = 16, .ofs_x = 0, .ofs_y = -2},
    {.bitmap_index = 8108, .adv_w = 238, .box_w = 15, .box_h = 4, .ofs_x = 0, .ofs_y = 4},
    {.bitmap_index = 8138, .adv_w = 306, .box_w = 20, .box_h = 13, .ofs_x = 0, .ofs_y = 0},
    {.bitmap_index = 8268, .adv_w = 340, .box_w = 22, .box_h = 18, .ofs_x = 0, .ofs_y = -3},
    {.bitmap_index = 8466, .adv_w = 306, .box_w = 21, .box_h = 18, .ofs_x = -1, .ofs_y = -3},
    {.bitmap_index = 8655, .adv_w = 272, .box_w = 17, .box_h = 16, .ofs_x = 0, .ofs_y = -2},
    {.bitmap_index = 8791, .adv_w = 238, .box_w = 15, .box_h = 10, .ofs_x = 0, .ofs_y = 1},
    {.bitmap_index = 8866, .adv_w = 238, .box_w = 15, .box_h = 10, .ofs_x = 0, .ofs_y = 1},
    {.bitmap_index = 8941, .adv_w = 340, .box_w = 23, .box_h = 13, .ofs_x = -1, .ofs_y = 0},
    {.bitmap_index = 9091, .adv_w = 272, .box_w = 17, .box_h = 13, .ofs_x = 0, .ofs_y = 0},
    {.bitmap_index = 9202, .adv_w = 272, .box_w = 17, .box_h = 17, .ofs_x = 0, .ofs_y = -2},
    {.bitmap_index = 9347, .adv_w = 272, .box_w = 18, .box_h = 19, .ofs_x = -1, .ofs_y = -3},
    {.bitmap_index = 9518, .adv_w = 238, .box_w = 16, .box_h = 16, .ofs_x = 0, .ofs_y = -2},
    {.bitmap_index = 9646, .adv_w = 238, .box_w = 15, .box_h = 18, .ofs_x = 0, .ofs_y = -3},
    {.bitmap_index = 9781, .adv_w = 238, .box_w = 15, .box_h = 16, .ofs_x = 0, .ofs_y = -2},
    {.bitmap_index = 9901, .adv_w = 238, .box_w = 15, .box_h = 14, .ofs_x = 0, .ofs_y = -1},
    {.bitmap_index = 10006, .adv_w = 272, .box_w = 17, .box_h = 13, .ofs_x = 0, .ofs_y = 0},
    {.bitmap_index = 10117, .adv_w = 170, .box_w = 12, .box_h = 18, .ofs_x = -1, .ofs_y = -3},
    {.bitmap_index = 10225, .adv_w = 238, .box_w = 15, .box_h = 18, .ofs_x = 0, .ofs_y = -3},
    {.bitmap_index = 10360, .adv_w = 238, .box_w = 15, .box_h = 18, .ofs_x = 0, .ofs_y = -3},
    {.bitmap_index = 10495, .adv_w = 306, .box_w = 20, .box_h = 13, .ofs_x = 0, .ofs_y = 0},
    {.bitmap_index = 10625, .adv_w = 272, .box_w = 19, .box_h = 19, .ofs_x = -1, .ofs_y = -3},
    {.bitmap_index = 10806, .adv_w = 204, .box_w = 13, .box_h = 18, .ofs_x = 0, .ofs_y = -3},
    {.bitmap_index = 10923, .adv_w = 340, .box_w = 22, .box_h = 17, .ofs_x = 0, .ofs_y = -2},
    {.bitmap_index = 11110, .adv_w = 340, .box_w = 22, .box_h = 11, .ofs_x = 0, .ofs_y = 1},
    {.bitmap_index = 11231, .adv_w = 340, .box_w = 22, .box_h = 11, .ofs_x = 0, .ofs_y = 1},
    {.bitmap_index = 11352, .adv_w = 340, .box_w = 22, .box_h = 11, .ofs_x = 0, .ofs_y = 1},
    {.bitmap_index = 11473, .adv_w = 340, .box_w = 22, .box_h = 11, .ofs_x = 0, .ofs_y = 1},
    {.bitmap_index = 11594, .adv_w = 340, .box_w = 22, .box_h = 11, .ofs_x = 0, .ofs_y = 1},
    {.bitmap_index = 11715, .adv_w = 340, .box_w = 22, .box_h = 14, .ofs_x = 0, .ofs_y = -1},
    {.bitmap_index = 11869, .adv_w = 238, .box_w = 13, .box_h = 18, .ofs_x = 1, .ofs_y = -3},
    {.bitmap_index = 11986, .adv_w = 238, .box_w = 15, .box_h = 18, .ofs_x = 0, .ofs_y = -3},
    {.bitmap_index = 12121, .adv_w = 272, .box_w = 18, .box_h = 18, .ofs_x = -1, .ofs_y = -3},
    {.bitmap_index = 12283, .adv_w = 340, .box_w = 22, .box_h = 13, .ofs_x = 0, .ofs_y = 0},
    {.bitmap_index = 12426, .adv_w = 204, .box_w = 13, .box_h = 18, .ofs_x = 0, .ofs_y = -3},
    {.bitmap_index = 12543, .adv_w = 274, .box_w = 18, .box_h = 11, .ofs_x = 0, .ofs_y = 1}
};

/*---------------------
 *  CHARACTER MAPPING
 *--------------------*/

static const uint16_t unicode_list_1[] = {
    0x0, 0x2a8, 0x10e6, 0x1197, 0x19e7, 0x3a92, 0x3e2e, 0x468e,
    0x9e9c, 0x9ea3, 0x9ea6, 0x9ea7, 0x9ea8, 0x9eac, 0x9eae, 0x9eb0,
    0x9eb4, 0x9eb7, 0x9ebc, 0x9ec1, 0x9ec2, 0x9ec3, 0x9ed9, 0x9ede,
    0x9ee3, 0x9ee6, 0x9ee7, 0x9ee8, 0x9eec, 0x9eed, 0x9eee, 0x9eef,
    0x9f02, 0x9f03, 0x9f09, 0x9f0b, 0x9f0c, 0x9f0f, 0x9f12, 0x9f13,
    0x9f14, 0x9f16, 0x9f2e, 0x9f30, 0x9f5f, 0x9f60, 0x9f62, 0x9f64,
    0x9f7b, 0x9f82, 0x9f85, 0x9f8e, 0x9fb7, 0x9fbf, 0x9ff6, 0xa086,
    0xa0db, 0xa0dc, 0xa0dd, 0xa0de, 0xa0df, 0xa122, 0xa12e, 0xa188,
    0xa19f, 0xa3f5, 0xa65d, 0xa73d
};

/*Collect the unicode lists and glyph_id offsets*/
static const lv_font_fmt_txt_cmap_t cmaps[] =
{
    {
        .range_start = 32, .range_length = 95, .glyph_id_start = 1,
        .unicode_list = NULL, .glyph_id_ofs_list = NULL, .list_length = 0, .type = LV_FONT_FMT_TXT_CMAP_FORMAT0_TINY
    },
    {
        .range_start = 20837, .range_length = 42814, .glyph_id_start = 96,
        .unicode_list = unicode_list_1, .glyph_id_ofs_list = NULL, .list_length = 68, .type = LV_FONT_FMT_TXT_CMAP_SPARSE_TINY
    }
};

/*-----------------
 *    KERNING
 *----------------*/


/*Pair left and right glyphs for kerning*/
static const uint8_t kern_pair_glyph_ids[] =
{
    3, 3,
    3, 8,
    3, 13,
    3, 15,
    8, 3,
    8, 8,
    8, 13,
    8, 15,
    9, 75,
    13, 3,
    13, 8,
    13, 18,
    13, 24,
    13, 26,
    15, 3,
    15, 8,
    15, 18,
    15, 24,
    15, 26,
    16, 16,
    18, 13,
    18, 15,
    18, 27,
    18, 28,
    24, 13,
    24, 15,
    24, 27,
    24, 28,
    27, 18,
    27, 24,
    28, 18,
    28, 24,
    34, 3,
    34, 8,
    34, 36,
    34, 40,
    34, 48,
    34, 50,
    34, 53,
    34, 54,
    34, 55,
    34, 56,
    34, 58,
    34, 71,
    34, 77,
    34, 85,
    34, 87,
    34, 90,
    35, 36,
    35, 40,
    35, 48,
    35, 50,
    35, 53,
    35, 55,
    35, 57,
    35, 58,
    37, 13,
    37, 15,
    37, 34,
    37, 53,
    37, 55,
    37, 56,
    37, 57,
    37, 58,
    37, 59,
    37, 66,
    38, 75,
    39, 13,
    39, 15,
    39, 34,
    39, 66,
    39, 73,
    39, 76,
    40, 55,
    40, 58,
    43, 43,
    44, 34,
    44, 36,
    44, 40,
    44, 48,
    44, 50,
    44, 53,
    44, 54,
    44, 55,
    44, 56,
    44, 58,
    44, 68,
    44, 69,
    44, 70,
    44, 72,
    44, 77,
    44, 80,
    44, 82,
    44, 84,
    44, 85,
    44, 86,
    44, 87,
    44, 88,
    44, 90,
    45, 3,
    45, 8,
    45, 34,
    45, 36,
    45, 40,
    45, 48,
    45, 50,
    45, 53,
    45, 54,
    45, 55,
    45, 56,
    45, 58,
    45, 87,
    45, 88,
    45, 90,
    48, 13,
    48, 15,
    48, 34,
    48, 53,
    48, 55,
    48, 56,
    48, 57,
    48, 58,
    48, 59,
    48, 66,
    49, 13,
    49, 15,
    49, 34,
    49, 53,
    49, 55,
    49, 56,
    49, 57,
    49, 58,
    49, 59,
    49, 66,
    50, 13,
    50, 15,
    50, 34,
    50, 43,
    50, 53,
    50, 55,
    50, 56,
    50, 57,
    50, 58,
    50, 59,
    50, 66,
    51, 36,
    51, 40,
    51, 48,
    51, 50,
    51, 53,
    51, 54,
    51, 55,
    51, 56,
    51, 57,
    51, 58,
    51, 68,
    51, 69,
    51, 70,
    51, 72,
    51, 80,
    51, 82,
    51, 85,
    51, 86,
    51, 87,
    51, 89,
    51, 90,
    52, 13,
    52, 15,
    52, 52,
    52, 53,
    52, 55,
    52, 56,
    52, 58,
    52, 85,
    52, 87,
    52, 88,
    52, 89,
    52, 90,
    53, 3,
    53, 8,
    53, 13,
    53, 15,
    53, 34,
    53, 36,
    53, 40,
    53, 48,
    53, 50,
    53, 52,
    53, 66,
    53, 68,
    53, 69,
    53, 70,
    53, 72,
    53, 74,
    53, 75,
    53, 78,
    53, 79,
    53, 80,
    53, 81,
    53, 82,
    53, 83,
    53, 84,
    53, 85,
    53, 86,
    53, 87,
    53, 88,
    53, 89,
    53, 90,
    53, 91,
    54, 34,
    54, 57,
    54, 89,
    55, 13,
    55, 15,
    55, 27,
    55, 28,
    55, 34,
    55, 36,
    55, 40,
    55, 48,
    55, 50,
    55, 52,
    55, 66,
    55, 68,
    55, 69,
    55, 70,
    55, 72,
    55, 73,
    55, 76,
    55, 80,
    55, 82,
    55, 84,
    55, 87,
    55, 90,
    56, 13,
    56, 15,
    56, 27,
    56, 28,
    56, 34,
    56, 36,
    56, 40,
    56, 48,
    56, 50,
    56, 66,
    56, 68,
    56, 69,
    56, 70,
    56, 72,
    56, 80,
    56, 82,
    56, 84,
    57, 34,
    57, 36,
    57, 40,
    57, 48,
    57, 50,
    57, 53,
    57, 54,
    57, 55,
    57, 56,
    57, 58,
    57, 68,
    57, 69,
    57, 70,
    57, 72,
    57, 77,
    57, 80,
    57, 82,
    57, 84,
    57, 85,
    57, 86,
    57, 87,
    57, 88,
    57, 90,
    58, 3,
    58, 8,
    58, 13,
    58, 15,
    58, 27,
    58, 28,
    58, 34,
    58, 36,
    58, 40,
    58, 48,
    58, 50,
    58, 52,
    58, 66,
    58, 68,
    58, 69,
    58, 70,
    58, 71,
    58, 72,
    58, 73,
    58, 74,
    58, 76,
    58, 78,
    58, 79,
    58, 80,
    58, 81,
    58, 82,
    58, 83,
    58, 84,
    58, 85,
    58, 86,
    58, 87,
    58, 89,
    58, 90,
    58, 91,
    59, 36,
    59, 40,
    59, 48,
    59, 50,
    60, 75,
    66, 53,
    66, 55,
    66, 58,
    66, 87,
    66, 88,
    66, 90,
    67, 13,
    67, 15,
    67, 53,
    67, 55,
    67, 56,
    67, 57,
    67, 58,
    67, 87,
    67, 89,
    67, 90,
    70, 13,
    70, 15,
    70, 53,
    70, 58,
    70, 75,
    71, 3,
    71, 8,
    71, 10,
    71, 11,
    71, 13,
    71, 15,
    71, 32,
    71, 53,
    71, 55,
    71, 56,
    71, 57,
    71, 58,
    71, 62,
    71, 66,
    71, 68,
    71, 69,
    71, 70,
    71, 71,
    71, 72,
    71, 73,
    71, 74,
    71, 75,
    71, 76,
    71, 77,
    71, 80,
    71, 82,
    71, 84,
    71, 85,
    71, 94,
    73, 53,
    73, 58,
    73, 87,
    73, 90,
    74, 3,
    74, 8,
    74, 10,
    74, 32,
    74, 53,
    74, 62,
    74, 94,
    75, 53,
    76, 53,
    76, 54,
    76, 56,
    76, 66,
    76, 68,
    76, 69,
    76, 70,
    76, 72,
    76, 77,
    76, 80,
    76, 82,
    76, 86,
    77, 71,
    77, 87,
    77, 88,
    77, 90,
    78, 53,
    78, 58,
    78, 87,
    78, 90,
    79, 53,
    79, 58,
    79, 87,
    79, 90,
    80, 13,
    80, 15,
    80, 53,
    80, 55,
    80, 56,
    80, 57,
    80, 58,
    80, 87,
    80, 89,
    80, 90,
    81, 13,
    81, 15,
    81, 53,
    81, 55,
    81, 56,
    81, 57,
    81, 58,
    81, 87,
    81, 89,
    81, 90,
    82, 53,
    82, 58,
    82, 75,
    83, 3,
    83, 8,
    83, 13,
    83, 15,
    83, 66,
    83, 68,
    83, 69,
    83, 70,
    83, 71,
    83, 80,
    83, 82,
    83, 85,
    84, 53,
    84, 55,
    84, 56,
    84, 57,
    84, 58,
    84, 87,
    84, 89,
    84, 90,
    85, 71,
    86, 53,
    86, 58,
    87, 13,
    87, 15,
    87, 53,
    87, 57,
    87, 66,
    87, 68,
    87, 69,
    87, 70,
    87, 80,
    87, 82,
    88, 13,
    88, 15,
    88, 53,
    88, 57,
    88, 66,
    89, 53,
    89, 54,
    89, 56,
    89, 66,
    89, 68,
    89, 69,
    89, 70,
    89, 72,
    89, 77,
    89, 80,
    89, 82,
    89, 86,
    90, 13,
    90, 15,
    90, 53,
    90, 57,
    90, 66,
    90, 68,
    90, 69,
    90, 70,
    90, 80,
    90, 82,
    91, 53,
    92, 73,
    92, 75,
    92, 76
};

/* Kerning between the respective left and right glyphs
 * 4.4 format which needs to scaled with `kern_scale`*/
static const int8_t kern_pair_values[] =
{
    -15, -16, -49, -49, -15, -16, -49, -49,
    16, -44, -44, -38, -11, -11, -44, -44,
    -38, -11, -11, -33, -27, -27, -27, -27,
    -44, -44, -27, -27, -21, -16, -21, -16,
    -27, -27, -5, -5, -5, -5, -22, -3,
    -19, -11, -22, -5, -3, -5, -5, -5,
    -3, -3, -3, -3, -11, -5, -5, -6,
    -16, -16, -5, -10, -8, -5, -5, -11,
    -5, -11, 5, -43, -43, -11, -16, 0,
    0, -3, -6, 2, -5, -5, -5, -5,
    -5, -5, -11, -11, -11, -11, -11, -11,
    -11, -11, -11, -11, -11, -5, -3, -11,
    -16, -11, -16, -27, -27, 5, -16, -16,
    -16, -16, -21, -5, -21, -11, -27, -11,
    -6, -11, -16, -16, -5, -10, -8, -5,
    -5, -11, -5, -11, -54, -54, -16, -8,
    -3, -3, -14, -5, -11, -16, -16, -16,
    -5, 2, -10, -8, -5, -5, -11, -5,
    -11, -4, -4, -4, -4, -11, -3, -6,
    -3, -8, -11, -5, -5, -5, -5, -5,
    -5, -5, -3, -3, 5, -3, -5, -5,
    0, 0, -6, -3, -6, 0, -5, -3,
    0, -5, 1, 1, -42, -42, -22, -5,
    -5, -5, -5, 0, -22, -16, -16, -16,
    -16, -5, -5, -16, -16, -16, -16, -16,
    -16, -16, 5, -21, -11, -5, -11, -11,
    -16, -3, -5, 0, -38, -38, -11, -11,
    -19, -8, -8, -8, -8, -3, -11, -6,
    -6, -6, -6, 0, 0, -6, -6, -6,
    0, 0, -21, -21, -11, -11, -11, -5,
    -5, -5, -5, -11, -5, -5, -5, -5,
    -5, -5, -5, -5, -5, -5, -5, -5,
    -5, -11, -11, -11, -11, -11, -11, -11,
    -11, -11, -11, -11, -5, -3, -11, -16,
    -11, -16, 0, 0, -38, -38, -16, -16,
    -22, -11, -11, -11, -11, 0, -27, -16,
    -16, -16, 0, -16, 0, -5, 0, -11,
    -11, -16, -11, -16, -11, -17, 0, -11,
    -11, -11, -11, -11, -5, -5, -5, -5,
    22, -16, -6, -17, -3, -3, -3, -11,
    -11, -16, -6, -5, -11, -16, -3, -5,
    -3, -5, -5, -16, -11, 5, 1, 1,
    0, 17, 0, 0, 11, 11, 6, 6,
    6, 0, 6, -8, -5, -5, -5, 0,
    -11, -5, -5, -5, -5, -5, -5, -5,
    -5, 0, 1, -16, -11, -3, -3, 1,
    1, 1, 1, -5, 11, 6, -5, -11,
    0, -5, -5, -5, -5, -5, -5, -5,
    -5, -5, -3, -5, -5, -3, -5, -16,
    -11, -3, -3, -16, -11, -3, -3, -11,
    -11, -16, -6, -5, -11, -16, -3, -5,
    -3, -11, -11, -16, -6, -5, -11, -16,
    -3, -5, -3, -5, -5, 5, 1, 1,
    -24, -24, -13, -5, -5, -5, 0, -5,
    -5, 5, -16, -6, -5, -5, -16, -5,
    -3, -5, 0, -11, -5, -24, -24, -11,
    -11, -10, -3, -3, -3, -3, -3, -14,
    -14, -5, -11, -8, -11, 0, -5, -5,
    -5, -5, -5, -5, -5, -5, -5, -3,
    -24, -24, -11, -11, -10, -3, -3, -3,
    -3, -3, -16, 1, 21, 1
};

/*Collect the kern pair's data in one place*/
static const lv_font_fmt_txt_kern_pair_t kern_pairs =
{
    .glyph_ids = kern_pair_glyph_ids,
    .values = kern_pair_values,
    .pair_cnt = 486,
    .glyph_ids_size = 0
};

/*--------------------
 *  ALL CUSTOM DATA
 *--------------------*/

#if LVGL_VERSION_MAJOR == 8
/*Store all the custom data of the font*/
static  lv_font_fmt_txt_glyph_cache_t cache;
#endif

#if LVGL_VERSION_MAJOR >= 8
static const lv_font_fmt_txt_dsc_t font_dsc = {
#else
static lv_font_fmt_txt_dsc_t font_dsc = {
#endif
    .glyph_bitmap = glyph_bitmap,
    .glyph_dsc = glyph_dsc,
    .cmaps = cmaps,
    .kern_dsc = &kern_pairs,
    .kern_scale = 16,
    .cmap_num = 2,
    .bpp = 4,
    .kern_classes = 0,
    .bitmap_format = 0,
#if LVGL_VERSION_MAJOR == 8
    .cache = &cache
#endif
};



/*-----------------
 *  PUBLIC FONT
 *----------------*/

/*Initialize a public general font descriptor*/
#if LVGL_VERSION_MAJOR >= 8
const lv_font_t lv_font_Alibaba_PuHuiTi_2_0_55_Regular_55_Regular_17 = {
#else
lv_font_t lv_font_Alibaba_PuHuiTi_2_0_55_Regular_55_Regular_17 = {
#endif
    .get_glyph_dsc = lv_font_get_glyph_dsc_fmt_txt,    /*Function pointer to get glyph's data*/
    .get_glyph_bitmap = lv_font_get_bitmap_fmt_txt,    /*Function pointer to get glyph's bitmap*/
    .line_height = 20,          /*The maximum line height required by the font*/
    .base_line = 4,             /*Baseline measured from the bottom of the line*/
#if !(LVGL_VERSION_MAJOR == 6 && LVGL_VERSION_MINOR == 0)
    .subpx = LV_FONT_SUBPX_NONE,
#endif
#if LV_VERSION_CHECK(7, 4, 0) || LVGL_VERSION_MAJOR >= 8
    .underline_position = -1,
    .underline_thickness = 1,
#endif
    .dsc = &font_dsc,          /*The custom font data. Will be accessed by `get_glyph_bitmap/dsc` */
#if LV_VERSION_CHECK(8, 2, 0) || LVGL_VERSION_MAJOR >= 9
    .fallback = NULL,
#endif
    .user_data = NULL,
};



#endif /*#if LV_FONT_ALIBABA_PUHUITI_2_0_55_REGULAR_55_REGULAR_17*/

