/*******************************************************************************
 * Size: 42 px
 * Bpp: 2
 * Opts: --font E:\DESK\wps\dashcam\assets\fonts\pingfang_SC\pingfang_SC.ttf -r 0x20-0x7F --symbols .0123456789Va --size 42 -o E:\DESK\wps\dashcam\beken_generated\fonts\lv_font_pingfang_SC_42.c --format lvgl --bpp 2 --no-compress --lv-include lvgl.h --font E:\DESK\tools\lvgl_ui_designer_1.1.11\resources\assets\fonts\FontAwesome5.woff -r 61441, 61448, 61451, 61452, 61453, 61457, 61459, 61461, 61465, 61468,                                61473, 61478, 61479, 61480, 61502, 61507, 61512, 61515, 61516, 61517,                                61521, 61522, 61523, 61524, 61543, 61544, 61550, 61552, 61553, 61556,                                61559, 61560, 61561, 61563, 61587, 61589, 61636, 61637, 61639, 61641,                                61664, 61671, 61674, 61683, 61724, 61732, 61787, 61931, 62016, 62017,                                62018, 62019, 62020, 62087, 62099, 62189, 62212, 62810, 63426, 63650
 ******************************************************************************/

#ifdef LV_LVGL_H_INCLUDE_SIMPLE
#include "lvgl.h"
#else
#include "lvgl.h"
#endif

#ifndef LV_FONT_PINGFANG_SC_42
#define LV_FONT_PINGFANG_SC_42 1
#endif

#if LV_FONT_PINGFANG_SC_42

/*-----------------
 *    BITMAPS
 *----------------*/

/*Store the image of the glyphs*/
static LV_ATTRIBUTE_LARGE_CONST const uint8_t glyph_bitmap[] = {
    /* U+0020 " " */

    /* U+0021 "!" */
    0x3f, 0xfc, 0x3f, 0xfc, 0x2f, 0xf8, 0x2f, 0xf8,
    0x2f, 0xf8, 0x2f, 0xf8, 0x2f, 0xf8, 0x1f, 0xf4,
    0x1f, 0xf4, 0x1f, 0xf4, 0x1f, 0xf4, 0x1f, 0xf4,
    0xf, 0xf0, 0xf, 0xf0, 0xf, 0xf0, 0xf, 0xf0,
    0xf, 0xf0, 0xf, 0xf0, 0xf, 0xf0, 0xf, 0xf0,
    0xf, 0xf0, 0x0, 0x0, 0x0, 0x0, 0x0, 0x0,
    0xf, 0xf0, 0x3f, 0xfc, 0x3f, 0xfc, 0x3f, 0xfc,
    0x2f, 0xf8, 0xb, 0xe0,

    /* U+0022 "\"" */
    0xbf, 0xd0, 0x3f, 0xf2, 0xff, 0x40, 0xff, 0xc7,
    0xfd, 0x3, 0xff, 0x1f, 0xf0, 0xb, 0xfc, 0x7f,
    0xc0, 0x2f, 0xf1, 0xff, 0x0, 0xbf, 0xc3, 0xfc,
    0x2, 0xfe, 0xf, 0xf0, 0xb, 0xf8, 0x3f, 0xc0,
    0x1f, 0xe0, 0xff, 0x0, 0x7f, 0x82, 0xa8, 0x0,
    0xa9, 0x0,

    /* U+0023 "#" */
    0x0, 0x2, 0xfc, 0x0, 0x7f, 0x40, 0x0, 0x3,
    0xfc, 0x0, 0xbf, 0x40, 0x0, 0x3, 0xfc, 0x0,
    0xbf, 0x0, 0x0, 0x3, 0xfc, 0x0, 0xff, 0x0,
    0x0, 0x3, 0xf8, 0x0, 0xff, 0x0, 0x0, 0x7,
    0xf4, 0x0, 0xfe, 0x0, 0x0, 0xb, 0xf4, 0x1,
    0xfe, 0x0, 0xf, 0xff, 0xff, 0xff, 0xff, 0xfc,
    0xf, 0xff, 0xff, 0xff, 0xff, 0xfc, 0xf, 0xff,
    0xff, 0xff, 0xff, 0xfc, 0x5, 0x6f, 0xf5, 0x57,
    0xfd, 0x54, 0x0, 0x1f, 0xe0, 0x3, 0xfc, 0x0,
    0x0, 0x2f, 0xd0, 0x7, 0xf8, 0x0, 0x0, 0x2f,
    0xc0, 0x7, 0xf4, 0x0, 0x0, 0x3f, 0xc0, 0xb,
    0xf4, 0x0, 0x0, 0x3f, 0xc0, 0xf, 0xf0, 0x0,
    0x0, 0x3f, 0x80, 0xf, 0xf0, 0x0, 0x0, 0x7f,
    0x80, 0xf, 0xf0, 0x0, 0x0, 0xbf, 0x40, 0x1f,
    0xe0, 0x0, 0x0, 0xbf, 0x0, 0x1f, 0xd0, 0x0,
    0x7f, 0xff, 0xff, 0xff, 0xff, 0xd0, 0xbf, 0xff,
    0xff, 0xff, 0xff, 0xd0, 0xff, 0xff, 0xff, 0xff,
    0xff, 0xc0, 0x56, 0xfe, 0x55, 0x7f, 0xd5, 0x40,
    0x1, 0xfd, 0x0, 0x3f, 0x80, 0x0, 0x2, 0xfd,
    0x0, 0x7f, 0x80, 0x0, 0x3, 0xfc, 0x0, 0xbf,
    0x40, 0x0, 0x3, 0xfc, 0x0, 0xbf, 0x0, 0x0,
    0x3, 0xfc, 0x0, 0xff, 0x0, 0x0, 0x7, 0xf8,
    0x0, 0xff, 0x0, 0x0,

    /* U+0024 "$" */
    0x0, 0x0, 0xa, 0x80, 0x0, 0x0, 0x0, 0x0,
    0x3f, 0x0, 0x0, 0x0, 0x0, 0x0, 0xfc, 0x0,
    0x0, 0x0, 0x0, 0x17, 0xf5, 0x0, 0x0, 0x0,
    0x2f, 0xff, 0xff, 0xe0, 0x0, 0x7, 0xff, 0xff,
    0xff, 0xf0, 0x0, 0x7f, 0xff, 0xff, 0xff, 0xf0,
    0x3, 0xff, 0xfb, 0xfb, 0xff, 0xe0, 0x1f, 0xfd,
    0xf, 0xc2, 0xff, 0xc0, 0xff, 0xd0, 0x3f, 0x2,
    0xff, 0x83, 0xff, 0x0, 0xfc, 0x3, 0xff, 0xf,
    0xfc, 0x3, 0xf0, 0xf, 0xfc, 0x3f, 0xf0, 0xf,
    0xc0, 0x0, 0x0, 0xff, 0xe0, 0x3f, 0x0, 0x0,
    0x2, 0xff, 0xe0, 0xfc, 0x0, 0x0, 0x3, 0xff,
    0xfb, 0xf0, 0x0, 0x0, 0x7, 0xff, 0xff, 0xc0,
    0x0, 0x0, 0x7, 0xff, 0xff, 0xe0, 0x0, 0x0,
    0x7, 0xff, 0xff, 0xfd, 0x0, 0x0, 0x0, 0xbf,
    0xff, 0xff, 0x40, 0x0, 0x0, 0x1f, 0xff, 0xff,
    0x40, 0x0, 0x0, 0x3f, 0xff, 0xff, 0x40, 0x0,
    0x0, 0xfc, 0x2f, 0xff, 0x0, 0x0, 0x3, 0xf0,
    0x1f, 0xfc, 0x2a, 0x90, 0xf, 0xc0, 0x2f, 0xf5,
    0xff, 0x80, 0x3f, 0x0, 0x7f, 0xe3, 0xff, 0x0,
    0xfc, 0x1, 0xff, 0x8f, 0xfc, 0x3, 0xf0, 0xb,
    0xfd, 0x2f, 0xf8, 0xf, 0xc0, 0x3f, 0xf4, 0x3f,
    0xf8, 0x3f, 0x7, 0xff, 0xc0, 0xbf, 0xfe, 0xfe,
    0xff, 0xfd, 0x0, 0xff, 0xff, 0xff, 0xff, 0xe0,
    0x0, 0xff, 0xff, 0xff, 0xfe, 0x0, 0x0, 0x7f,
    0xff, 0xff, 0x80, 0x0, 0x0, 0x6, 0xfd, 0x50,
    0x0, 0x0, 0x0, 0x3, 0xf0, 0x0, 0x0, 0x0,
    0x0, 0xf, 0xc0, 0x0, 0x0, 0x0, 0x0, 0x3f,
    0x0, 0x0, 0x0,

    /* U+0025 "%" */
    0x0, 0x2f, 0xf8, 0x0, 0x0, 0x0, 0x3f, 0xc0,
    0x0, 0x0, 0x7f, 0xff, 0xe0, 0x0, 0x0, 0x1f,
    0xd0, 0x0, 0x0, 0x7f, 0xff, 0xfd, 0x0, 0x0,
    0xf, 0xf0, 0x0, 0x0, 0x3f, 0xe0, 0xbf, 0xc0,
    0x0, 0x7, 0xf0, 0x0, 0x0, 0x1f, 0xf0, 0xf,
    0xf8, 0x0, 0x3, 0xf8, 0x0, 0x0, 0xb, 0xf8,
    0x2, 0xff, 0x0, 0x2, 0xfc, 0x0, 0x0, 0x3,
    0xfe, 0x0, 0x7f, 0xc0, 0x0, 0xfe, 0x0, 0x0,
    0x0, 0xff, 0x40, 0x1f, 0xf0, 0x0, 0xbf, 0x0,
    0x0, 0x0, 0x3f, 0xd0, 0x7, 0xfc, 0x0, 0x3f,
    0x40, 0x0, 0x0, 0xf, 0xf4, 0x1, 0xff, 0x0,
    0x2f, 0xc0, 0x0, 0x0, 0x3, 0xfe, 0x0, 0x7f,
    0xc0, 0x1f, 0xd0, 0x0, 0x0, 0x0, 0xbf, 0x80,
    0x2f, 0xf0, 0xf, 0xf0, 0x0, 0x0, 0x0, 0x1f,
    0xf0, 0xf, 0xf4, 0x7, 0xf4, 0x0, 0x0, 0x0,
    0x3, 0xfe, 0xb, 0xfc, 0x3, 0xf8, 0x0, 0x0,
    0x0, 0x0, 0x3f, 0xff, 0xfd, 0x1, 0xfc, 0x0,
    0x6f, 0xf8, 0x0, 0x3, 0xff, 0xfd, 0x0, 0xfe,
    0x0, 0xbf, 0xff, 0xd0, 0x0, 0x1b, 0xe4, 0x0,
    0xbf, 0x0, 0xbf, 0xff, 0xfd, 0x0, 0x0, 0x0,
    0x0, 0x3f, 0x40, 0x7f, 0xc0, 0xbf, 0xc0, 0x0,
    0x0, 0x0, 0x2f, 0xc0, 0x3f, 0xe0, 0xf, 0xf4,
    0x0, 0x0, 0x0, 0x1f, 0xd0, 0xf, 0xf4, 0x3,
    0xfe, 0x0, 0x0, 0x0, 0xf, 0xf0, 0x7, 0xfc,
    0x0, 0xbf, 0xc0, 0x0, 0x0, 0x7, 0xf4, 0x1,
    0xff, 0x0, 0x2f, 0xf0, 0x0, 0x0, 0x3, 0xf8,
    0x0, 0x7f, 0xc0, 0xb, 0xfc, 0x0, 0x0, 0x1,
    0xfc, 0x0, 0x1f, 0xf0, 0x2, 0xff, 0x0, 0x0,
    0x0, 0xfe, 0x0, 0x3, 0xfd, 0x0, 0xff, 0x80,
    0x0, 0x0, 0xbf, 0x0, 0x0, 0xff, 0x80, 0x3f,
    0xd0, 0x0, 0x0, 0x3f, 0x80, 0x0, 0x1f, 0xf4,
    0x3f, 0xf0, 0x0, 0x0, 0x2f, 0xc0, 0x0, 0x2,
    0xff, 0xff, 0xf4, 0x0, 0x0, 0xf, 0xd0, 0x0,
    0x0, 0x2f, 0xff, 0xf4, 0x0, 0x0, 0xf, 0xf0,
    0x0, 0x0, 0x1, 0xbf, 0xe0, 0x0, 0x0, 0x2,
    0xa0, 0x0, 0x0, 0x0, 0x0, 0x0, 0x0,

    /* U+0026 "&" */
    0x0, 0x0, 0x5, 0x54, 0x0, 0x0, 0x0, 0x0,
    0x0, 0x1f, 0xff, 0xf8, 0x0, 0x0, 0x0, 0x0,
    0xb, 0xff, 0xff, 0xf0, 0x0, 0x0, 0x0, 0x2,
    0xff, 0xff, 0xff, 0xc0, 0x0, 0x0, 0x0, 0x7f,
    0xf9, 0x6f, 0xfe, 0x0, 0x0, 0x0, 0xb, 0xfd,
    0x0, 0x7f, 0xf0, 0x0, 0x0, 0x0, 0xff, 0xc0,
    0x3, 0xff, 0x0, 0x0, 0x0, 0xf, 0xfc, 0x0,
    0x3f, 0xf0, 0x0, 0x0, 0x0, 0xbf, 0xd0, 0x3,
    0xff, 0x0, 0x0, 0x0, 0x7, 0xff, 0x0, 0xbf,
    0xe0, 0x0, 0x0, 0x0, 0x3f, 0xf8, 0x2f, 0xfc,
    0x0, 0x0, 0x0, 0x1, 0xff, 0xef, 0xff, 0x40,
    0x0, 0x0, 0x0, 0xb, 0xff, 0xff, 0xd0, 0x0,
    0x0, 0x0, 0x0, 0x2f, 0xff, 0xf0, 0x0, 0x55,
    0x0, 0x0, 0x7, 0xff, 0xf8, 0x0, 0x2f, 0xf0,
    0x0, 0x3, 0xff, 0xff, 0xc0, 0x3, 0xff, 0x0,
    0x1, 0xff, 0xff, 0xff, 0x0, 0x3f, 0xf0, 0x0,
    0x7f, 0xfc, 0x3f, 0xfc, 0x3, 0xff, 0x0, 0xf,
    0xfe, 0x0, 0xff, 0xf0, 0x7f, 0xe0, 0x2, 0xff,
    0xc0, 0x3, 0xff, 0xcb, 0xfe, 0x0, 0x3f, 0xf0,
    0x0, 0xf, 0xff, 0xff, 0xc0, 0x3, 0xff, 0x0,
    0x0, 0x3f, 0xff, 0xfc, 0x0, 0x7f, 0xe0, 0x0,
    0x1, 0xff, 0xff, 0x80, 0x3, 0xfe, 0x0, 0x0,
    0x7, 0xff, 0xf0, 0x0, 0x3f, 0xf0, 0x0, 0x0,
    0x2f, 0xff, 0x0, 0x3, 0xff, 0x80, 0x0, 0x7,
    0xff, 0xf8, 0x0, 0x2f, 0xff, 0x40, 0x7, 0xff,
    0xff, 0xe0, 0x0, 0xff, 0xff, 0xff, 0xff, 0xff,
    0xff, 0x80, 0x3, 0xff, 0xff, 0xff, 0xff, 0x6f,
    0xfe, 0x0, 0xf, 0xff, 0xff, 0xff, 0x80, 0xbf,
    0xf4, 0x0, 0x1b, 0xff, 0xff, 0x80, 0x2, 0xff,
    0xd0, 0x0, 0x1, 0x55, 0x0, 0x0, 0x0, 0x0,

    /* U+0027 "'" */
    0xbf, 0xdb, 0xfd, 0x7f, 0xd7, 0xfc, 0x7f, 0xc7,
    0xfc, 0x3f, 0xc3, 0xfc, 0x3f, 0xc3, 0xfc, 0x2a,
    0x80,

    /* U+0028 "(" */
    0x0, 0x2, 0xa8, 0x0, 0xb, 0xf8, 0x0, 0xf,
    0xf0, 0x0, 0x3f, 0xd0, 0x0, 0x7f, 0xc0, 0x0,
    0xff, 0x80, 0x1, 0xff, 0x0, 0x3, 0xfe, 0x0,
    0x3, 0xfd, 0x0, 0xb, 0xfc, 0x0, 0xf, 0xf8,
    0x0, 0xf, 0xf4, 0x0, 0x1f, 0xf0, 0x0, 0x2f,
    0xf0, 0x0, 0x3f, 0xf0, 0x0, 0x3f, 0xe0, 0x0,
    0x3f, 0xe0, 0x0, 0x3f, 0xd0, 0x0, 0x3f, 0xd0,
    0x0, 0x7f, 0xd0, 0x0, 0x3f, 0xd0, 0x0, 0x3f,
    0xd0, 0x0, 0x3f, 0xe0, 0x0, 0x3f, 0xe0, 0x0,
    0x3f, 0xf0, 0x0, 0x2f, 0xf0, 0x0, 0x2f, 0xf0,
    0x0, 0x1f, 0xf4, 0x0, 0xf, 0xf8, 0x0, 0xb,
    0xfc, 0x0, 0x7, 0xfd, 0x0, 0x3, 0xfe, 0x0,
    0x2, 0xff, 0x0, 0x0, 0xff, 0x40, 0x0, 0xbf,
    0xc0, 0x0, 0x3f, 0xd0, 0x0, 0x1f, 0xf0, 0x0,
    0xf, 0xf4, 0x0, 0x3, 0xfc,

    /* U+0029 ")" */
    0x2a, 0x80, 0x0, 0x2f, 0xe0, 0x0, 0xf, 0xf0,
    0x0, 0xb, 0xfc, 0x0, 0x3, 0xfd, 0x0, 0x2,
    0xff, 0x0, 0x0, 0xff, 0x40, 0x0, 0xff, 0xc0,
    0x0, 0x7f, 0xc0, 0x0, 0x3f, 0xe0, 0x0, 0x3f,
    0xf0, 0x0, 0x1f, 0xf0, 0x0, 0xf, 0xf4, 0x0,
    0xf, 0xf8, 0x0, 0xf, 0xfc, 0x0, 0xb, 0xfc,
    0x0, 0xb, 0xfc, 0x0, 0x7, 0xfc, 0x0, 0x7,
    0xfc, 0x0, 0x7, 0xfd, 0x0, 0x7, 0xfc, 0x0,
    0x7, 0xfc, 0x0, 0xb, 0xfc, 0x0, 0xb, 0xfc,
    0x0, 0xf, 0xfc, 0x0, 0xf, 0xf8, 0x0, 0xf,
    0xf4, 0x0, 0x1f, 0xf4, 0x0, 0x2f, 0xf0, 0x0,
    0x3f, 0xe0, 0x0, 0x7f, 0xd0, 0x0, 0xbf, 0xc0,
    0x0, 0xff, 0x80, 0x1, 0xff, 0x0, 0x3, 0xfe,
    0x0, 0x7, 0xfc, 0x0, 0xf, 0xf4, 0x0, 0x1f,
    0xe0, 0x0, 0x3f, 0xc0, 0x0,

    /* U+002A "*" */
    0x0, 0x0, 0xff, 0x0, 0x0, 0x0, 0x0, 0xff,
    0x0, 0x0, 0x0, 0x0, 0xfe, 0x0, 0x0, 0x0,
    0x0, 0xfe, 0x0, 0x0, 0x0, 0x0, 0xfe, 0x0,
    0x0, 0x3d, 0x0, 0xfe, 0x0, 0xb8, 0x7f, 0xe0,
    0xfd, 0x1f, 0xfc, 0xbf, 0xff, 0xff, 0xff, 0xfd,
    0xbf, 0xff, 0xff, 0xff, 0xfd, 0x1, 0xbf, 0xff,
    0xfe, 0x40, 0x0, 0x3, 0xff, 0x80, 0x0, 0x0,
    0xb, 0xff, 0xd0, 0x0, 0x0, 0x2f, 0xef, 0xf4,
    0x0, 0x0, 0x7f, 0xc3, 0xfc, 0x0, 0x1, 0xff,
    0x2, 0xff, 0x0, 0x7, 0xfe, 0x0, 0xff, 0xc0,
    0x3, 0xfc, 0x0, 0x3f, 0x80, 0x0, 0xb0, 0x0,
    0x1d, 0x0, 0x0, 0x0, 0x0, 0x0, 0x0,

    /* U+002B "+" */
    0x0, 0x0, 0x7f, 0x80, 0x0, 0x0, 0x0, 0x7,
    0xf8, 0x0, 0x0, 0x0, 0x0, 0x7f, 0x80, 0x0,
    0x0, 0x0, 0x7, 0xf8, 0x0, 0x0, 0x0, 0x0,
    0x7f, 0x80, 0x0, 0x0, 0x0, 0x7, 0xf8, 0x0,
    0x0, 0x0, 0x0, 0x7f, 0x80, 0x0, 0x0, 0x0,
    0x7, 0xf8, 0x0, 0x0, 0x0, 0x0, 0x7f, 0x80,
    0x0, 0xf, 0xff, 0xff, 0xff, 0xff, 0xfd, 0xff,
    0xff, 0xff, 0xff, 0xff, 0xdf, 0xff, 0xff, 0xff,
    0xff, 0xfd, 0xff, 0xff, 0xff, 0xff, 0xff, 0xd0,
    0x0, 0x7, 0xf8, 0x0, 0x0, 0x0, 0x0, 0x7f,
    0x80, 0x0, 0x0, 0x0, 0x7, 0xf8, 0x0, 0x0,
    0x0, 0x0, 0x7f, 0x80, 0x0, 0x0, 0x0, 0x7,
    0xf8, 0x0, 0x0, 0x0, 0x0, 0x7f, 0x80, 0x0,
    0x0, 0x0, 0x7, 0xf8, 0x0, 0x0, 0x0, 0x0,
    0x7f, 0x80, 0x0, 0x0,

    /* U+002C "," */
    0x5, 0x40, 0x3f, 0xf4, 0x7f, 0xfc, 0xbf, 0xfd,
    0xbf, 0xfe, 0x3f, 0xfe, 0x1f, 0xfe, 0x0, 0xbd,
    0x0, 0xfc, 0x1, 0xfc, 0x7, 0xf0, 0x2f, 0xd0,
    0x7f, 0x40, 0x78, 0x0, 0x0, 0x0,

    /* U+002D "-" */
    0xff, 0xff, 0xff, 0xff, 0xff, 0xdf, 0xff, 0xff,
    0xff, 0xff, 0xfd, 0xff, 0xff, 0xff, 0xff, 0xff,
    0xdf, 0xff, 0xff, 0xff, 0xff, 0xfd,

    /* U+002E "." */
    0x1, 0x40, 0x2f, 0xf0, 0x3f, 0xfc, 0x7f, 0xfc,
    0x7f, 0xfc, 0x3f, 0xf4, 0xb, 0xd0,

    /* U+002F "/" */
    0x0, 0x0, 0x0, 0x7, 0xf8, 0x0, 0x0, 0x0,
    0x3f, 0xd0, 0x0, 0x0, 0x0, 0xff, 0x0, 0x0,
    0x0, 0xb, 0xf8, 0x0, 0x0, 0x0, 0x3f, 0xc0,
    0x0, 0x0, 0x1, 0xff, 0x0, 0x0, 0x0, 0xf,
    0xf4, 0x0, 0x0, 0x0, 0x3f, 0xc0, 0x0, 0x0,
    0x2, 0xfe, 0x0, 0x0, 0x0, 0xf, 0xf0, 0x0,
    0x0, 0x0, 0x7f, 0xc0, 0x0, 0x0, 0x2, 0xfd,
    0x0, 0x0, 0x0, 0xf, 0xf0, 0x0, 0x0, 0x0,
    0x7f, 0x80, 0x0, 0x0, 0x3, 0xfd, 0x0, 0x0,
    0x0, 0xf, 0xf0, 0x0, 0x0, 0x0, 0xbf, 0x80,
    0x0, 0x0, 0x3, 0xfc, 0x0, 0x0, 0x0, 0x1f,
    0xf0, 0x0, 0x0, 0x0, 0xff, 0x40, 0x0, 0x0,
    0x3, 0xfc, 0x0, 0x0, 0x0, 0x2f, 0xe0, 0x0,
    0x0, 0x0, 0xff, 0x0, 0x0, 0x0, 0x7, 0xfc,
    0x0, 0x0, 0x0, 0x2f, 0xd0, 0x0, 0x0, 0x0,
    0xff, 0x0, 0x0, 0x0, 0x7, 0xf8, 0x0, 0x0,
    0x0, 0x3f, 0xd0, 0x0, 0x0, 0x0, 0xff, 0x0,
    0x0, 0x0, 0xb, 0xf8, 0x0, 0x0, 0x0, 0x3f,
    0xc0, 0x0, 0x0, 0x1, 0xff, 0x0, 0x0, 0x0,
    0xb, 0xf4, 0x0, 0x0, 0x0, 0x3f, 0xc0, 0x0,
    0x0, 0x2, 0xfe, 0x0, 0x0, 0x0, 0xf, 0xf4,
    0x0, 0x0, 0x0, 0x7f, 0xc0, 0x0, 0x0, 0x2,
    0xfd, 0x0, 0x0, 0x0, 0x0,

    /* U+0030 "0" */
    0x0, 0x0, 0x15, 0x50, 0x0, 0x0, 0x0, 0xb,
    0xff, 0xfd, 0x0, 0x0, 0x1, 0xff, 0xff, 0xfe,
    0x0, 0x0, 0x2f, 0xff, 0xff, 0xfe, 0x0, 0x1,
    0xff, 0xfe, 0xbf, 0xfe, 0x0, 0xf, 0xfe, 0x0,
    0x2f, 0xfc, 0x0, 0x7f, 0xe0, 0x0, 0x2f, 0xf8,
    0x3, 0xff, 0x0, 0x0, 0x3f, 0xf0, 0x1f, 0xf8,
    0x0, 0x0, 0x7f, 0xd0, 0xbf, 0xd0, 0x0, 0x0,
    0xff, 0xc3, 0xff, 0x0, 0x0, 0x3, 0xff, 0xf,
    0xfc, 0x0, 0x0, 0xb, 0xfc, 0x3f, 0xe0, 0x0,
    0x0, 0x2f, 0xf4, 0xff, 0x80, 0x0, 0x0, 0x7f,
    0xd7, 0xfe, 0x0, 0x0, 0x1, 0xff, 0x5f, 0xf8,
    0x0, 0x0, 0x7, 0xfe, 0x7f, 0xe0, 0x0, 0x0,
    0x1f, 0xf9, 0xff, 0x80, 0x0, 0x0, 0x7f, 0xd3,
    0xfe, 0x0, 0x0, 0x1, 0xff, 0x4f, 0xf8, 0x0,
    0x0, 0xb, 0xfd, 0x3f, 0xf0, 0x0, 0x0, 0x2f,
    0xf0, 0xff, 0xc0, 0x0, 0x0, 0xff, 0xc2, 0xff,
    0x40, 0x0, 0x3, 0xff, 0x7, 0xfe, 0x0, 0x0,
    0x1f, 0xf4, 0xf, 0xfc, 0x0, 0x0, 0xff, 0xc0,
    0x1f, 0xf8, 0x0, 0xb, 0xfe, 0x0, 0x3f, 0xf8,
    0x0, 0xbf, 0xf0, 0x0, 0x7f, 0xff, 0xaf, 0xff,
    0x80, 0x0, 0xbf, 0xff, 0xff, 0xf8, 0x0, 0x0,
    0x7f, 0xff, 0xff, 0x80, 0x0, 0x0, 0x2f, 0xff,
    0xf4, 0x0, 0x0, 0x0, 0x5, 0x54, 0x0, 0x0,

    /* U+0031 "1" */
    0x0, 0x0, 0xbf, 0x40, 0x0, 0xff, 0xd0, 0x1,
    0xff, 0xf4, 0x7, 0xff, 0xfd, 0x2f, 0xff, 0xff,
    0x5f, 0xff, 0xff, 0xd7, 0xff, 0xaf, 0xf5, 0xff,
    0x47, 0xfd, 0x7e, 0x1, 0xff, 0x44, 0x0, 0x7f,
    0xd0, 0x0, 0x1f, 0xf4, 0x0, 0x7, 0xfd, 0x0,
    0x1, 0xff, 0x40, 0x0, 0x7f, 0xd0, 0x0, 0x1f,
    0xf4, 0x0, 0x7, 0xfd, 0x0, 0x1, 0xff, 0x40,
    0x0, 0x7f, 0xd0, 0x0, 0x1f, 0xf4, 0x0, 0x7,
    0xfd, 0x0, 0x1, 0xff, 0x40, 0x0, 0x7f, 0xd0,
    0x0, 0x1f, 0xf4, 0x0, 0x7, 0xfd, 0x0, 0x1,
    0xff, 0x40, 0x0, 0x7f, 0xd0, 0x0, 0x1f, 0xf4,
    0x0, 0x7, 0xfd, 0x0, 0x1, 0xff, 0x40, 0x0,
    0x7f, 0xd0,

    /* U+0032 "2" */
    0x0, 0x0, 0x15, 0x50, 0x0, 0x0, 0x0, 0xbf,
    0xff, 0xe0, 0x0, 0x0, 0x7f, 0xff, 0xff, 0xe0,
    0x0, 0x1f, 0xff, 0xff, 0xff, 0x80, 0x7, 0xff,
    0xfa, 0xff, 0xfe, 0x0, 0xff, 0xe0, 0x0, 0xbf,
    0xf0, 0x2f, 0xfc, 0x0, 0x2, 0xff, 0x83, 0xff,
    0x0, 0x0, 0xf, 0xfc, 0x3f, 0xf0, 0x0, 0x0,
    0xff, 0xc7, 0xfd, 0x0, 0x0, 0xf, 0xfc, 0xbf,
    0xd0, 0x0, 0x0, 0xff, 0xcb, 0xfc, 0x0, 0x0,
    0x1f, 0xfc, 0x0, 0x0, 0x0, 0x2, 0xff, 0x40,
    0x0, 0x0, 0x0, 0x7f, 0xf0, 0x0, 0x0, 0x0,
    0x1f, 0xfe, 0x0, 0x0, 0x0, 0x7, 0xff, 0xc0,
    0x0, 0x0, 0x2, 0xff, 0xf0, 0x0, 0x0, 0x0,
    0xff, 0xfc, 0x0, 0x0, 0x0, 0x7f, 0xff, 0x0,
    0x0, 0x0, 0x2f, 0xff, 0x80, 0x0, 0x0, 0xf,
    0xff, 0xd0, 0x0, 0x0, 0x7, 0xff, 0xe0, 0x0,
    0x0, 0x1, 0xff, 0xf4, 0x0, 0x0, 0x0, 0x3f,
    0xfc, 0x0, 0x0, 0x0, 0xf, 0xff, 0x0, 0x0,
    0x0, 0x2, 0xff, 0xc0, 0x0, 0x0, 0x0, 0x3f,
    0xf9, 0x55, 0x55, 0x55, 0x47, 0xff, 0xff, 0xff,
    0xff, 0xfc, 0xbf, 0xff, 0xff, 0xff, 0xff, 0xcb,
    0xff, 0xff, 0xff, 0xff, 0xfc, 0xff, 0xff, 0xff,
    0xff, 0xff, 0xc0,

    /* U+0033 "3" */
    0x0, 0x0, 0x15, 0x54, 0x0, 0x0, 0x0, 0xb,
    0xff, 0xff, 0x40, 0x0, 0x2, 0xff, 0xff, 0xff,
    0x80, 0x0, 0x3f, 0xff, 0xff, 0xff, 0xc0, 0x2,
    0xff, 0xfe, 0xbf, 0xff, 0x80, 0x1f, 0xfe, 0x0,
    0xb, 0xff, 0x40, 0xff, 0xd0, 0x0, 0xb, 0xfe,
    0x3, 0xff, 0x0, 0x0, 0xf, 0xfc, 0x1f, 0xf4,
    0x0, 0x0, 0x3f, 0xf0, 0xbf, 0xc0, 0x0, 0x0,
    0xff, 0xc0, 0x0, 0x0, 0x0, 0x3, 0xff, 0x0,
    0x0, 0x0, 0x0, 0x1f, 0xf8, 0x0, 0x0, 0x0,
    0x0, 0xff, 0xc0, 0x0, 0x0, 0x0, 0x1f, 0xfd,
    0x0, 0x0, 0x1, 0xff, 0xff, 0xd0, 0x0, 0x0,
    0x7, 0xff, 0xf8, 0x0, 0x0, 0x0, 0x1f, 0xff,
    0xfc, 0x0, 0x0, 0x0, 0x6a, 0xff, 0xfd, 0x0,
    0x0, 0x0, 0x0, 0x1f, 0xfd, 0x0, 0x0, 0x0,
    0x0, 0x1f, 0xfc, 0x0, 0x0, 0x0, 0x0, 0x2f,
    0xf4, 0x55, 0x0, 0x0, 0x0, 0x7f, 0xe3, 0xff,
    0x0, 0x0, 0x1, 0xff, 0x8f, 0xfc, 0x0, 0x0,
    0x7, 0xfd, 0x3f, 0xf4, 0x0, 0x0, 0x3f, 0xf4,
    0x7f, 0xf0, 0x0, 0x2, 0xff, 0xc0, 0xff, 0xf4,
    0x0, 0x2f, 0xfd, 0x1, 0xff, 0xfe, 0xaf, 0xff,
    0xf0, 0x1, 0xff, 0xff, 0xff, 0xff, 0x0, 0x1,
    0xff, 0xff, 0xff, 0xe0, 0x0, 0x0, 0xbf, 0xff,
    0xf8, 0x0, 0x0, 0x0, 0x5, 0x54, 0x0, 0x0,

    /* U+0034 "4" */
    0x0, 0x0, 0x0, 0x3, 0xff, 0x0, 0x0, 0x0,
    0x0, 0x2, 0xff, 0xc0, 0x0, 0x0, 0x0, 0x1,
    0xff, 0xf0, 0x0, 0x0, 0x0, 0x0, 0xff, 0xfc,
    0x0, 0x0, 0x0, 0x0, 0xff, 0xff, 0x0, 0x0,
    0x0, 0x0, 0xbf, 0xff, 0xc0, 0x0, 0x0, 0x0,
    0xbf, 0xff, 0xf0, 0x0, 0x0, 0x0, 0x7f, 0xdb,
    0xfc, 0x0, 0x0, 0x0, 0x3f, 0xe2, 0xff, 0x0,
    0x0, 0x0, 0x3f, 0xe0, 0xbf, 0xc0, 0x0, 0x0,
    0x2f, 0xf0, 0x2f, 0xf0, 0x0, 0x0, 0x1f, 0xf0,
    0xb, 0xfc, 0x0, 0x0, 0xf, 0xf4, 0x2, 0xff,
    0x0, 0x0, 0xf, 0xf8, 0x0, 0xbf, 0xc0, 0x0,
    0xb, 0xfc, 0x0, 0x2f, 0xf0, 0x0, 0x7, 0xfc,
    0x0, 0xb, 0xfc, 0x0, 0x3, 0xfd, 0x0, 0x2,
    0xff, 0x0, 0x3, 0xfe, 0x0, 0x0, 0xbf, 0xc0,
    0x2, 0xff, 0x0, 0x0, 0x2f, 0xf0, 0x0, 0xff,
    0x0, 0x0, 0xb, 0xfc, 0x0, 0x3f, 0xff, 0xff,
    0xff, 0xff, 0xff, 0x4f, 0xff, 0xff, 0xff, 0xff,
    0xff, 0xd3, 0xff, 0xff, 0xff, 0xff, 0xff, 0xf4,
    0xff, 0xff, 0xff, 0xff, 0xff, 0xfd, 0x0, 0x0,
    0x0, 0x2, 0xff, 0x0, 0x0, 0x0, 0x0, 0x0,
    0xbf, 0xc0, 0x0, 0x0, 0x0, 0x0, 0x2f, 0xf0,
    0x0, 0x0, 0x0, 0x0, 0xb, 0xfc, 0x0, 0x0,
    0x0, 0x0, 0x2, 0xff, 0x0, 0x0, 0x0, 0x0,
    0x0, 0xbf, 0xc0, 0x0,

    /* U+0035 "5" */
    0x3, 0xff, 0xff, 0xff, 0xff, 0xc0, 0x1f, 0xff,
    0xff, 0xff, 0xff, 0x0, 0x7f, 0xff, 0xff, 0xff,
    0xfc, 0x1, 0xff, 0xff, 0xff, 0xff, 0xf0, 0xb,
    0xfd, 0x55, 0x55, 0x55, 0x40, 0x2f, 0xe0, 0x0,
    0x0, 0x0, 0x0, 0xff, 0x80, 0x0, 0x0, 0x0,
    0x3, 0xfd, 0x0, 0x0, 0x0, 0x0, 0xf, 0xf4,
    0x0, 0x0, 0x0, 0x0, 0x3f, 0xd0, 0x0, 0x0,
    0x0, 0x0, 0xff, 0x1, 0xbf, 0xe4, 0x0, 0x7,
    0xfc, 0x7f, 0xff, 0xfd, 0x0, 0x1f, 0xfb, 0xff,
    0xff, 0xfd, 0x0, 0x7f, 0xff, 0xff, 0xff, 0xfd,
    0x2, 0xff, 0xf9, 0x0, 0xbf, 0xfc, 0xb, 0xff,
    0x0, 0x0, 0x3f, 0xf8, 0x2f, 0xf0, 0x0, 0x0,
    0x7f, 0xf0, 0x0, 0x0, 0x0, 0x0, 0xff, 0xc0,
    0x0, 0x0, 0x0, 0x2, 0xff, 0x40, 0x0, 0x0,
    0x0, 0x7, 0xfd, 0x0, 0x0, 0x0, 0x0, 0x1f,
    0xf4, 0x55, 0x0, 0x0, 0x0, 0x7f, 0xd3, 0xfe,
    0x0, 0x0, 0x2, 0xff, 0x4f, 0xfc, 0x0, 0x0,
    0xf, 0xfc, 0x2f, 0xf8, 0x0, 0x0, 0xff, 0xe0,
    0x3f, 0xf8, 0x0, 0x1f, 0xff, 0x0, 0xbf, 0xff,
    0xab, 0xff, 0xf4, 0x0, 0xbf, 0xff, 0xff, 0xff,
    0x40, 0x0, 0x7f, 0xff, 0xff, 0xf0, 0x0, 0x0,
    0x2f, 0xff, 0xfd, 0x0, 0x0, 0x0, 0x1, 0x55,
    0x0, 0x0, 0x0,

    /* U+0036 "6" */
    0x0, 0x0, 0x5, 0x54, 0x0, 0x0, 0x0, 0x7,
    0xff, 0xff, 0x40, 0x0, 0x0, 0xff, 0xff, 0xff,
    0x80, 0x0, 0xf, 0xff, 0xff, 0xff, 0xc0, 0x0,
    0xff, 0xfa, 0xaf, 0xff, 0x80, 0xb, 0xff, 0x0,
    0xb, 0xff, 0x0, 0x3f, 0xf0, 0x0, 0xb, 0xfd,
    0x2, 0xff, 0x0, 0x0, 0xf, 0xf8, 0xf, 0xf8,
    0x0, 0x0, 0x2a, 0xa0, 0x7f, 0xc0, 0x0, 0x0,
    0x0, 0x2, 0xff, 0x0, 0x0, 0x0, 0x0, 0xf,
    0xf8, 0x6, 0xff, 0x90, 0x0, 0x3f, 0xe1, 0xff,
    0xff, 0xf4, 0x0, 0xff, 0x9f, 0xff, 0xff, 0xf4,
    0x3, 0xfe, 0xff, 0xff, 0xff, 0xf4, 0xf, 0xff,
    0xf4, 0x2, 0xff, 0xf0, 0x7f, 0xfe, 0x0, 0x0,
    0xff, 0xe1, 0xff, 0xf0, 0x0, 0x1, 0xff, 0xc3,
    0xff, 0x40, 0x0, 0x3, 0xff, 0x4f, 0xfc, 0x0,
    0x0, 0x7, 0xfd, 0x3f, 0xf0, 0x0, 0x0, 0x1f,
    0xf8, 0xff, 0xc0, 0x0, 0x0, 0x7f, 0xe2, 0xff,
    0x0, 0x0, 0x1, 0xff, 0x47, 0xfd, 0x0, 0x0,
    0xb, 0xfd, 0xf, 0xf8, 0x0, 0x0, 0x3f, 0xf0,
    0x2f, 0xf4, 0x0, 0x3, 0xff, 0x80, 0x3f, 0xf4,
    0x0, 0x3f, 0xfc, 0x0, 0x7f, 0xfe, 0xaf, 0xff,
    0xd0, 0x0, 0xbf, 0xff, 0xff, 0xfe, 0x0, 0x0,
    0x7f, 0xff, 0xff, 0xd0, 0x0, 0x0, 0x2f, 0xff,
    0xf8, 0x0, 0x0, 0x0, 0x5, 0x54, 0x0, 0x0,

    /* U+0037 "7" */
    0xbf, 0xff, 0xff, 0xff, 0xff, 0xaf, 0xff, 0xff,
    0xff, 0xff, 0xeb, 0xff, 0xff, 0xff, 0xff, 0xfa,
    0xff, 0xff, 0xff, 0xff, 0xfe, 0x55, 0x55, 0x55,
    0x56, 0xff, 0x40, 0x0, 0x0, 0x0, 0xff, 0xc0,
    0x0, 0x0, 0x0, 0x7f, 0xd0, 0x0, 0x0, 0x0,
    0x2f, 0xf0, 0x0, 0x0, 0x0, 0xf, 0xf8, 0x0,
    0x0, 0x0, 0xb, 0xfd, 0x0, 0x0, 0x0, 0x3,
    0xff, 0x0, 0x0, 0x0, 0x1, 0xff, 0x40, 0x0,
    0x0, 0x0, 0xff, 0xc0, 0x0, 0x0, 0x0, 0x3f,
    0xe0, 0x0, 0x0, 0x0, 0x2f, 0xf4, 0x0, 0x0,
    0x0, 0xf, 0xfc, 0x0, 0x0, 0x0, 0x7, 0xfd,
    0x0, 0x0, 0x0, 0x3, 0xff, 0x0, 0x0, 0x0,
    0x1, 0xff, 0x80, 0x0, 0x0, 0x0, 0xff, 0xd0,
    0x0, 0x0, 0x0, 0x3f, 0xf0, 0x0, 0x0, 0x0,
    0x2f, 0xf4, 0x0, 0x0, 0x0, 0xf, 0xfc, 0x0,
    0x0, 0x0, 0x7, 0xfe, 0x0, 0x0, 0x0, 0x3,
    0xff, 0x40, 0x0, 0x0, 0x1, 0xff, 0xc0, 0x0,
    0x0, 0x0, 0xbf, 0xd0, 0x0, 0x0, 0x0, 0x3f,
    0xf0, 0x0, 0x0, 0x0, 0x2f, 0xf8, 0x0, 0x0,
    0x0, 0xf, 0xfc, 0x0, 0x0, 0x0,

    /* U+0038 "8" */
    0x0, 0x0, 0x15, 0x50, 0x0, 0x0, 0x0, 0x2f,
    0xff, 0xfe, 0x0, 0x0, 0x7, 0xff, 0xff, 0xff,
    0x40, 0x0, 0x7f, 0xff, 0xff, 0xff, 0x80, 0x7,
    0xff, 0xe5, 0x6f, 0xff, 0x40, 0x3f, 0xf8, 0x0,
    0xb, 0xff, 0x0, 0xff, 0xc0, 0x0, 0xb, 0xfd,
    0xb, 0xfd, 0x0, 0x0, 0xf, 0xf8, 0x2f, 0xf0,
    0x0, 0x0, 0x3f, 0xf0, 0xbf, 0xc0, 0x0, 0x0,
    0xff, 0xc1, 0xff, 0x0, 0x0, 0x3, 0xfe, 0x3,
    0xfd, 0x0, 0x0, 0x1f, 0xf4, 0xf, 0xfc, 0x0,
    0x0, 0xff, 0xc0, 0xf, 0xfe, 0x0, 0x1f, 0xfd,
    0x0, 0xf, 0xff, 0xff, 0xff, 0xd0, 0x0, 0xf,
    0xff, 0xff, 0xfc, 0x0, 0x1, 0xff, 0xff, 0xff,
    0xfd, 0x0, 0x1f, 0xff, 0xea, 0xff, 0xfe, 0x1,
    0xff, 0xe0, 0x0, 0x1f, 0xfd, 0xf, 0xfd, 0x0,
    0x0, 0xf, 0xfc, 0x7f, 0xe0, 0x0, 0x0, 0x2f,
    0xf6, 0xff, 0x40, 0x0, 0x0, 0x3f, 0xeb, 0xfc,
    0x0, 0x0, 0x0, 0xff, 0xef, 0xf4, 0x0, 0x0,
    0x3, 0xff, 0x7f, 0xe0, 0x0, 0x0, 0x1f, 0xf8,
    0xff, 0xc0, 0x0, 0x0, 0xff, 0xd3, 0xff, 0xd0,
    0x0, 0xf, 0xff, 0x3, 0xff, 0xf9, 0x5b, 0xff,
    0xf4, 0x7, 0xff, 0xff, 0xff, 0xff, 0x80, 0x7,
    0xff, 0xff, 0xff, 0xf4, 0x0, 0x1, 0xff, 0xff,
    0xfd, 0x0, 0x0, 0x0, 0x5, 0x55, 0x0, 0x0,

    /* U+0039 "9" */
    0x0, 0x0, 0x15, 0x50, 0x0, 0x0, 0x0, 0x1f,
    0xff, 0xf9, 0x0, 0x0, 0x3, 0xff, 0xff, 0xfe,
    0x0, 0x0, 0x7f, 0xff, 0xff, 0xfe, 0x0, 0x3,
    0xff, 0xfa, 0xbf, 0xfe, 0x0, 0x3f, 0xfd, 0x0,
    0x1f, 0xfd, 0x1, 0xff, 0xc0, 0x0, 0xf, 0xfc,
    0xf, 0xfd, 0x0, 0x0, 0x1f, 0xf4, 0x3f, 0xf0,
    0x0, 0x0, 0x3f, 0xe0, 0xff, 0x80, 0x0, 0x0,
    0xff, 0xc7, 0xfe, 0x0, 0x0, 0x3, 0xff, 0x1f,
    0xf8, 0x0, 0x0, 0xf, 0xfd, 0x3f, 0xe0, 0x0,
    0x0, 0x3f, 0xf4, 0xff, 0xc0, 0x0, 0x0, 0xff,
    0xd3, 0xff, 0x80, 0x0, 0xb, 0xff, 0x87, 0xff,
    0x40, 0x0, 0xbf, 0xfe, 0xf, 0xff, 0x90, 0x1f,
    0xff, 0xf4, 0xf, 0xff, 0xff, 0xff, 0xbf, 0xd0,
    0x1f, 0xff, 0xff, 0xf9, 0xff, 0x40, 0xb, 0xff,
    0xff, 0x47, 0xfc, 0x0, 0x2, 0xff, 0x90, 0x1f,
    0xf0, 0x0, 0x0, 0x0, 0x0, 0xbf, 0xc0, 0x0,
    0x0, 0x0, 0x3, 0xfe, 0x6, 0xa8, 0x0, 0x0,
    0x1f, 0xf0, 0x2f, 0xf4, 0x0, 0x0, 0xff, 0xc0,
    0x7f, 0xf0, 0x0, 0xb, 0xfd, 0x0, 0xff, 0xf0,
    0x0, 0xbf, 0xf0, 0x1, 0xff, 0xfa, 0xaf, 0xff,
    0x0, 0x2, 0xff, 0xff, 0xff, 0xf4, 0x0, 0x2,
    0xff, 0xff, 0xff, 0x40, 0x0, 0x0, 0xbf, 0xff,
    0xe0, 0x0, 0x0, 0x0, 0x15, 0x50, 0x0, 0x0,

    /* U+003A ":" */
    0xb, 0xd0, 0x3f, 0xf4, 0x7f, 0xfc, 0x7f, 0xfc,
    0x3f, 0xfc, 0x2f, 0xf0, 0x1, 0x40, 0x0, 0x0,
    0x0, 0x0, 0x0, 0x0, 0x0, 0x0, 0x0, 0x0,
    0x0, 0x0, 0x0, 0x0, 0x1, 0x40, 0x2f, 0xf0,
    0x3f, 0xfc, 0x7f, 0xfc, 0x7f, 0xfc, 0x3f, 0xf8,
    0xb, 0xd0,

    /* U+003B ";" */
    0xb, 0xd0, 0x3f, 0xf4, 0x7f, 0xfc, 0x7f, 0xfc,
    0x3f, 0xfc, 0x2f, 0xf0, 0x1, 0x40, 0x0, 0x0,
    0x0, 0x0, 0x0, 0x0, 0x0, 0x0, 0x0, 0x0,
    0x0, 0x0, 0x0, 0x0, 0x5, 0x40, 0x3f, 0xf4,
    0x7f, 0xfc, 0xbf, 0xfd, 0xbf, 0xfe, 0x3f, 0xfe,
    0x1f, 0xfe, 0x0, 0xbd, 0x0, 0xfc, 0x1, 0xfc,
    0x7, 0xf0, 0x2f, 0xd0, 0x7f, 0x40, 0x78, 0x0,
    0x0, 0x0,

    /* U+003C "<" */
    0x0, 0x0, 0x0, 0x0, 0x0, 0x0, 0x0, 0x0,
    0x0, 0x0, 0x6d, 0x0, 0x0, 0x0, 0x0, 0x7f,
    0xd0, 0x0, 0x0, 0x0, 0xbf, 0xfd, 0x0, 0x0,
    0x1, 0xbf, 0xff, 0xd0, 0x0, 0x1, 0xff, 0xff,
    0xe0, 0x0, 0x2, 0xff, 0xff, 0xd0, 0x0, 0x6,
    0xff, 0xff, 0x80, 0x0, 0x7, 0xff, 0xff, 0x40,
    0x0, 0xb, 0xff, 0xfe, 0x40, 0x0, 0x0, 0xff,
    0xfe, 0x0, 0x0, 0x0, 0xf, 0xff, 0x40, 0x0,
    0x0, 0x0, 0xff, 0xff, 0x80, 0x0, 0x0, 0x2,
    0xff, 0xff, 0x90, 0x0, 0x0, 0x1, 0xff, 0xff,
    0xd0, 0x0, 0x0, 0x1, 0xff, 0xff, 0xe0, 0x0,
    0x0, 0x0, 0xbf, 0xff, 0xf4, 0x0, 0x0, 0x0,
    0x7f, 0xff, 0xf8, 0x0, 0x0, 0x0, 0x7f, 0xff,
    0xd0, 0x0, 0x0, 0x0, 0x2f, 0xfd, 0x0, 0x0,
    0x0, 0x0, 0x1f, 0xd0, 0x0, 0x0, 0x0, 0x0,
    0x19, 0x0, 0x0, 0x0, 0x0, 0x0, 0x0,

    /* U+003D "=" */
    0xff, 0xff, 0xff, 0xff, 0xff, 0xdf, 0xff, 0xff,
    0xff, 0xff, 0xfd, 0xff, 0xff, 0xff, 0xff, 0xff,
    0xdf, 0xff, 0xff, 0xff, 0xff, 0xfd, 0x0, 0x0,
    0x0, 0x0, 0x0, 0x0, 0x0, 0x0, 0x0, 0x0,
    0x0, 0x0, 0x0, 0x0, 0x0, 0x0, 0x0, 0x0,
    0x0, 0x0, 0x0, 0x0, 0x0, 0x0, 0x0, 0x0,
    0x0, 0xf, 0xff, 0xff, 0xff, 0xff, 0xfd, 0xff,
    0xff, 0xff, 0xff, 0xff, 0xdf, 0xff, 0xff, 0xff,
    0xff, 0xfd, 0xff, 0xff, 0xff, 0xff, 0xff, 0xd0,

    /* U+003E ">" */
    0x0, 0x0, 0x0, 0x0, 0x0, 0xf, 0x40, 0x0,
    0x0, 0x0, 0x0, 0xff, 0x80, 0x0, 0x0, 0x0,
    0xf, 0xff, 0x90, 0x0, 0x0, 0x0, 0xff, 0xff,
    0xd0, 0x0, 0x0, 0x1, 0xff, 0xff, 0xe0, 0x0,
    0x0, 0x0, 0xbf, 0xff, 0xf4, 0x0, 0x0, 0x0,
    0x7f, 0xff, 0xf4, 0x0, 0x0, 0x0, 0x6f, 0xff,
    0xf8, 0x0, 0x0, 0x0, 0x2f, 0xff, 0xfc, 0x0,
    0x0, 0x0, 0x1f, 0xff, 0xd0, 0x0, 0x0, 0x0,
    0x3f, 0xfd, 0x0, 0x0, 0x0, 0x7f, 0xff, 0xd0,
    0x0, 0x0, 0xbf, 0xff, 0xf4, 0x0, 0x1, 0xbf,
    0xff, 0xe0, 0x0, 0x1, 0xff, 0xff, 0xe0, 0x0,
    0x2, 0xff, 0xff, 0xd0, 0x0, 0x7, 0xff, 0xff,
    0x80, 0x0, 0x0, 0xff, 0xff, 0x80, 0x0, 0x0,
    0xf, 0xff, 0x40, 0x0, 0x0, 0x0, 0xfe, 0x0,
    0x0, 0x0, 0x0, 0xd, 0x0, 0x0, 0x0, 0x0,
    0x0, 0x0, 0x0, 0x0, 0x0, 0x0, 0x0,

    /* U+003F "?" */
    0x0, 0x0, 0x55, 0x40, 0x0, 0x0, 0x2f, 0xff,
    0xf8, 0x0, 0x1, 0xff, 0xff, 0xff, 0x40, 0x7,
    0xff, 0xff, 0xff, 0xe0, 0x1f, 0xff, 0xab, 0xff,
    0xf0, 0x3f, 0xf8, 0x0, 0x3f, 0xf8, 0x7f, 0xf0,
    0x0, 0xf, 0xfc, 0xbf, 0xd0, 0x0, 0xf, 0xfc,
    0xff, 0xc0, 0x0, 0xb, 0xfd, 0xff, 0xc0, 0x0,
    0xb, 0xfd, 0x55, 0x40, 0x0, 0xf, 0xfc, 0x0,
    0x0, 0x0, 0x1f, 0xfc, 0x0, 0x0, 0x0, 0x3f,
    0xf8, 0x0, 0x0, 0x0, 0xff, 0xf0, 0x0, 0x0,
    0x7, 0xff, 0xd0, 0x0, 0x0, 0x1f, 0xff, 0x0,
    0x0, 0x0, 0x3f, 0xfc, 0x0, 0x0, 0x0, 0xff,
    0xf0, 0x0, 0x0, 0x1, 0xff, 0xc0, 0x0, 0x0,
    0x2, 0xff, 0x40, 0x0, 0x0, 0x3, 0xff, 0x0,
    0x0, 0x0, 0x3, 0xff, 0x0, 0x0, 0x0, 0x2,
    0xaa, 0x0, 0x0, 0x0, 0x0, 0x0, 0x0, 0x0,
    0x0, 0x0, 0x0, 0x0, 0x0, 0x0, 0x2, 0xfe,
    0x0, 0x0, 0x0, 0x7, 0xff, 0x40, 0x0, 0x0,
    0xb, 0xff, 0x80, 0x0, 0x0, 0xb, 0xff, 0x80,
    0x0, 0x0, 0x7, 0xff, 0x0, 0x0, 0x0, 0x1,
    0xfd, 0x0, 0x0,

    /* U+0040 "@" */
    0x0, 0x0, 0x0, 0x5, 0x55, 0x0, 0x0, 0x0,
    0x0, 0x0, 0x2, 0xff, 0xff, 0xfe, 0x0, 0x0,
    0x0, 0x0, 0xb, 0xff, 0xff, 0xff, 0xf8, 0x0,
    0x0, 0x0, 0x1f, 0xff, 0xfa, 0xbf, 0xff, 0xd0,
    0x0, 0x0, 0x2f, 0xfe, 0x40, 0x0, 0x2f, 0xfd,
    0x0, 0x0, 0x3f, 0xf8, 0x0, 0x0, 0x0, 0xbf,
    0xc0, 0x0, 0x2f, 0xf4, 0x0, 0x0, 0x0, 0x7,
    0xfc, 0x0, 0x1f, 0xf4, 0x0, 0x16, 0x40, 0x0,
    0x7f, 0x40, 0xf, 0xf4, 0x0, 0x7f, 0xfc, 0x3f,
    0x4b, 0xf0, 0xb, 0xfc, 0x0, 0xbf, 0xff, 0xdf,
    0xd0, 0xfd, 0x3, 0xfd, 0x0, 0xbf, 0xff, 0xff,
    0xf0, 0x3f, 0x81, 0xff, 0x0, 0x7f, 0xf4, 0x1f,
    0xf8, 0xb, 0xe0, 0xbf, 0x80, 0x3f, 0xf0, 0x2,
    0xfd, 0x1, 0xfc, 0x2f, 0xd0, 0x2f, 0xf0, 0x0,
    0xbf, 0x0, 0x7f, 0xf, 0xf4, 0xf, 0xf4, 0x0,
    0x3f, 0xc0, 0x1f, 0x83, 0xfc, 0x7, 0xfc, 0x0,
    0xf, 0xe0, 0xb, 0xe0, 0xff, 0x2, 0xfe, 0x0,
    0x7, 0xf4, 0x3, 0xf4, 0x3f, 0xc0, 0xbf, 0x40,
    0x2, 0xfc, 0x0, 0xfc, 0xf, 0xf4, 0x2f, 0xd0,
    0x0, 0xff, 0x0, 0xbe, 0x2, 0xfd, 0xb, 0xf4,
    0x0, 0x7f, 0x80, 0x3f, 0x0, 0x7f, 0x81, 0xfe,
    0x0, 0x3f, 0xd0, 0x3f, 0x80, 0xf, 0xf0, 0x3f,
    0xd0, 0x7f, 0xf4, 0x7f, 0xc0, 0x3, 0xfd, 0x7,
    0xff, 0xff, 0xff, 0xff, 0xc0, 0x0, 0x7f, 0xc0,
    0xbf, 0xff, 0x8f, 0xff, 0xc0, 0x0, 0xf, 0xf8,
    0x6, 0xff, 0x41, 0xff, 0x41, 0xff, 0x0, 0xff,
    0x80, 0x0, 0x0, 0x0, 0x1, 0xff, 0x0, 0x1f,
    0xfc, 0x0, 0x0, 0x0, 0x2, 0xff, 0x40, 0x1,
    0xff, 0xe0, 0x0, 0x0, 0xb, 0xff, 0x40, 0x0,
    0xf, 0xff, 0xfa, 0x56, 0xbf, 0xff, 0x0, 0x0,
    0x0, 0x7f, 0xff, 0xff, 0xff, 0xfd, 0x0, 0x0,
    0x0, 0x1, 0xbf, 0xff, 0xff, 0xe0, 0x0, 0x0,
    0x0, 0x0, 0x0, 0x55, 0x54, 0x0, 0x0, 0x0,

    /* U+0041 "A" */
    0x0, 0x0, 0x2, 0xff, 0xc0, 0x0, 0x0, 0x0,
    0x0, 0x0, 0xff, 0xf8, 0x0, 0x0, 0x0, 0x0,
    0x0, 0x7f, 0xff, 0x0, 0x0, 0x0, 0x0, 0x0,
    0x3f, 0xff, 0xd0, 0x0, 0x0, 0x0, 0x0, 0x1f,
    0xff, 0xfc, 0x0, 0x0, 0x0, 0x0, 0xb, 0xff,
    0xff, 0x0, 0x0, 0x0, 0x0, 0x3, 0xff, 0x7f,
    0xe0, 0x0, 0x0, 0x0, 0x1, 0xff, 0x4f, 0xfc,
    0x0, 0x0, 0x0, 0x0, 0xff, 0xc2, 0xff, 0x40,
    0x0, 0x0, 0x0, 0x3f, 0xf0, 0x3f, 0xe0, 0x0,
    0x0, 0x0, 0x2f, 0xf4, 0xf, 0xfc, 0x0, 0x0,
    0x0, 0xf, 0xfc, 0x2, 0xff, 0x40, 0x0, 0x0,
    0x7, 0xfe, 0x0, 0x3f, 0xf0, 0x0, 0x0, 0x2,
    0xff, 0x40, 0xf, 0xfc, 0x0, 0x0, 0x0, 0xff,
    0xc0, 0x2, 0xff, 0x80, 0x0, 0x0, 0x7f, 0xe0,
    0x0, 0x3f, 0xf0, 0x0, 0x0, 0x3f, 0xf4, 0x0,
    0xf, 0xfd, 0x0, 0x0, 0xf, 0xfc, 0x0, 0x1,
    0xff, 0x80, 0x0, 0xb, 0xfe, 0x0, 0x0, 0x3f,
    0xf0, 0x0, 0x3, 0xff, 0xff, 0xff, 0xff, 0xfe,
    0x0, 0x1, 0xff, 0xff, 0xff, 0xff, 0xff, 0xc0,
    0x0, 0xff, 0xff, 0xff, 0xff, 0xff, 0xf4, 0x0,
    0x3f, 0xff, 0xff, 0xff, 0xff, 0xfe, 0x0, 0x2f,
    0xfc, 0x0, 0x0, 0x1, 0xff, 0xc0, 0xf, 0xfd,
    0x0, 0x0, 0x0, 0x3f, 0xf4, 0x7, 0xff, 0x0,
    0x0, 0x0, 0x7, 0xff, 0x2, 0xff, 0x80, 0x0,
    0x0, 0x0, 0xff, 0xc0, 0xff, 0xc0, 0x0, 0x0,
    0x0, 0x2f, 0xf8, 0x7f, 0xf0, 0x0, 0x0, 0x0,
    0x7, 0xff, 0x3f, 0xf4, 0x0, 0x0, 0x0, 0x0,
    0xff, 0xd0,

    /* U+0042 "B" */
    0x3f, 0xff, 0xff, 0xff, 0xe4, 0x0, 0x3, 0xff,
    0xff, 0xff, 0xff, 0xf8, 0x0, 0x3f, 0xff, 0xff,
    0xff, 0xff, 0xf0, 0x3, 0xff, 0xff, 0xff, 0xff,
    0xff, 0xc0, 0x3f, 0xf0, 0x0, 0x0, 0x7f, 0xfd,
    0x3, 0xff, 0x0, 0x0, 0x0, 0xbf, 0xe0, 0x3f,
    0xf0, 0x0, 0x0, 0x3, 0xff, 0x3, 0xff, 0x0,
    0x0, 0x0, 0x3f, 0xf0, 0x3f, 0xf0, 0x0, 0x0,
    0x3, 0xff, 0x3, 0xff, 0x0, 0x0, 0x0, 0x3f,
    0xf0, 0x3f, 0xf0, 0x0, 0x0, 0x7, 0xfe, 0x3,
    0xff, 0x0, 0x0, 0x0, 0xff, 0xc0, 0x3f, 0xf0,
    0x0, 0x0, 0x7f, 0xf8, 0x3, 0xff, 0xff, 0xff,
    0xff, 0xfd, 0x0, 0x3f, 0xff, 0xff, 0xff, 0xff,
    0x0, 0x3, 0xff, 0xff, 0xff, 0xff, 0xfe, 0x0,
    0x3f, 0xff, 0xff, 0xff, 0xff, 0xfd, 0x3, 0xff,
    0x0, 0x0, 0x1, 0xff, 0xf0, 0x3f, 0xf0, 0x0,
    0x0, 0x2, 0xff, 0x83, 0xff, 0x0, 0x0, 0x0,
    0xf, 0xfc, 0x3f, 0xf0, 0x0, 0x0, 0x0, 0xbf,
    0xc3, 0xff, 0x0, 0x0, 0x0, 0xb, 0xfd, 0x3f,
    0xf0, 0x0, 0x0, 0x0, 0xbf, 0xc3, 0xff, 0x0,
    0x0, 0x0, 0xf, 0xfc, 0x3f, 0xf0, 0x0, 0x0,
    0x2, 0xff, 0xc3, 0xff, 0x0, 0x0, 0x1, 0xff,
    0xf8, 0x3f, 0xff, 0xff, 0xff, 0xff, 0xff, 0x3,
    0xff, 0xff, 0xff, 0xff, 0xff, 0xc0, 0x3f, 0xff,
    0xff, 0xff, 0xff, 0xe0, 0x3, 0xff, 0xff, 0xff,
    0xff, 0x90, 0x0,

    /* U+0043 "C" */
    0x0, 0x0, 0x0, 0x55, 0x50, 0x0, 0x0, 0x0,
    0x0, 0x1b, 0xff, 0xff, 0xe0, 0x0, 0x0, 0x0,
    0x3f, 0xff, 0xff, 0xff, 0x80, 0x0, 0x0, 0x7f,
    0xff, 0xff, 0xff, 0xfc, 0x0, 0x0, 0x7f, 0xff,
    0xff, 0xff, 0xff, 0xc0, 0x0, 0x3f, 0xfe, 0x40,
    0x1, 0xff, 0xf8, 0x0, 0x3f, 0xfd, 0x0, 0x0,
    0x7, 0xff, 0x40, 0x1f, 0xfd, 0x0, 0x0, 0x0,
    0xbf, 0xf0, 0xf, 0xfd, 0x0, 0x0, 0x0, 0xf,
    0xfc, 0x7, 0xff, 0x0, 0x0, 0x0, 0x1, 0xff,
    0x42, 0xff, 0x40, 0x0, 0x0, 0x0, 0x15, 0x40,
    0xff, 0xc0, 0x0, 0x0, 0x0, 0x0, 0x0, 0x3f,
    0xf0, 0x0, 0x0, 0x0, 0x0, 0x0, 0xf, 0xfc,
    0x0, 0x0, 0x0, 0x0, 0x0, 0x3, 0xfe, 0x0,
    0x0, 0x0, 0x0, 0x0, 0x1, 0xff, 0x80, 0x0,
    0x0, 0x0, 0x0, 0x0, 0x7f, 0xe0, 0x0, 0x0,
    0x0, 0x0, 0x0, 0xf, 0xf8, 0x0, 0x0, 0x0,
    0x0, 0x0, 0x3, 0xfe, 0x0, 0x0, 0x0, 0x0,
    0x0, 0x0, 0xff, 0xc0, 0x0, 0x0, 0x0, 0x0,
    0x0, 0x3f, 0xf0, 0x0, 0x0, 0x0, 0x1, 0x55,
    0xb, 0xfd, 0x0, 0x0, 0x0, 0x0, 0xff, 0xc1,
    0xff, 0xc0, 0x0, 0x0, 0x0, 0x7f, 0xe0, 0x3f,
    0xf4, 0x0, 0x0, 0x0, 0x3f, 0xf0, 0xb, 0xff,
    0x0, 0x0, 0x0, 0x2f, 0xf8, 0x0, 0xff, 0xf0,
    0x0, 0x0, 0x2f, 0xfc, 0x0, 0x1f, 0xff, 0x90,
    0x0, 0x7f, 0xfd, 0x0, 0x2, 0xff, 0xff, 0xff,
    0xff, 0xfe, 0x0, 0x0, 0x1f, 0xff, 0xff, 0xff,
    0xfe, 0x0, 0x0, 0x0, 0xff, 0xff, 0xff, 0xfd,
    0x0, 0x0, 0x0, 0x6, 0xff, 0xff, 0xf4, 0x0,
    0x0, 0x0, 0x0, 0x1, 0x55, 0x40, 0x0, 0x0,

    /* U+0044 "D" */
    0x3f, 0xff, 0xff, 0xfe, 0x40, 0x0, 0x0, 0xff,
    0xff, 0xff, 0xff, 0xf4, 0x0, 0x3, 0xff, 0xff,
    0xff, 0xff, 0xfc, 0x0, 0xf, 0xff, 0xff, 0xff,
    0xff, 0xfd, 0x0, 0x3f, 0xf0, 0x0, 0x5a, 0xff,
    0xfd, 0x0, 0xff, 0xc0, 0x0, 0x0, 0xbf, 0xfc,
    0x3, 0xff, 0x0, 0x0, 0x0, 0x3f, 0xf8, 0xf,
    0xfc, 0x0, 0x0, 0x0, 0x7f, 0xf0, 0x3f, 0xf0,
    0x0, 0x0, 0x0, 0xbf, 0xe0, 0xff, 0xc0, 0x0,
    0x0, 0x0, 0xff, 0xc3, 0xff, 0x0, 0x0, 0x0,
    0x3, 0xff, 0xf, 0xfc, 0x0, 0x0, 0x0, 0xb,
    0xfd, 0x3f, 0xf0, 0x0, 0x0, 0x0, 0x1f, 0xf4,
    0xff, 0xc0, 0x0, 0x0, 0x0, 0x7f, 0xd3, 0xff,
    0x0, 0x0, 0x0, 0x1, 0xff, 0x8f, 0xfc, 0x0,
    0x0, 0x0, 0x7, 0xfe, 0x3f, 0xf0, 0x0, 0x0,
    0x0, 0x1f, 0xf4, 0xff, 0xc0, 0x0, 0x0, 0x0,
    0x7f, 0xd3, 0xff, 0x0, 0x0, 0x0, 0x2, 0xff,
    0x4f, 0xfc, 0x0, 0x0, 0x0, 0xf, 0xfc, 0x3f,
    0xf0, 0x0, 0x0, 0x0, 0x3f, 0xf0, 0xff, 0xc0,
    0x0, 0x0, 0x2, 0xff, 0x83, 0xff, 0x0, 0x0,
    0x0, 0x1f, 0xfc, 0xf, 0xfc, 0x0, 0x0, 0x1,
    0xff, 0xe0, 0x3f, 0xf0, 0x0, 0x0, 0x2f, 0xff,
    0x0, 0xff, 0xc0, 0x0, 0x6b, 0xff, 0xf4, 0x3,
    0xff, 0xff, 0xff, 0xff, 0xff, 0x40, 0xf, 0xff,
    0xff, 0xff, 0xff, 0xf0, 0x0, 0x3f, 0xff, 0xff,
    0xff, 0xfd, 0x0, 0x0, 0xff, 0xff, 0xff, 0xf9,
    0x0, 0x0, 0x0,

    /* U+0045 "E" */
    0x3f, 0xff, 0xff, 0xff, 0xff, 0xf8, 0x3f, 0xff,
    0xff, 0xff, 0xff, 0xf8, 0x3f, 0xff, 0xff, 0xff,
    0xff, 0xf8, 0x3f, 0xff, 0xff, 0xff, 0xff, 0xf8,
    0x3f, 0xf0, 0x0, 0x0, 0x0, 0x0, 0x3f, 0xf0,
    0x0, 0x0, 0x0, 0x0, 0x3f, 0xf0, 0x0, 0x0,
    0x0, 0x0, 0x3f, 0xf0, 0x0, 0x0, 0x0, 0x0,
    0x3f, 0xf0, 0x0, 0x0, 0x0, 0x0, 0x3f, 0xf0,
    0x0, 0x0, 0x0, 0x0, 0x3f, 0xf0, 0x0, 0x0,
    0x0, 0x0, 0x3f, 0xf0, 0x0, 0x0, 0x0, 0x0,
    0x3f, 0xf0, 0x0, 0x0, 0x0, 0x0, 0x3f, 0xff,
    0xff, 0xff, 0xff, 0xe0, 0x3f, 0xff, 0xff, 0xff,
    0xff, 0xe0, 0x3f, 0xff, 0xff, 0xff, 0xff, 0xe0,
    0x3f, 0xff, 0xff, 0xff, 0xff, 0xe0, 0x3f, 0xf0,
    0x0, 0x0, 0x0, 0x0, 0x3f, 0xf0, 0x0, 0x0,
    0x0, 0x0, 0x3f, 0xf0, 0x0, 0x0, 0x0, 0x0,
    0x3f, 0xf0, 0x0, 0x0, 0x0, 0x0, 0x3f, 0xf0,
    0x0, 0x0, 0x0, 0x0, 0x3f, 0xf0, 0x0, 0x0,
    0x0, 0x0, 0x3f, 0xf0, 0x0, 0x0, 0x0, 0x0,
    0x3f, 0xf0, 0x0, 0x0, 0x0, 0x0, 0x3f, 0xf0,
    0x0, 0x0, 0x0, 0x0, 0x3f, 0xff, 0xff, 0xff,
    0xff, 0xfd, 0x3f, 0xff, 0xff, 0xff, 0xff, 0xfd,
    0x3f, 0xff, 0xff, 0xff, 0xff, 0xfd, 0x3f, 0xff,
    0xff, 0xff, 0xff, 0xfd,

    /* U+0046 "F" */
    0x3f, 0xff, 0xff, 0xff, 0xff, 0xd3, 0xff, 0xff,
    0xff, 0xff, 0xfd, 0x3f, 0xff, 0xff, 0xff, 0xff,
    0xd3, 0xff, 0xff, 0xff, 0xff, 0xfd, 0x3f, 0xf0,
    0x0, 0x0, 0x0, 0x3, 0xff, 0x0, 0x0, 0x0,
    0x0, 0x3f, 0xf0, 0x0, 0x0, 0x0, 0x3, 0xff,
    0x0, 0x0, 0x0, 0x0, 0x3f, 0xf0, 0x0, 0x0,
    0x0, 0x3, 0xff, 0x0, 0x0, 0x0, 0x0, 0x3f,
    0xf0, 0x0, 0x0, 0x0, 0x3, 0xff, 0x0, 0x0,
    0x0, 0x0, 0x3f, 0xf0, 0x0, 0x0, 0x0, 0x3,
    0xff, 0xff, 0xff, 0xff, 0xf8, 0x3f, 0xff, 0xff,
    0xff, 0xff, 0x83, 0xff, 0xff, 0xff, 0xff, 0xf8,
    0x3f, 0xff, 0xff, 0xff, 0xff, 0x83, 0xff, 0x0,
    0x0, 0x0, 0x0, 0x3f, 0xf0, 0x0, 0x0, 0x0,
    0x3, 0xff, 0x0, 0x0, 0x0, 0x0, 0x3f, 0xf0,
    0x0, 0x0, 0x0, 0x3, 0xff, 0x0, 0x0, 0x0,
    0x0, 0x3f, 0xf0, 0x0, 0x0, 0x0, 0x3, 0xff,
    0x0, 0x0, 0x0, 0x0, 0x3f, 0xf0, 0x0, 0x0,
    0x0, 0x3, 0xff, 0x0, 0x0, 0x0, 0x0, 0x3f,
    0xf0, 0x0, 0x0, 0x0, 0x3, 0xff, 0x0, 0x0,
    0x0, 0x0, 0x3f, 0xf0, 0x0, 0x0, 0x0, 0x3,
    0xff, 0x0, 0x0, 0x0, 0x0,

    /* U+0047 "G" */
    0x0, 0x0, 0x0, 0x55, 0x50, 0x0, 0x0, 0x0,
    0x0, 0xb, 0xff, 0xff, 0xe4, 0x0, 0x0, 0x0,
    0x2f, 0xff, 0xff, 0xff, 0xd0, 0x0, 0x0, 0x3f,
    0xff, 0xff, 0xff, 0xfe, 0x0, 0x0, 0x3f, 0xff,
    0xff, 0xff, 0xff, 0xe0, 0x0, 0x3f, 0xff, 0x40,
    0x1, 0xbf, 0xfd, 0x0, 0x2f, 0xfe, 0x0, 0x0,
    0x7, 0xff, 0xc0, 0x1f, 0xfd, 0x0, 0x0, 0x0,
    0x3f, 0xf4, 0xb, 0xfe, 0x0, 0x0, 0x0, 0xb,
    0xfe, 0x3, 0xff, 0x0, 0x0, 0x0, 0x0, 0xff,
    0xc2, 0xff, 0x80, 0x0, 0x0, 0x0, 0x1a, 0x90,
    0xbf, 0xc0, 0x0, 0x0, 0x0, 0x0, 0x0, 0x3f,
    0xf0, 0x0, 0x0, 0x0, 0x0, 0x0, 0xf, 0xfc,
    0x0, 0x0, 0x0, 0x0, 0x0, 0x3, 0xfe, 0x0,
    0x0, 0x0, 0x0, 0x0, 0x1, 0xff, 0x80, 0x0,
    0xb, 0xff, 0xff, 0xfc, 0x7f, 0xe0, 0x0, 0x2,
    0xff, 0xff, 0xff, 0xf, 0xf8, 0x0, 0x0, 0xbf,
    0xff, 0xff, 0xc3, 0xfe, 0x0, 0x0, 0x2f, 0xff,
    0xff, 0xf0, 0xff, 0xc0, 0x0, 0x0, 0x0, 0xb,
    0xfc, 0x3f, 0xf0, 0x0, 0x0, 0x0, 0x2, 0xff,
    0xb, 0xfd, 0x0, 0x0, 0x0, 0x0, 0xbf, 0xc0,
    0xff, 0xc0, 0x0, 0x0, 0x0, 0x2f, 0xf0, 0x3f,
    0xf4, 0x0, 0x0, 0x0, 0xb, 0xfc, 0x7, 0xff,
    0x40, 0x0, 0x0, 0x2, 0xff, 0x0, 0xbf, 0xf4,
    0x0, 0x0, 0x0, 0xff, 0xc0, 0xf, 0xff, 0xd0,
    0x0, 0x6, 0xff, 0xf0, 0x0, 0xff, 0xff, 0xfe,
    0xff, 0xff, 0xfc, 0x0, 0xf, 0xff, 0xff, 0xff,
    0xff, 0xfc, 0x0, 0x0, 0xbf, 0xff, 0xff, 0xff,
    0xf4, 0x0, 0x0, 0x1, 0xff, 0xff, 0xff, 0x80,
    0x0, 0x0, 0x0, 0x1, 0x55, 0x50, 0x0, 0x0,

    /* U+0048 "H" */
    0x3f, 0xf0, 0x0, 0x0, 0x0, 0x3f, 0xf3, 0xff,
    0x0, 0x0, 0x0, 0x3, 0xff, 0x3f, 0xf0, 0x0,
    0x0, 0x0, 0x3f, 0xf3, 0xff, 0x0, 0x0, 0x0,
    0x3, 0xff, 0x3f, 0xf0, 0x0, 0x0, 0x0, 0x3f,
    0xf3, 0xff, 0x0, 0x0, 0x0, 0x3, 0xff, 0x3f,
    0xf0, 0x0, 0x0, 0x0, 0x3f, 0xf3, 0xff, 0x0,
    0x0, 0x0, 0x3, 0xff, 0x3f, 0xf0, 0x0, 0x0,
    0x0, 0x3f, 0xf3, 0xff, 0x0, 0x0, 0x0, 0x3,
    0xff, 0x3f, 0xf0, 0x0, 0x0, 0x0, 0x3f, 0xf3,
    0xff, 0x0, 0x0, 0x0, 0x3, 0xff, 0x3f, 0xf0,
    0x0, 0x0, 0x0, 0x3f, 0xf3, 0xff, 0xff, 0xff,
    0xff, 0xff, 0xff, 0x3f, 0xff, 0xff, 0xff, 0xff,
    0xff, 0xf3, 0xff, 0xff, 0xff, 0xff, 0xff, 0xff,
    0x3f, 0xff, 0xff, 0xff, 0xff, 0xff, 0xf3, 0xff,
    0x0, 0x0, 0x0, 0x3, 0xff, 0x3f, 0xf0, 0x0,
    0x0, 0x0, 0x3f, 0xf3, 0xff, 0x0, 0x0, 0x0,
    0x3, 0xff, 0x3f, 0xf0, 0x0, 0x0, 0x0, 0x3f,
    0xf3, 0xff, 0x0, 0x0, 0x0, 0x3, 0xff, 0x3f,
    0xf0, 0x0, 0x0, 0x0, 0x3f, 0xf3, 0xff, 0x0,
    0x0, 0x0, 0x3, 0xff, 0x3f, 0xf0, 0x0, 0x0,
    0x0, 0x3f, 0xf3, 0xff, 0x0, 0x0, 0x0, 0x3,
    0xff, 0x3f, 0xf0, 0x0, 0x0, 0x0, 0x3f, 0xf3,
    0xff, 0x0, 0x0, 0x0, 0x3, 0xff, 0x3f, 0xf0,
    0x0, 0x0, 0x0, 0x3f, 0xf3, 0xff, 0x0, 0x0,
    0x0, 0x3, 0xff,

    /* U+0049 "I" */
    0x3f, 0xf3, 0xff, 0x3f, 0xf3, 0xff, 0x3f, 0xf3,
    0xff, 0x3f, 0xf3, 0xff, 0x3f, 0xf3, 0xff, 0x3f,
    0xf3, 0xff, 0x3f, 0xf3, 0xff, 0x3f, 0xf3, 0xff,
    0x3f, 0xf3, 0xff, 0x3f, 0xf3, 0xff, 0x3f, 0xf3,
    0xff, 0x3f, 0xf3, 0xff, 0x3f, 0xf3, 0xff, 0x3f,
    0xf3, 0xff, 0x3f, 0xf3, 0xff,

    /* U+004A "J" */
    0x0, 0x0, 0x0, 0x7, 0xfe, 0x0, 0x0, 0x0,
    0x7, 0xfe, 0x0, 0x0, 0x0, 0x7, 0xfe, 0x0,
    0x0, 0x0, 0x7, 0xfe, 0x0, 0x0, 0x0, 0x7,
    0xfe, 0x0, 0x0, 0x0, 0x7, 0xfe, 0x0, 0x0,
    0x0, 0x7, 0xfe, 0x0, 0x0, 0x0, 0x7, 0xfe,
    0x0, 0x0, 0x0, 0x7, 0xfe, 0x0, 0x0, 0x0,
    0x7, 0xfe, 0x0, 0x0, 0x0, 0x7, 0xfe, 0x0,
    0x0, 0x0, 0x7, 0xfe, 0x0, 0x0, 0x0, 0x7,
    0xfe, 0x0, 0x0, 0x0, 0x7, 0xfe, 0x0, 0x0,
    0x0, 0x7, 0xfe, 0x0, 0x0, 0x0, 0x7, 0xfe,
    0x0, 0x0, 0x0, 0x7, 0xfe, 0x0, 0x0, 0x0,
    0x7, 0xfe, 0x0, 0x0, 0x0, 0x7, 0xfe, 0x0,
    0x0, 0x0, 0x7, 0xfe, 0x7f, 0xd0, 0x0, 0x7,
    0xfe, 0x7f, 0xe0, 0x0, 0x7, 0xfe, 0x7f, 0xe0,
    0x0, 0x7, 0xfe, 0x3f, 0xf0, 0x0, 0xf, 0xfd,
    0x3f, 0xf4, 0x0, 0xf, 0xfc, 0x2f, 0xfd, 0x0,
    0x7f, 0xfc, 0xf, 0xff, 0xff, 0xff, 0xf4, 0x7,
    0xff, 0xff, 0xff, 0xe0, 0x1, 0xff, 0xff, 0xff,
    0x80, 0x0, 0x2f, 0xff, 0xfd, 0x0, 0x0, 0x1,
    0x55, 0x40, 0x0,

    /* U+004B "K" */
    0x3f, 0xf0, 0x0, 0x0, 0x2, 0xff, 0xe0, 0x3f,
    0xf0, 0x0, 0x0, 0xb, 0xff, 0x40, 0x3f, 0xf0,
    0x0, 0x0, 0x2f, 0xfd, 0x0, 0x3f, 0xf0, 0x0,
    0x0, 0xbf, 0xf4, 0x0, 0x3f, 0xf0, 0x0, 0x2,
    0xff, 0xd0, 0x0, 0x3f, 0xf0, 0x0, 0xb, 0xff,
    0x40, 0x0, 0x3f, 0xf0, 0x0, 0x2f, 0xfd, 0x0,
    0x0, 0x3f, 0xf0, 0x0, 0xbf, 0xf4, 0x0, 0x0,
    0x3f, 0xf0, 0x2, 0xff, 0xd0, 0x0, 0x0, 0x3f,
    0xf0, 0xb, 0xff, 0x40, 0x0, 0x0, 0x3f, 0xf0,
    0x2f, 0xfd, 0x0, 0x0, 0x0, 0x3f, 0xf0, 0xbf,
    0xf4, 0x0, 0x0, 0x0, 0x3f, 0xf2, 0xff, 0xc0,
    0x0, 0x0, 0x0, 0x3f, 0xf7, 0xff, 0xd0, 0x0,
    0x0, 0x0, 0x3f, 0xff, 0xff, 0xf4, 0x0, 0x0,
    0x0, 0x3f, 0xff, 0xff, 0xfc, 0x0, 0x0, 0x0,
    0x3f, 0xff, 0xdf, 0xff, 0x0, 0x0, 0x0, 0x3f,
    0xff, 0x7, 0xff, 0xc0, 0x0, 0x0, 0x3f, 0xfc,
    0x1, 0xff, 0xf0, 0x0, 0x0, 0x3f, 0xf0, 0x0,
    0xbf, 0xf8, 0x0, 0x0, 0x3f, 0xf0, 0x0, 0x2f,
    0xfe, 0x0, 0x0, 0x3f, 0xf0, 0x0, 0xf, 0xff,
    0x40, 0x0, 0x3f, 0xf0, 0x0, 0x3, 0xff, 0xd0,
    0x0, 0x3f, 0xf0, 0x0, 0x0, 0xff, 0xf4, 0x0,
    0x3f, 0xf0, 0x0, 0x0, 0x7f, 0xfc, 0x0, 0x3f,
    0xf0, 0x0, 0x0, 0x1f, 0xff, 0x0, 0x3f, 0xf0,
    0x0, 0x0, 0xb, 0xff, 0xc0, 0x3f, 0xf0, 0x0,
    0x0, 0x2, 0xff, 0xe0, 0x3f, 0xf0, 0x0, 0x0,
    0x0, 0xff, 0xf8, 0x3f, 0xf0, 0x0, 0x0, 0x0,
    0x3f, 0xfe,

    /* U+004C "L" */
    0x3f, 0xf0, 0x0, 0x0, 0x0, 0x0, 0xff, 0xc0,
    0x0, 0x0, 0x0, 0x3, 0xff, 0x0, 0x0, 0x0,
    0x0, 0xf, 0xfc, 0x0, 0x0, 0x0, 0x0, 0x3f,
    0xf0, 0x0, 0x0, 0x0, 0x0, 0xff, 0xc0, 0x0,
    0x0, 0x0, 0x3, 0xff, 0x0, 0x0, 0x0, 0x0,
    0xf, 0xfc, 0x0, 0x0, 0x0, 0x0, 0x3f, 0xf0,
    0x0, 0x0, 0x0, 0x0, 0xff, 0xc0, 0x0, 0x0,
    0x0, 0x3, 0xff, 0x0, 0x0, 0x0, 0x0, 0xf,
    0xfc, 0x0, 0x0, 0x0, 0x0, 0x3f, 0xf0, 0x0,
    0x0, 0x0, 0x0, 0xff, 0xc0, 0x0, 0x0, 0x0,
    0x3, 0xff, 0x0, 0x0, 0x0, 0x0, 0xf, 0xfc,
    0x0, 0x0, 0x0, 0x0, 0x3f, 0xf0, 0x0, 0x0,
    0x0, 0x0, 0xff, 0xc0, 0x0, 0x0, 0x0, 0x3,
    0xff, 0x0, 0x0, 0x0, 0x0, 0xf, 0xfc, 0x0,
    0x0, 0x0, 0x0, 0x3f, 0xf0, 0x0, 0x0, 0x0,
    0x0, 0xff, 0xc0, 0x0, 0x0, 0x0, 0x3, 0xff,
    0x0, 0x0, 0x0, 0x0, 0xf, 0xfc, 0x0, 0x0,
    0x0, 0x0, 0x3f, 0xf0, 0x0, 0x0, 0x0, 0x0,
    0xff, 0xc0, 0x0, 0x0, 0x0, 0x3, 0xff, 0xff,
    0xff, 0xff, 0xff, 0xf, 0xff, 0xff, 0xff, 0xff,
    0xfc, 0x3f, 0xff, 0xff, 0xff, 0xff, 0xf0, 0xff,
    0xff, 0xff, 0xff, 0xff, 0xc0,

    /* U+004D "M" */
    0x3f, 0xfc, 0x0, 0x0, 0x0, 0x0, 0x3, 0xff,
    0xcf, 0xff, 0x40, 0x0, 0x0, 0x0, 0x1, 0xff,
    0xf3, 0xff, 0xf0, 0x0, 0x0, 0x0, 0x0, 0xff,
    0xfc, 0xff, 0xfc, 0x0, 0x0, 0x0, 0x0, 0x7f,
    0xff, 0x3f, 0xff, 0x80, 0x0, 0x0, 0x0, 0x2f,
    0xff, 0xcf, 0xff, 0xf0, 0x0, 0x0, 0x0, 0xf,
    0xff, 0xf3, 0xff, 0xfe, 0x0, 0x0, 0x0, 0xb,
    0xff, 0xfc, 0xff, 0xff, 0xc0, 0x0, 0x0, 0x3,
    0xff, 0xff, 0x3f, 0xff, 0xf4, 0x0, 0x0, 0x1,
    0xff, 0xff, 0xcf, 0xff, 0xff, 0x0, 0x0, 0x0,
    0xff, 0xff, 0xf3, 0xff, 0x7f, 0xc0, 0x0, 0x0,
    0x7f, 0xdf, 0xfc, 0xff, 0xcf, 0xf8, 0x0, 0x0,
    0x2f, 0xf3, 0xff, 0x3f, 0xf2, 0xff, 0x0, 0x0,
    0xf, 0xf8, 0xff, 0xcf, 0xfc, 0x3f, 0xe0, 0x0,
    0xb, 0xfc, 0x3f, 0xf3, 0xff, 0xf, 0xfc, 0x0,
    0x3, 0xfe, 0xf, 0xfc, 0xff, 0xc1, 0xff, 0x40,
    0x1, 0xff, 0x43, 0xff, 0x3f, 0xf0, 0x3f, 0xf0,
    0x0, 0xff, 0xc0, 0xff, 0xcf, 0xfc, 0x7, 0xfd,
    0x0, 0x7f, 0xd0, 0x3f, 0xf3, 0xff, 0x0, 0xff,
    0x80, 0x3f, 0xf0, 0xf, 0xfc, 0xff, 0xc0, 0x2f,
    0xf0, 0xf, 0xf8, 0x3, 0xff, 0x3f, 0xf0, 0x3,
    0xfe, 0xb, 0xfc, 0x0, 0xff, 0xcf, 0xfc, 0x0,
    0xff, 0xc3, 0xfe, 0x0, 0x3f, 0xf3, 0xff, 0x0,
    0x1f, 0xf5, 0xff, 0x40, 0xf, 0xfc, 0xff, 0xc0,
    0x3, 0xff, 0xff, 0xc0, 0x3, 0xff, 0x3f, 0xf0,
    0x0, 0xbf, 0xff, 0xd0, 0x0, 0xff, 0xcf, 0xfc,
    0x0, 0xf, 0xff, 0xf0, 0x0, 0x3f, 0xf3, 0xff,
    0x0, 0x2, 0xff, 0xf8, 0x0, 0xf, 0xfc, 0xff,
    0xc0, 0x0, 0x3f, 0xfc, 0x0, 0x3, 0xff, 0x3f,
    0xf0, 0x0, 0xf, 0xfe, 0x0, 0x0, 0xff, 0xcf,
    0xfc, 0x0, 0x1, 0xff, 0x40, 0x0, 0x3f, 0xf0,

    /* U+004E "N" */
    0x3f, 0xf0, 0x0, 0x0, 0x0, 0x3f, 0xf3, 0xff,
    0xc0, 0x0, 0x0, 0x3, 0xff, 0x3f, 0xfe, 0x0,
    0x0, 0x0, 0x3f, 0xf3, 0xff, 0xf4, 0x0, 0x0,
    0x3, 0xff, 0x3f, 0xff, 0xc0, 0x0, 0x0, 0x3f,
    0xf3, 0xff, 0xfe, 0x0, 0x0, 0x3, 0xff, 0x3f,
    0xff, 0xf4, 0x0, 0x0, 0x3f, 0xf3, 0xff, 0xff,
    0xc0, 0x0, 0x3, 0xff, 0x3f, 0xfb, 0xfe, 0x0,
    0x0, 0x3f, 0xf3, 0xff, 0x3f, 0xf4, 0x0, 0x3,
    0xff, 0x3f, 0xf1, 0xff, 0xc0, 0x0, 0x3f, 0xf3,
    0xff, 0xb, 0xfe, 0x0, 0x3, 0xff, 0x3f, 0xf0,
    0x3f, 0xf4, 0x0, 0x3f, 0xf3, 0xff, 0x1, 0xff,
    0xc0, 0x3, 0xff, 0x3f, 0xf0, 0xb, 0xff, 0x0,
    0x3f, 0xf3, 0xff, 0x0, 0x3f, 0xf4, 0x3, 0xff,
    0x3f, 0xf0, 0x0, 0xff, 0xc0, 0x3f, 0xf3, 0xff,
    0x0, 0xb, 0xff, 0x3, 0xff, 0x3f, 0xf0, 0x0,
    0x3f, 0xf8, 0x3f, 0xf3, 0xff, 0x0, 0x0, 0xff,
    0xc3, 0xff, 0x3f, 0xf0, 0x0, 0x7, 0xff, 0x3f,
    0xf3, 0xff, 0x0, 0x0, 0x3f, 0xff, 0xff, 0x3f,
    0xf0, 0x0, 0x0, 0xff, 0xff, 0xf3, 0xff, 0x0,
    0x0, 0x7, 0xff, 0xff, 0x3f, 0xf0, 0x0, 0x0,
    0x2f, 0xff, 0xf3, 0xff, 0x0, 0x0, 0x0, 0xff,
    0xff, 0x3f, 0xf0, 0x0, 0x0, 0x7, 0xff, 0xf3,
    0xff, 0x0, 0x0, 0x0, 0x2f, 0xff, 0x3f, 0xf0,
    0x0, 0x0, 0x0, 0xff, 0xf3, 0xff, 0x0, 0x0,
    0x0, 0x7, 0xff,

    /* U+004F "O" */
    0x0, 0x0, 0x0, 0x55, 0x50, 0x0, 0x0, 0x0,
    0x0, 0x2, 0xff, 0xff, 0xf9, 0x0, 0x0, 0x0,
    0x2, 0xff, 0xff, 0xff, 0xfd, 0x0, 0x0, 0x0,
    0xff, 0xff, 0xff, 0xff, 0xf8, 0x0, 0x0, 0x3f,
    0xff, 0xff, 0xff, 0xff, 0xe0, 0x0, 0xf, 0xff,
    0xd0, 0x0, 0x6f, 0xff, 0x80, 0x2, 0xff, 0xe0,
    0x0, 0x0, 0x3f, 0xfd, 0x0, 0x7f, 0xf4, 0x0,
    0x0, 0x0, 0xff, 0xf0, 0xf, 0xfe, 0x0, 0x0,
    0x0, 0x3, 0xff, 0x40, 0xff, 0xc0, 0x0, 0x0,
    0x0, 0x1f, 0xfc, 0x2f, 0xf8, 0x0, 0x0, 0x0,
    0x0, 0xff, 0xc3, 0xff, 0x0, 0x0, 0x0, 0x0,
    0xb, 0xfd, 0x3f, 0xf0, 0x0, 0x0, 0x0, 0x0,
    0x7f, 0xe3, 0xff, 0x0, 0x0, 0x0, 0x0, 0x7,
    0xfe, 0x3f, 0xe0, 0x0, 0x0, 0x0, 0x0, 0x3f,
    0xf7, 0xfe, 0x0, 0x0, 0x0, 0x0, 0x3, 0xff,
    0x7f, 0xe0, 0x0, 0x0, 0x0, 0x0, 0x3f, 0xf3,
    0xfe, 0x0, 0x0, 0x0, 0x0, 0x3, 0xff, 0x3f,
    0xf0, 0x0, 0x0, 0x0, 0x0, 0x7f, 0xe3, 0xff,
    0x0, 0x0, 0x0, 0x0, 0x7, 0xfe, 0x3f, 0xf0,
    0x0, 0x0, 0x0, 0x0, 0xbf, 0xd2, 0xff, 0x80,
    0x0, 0x0, 0x0, 0xf, 0xfc, 0xf, 0xfc, 0x0,
    0x0, 0x0, 0x1, 0xff, 0xc0, 0xff, 0xe0, 0x0,
    0x0, 0x0, 0x3f, 0xf4, 0x7, 0xff, 0x40, 0x0,
    0x0, 0xf, 0xff, 0x0, 0x2f, 0xfd, 0x0, 0x0,
    0x3, 0xff, 0xd0, 0x0, 0xff, 0xfd, 0x0, 0x6,
    0xff, 0xf8, 0x0, 0x3, 0xff, 0xff, 0xff, 0xff,
    0xfe, 0x0, 0x0, 0xf, 0xff, 0xff, 0xff, 0xff,
    0x80, 0x0, 0x0, 0x2f, 0xff, 0xff, 0xff, 0xd0,
    0x0, 0x0, 0x0, 0x2f, 0xff, 0xff, 0x90, 0x0,
    0x0, 0x0, 0x0, 0x5, 0x55, 0x0, 0x0, 0x0,

    /* U+0050 "P" */
    0x3f, 0xff, 0xff, 0xff, 0xa4, 0x0, 0xf, 0xff,
    0xff, 0xff, 0xff, 0xd0, 0x3, 0xff, 0xff, 0xff,
    0xff, 0xfe, 0x0, 0xff, 0xff, 0xff, 0xff, 0xff,
    0xe0, 0x3f, 0xf0, 0x0, 0x1, 0xbf, 0xfc, 0xf,
    0xfc, 0x0, 0x0, 0x7, 0xff, 0x83, 0xff, 0x0,
    0x0, 0x0, 0x7f, 0xf0, 0xff, 0xc0, 0x0, 0x0,
    0xf, 0xfc, 0x3f, 0xf0, 0x0, 0x0, 0x3, 0xff,
    0xf, 0xfc, 0x0, 0x0, 0x0, 0xbf, 0xc3, 0xff,
    0x0, 0x0, 0x0, 0x3f, 0xf0, 0xff, 0xc0, 0x0,
    0x0, 0xf, 0xfc, 0x3f, 0xf0, 0x0, 0x0, 0x7,
    0xff, 0xf, 0xfc, 0x0, 0x0, 0x3, 0xff, 0x83,
    0xff, 0x0, 0x0, 0x1b, 0xff, 0xc0, 0xff, 0xff,
    0xff, 0xff, 0xff, 0xd0, 0x3f, 0xff, 0xff, 0xff,
    0xff, 0xe0, 0xf, 0xff, 0xff, 0xff, 0xff, 0xd0,
    0x3, 0xff, 0xff, 0xff, 0xfa, 0x0, 0x0, 0xff,
    0xc0, 0x0, 0x0, 0x0, 0x0, 0x3f, 0xf0, 0x0,
    0x0, 0x0, 0x0, 0xf, 0xfc, 0x0, 0x0, 0x0,
    0x0, 0x3, 0xff, 0x0, 0x0, 0x0, 0x0, 0x0,
    0xff, 0xc0, 0x0, 0x0, 0x0, 0x0, 0x3f, 0xf0,
    0x0, 0x0, 0x0, 0x0, 0xf, 0xfc, 0x0, 0x0,
    0x0, 0x0, 0x3, 0xff, 0x0, 0x0, 0x0, 0x0,
    0x0, 0xff, 0xc0, 0x0, 0x0, 0x0, 0x0, 0x3f,
    0xf0, 0x0, 0x0, 0x0, 0x0, 0xf, 0xfc, 0x0,
    0x0, 0x0, 0x0, 0x0,

    /* U+0051 "Q" */
    0x0, 0x0, 0x0, 0x55, 0x50, 0x0, 0x0, 0x0,
    0x0, 0x2, 0xff, 0xff, 0xf9, 0x0, 0x0, 0x0,
    0x2, 0xff, 0xff, 0xff, 0xfd, 0x0, 0x0, 0x0,
    0xff, 0xff, 0xff, 0xff, 0xf8, 0x0, 0x0, 0x3f,
    0xff, 0xff, 0xff, 0xff, 0xe0, 0x0, 0xf, 0xff,
    0xd0, 0x0, 0x6f, 0xff, 0x80, 0x2, 0xff, 0xe0,
    0x0, 0x0, 0x3f, 0xfc, 0x0, 0x7f, 0xf4, 0x0,
    0x0, 0x0, 0xff, 0xf0, 0xf, 0xfe, 0x0, 0x0,
    0x0, 0x3, 0xff, 0x40, 0xff, 0xc0, 0x0, 0x0,
    0x0, 0x1f, 0xfc, 0x2f, 0xf8, 0x0, 0x0, 0x0,
    0x0, 0xff, 0xc3, 0xff, 0x0, 0x0, 0x0, 0x0,
    0xb, 0xfd, 0x3f, 0xf0, 0x0, 0x0, 0x0, 0x0,
    0x7f, 0xe3, 0xff, 0x0, 0x0, 0x0, 0x0, 0x7,
    0xfe, 0x3f, 0xe0, 0x0, 0x0, 0x0, 0x0, 0x3f,
    0xf7, 0xfe, 0x0, 0x0, 0x0, 0x0, 0x3, 0xff,
    0x7f, 0xe0, 0x0, 0x0, 0x0, 0x0, 0x3f, 0xf3,
    0xfe, 0x0, 0x0, 0x0, 0x0, 0x3, 0xff, 0x3f,
    0xf0, 0x0, 0x0, 0x4, 0x0, 0x7f, 0xe3, 0xff,
    0x0, 0x0, 0x1, 0xf0, 0x7, 0xfe, 0x3f, 0xf0,
    0x0, 0x0, 0x7f, 0xc0, 0xbf, 0xd2, 0xff, 0x80,
    0x0, 0xb, 0xfe, 0xf, 0xfc, 0xf, 0xfc, 0x0,
    0x0, 0x2f, 0xf9, 0xff, 0xc0, 0xff, 0xe0, 0x0,
    0x0, 0xff, 0xff, 0xf4, 0x7, 0xff, 0x40, 0x0,
    0x3, 0xff, 0xff, 0x0, 0x2f, 0xfd, 0x0, 0x0,
    0xf, 0xff, 0xd0, 0x0, 0xff, 0xfd, 0x0, 0x2,
    0xff, 0xf8, 0x0, 0x3, 0xff, 0xff, 0xff, 0xff,
    0xff, 0x80, 0x0, 0xf, 0xff, 0xff, 0xff, 0xff,
    0xfd, 0x0, 0x0, 0x2f, 0xff, 0xff, 0xff, 0xff,
    0xf4, 0x0, 0x0, 0x2f, 0xff, 0xff, 0x90, 0xff,
    0xc0, 0x0, 0x0, 0x5, 0x55, 0x0, 0x7, 0xfd,
    0x0, 0x0, 0x0, 0x0, 0x0, 0x0, 0x2f, 0x40,
    0x0, 0x0, 0x0, 0x0, 0x0, 0x0, 0xd0, 0x0,
    0x0, 0x0, 0x0, 0x0, 0x0, 0x0, 0x0,

    /* U+0052 "R" */
    0x3f, 0xff, 0xff, 0xff, 0xe4, 0x0, 0x0, 0xff,
    0xff, 0xff, 0xff, 0xfe, 0x0, 0x3, 0xff, 0xff,
    0xff, 0xff, 0xff, 0x0, 0xf, 0xff, 0xff, 0xff,
    0xff, 0xff, 0x0, 0x3f, 0xf0, 0x0, 0x1, 0xbf,
    0xfd, 0x0, 0xff, 0xc0, 0x0, 0x0, 0x2f, 0xfc,
    0x3, 0xff, 0x0, 0x0, 0x0, 0x3f, 0xf0, 0xf,
    0xfc, 0x0, 0x0, 0x0, 0xbf, 0xd0, 0x3f, 0xf0,
    0x0, 0x0, 0x2, 0xff, 0x40, 0xff, 0xc0, 0x0,
    0x0, 0xb, 0xfd, 0x3, 0xff, 0x0, 0x0, 0x0,
    0x3f, 0xf0, 0xf, 0xfc, 0x0, 0x0, 0x0, 0xff,
    0xc0, 0x3f, 0xf0, 0x0, 0x0, 0xf, 0xfd, 0x0,
    0xff, 0xc0, 0x0, 0x6, 0xff, 0xe0, 0x3, 0xff,
    0xff, 0xff, 0xff, 0xfe, 0x0, 0xf, 0xff, 0xff,
    0xff, 0xff, 0xc0, 0x0, 0x3f, 0xff, 0xff, 0xff,
    0xff, 0xc0, 0x0, 0xff, 0xff, 0xff, 0xff, 0xff,
    0xd0, 0x3, 0xff, 0x0, 0x0, 0xb, 0xff, 0xc0,
    0xf, 0xfc, 0x0, 0x0, 0x3, 0xff, 0x40, 0x3f,
    0xf0, 0x0, 0x0, 0xb, 0xfe, 0x0, 0xff, 0xc0,
    0x0, 0x0, 0xf, 0xfc, 0x3, 0xff, 0x0, 0x0,
    0x0, 0x3f, 0xf0, 0xf, 0xfc, 0x0, 0x0, 0x0,
    0xff, 0xc0, 0x3f, 0xf0, 0x0, 0x0, 0x3, 0xff,
    0x0, 0xff, 0xc0, 0x0, 0x0, 0xb, 0xfc, 0x3,
    0xff, 0x0, 0x0, 0x0, 0x2f, 0xf4, 0xf, 0xfc,
    0x0, 0x0, 0x0, 0x7f, 0xe0, 0x3f, 0xf0, 0x0,
    0x0, 0x0, 0xff, 0xc0, 0xff, 0xc0, 0x0, 0x0,
    0x2, 0xff, 0x80,

    /* U+0053 "S" */
    0x0, 0x0, 0x5, 0x55, 0x0, 0x0, 0x0, 0x0,
    0x6f, 0xff, 0xff, 0x80, 0x0, 0x0, 0x7f, 0xff,
    0xff, 0xff, 0x40, 0x0, 0x1f, 0xff, 0xff, 0xff,
    0xfe, 0x0, 0x7, 0xff, 0xfe, 0xbf, 0xff, 0xf8,
    0x0, 0xff, 0xf0, 0x0, 0x7, 0xff, 0xc0, 0x1f,
    0xf8, 0x0, 0x0, 0xf, 0xfe, 0x2, 0xff, 0x40,
    0x0, 0x0, 0x7f, 0xf0, 0x3f, 0xf0, 0x0, 0x0,
    0x3, 0xff, 0x2, 0xff, 0x40, 0x0, 0x0, 0x2f,
    0xf4, 0x2f, 0xfc, 0x0, 0x0, 0x0, 0x0, 0x1,
    0xff, 0xf0, 0x0, 0x0, 0x0, 0x0, 0xf, 0xff,
    0xf4, 0x0, 0x0, 0x0, 0x0, 0x3f, 0xff, 0xfd,
    0x0, 0x0, 0x0, 0x0, 0xff, 0xff, 0xff, 0x80,
    0x0, 0x0, 0x1, 0xbf, 0xff, 0xff, 0xd0, 0x0,
    0x0, 0x0, 0x7f, 0xff, 0xff, 0xd0, 0x0, 0x0,
    0x0, 0x1b, 0xff, 0xff, 0x80, 0x0, 0x0, 0x0,
    0x6, 0xff, 0xfe, 0x0, 0x0, 0x0, 0x0, 0x2,
    0xff, 0xf0, 0x0, 0x0, 0x0, 0x0, 0x3, 0xff,
    0x8b, 0xfc, 0x0, 0x0, 0x0, 0x1f, 0xfc, 0xbf,
    0xd0, 0x0, 0x0, 0x0, 0xff, 0xc7, 0xff, 0x0,
    0x0, 0x0, 0xf, 0xfc, 0x3f, 0xf4, 0x0, 0x0,
    0x0, 0xff, 0xc2, 0xff, 0xc0, 0x0, 0x0, 0x3f,
    0xf8, 0xf, 0xff, 0x80, 0x0, 0x2f, 0xff, 0x0,
    0xbf, 0xff, 0xff, 0xff, 0xff, 0xe0, 0x2, 0xff,
    0xff, 0xff, 0xff, 0xf8, 0x0, 0x7, 0xff, 0xff,
    0xff, 0xfd, 0x0, 0x0, 0x7, 0xff, 0xff, 0xfd,
    0x0, 0x0, 0x0, 0x0, 0x55, 0x50, 0x0, 0x0,

    /* U+0054 "T" */
    0x7f, 0xff, 0xff, 0xff, 0xff, 0xff, 0xc7, 0xff,
    0xff, 0xff, 0xff, 0xff, 0xfc, 0x7f, 0xff, 0xff,
    0xff, 0xff, 0xff, 0xc7, 0xff, 0xff, 0xff, 0xff,
    0xff, 0xfc, 0x0, 0x0, 0xb, 0xfd, 0x0, 0x0,
    0x0, 0x0, 0x0, 0xbf, 0xd0, 0x0, 0x0, 0x0,
    0x0, 0xb, 0xfd, 0x0, 0x0, 0x0, 0x0, 0x0,
    0xbf, 0xd0, 0x0, 0x0, 0x0, 0x0, 0xb, 0xfd,
    0x0, 0x0, 0x0, 0x0, 0x0, 0xbf, 0xd0, 0x0,
    0x0, 0x0, 0x0, 0xb, 0xfd, 0x0, 0x0, 0x0,
    0x0, 0x0, 0xbf, 0xd0, 0x0, 0x0, 0x0, 0x0,
    0xb, 0xfd, 0x0, 0x0, 0x0, 0x0, 0x0, 0xbf,
    0xd0, 0x0, 0x0, 0x0, 0x0, 0xb, 0xfd, 0x0,
    0x0, 0x0, 0x0, 0x0, 0xbf, 0xd0, 0x0, 0x0,
    0x0, 0x0, 0xb, 0xfd, 0x0, 0x0, 0x0, 0x0,
    0x0, 0xbf, 0xd0, 0x0, 0x0, 0x0, 0x0, 0xb,
    0xfd, 0x0, 0x0, 0x0, 0x0, 0x0, 0xbf, 0xd0,
    0x0, 0x0, 0x0, 0x0, 0xb, 0xfd, 0x0, 0x0,
    0x0, 0x0, 0x0, 0xbf, 0xd0, 0x0, 0x0, 0x0,
    0x0, 0xb, 0xfd, 0x0, 0x0, 0x0, 0x0, 0x0,
    0xbf, 0xd0, 0x0, 0x0, 0x0, 0x0, 0xb, 0xfd,
    0x0, 0x0, 0x0, 0x0, 0x0, 0xbf, 0xd0, 0x0,
    0x0, 0x0, 0x0, 0xb, 0xfd, 0x0, 0x0, 0x0,
    0x0, 0x0, 0xbf, 0xd0, 0x0, 0x0, 0x0, 0x0,
    0xb, 0xfd, 0x0, 0x0, 0x0, 0x0, 0x0, 0xbf,
    0xd0, 0x0, 0x0,

    /* U+0055 "U" */
    0x3f, 0xf0, 0x0, 0x0, 0x0, 0x3f, 0xf3, 0xff,
    0x0, 0x0, 0x0, 0x3, 0xff, 0x3f, 0xf0, 0x0,
    0x0, 0x0, 0x3f, 0xf3, 0xff, 0x0, 0x0, 0x0,
    0x3, 0xff, 0x3f, 0xf0, 0x0, 0x0, 0x0, 0x3f,
    0xf3, 0xff, 0x0, 0x0, 0x0, 0x3, 0xff, 0x3f,
    0xf0, 0x0, 0x0, 0x0, 0x3f, 0xf3, 0xff, 0x0,
    0x0, 0x0, 0x3, 0xff, 0x3f, 0xf0, 0x0, 0x0,
    0x0, 0x3f, 0xf3, 0xff, 0x0, 0x0, 0x0, 0x3,
    0xff, 0x3f, 0xf0, 0x0, 0x0, 0x0, 0x3f, 0xf3,
    0xff, 0x0, 0x0, 0x0, 0x3, 0xff, 0x3f, 0xf0,
    0x0, 0x0, 0x0, 0x3f, 0xf3, 0xff, 0x0, 0x0,
    0x0, 0x3, 0xff, 0x3f, 0xf0, 0x0, 0x0, 0x0,
    0x3f, 0xf3, 0xff, 0x0, 0x0, 0x0, 0x3, 0xff,
    0x3f, 0xf0, 0x0, 0x0, 0x0, 0x3f, 0xf3, 0xff,
    0x0, 0x0, 0x0, 0x3, 0xff, 0x3f, 0xf0, 0x0,
    0x0, 0x0, 0x3f, 0xf3, 0xff, 0x0, 0x0, 0x0,
    0x3, 0xff, 0x3f, 0xf0, 0x0, 0x0, 0x0, 0x3f,
    0xe3, 0xff, 0x0, 0x0, 0x0, 0x7, 0xfe, 0x2f,
    0xf4, 0x0, 0x0, 0x0, 0xbf, 0xd1, 0xff, 0xc0,
    0x0, 0x0, 0xf, 0xfc, 0xf, 0xfe, 0x0, 0x0,
    0x3, 0xff, 0x80, 0x7f, 0xfd, 0x0, 0x1, 0xff,
    0xf0, 0x2, 0xff, 0xff, 0xef, 0xff, 0xfd, 0x0,
    0xb, 0xff, 0xff, 0xff, 0xff, 0x80, 0x0, 0x1f,
    0xff, 0xff, 0xff, 0xd0, 0x0, 0x0, 0x1f, 0xff,
    0xff, 0xd0, 0x0, 0x0, 0x0, 0x5, 0x55, 0x0,
    0x0, 0x0,

    /* U+0056 "V" */
    0xbf, 0xe0, 0x0, 0x0, 0x0, 0xf, 0xfd, 0x7f,
    0xf0, 0x0, 0x0, 0x0, 0x1f, 0xfc, 0x3f, 0xf4,
    0x0, 0x0, 0x0, 0x2f, 0xf8, 0x2f, 0xf8, 0x0,
    0x0, 0x0, 0x3f, 0xf0, 0xf, 0xfc, 0x0, 0x0,
    0x0, 0x7f, 0xf0, 0xf, 0xfd, 0x0, 0x0, 0x0,
    0xbf, 0xe0, 0x7, 0xfe, 0x0, 0x0, 0x0, 0xff,
    0xc0, 0x3, 0xff, 0x0, 0x0, 0x1, 0xff, 0xc0,
    0x3, 0xff, 0x40, 0x0, 0x2, 0xff, 0x40, 0x1,
    0xff, 0x80, 0x0, 0x3, 0xff, 0x0, 0x0, 0xff,
    0xc0, 0x0, 0x7, 0xfe, 0x0, 0x0, 0xbf, 0xd0,
    0x0, 0xb, 0xfd, 0x0, 0x0, 0x7f, 0xf0, 0x0,
    0xf, 0xfc, 0x0, 0x0, 0x3f, 0xf0, 0x0, 0x1f,
    0xf8, 0x0, 0x0, 0x2f, 0xf4, 0x0, 0x2f, 0xf4,
    0x0, 0x0, 0x1f, 0xfc, 0x0, 0x3f, 0xf0, 0x0,
    0x0, 0xf, 0xfc, 0x0, 0x7f, 0xe0, 0x0, 0x0,
    0xb, 0xfd, 0x0, 0xff, 0xc0, 0x0, 0x0, 0x3,
    0xff, 0x0, 0xff, 0xc0, 0x0, 0x0, 0x3, 0xff,
    0x1, 0xff, 0x80, 0x0, 0x0, 0x2, 0xff, 0x43,
    0xff, 0x0, 0x0, 0x0, 0x0, 0xff, 0xc3, 0xff,
    0x0, 0x0, 0x0, 0x0, 0xff, 0xc7, 0xfd, 0x0,
    0x0, 0x0, 0x0, 0x7f, 0xdf, 0xfc, 0x0, 0x0,
    0x0, 0x0, 0x3f, 0xff, 0xfc, 0x0, 0x0, 0x0,
    0x0, 0x2f, 0xff, 0xf4, 0x0, 0x0, 0x0, 0x0,
    0x1f, 0xff, 0xf0, 0x0, 0x0, 0x0, 0x0, 0xf,
    0xff, 0xe0, 0x0, 0x0, 0x0, 0x0, 0xb, 0xff,
    0xd0, 0x0, 0x0, 0x0, 0x0, 0x7, 0xff, 0xc0,
    0x0, 0x0,

    /* U+0057 "W" */
    0xbf, 0xf0, 0x0, 0x0, 0x2f, 0xf8, 0x0, 0x0,
    0xf, 0xfe, 0x7f, 0xf0, 0x0, 0x0, 0x3f, 0xfc,
    0x0, 0x0, 0xf, 0xfd, 0x3f, 0xf4, 0x0, 0x0,
    0x3f, 0xfc, 0x0, 0x0, 0x1f, 0xfc, 0x3f, 0xf8,
    0x0, 0x0, 0x7f, 0xfd, 0x0, 0x0, 0x2f, 0xfc,
    0x2f, 0xfc, 0x0, 0x0, 0xbf, 0xfe, 0x0, 0x0,
    0x3f, 0xf8, 0xf, 0xfc, 0x0, 0x0, 0xff, 0xff,
    0x0, 0x0, 0x3f, 0xf0, 0xf, 0xfd, 0x0, 0x0,
    0xff, 0xff, 0x0, 0x0, 0x7f, 0xf0, 0xb, 0xfe,
    0x0, 0x1, 0xff, 0xff, 0x40, 0x0, 0xbf, 0xe0,
    0x7, 0xff, 0x0, 0x2, 0xfe, 0xbf, 0xc0, 0x0,
    0xff, 0xd0, 0x3, 0xff, 0x0, 0x3, 0xfd, 0x7f,
    0xc0, 0x0, 0xff, 0xc0, 0x3, 0xff, 0x40, 0x7,
    0xfc, 0x3f, 0xd0, 0x1, 0xff, 0xc0, 0x1, 0xff,
    0x80, 0xb, 0xfc, 0x3f, 0xe0, 0x2, 0xff, 0x40,
    0x0, 0xff, 0xc0, 0xf, 0xf8, 0x2f, 0xf0, 0x3,
    0xff, 0x0, 0x0, 0xff, 0xc0, 0xf, 0xf4, 0x1f,
    0xf0, 0x3, 0xff, 0x0, 0x0, 0xbf, 0xd0, 0x1f,
    0xf0, 0xf, 0xf4, 0x7, 0xfe, 0x0, 0x0, 0x7f,
    0xe0, 0x2f, 0xf0, 0xf, 0xf8, 0xb, 0xfd, 0x0,
    0x0, 0x3f, 0xf0, 0x3f, 0xe0, 0xb, 0xfc, 0xf,
    0xfc, 0x0, 0x0, 0x3f, 0xf0, 0x3f, 0xd0, 0x7,
    0xfc, 0xf, 0xfc, 0x0, 0x0, 0x1f, 0xf4, 0x7f,
    0xc0, 0x3, 0xfd, 0x1f, 0xf4, 0x0, 0x0, 0xf,
    0xf8, 0xbf, 0xc0, 0x3, 0xfe, 0x2f, 0xf0, 0x0,
    0x0, 0xf, 0xfc, 0xff, 0x80, 0x2, 0xff, 0x3f,
    0xf0, 0x0, 0x0, 0xb, 0xfc, 0xff, 0x40, 0x0,
    0xff, 0x3f, 0xe0, 0x0, 0x0, 0x7, 0xfe, 0xff,
    0x0, 0x0, 0xff, 0xbf, 0xd0, 0x0, 0x0, 0x3,
    0xff, 0xff, 0x0, 0x0, 0xbf, 0xff, 0xc0, 0x0,
    0x0, 0x3, 0xff, 0xfd, 0x0, 0x0, 0x7f, 0xff,
    0x80, 0x0, 0x0, 0x1, 0xff, 0xfc, 0x0, 0x0,
    0x3f, 0xff, 0x40, 0x0, 0x0, 0x0, 0xff, 0xfc,
    0x0, 0x0, 0x3f, 0xff, 0x0, 0x0, 0x0, 0x0,
    0xff, 0xf8, 0x0, 0x0, 0x2f, 0xff, 0x0, 0x0,
    0x0, 0x0, 0xbf, 0xf4, 0x0, 0x0, 0x1f, 0xfe,
    0x0, 0x0, 0x0, 0x0, 0x7f, 0xf0, 0x0, 0x0,
    0xf, 0xfd, 0x0, 0x0,

    /* U+0058 "X" */
    0x3f, 0xfc, 0x0, 0x0, 0x0, 0x7f, 0xf8, 0xf,
    0xff, 0x0, 0x0, 0x0, 0xff, 0xf0, 0x7, 0xff,
    0x80, 0x0, 0x2, 0xff, 0xd0, 0x2, 0xff, 0xc0,
    0x0, 0x7, 0xff, 0x80, 0x0, 0xff, 0xf0, 0x0,
    0xf, 0xff, 0x0, 0x0, 0x7f, 0xf8, 0x0, 0x2f,
    0xfc, 0x0, 0x0, 0x2f, 0xfc, 0x0, 0x7f, 0xf4,
    0x0, 0x0, 0xf, 0xff, 0x0, 0xff, 0xf0, 0x0,
    0x0, 0x3, 0xff, 0x82, 0xff, 0xc0, 0x0, 0x0,
    0x2, 0xff, 0xc7, 0xff, 0x40, 0x0, 0x0, 0x0,
    0xff, 0xff, 0xfe, 0x0, 0x0, 0x0, 0x0, 0x3f,
    0xff, 0xfc, 0x0, 0x0, 0x0, 0x0, 0x1f, 0xff,
    0xf4, 0x0, 0x0, 0x0, 0x0, 0xf, 0xff, 0xe0,
    0x0, 0x0, 0x0, 0x0, 0x7, 0xff, 0xc0, 0x0,
    0x0, 0x0, 0x0, 0xf, 0xff, 0xe0, 0x0, 0x0,
    0x0, 0x0, 0x1f, 0xff, 0xf4, 0x0, 0x0, 0x0,
    0x0, 0x3f, 0xff, 0xfc, 0x0, 0x0, 0x0, 0x0,
    0xff, 0xff, 0xfe, 0x0, 0x0, 0x0, 0x2, 0xff,
    0xc7, 0xff, 0x40, 0x0, 0x0, 0x3, 0xff, 0x82,
    0xff, 0xc0, 0x0, 0x0, 0xf, 0xff, 0x0, 0xff,
    0xf0, 0x0, 0x0, 0x2f, 0xfc, 0x0, 0x7f, 0xf4,
    0x0, 0x0, 0x7f, 0xf8, 0x0, 0x2f, 0xfc, 0x0,
    0x0, 0xff, 0xf0, 0x0, 0xf, 0xff, 0x0, 0x2,
    0xff, 0xc0, 0x0, 0x7, 0xff, 0x80, 0x7, 0xff,
    0x80, 0x0, 0x2, 0xff, 0xc0, 0xf, 0xff, 0x0,
    0x0, 0x0, 0xff, 0xf0, 0x3f, 0xfc, 0x0, 0x0,
    0x0, 0x7f, 0xf8, 0x7f, 0xf8, 0x0, 0x0, 0x0,
    0x2f, 0xfd,

    /* U+0059 "Y" */
    0x7f, 0xf4, 0x0, 0x0, 0x0, 0x7, 0xff, 0x4f,
    0xff, 0x0, 0x0, 0x0, 0x3, 0xff, 0xc0, 0xff,
    0xe0, 0x0, 0x0, 0x2, 0xff, 0xc0, 0x2f, 0xfd,
    0x0, 0x0, 0x1, 0xff, 0xe0, 0x3, 0xff, 0xc0,
    0x0, 0x0, 0xff, 0xf0, 0x0, 0x3f, 0xf8, 0x0,
    0x0, 0xbf, 0xf0, 0x0, 0xb, 0xff, 0x0, 0x0,
    0x3f, 0xf8, 0x0, 0x0, 0xff, 0xf0, 0x0, 0x3f,
    0xfc, 0x0, 0x0, 0xf, 0xfd, 0x0, 0x1f, 0xfc,
    0x0, 0x0, 0x2, 0xff, 0xc0, 0xf, 0xfe, 0x0,
    0x0, 0x0, 0x3f, 0xf8, 0xb, 0xff, 0x0, 0x0,
    0x0, 0x7, 0xff, 0x43, 0xff, 0x40, 0x0, 0x0,
    0x0, 0xbf, 0xf3, 0xff, 0x80, 0x0, 0x0, 0x0,
    0xf, 0xff, 0xff, 0xc0, 0x0, 0x0, 0x0, 0x1,
    0xff, 0xff, 0xd0, 0x0, 0x0, 0x0, 0x0, 0x2f,
    0xff, 0xe0, 0x0, 0x0, 0x0, 0x0, 0x3, 0xff,
    0xf0, 0x0, 0x0, 0x0, 0x0, 0x0, 0x7f, 0xf4,
    0x0, 0x0, 0x0, 0x0, 0x0, 0xf, 0xfc, 0x0,
    0x0, 0x0, 0x0, 0x0, 0x3, 0xff, 0x0, 0x0,
    0x0, 0x0, 0x0, 0x0, 0xff, 0xc0, 0x0, 0x0,
    0x0, 0x0, 0x0, 0x3f, 0xf0, 0x0, 0x0, 0x0,
    0x0, 0x0, 0xf, 0xfc, 0x0, 0x0, 0x0, 0x0,
    0x0, 0x3, 0xff, 0x0, 0x0, 0x0, 0x0, 0x0,
    0x0, 0xff, 0xc0, 0x0, 0x0, 0x0, 0x0, 0x0,
    0x3f, 0xf0, 0x0, 0x0, 0x0, 0x0, 0x0, 0xf,
    0xfc, 0x0, 0x0, 0x0, 0x0, 0x0, 0x3, 0xff,
    0x0, 0x0, 0x0, 0x0, 0x0, 0x0, 0xff, 0xc0,
    0x0, 0x0, 0x0, 0x0, 0x0, 0x3f, 0xf0, 0x0,
    0x0, 0x0,

    /* U+005A "Z" */
    0x2f, 0xff, 0xff, 0xff, 0xff, 0xff, 0xb, 0xff,
    0xff, 0xff, 0xff, 0xff, 0xc2, 0xff, 0xff, 0xff,
    0xff, 0xff, 0xf0, 0xbf, 0xff, 0xff, 0xff, 0xff,
    0xfc, 0x0, 0x0, 0x0, 0x0, 0x3f, 0xfd, 0x0,
    0x0, 0x0, 0x0, 0x2f, 0xfd, 0x0, 0x0, 0x0,
    0x0, 0x1f, 0xfe, 0x0, 0x0, 0x0, 0x0, 0x1f,
    0xff, 0x0, 0x0, 0x0, 0x0, 0xf, 0xff, 0x0,
    0x0, 0x0, 0x0, 0xf, 0xff, 0x40, 0x0, 0x0,
    0x0, 0xb, 0xff, 0x80, 0x0, 0x0, 0x0, 0x7,
    0xff, 0xc0, 0x0, 0x0, 0x0, 0x3, 0xff, 0xc0,
    0x0, 0x0, 0x0, 0x3, 0xff, 0xc0, 0x0, 0x0,
    0x0, 0x2, 0xff, 0xd0, 0x0, 0x0, 0x0, 0x2,
    0xff, 0xe0, 0x0, 0x0, 0x0, 0x1, 0xff, 0xf0,
    0x0, 0x0, 0x0, 0x0, 0xff, 0xf0, 0x0, 0x0,
    0x0, 0x0, 0xff, 0xf4, 0x0, 0x0, 0x0, 0x0,
    0xbf, 0xf4, 0x0, 0x0, 0x0, 0x0, 0x7f, 0xf8,
    0x0, 0x0, 0x0, 0x0, 0x7f, 0xfc, 0x0, 0x0,
    0x0, 0x0, 0x3f, 0xfc, 0x0, 0x0, 0x0, 0x0,
    0x3f, 0xfd, 0x0, 0x0, 0x0, 0x0, 0x2f, 0xfe,
    0x0, 0x0, 0x0, 0x0, 0x1f, 0xff, 0x0, 0x0,
    0x0, 0x0, 0xf, 0xff, 0xff, 0xff, 0xff, 0xff,
    0xff, 0xff, 0xff, 0xff, 0xff, 0xff, 0xff, 0xff,
    0xff, 0xff, 0xff, 0xff, 0xff, 0xff, 0xff, 0xff,
    0xff, 0xff, 0xff, 0xf0,

    /* U+005B "[" */
    0x7f, 0xff, 0xfd, 0xbf, 0xff, 0xfe, 0xbf, 0xff,
    0xfe, 0xbf, 0xff, 0xfe, 0xbf, 0xc0, 0x0, 0xbf,
    0xc0, 0x0, 0xbf, 0xc0, 0x0, 0xbf, 0xc0, 0x0,
    0xbf, 0xc0, 0x0, 0xbf, 0xc0, 0x0, 0xbf, 0xc0,
    0x0, 0xbf, 0xc0, 0x0, 0xbf, 0xc0, 0x0, 0xbf,
    0xc0, 0x0, 0xbf, 0xc0, 0x0, 0xbf, 0xc0, 0x0,
    0xbf, 0xc0, 0x0, 0xbf, 0xc0, 0x0, 0xbf, 0xc0,
    0x0, 0xbf, 0xc0, 0x0, 0xbf, 0xc0, 0x0, 0xbf,
    0xc0, 0x0, 0xbf, 0xc0, 0x0, 0xbf, 0xc0, 0x0,
    0xbf, 0xc0, 0x0, 0xbf, 0xc0, 0x0, 0xbf, 0xc0,
    0x0, 0xbf, 0xc0, 0x0, 0xbf, 0xc0, 0x0, 0xbf,
    0xc0, 0x0, 0xbf, 0xc0, 0x0, 0xbf, 0xc0, 0x0,
    0xbf, 0xc0, 0x0, 0xbf, 0xc0, 0x0, 0xbf, 0xc0,
    0x0, 0xbf, 0xff, 0xfd, 0xbf, 0xff, 0xfe, 0xbf,
    0xff, 0xfe, 0xbf, 0xff, 0xfe,

    /* U+005C "\\" */
    0xbf, 0x40, 0x0, 0x0, 0x1, 0xff, 0x0, 0x0,
    0x0, 0x3, 0xfc, 0x0, 0x0, 0x0, 0xb, 0xf8,
    0x0, 0x0, 0x0, 0xf, 0xf0, 0x0, 0x0, 0x0,
    0x3f, 0xd0, 0x0, 0x0, 0x0, 0x7f, 0x80, 0x0,
    0x0, 0x0, 0xff, 0x0, 0x0, 0x0, 0x2, 0xfe,
    0x0, 0x0, 0x0, 0x3, 0xfc, 0x0, 0x0, 0x0,
    0xf, 0xf4, 0x0, 0x0, 0x0, 0x1f, 0xe0, 0x0,
    0x0, 0x0, 0x3f, 0xc0, 0x0, 0x0, 0x0, 0xbf,
    0x40, 0x0, 0x0, 0x1, 0xff, 0x0, 0x0, 0x0,
    0x3, 0xfc, 0x0, 0x0, 0x0, 0xb, 0xf8, 0x0,
    0x0, 0x0, 0xf, 0xf0, 0x0, 0x0, 0x0, 0x3f,
    0xd0, 0x0, 0x0, 0x0, 0x7f, 0x80, 0x0, 0x0,
    0x0, 0xff, 0x0, 0x0, 0x0, 0x2, 0xfe, 0x0,
    0x0, 0x0, 0x3, 0xfc, 0x0, 0x0, 0x0, 0xf,
    0xf4, 0x0, 0x0, 0x0, 0x1f, 0xe0, 0x0, 0x0,
    0x0, 0x3f, 0xc0, 0x0, 0x0, 0x0, 0xbf, 0x40,
    0x0, 0x0, 0x1, 0xff, 0x0, 0x0, 0x0, 0x3,
    0xfc, 0x0, 0x0, 0x0, 0xb, 0xf8, 0x0, 0x0,
    0x0, 0xf, 0xf0, 0x0, 0x0, 0x0, 0x3f, 0xd0,
    0x0, 0x0, 0x0, 0x7f, 0x80, 0x0, 0x0, 0x0,
    0xff, 0x0, 0x0, 0x0, 0x2, 0xfe, 0x0, 0x0,
    0x0, 0x7, 0xfc, 0x0, 0x0, 0x0, 0xf, 0xf4,
    0x0, 0x0, 0x0, 0x1f, 0xe0,

    /* U+005D "]" */
    0x7f, 0xff, 0xfd, 0xbf, 0xff, 0xfe, 0xbf, 0xff,
    0xfe, 0xbf, 0xff, 0xfe, 0x0, 0x3, 0xfe, 0x0,
    0x3, 0xfe, 0x0, 0x3, 0xfe, 0x0, 0x3, 0xfe,
    0x0, 0x3, 0xfe, 0x0, 0x3, 0xfe, 0x0, 0x3,
    0xfe, 0x0, 0x3, 0xfe, 0x0, 0x3, 0xfe, 0x0,
    0x3, 0xfe, 0x0, 0x3, 0xfe, 0x0, 0x3, 0xfe,
    0x0, 0x3, 0xfe, 0x0, 0x3, 0xfe, 0x0, 0x3,
    0xfe, 0x0, 0x3, 0xfe, 0x0, 0x3, 0xfe, 0x0,
    0x3, 0xfe, 0x0, 0x3, 0xfe, 0x0, 0x3, 0xfe,
    0x0, 0x3, 0xfe, 0x0, 0x3, 0xfe, 0x0, 0x3,
    0xfe, 0x0, 0x3, 0xfe, 0x0, 0x3, 0xfe, 0x0,
    0x3, 0xfe, 0x0, 0x3, 0xfe, 0x0, 0x3, 0xfe,
    0x0, 0x3, 0xfe, 0x0, 0x3, 0xfe, 0x0, 0x3,
    0xfe, 0x7f, 0xff, 0xfe, 0xbf, 0xff, 0xfe, 0xbf,
    0xff, 0xfe, 0xbf, 0xff, 0xfe,

    /* U+005E "^" */
    0x0, 0x1, 0xa9, 0x0, 0x0, 0x0, 0xf, 0xfc,
    0x0, 0x0, 0x0, 0xbf, 0xf8, 0x0, 0x0, 0x3,
    0xff, 0xf0, 0x0, 0x0, 0x2f, 0xff, 0xd0, 0x0,
    0x0, 0xff, 0x3f, 0xc0, 0x0, 0xb, 0xf4, 0xbf,
    0x40, 0x0, 0x3f, 0xc0, 0xff, 0x0, 0x1, 0xfe,
    0x2, 0xfd, 0x0, 0xf, 0xf0, 0x3, 0xfc, 0x0,
    0x7f, 0x80, 0xb, 0xf4, 0x3, 0xfc, 0x0, 0xf,
    0xe0, 0x1f, 0xe0, 0x0, 0x2f, 0xc0, 0xff, 0x0,
    0x0, 0x3f, 0x87, 0xf8, 0x0, 0x0, 0xbf, 0x0,

    /* U+005F "_" */
    0xff, 0xff, 0xff, 0xff, 0xff, 0xff, 0xff, 0xff,
    0xff, 0xff, 0xff, 0xff, 0xff, 0xff, 0xff, 0xff,
    0xff, 0xff, 0xff, 0xff, 0xff,

    /* U+0060 "`" */
    0x3f, 0xf0, 0x0, 0xff, 0x80, 0x3, 0xfd, 0x0,
    0xf, 0xf0, 0x0, 0x3f, 0x80, 0x0, 0xfd,

    /* U+0061 "a" */
    0x0, 0x0, 0x55, 0x50, 0x0, 0x0, 0x7, 0xff,
    0xff, 0xe0, 0x0, 0xf, 0xff, 0xff, 0xff, 0x0,
    0xf, 0xff, 0xff, 0xff, 0xf0, 0xf, 0xff, 0x95,
    0x6f, 0xfe, 0x7, 0xff, 0x0, 0x1, 0xff, 0xc2,
    0xff, 0x40, 0x0, 0x2f, 0xf4, 0x0, 0x0, 0x0,
    0x7, 0xfd, 0x0, 0x0, 0x0, 0x1, 0xff, 0x40,
    0x1, 0xbf, 0xff, 0xff, 0xe0, 0xb, 0xff, 0xff,
    0xff, 0xf8, 0x1f, 0xff, 0xff, 0xff, 0xfe, 0xf,
    0xff, 0xa5, 0x56, 0xff, 0x8b, 0xff, 0x0, 0x0,
    0x7f, 0xe3, 0xff, 0x0, 0x0, 0x1f, 0xf8, 0xff,
    0x80, 0x0, 0xf, 0xfe, 0x7f, 0xe0, 0x0, 0x7,
    0xff, 0x8f, 0xfc, 0x0, 0x7, 0xff, 0xe3, 0xff,
    0xd0, 0x1f, 0xff, 0xf8, 0x7f, 0xff, 0xff, 0xfb,
    0xfe, 0xb, 0xff, 0xff, 0xf8, 0xff, 0x80, 0x7f,
    0xff, 0xe0, 0x3f, 0xe0, 0x0, 0x55, 0x40, 0x0,
    0x0,

    /* U+0062 "b" */
    0x7f, 0xd0, 0x0, 0x0, 0x0, 0x7, 0xfd, 0x0,
    0x0, 0x0, 0x0, 0x7f, 0xd0, 0x0, 0x0, 0x0,
    0x7, 0xfd, 0x0, 0x0, 0x0, 0x0, 0x7f, 0xd0,
    0x0, 0x0, 0x0, 0x7, 0xfd, 0x0, 0x0, 0x0,
    0x0, 0x7f, 0xd0, 0x0, 0x0, 0x0, 0x7, 0xfd,
    0x0, 0x0, 0x0, 0x0, 0x7f, 0xd0, 0x5, 0x50,
    0x0, 0x7, 0xfd, 0xb, 0xff, 0xf4, 0x0, 0x7f,
    0xd7, 0xff, 0xff, 0xe0, 0x7, 0xfe, 0xff, 0xff,
    0xff, 0xc0, 0x7f, 0xff, 0xd5, 0xbf, 0xfe, 0x7,
    0xff, 0xd0, 0x0, 0x7f, 0xf0, 0x7f, 0xf8, 0x0,
    0x2, 0xff, 0x87, 0xff, 0x0, 0x0, 0xf, 0xfc,
    0x7f, 0xe0, 0x0, 0x0, 0xbf, 0xd7, 0xfd, 0x0,
    0x0, 0x7, 0xfd, 0x7f, 0xc0, 0x0, 0x0, 0x7f,
    0xe7, 0xfc, 0x0, 0x0, 0x7, 0xfe, 0x7f, 0xc0,
    0x0, 0x0, 0x7f, 0xe7, 0xfd, 0x0, 0x0, 0x7,
    0xfd, 0x7f, 0xe0, 0x0, 0x0, 0xbf, 0xd7, 0xff,
    0x0, 0x0, 0xf, 0xfc, 0x7f, 0xf4, 0x0, 0x2,
    0xff, 0x87, 0xff, 0xd0, 0x0, 0x7f, 0xf0, 0x7f,
    0xff, 0xd5, 0xbf, 0xfe, 0x7, 0xff, 0xff, 0xff,
    0xff, 0x80, 0x7f, 0xcf, 0xff, 0xff, 0xe0, 0x7,
    0xfc, 0x2f, 0xff, 0xf4, 0x0, 0x0, 0x0, 0x15,
    0x50, 0x0, 0x0,

    /* U+0063 "c" */
    0x0, 0x0, 0x15, 0x50, 0x0, 0x0, 0x0, 0xbf,
    0xff, 0xf4, 0x0, 0x0, 0x7f, 0xff, 0xff, 0xf0,
    0x0, 0x1f, 0xff, 0xff, 0xff, 0xc0, 0x3, 0xff,
    0xe5, 0x6f, 0xff, 0x0, 0xff, 0xf0, 0x0, 0x3f,
    0xf4, 0x1f, 0xfc, 0x0, 0x1, 0xff, 0xc2, 0xff,
    0x40, 0x0, 0xf, 0xfc, 0x3f, 0xf0, 0x0, 0x0,
    0x0, 0x3, 0xff, 0x0, 0x0, 0x0, 0x0, 0x3f,
    0xe0, 0x0, 0x0, 0x0, 0x7, 0xfe, 0x0, 0x0,
    0x0, 0x0, 0x3f, 0xe0, 0x0, 0x0, 0x0, 0x3,
    0xff, 0x0, 0x0, 0x0, 0x0, 0x3f, 0xf0, 0x0,
    0x0, 0x7f, 0xc2, 0xff, 0x40, 0x0, 0xf, 0xfc,
    0x1f, 0xfc, 0x0, 0x0, 0xff, 0x80, 0xff, 0xe0,
    0x0, 0x3f, 0xf0, 0x7, 0xff, 0xe5, 0x6f, 0xfe,
    0x0, 0x1f, 0xff, 0xff, 0xff, 0xc0, 0x0, 0x7f,
    0xff, 0xff, 0xf0, 0x0, 0x0, 0xbf, 0xff, 0xf4,
    0x0, 0x0, 0x0, 0x15, 0x50, 0x0, 0x0,

    /* U+0064 "d" */
    0x0, 0x0, 0x0, 0x0, 0x3f, 0xf0, 0x0, 0x0,
    0x0, 0x3, 0xff, 0x0, 0x0, 0x0, 0x0, 0x3f,
    0xf0, 0x0, 0x0, 0x0, 0x3, 0xff, 0x0, 0x0,
    0x0, 0x0, 0x3f, 0xf0, 0x0, 0x0, 0x0, 0x3,
    0xff, 0x0, 0x0, 0x0, 0x0, 0x3f, 0xf0, 0x0,
    0x0, 0x0, 0x3, 0xff, 0x0, 0x0, 0x55, 0x0,
    0x3f, 0xf0, 0x0, 0xbf, 0xff, 0x43, 0xff, 0x0,
    0xbf, 0xff, 0xfe, 0x3f, 0xf0, 0x2f, 0xff, 0xff,
    0xfb, 0xff, 0x7, 0xff, 0xe5, 0x6f, 0xff, 0xf0,
    0xff, 0xe0, 0x0, 0x3f, 0xff, 0x1f, 0xfc, 0x0,
    0x1, 0xff, 0xf3, 0xff, 0x40, 0x0, 0xb, 0xff,
    0x3f, 0xf0, 0x0, 0x0, 0x7f, 0xf3, 0xfe, 0x0,
    0x0, 0x3, 0xff, 0x7f, 0xe0, 0x0, 0x0, 0x3f,
    0xf7, 0xfe, 0x0, 0x0, 0x3, 0xff, 0x3f, 0xe0,
    0x0, 0x0, 0x3f, 0xf3, 0xff, 0x0, 0x0, 0x3,
    0xff, 0x3f, 0xf0, 0x0, 0x0, 0x7f, 0xf2, 0xff,
    0x40, 0x0, 0xb, 0xff, 0x1f, 0xfc, 0x0, 0x0,
    0xff, 0xf0, 0xff, 0xe0, 0x0, 0x3f, 0xff, 0x7,
    0xff, 0xe5, 0x6f, 0xff, 0xf0, 0x2f, 0xff, 0xff,
    0xff, 0xff, 0x0, 0x7f, 0xff, 0xff, 0x6f, 0xf0,
    0x0, 0xbf, 0xff, 0xc2, 0xff, 0x0, 0x0, 0x55,
    0x40, 0x0, 0x0,

    /* U+0065 "e" */
    0x0, 0x0, 0x55, 0x40, 0x0, 0x0, 0x0, 0xbf,
    0xff, 0xe0, 0x0, 0x0, 0xbf, 0xff, 0xff, 0xd0,
    0x0, 0x2f, 0xff, 0xff, 0xff, 0x80, 0xb, 0xff,
    0xd5, 0xbf, 0xfd, 0x0, 0xff, 0xd0, 0x0, 0x7f,
    0xf0, 0x2f, 0xf4, 0x0, 0x1, 0xff, 0x43, 0xff,
    0x0, 0x0, 0xf, 0xfc, 0x7f, 0xe0, 0x0, 0x0,
    0xbf, 0xcb, 0xff, 0xff, 0xff, 0xff, 0xfd, 0xbf,
    0xff, 0xff, 0xff, 0xff, 0xdb, 0xff, 0xff, 0xff,
    0xff, 0xfd, 0xbf, 0xea, 0xaa, 0xaa, 0xaa, 0x9b,
    0xfd, 0x0, 0x0, 0x0, 0x0, 0x7f, 0xe0, 0x0,
    0x0, 0x0, 0x3, 0xff, 0x0, 0x0, 0xf, 0xfc,
    0x3f, 0xf8, 0x0, 0x1, 0xff, 0x81, 0xff, 0xd0,
    0x0, 0x7f, 0xf0, 0xb, 0xff, 0xe5, 0xbf, 0xfe,
    0x0, 0x3f, 0xff, 0xff, 0xff, 0x80, 0x0, 0xbf,
    0xff, 0xff, 0xe0, 0x0, 0x0, 0xbf, 0xff, 0xe0,
    0x0, 0x0, 0x0, 0x55, 0x40, 0x0, 0x0,

    /* U+0066 "f" */
    0x0, 0x0, 0xbf, 0xfe, 0x0, 0x3, 0xff, 0xfe,
    0x0, 0xf, 0xff, 0xfe, 0x0, 0x1f, 0xff, 0xfe,
    0x0, 0x2f, 0xf4, 0x0, 0x0, 0x3f, 0xf0, 0x0,
    0x0, 0x3f, 0xf0, 0x0, 0x0, 0x3f, 0xf0, 0x0,
    0x0, 0x3f, 0xf0, 0x0, 0xff, 0xff, 0xff, 0xfd,
    0xff, 0xff, 0xff, 0xfd, 0xff, 0xff, 0xff, 0xfd,
    0xbf, 0xff, 0xff, 0xfd, 0x0, 0x3f, 0xf0, 0x0,
    0x0, 0x3f, 0xf0, 0x0, 0x0, 0x3f, 0xf0, 0x0,
    0x0, 0x3f, 0xf0, 0x0, 0x0, 0x3f, 0xf0, 0x0,
    0x0, 0x3f, 0xf0, 0x0, 0x0, 0x3f, 0xf0, 0x0,
    0x0, 0x3f, 0xf0, 0x0, 0x0, 0x3f, 0xf0, 0x0,
    0x0, 0x3f, 0xf0, 0x0, 0x0, 0x3f, 0xf0, 0x0,
    0x0, 0x3f, 0xf0, 0x0, 0x0, 0x3f, 0xf0, 0x0,
    0x0, 0x3f, 0xf0, 0x0, 0x0, 0x3f, 0xf0, 0x0,
    0x0, 0x3f, 0xf0, 0x0, 0x0, 0x3f, 0xf0, 0x0,

    /* U+0067 "g" */
    0x0, 0x0, 0x55, 0x40, 0x0, 0x0, 0x0, 0xbf,
    0xff, 0x43, 0xff, 0x0, 0x7f, 0xff, 0xff, 0x3f,
    0xf0, 0x2f, 0xff, 0xff, 0xff, 0xff, 0x7, 0xff,
    0xe5, 0x6f, 0xff, 0xf0, 0xff, 0xe0, 0x0, 0x7f,
    0xff, 0x1f, 0xfc, 0x0, 0x1, 0xff, 0xf3, 0xff,
    0x40, 0x0, 0xb, 0xff, 0x3f, 0xf0, 0x0, 0x0,
    0x7f, 0xf3, 0xfe, 0x0, 0x0, 0x3, 0xff, 0x7f,
    0xe0, 0x0, 0x0, 0x3f, 0xf7, 0xfe, 0x0, 0x0,
    0x3, 0xff, 0x3f, 0xe0, 0x0, 0x0, 0x3f, 0xf3,
    0xff, 0x0, 0x0, 0x3, 0xff, 0x3f, 0xf0, 0x0,
    0x0, 0x7f, 0xf2, 0xff, 0x40, 0x0, 0xf, 0xff,
    0x1f, 0xfc, 0x0, 0x2, 0xff, 0xf0, 0xff, 0xf4,
    0x0, 0xbf, 0xff, 0x3, 0xff, 0xff, 0xff, 0xff,
    0xf0, 0xf, 0xff, 0xff, 0xf7, 0xff, 0x0, 0x2f,
    0xff, 0xfd, 0x3f, 0xf0, 0x0, 0x2f, 0xfd, 0x3,
    0xfe, 0x0, 0x0, 0x0, 0x0, 0x3f, 0xe0, 0x0,
    0x0, 0x0, 0x3, 0xfe, 0x1f, 0xf4, 0x0, 0x0,
    0xbf, 0xd0, 0xff, 0xc0, 0x0, 0xf, 0xfc, 0xb,
    0xff, 0x0, 0x7, 0xff, 0x80, 0x3f, 0xff, 0xef,
    0xff, 0xf0, 0x1, 0xff, 0xff, 0xff, 0xfc, 0x0,
    0x7, 0xff, 0xff, 0xfe, 0x0, 0x0, 0x6, 0xff,
    0xf9, 0x0, 0x0,

    /* U+0068 "h" */
    0x7f, 0xd0, 0x0, 0x0, 0x0, 0x7f, 0xd0, 0x0,
    0x0, 0x0, 0x7f, 0xd0, 0x0, 0x0, 0x0, 0x7f,
    0xd0, 0x0, 0x0, 0x0, 0x7f, 0xd0, 0x0, 0x0,
    0x0, 0x7f, 0xd0, 0x0, 0x0, 0x0, 0x7f, 0xd0,
    0x0, 0x0, 0x0, 0x7f, 0xd0, 0x0, 0x0, 0x0,
    0x7f, 0xd0, 0x5, 0x50, 0x0, 0x7f, 0xd0, 0xff,
    0xff, 0x40, 0x7f, 0xd7, 0xff, 0xff, 0xe0, 0x7f,
    0xef, 0xff, 0xff, 0xf4, 0x7f, 0xff, 0x96, 0xff,
    0xfc, 0x7f, 0xfc, 0x0, 0x2f, 0xfd, 0x7f, 0xf4,
    0x0, 0xf, 0xfd, 0x7f, 0xf0, 0x0, 0x7, 0xfe,
    0x7f, 0xe0, 0x0, 0x3, 0xfe, 0x7f, 0xd0, 0x0,
    0x3, 0xfe, 0x7f, 0xd0, 0x0, 0x3, 0xfe, 0x7f,
    0xd0, 0x0, 0x3, 0xfe, 0x7f, 0xd0, 0x0, 0x3,
    0xfe, 0x7f, 0xd0, 0x0, 0x3, 0xfe, 0x7f, 0xd0,
    0x0, 0x3, 0xfe, 0x7f, 0xd0, 0x0, 0x3, 0xfe,
    0x7f, 0xd0, 0x0, 0x3, 0xfe, 0x7f, 0xd0, 0x0,
    0x3, 0xfe, 0x7f, 0xd0, 0x0, 0x3, 0xfe, 0x7f,
    0xd0, 0x0, 0x3, 0xfe, 0x7f, 0xd0, 0x0, 0x3,
    0xfe, 0x7f, 0xd0, 0x0, 0x3, 0xfe,

    /* U+0069 "i" */
    0x1, 0x40, 0x2f, 0xf0, 0x3f, 0xfc, 0x7f, 0xfc,
    0x7f, 0xfc, 0x3f, 0xf4, 0x6, 0x80, 0x0, 0x0,
    0x0, 0x0, 0x0, 0x0, 0x2f, 0xf0, 0x2f, 0xf0,
    0x2f, 0xf0, 0x2f, 0xf0, 0x2f, 0xf0, 0x2f, 0xf0,
    0x2f, 0xf0, 0x2f, 0xf0, 0x2f, 0xf0, 0x2f, 0xf0,
    0x2f, 0xf0, 0x2f, 0xf0, 0x2f, 0xf0, 0x2f, 0xf0,
    0x2f, 0xf0, 0x2f, 0xf0, 0x2f, 0xf0, 0x2f, 0xf0,
    0x2f, 0xf0, 0x2f, 0xf0, 0x2f, 0xf0,

    /* U+006A "j" */
    0x0, 0x5, 0x0, 0x2, 0xff, 0x0, 0xf, 0xff,
    0x0, 0x7f, 0xfc, 0x1, 0xff, 0xf0, 0x2, 0xff,
    0x40, 0x1, 0xa4, 0x0, 0x0, 0x0, 0x0, 0x0,
    0x0, 0x0, 0x0, 0x0, 0xb, 0xfc, 0x0, 0x2f,
    0xf0, 0x0, 0xbf, 0xc0, 0x2, 0xff, 0x0, 0xb,
    0xfc, 0x0, 0x2f, 0xf0, 0x0, 0xbf, 0xc0, 0x2,
    0xff, 0x0, 0xb, 0xfc, 0x0, 0x2f, 0xf0, 0x0,
    0xbf, 0xc0, 0x2, 0xff, 0x0, 0xb, 0xfc, 0x0,
    0x2f, 0xf0, 0x0, 0xbf, 0xc0, 0x2, 0xff, 0x0,
    0xb, 0xfc, 0x0, 0x2f, 0xf0, 0x0, 0xbf, 0xc0,
    0x2, 0xff, 0x0, 0xb, 0xfc, 0x0, 0x2f, 0xf0,
    0x0, 0xbf, 0xc0, 0x2, 0xff, 0x0, 0x1f, 0xfc,
    0x2f, 0xff, 0xf0, 0xbf, 0xff, 0x42, 0xff, 0xf4,
    0xb, 0xfe, 0x0, 0x0,

    /* U+006B "k" */
    0x7f, 0xd0, 0x0, 0x0, 0x0, 0x7, 0xfd, 0x0,
    0x0, 0x0, 0x0, 0x7f, 0xd0, 0x0, 0x0, 0x0,
    0x7, 0xfd, 0x0, 0x0, 0x0, 0x0, 0x7f, 0xd0,
    0x0, 0x0, 0x0, 0x7, 0xfd, 0x0, 0x0, 0x0,
    0x0, 0x7f, 0xd0, 0x0, 0x0, 0x0, 0x7, 0xfd,
    0x0, 0x0, 0x0, 0x0, 0x7f, 0xd0, 0x0, 0x0,
    0x0, 0x7, 0xfd, 0x0, 0x1, 0xff, 0xf0, 0x7f,
    0xd0, 0x0, 0x7f, 0xf8, 0x7, 0xfd, 0x0, 0x1f,
    0xfe, 0x0, 0x7f, 0xd0, 0xb, 0xff, 0x80, 0x7,
    0xfd, 0x2, 0xff, 0xd0, 0x0, 0x7f, 0xd0, 0xbf,
    0xf4, 0x0, 0x7, 0xfd, 0x2f, 0xfc, 0x0, 0x0,
    0x7f, 0xdb, 0xff, 0x0, 0x0, 0x7, 0xff, 0xff,
    0xc0, 0x0, 0x0, 0x7f, 0xff, 0xfd, 0x0, 0x0,
    0x7, 0xff, 0xff, 0xf4, 0x0, 0x0, 0x7f, 0xff,
    0xff, 0xc0, 0x0, 0x7, 0xff, 0x8f, 0xff, 0x0,
    0x0, 0x7f, 0xe0, 0x3f, 0xfc, 0x0, 0x7, 0xfd,
    0x0, 0xff, 0xe0, 0x0, 0x7f, 0xd0, 0x7, 0xff,
    0x80, 0x7, 0xfd, 0x0, 0x2f, 0xfd, 0x0, 0x7f,
    0xd0, 0x0, 0xbf, 0xf4, 0x7, 0xfd, 0x0, 0x3,
    0xff, 0xc0, 0x7f, 0xd0, 0x0, 0xf, 0xff, 0x7,
    0xfd, 0x0, 0x0, 0x7f, 0xfc,

    /* U+006C "l" */
    0x3f, 0xe3, 0xfe, 0x3f, 0xe3, 0xfe, 0x3f, 0xe3,
    0xfe, 0x3f, 0xe3, 0xfe, 0x3f, 0xe3, 0xfe, 0x3f,
    0xe3, 0xfe, 0x3f, 0xe3, 0xfe, 0x3f, 0xe3, 0xfe,
    0x3f, 0xe3, 0xfe, 0x3f, 0xe3, 0xfe, 0x3f, 0xe3,
    0xfe, 0x3f, 0xe3, 0xfe, 0x3f, 0xe3, 0xfe, 0x3f,
    0xe3, 0xfe, 0x3f, 0xe3, 0xfe,

    /* U+006D "m" */
    0x0, 0x0, 0x15, 0x40, 0x0, 0x1, 0x54, 0x0,
    0x1f, 0xf4, 0x7f, 0xff, 0x40, 0x1f, 0xff, 0xe0,
    0x7, 0xfd, 0xff, 0xff, 0xfc, 0x2f, 0xff, 0xff,
    0x41, 0xff, 0xff, 0xff, 0xff, 0xaf, 0xff, 0xff,
    0xf0, 0x7f, 0xff, 0x96, 0xff, 0xff, 0xf9, 0xbf,
    0xfe, 0x1f, 0xff, 0x0, 0xf, 0xff, 0xd0, 0x1,
    0xff, 0xc7, 0xff, 0x0, 0x1, 0xff, 0xe0, 0x0,
    0x2f, 0xf5, 0xff, 0x80, 0x0, 0x3f, 0xf0, 0x0,
    0x7, 0xfe, 0x7f, 0xd0, 0x0, 0xf, 0xfc, 0x0,
    0x0, 0xff, 0x9f, 0xf4, 0x0, 0x3, 0xff, 0x0,
    0x0, 0x3f, 0xe7, 0xfd, 0x0, 0x0, 0xff, 0xc0,
    0x0, 0xf, 0xf9, 0xff, 0x40, 0x0, 0x3f, 0xf0,
    0x0, 0x3, 0xfe, 0x7f, 0xd0, 0x0, 0xf, 0xfc,
    0x0, 0x0, 0xff, 0x9f, 0xf4, 0x0, 0x3, 0xff,
    0x0, 0x0, 0x3f, 0xe7, 0xfd, 0x0, 0x0, 0xff,
    0xc0, 0x0, 0xf, 0xf9, 0xff, 0x40, 0x0, 0x3f,
    0xf0, 0x0, 0x3, 0xfe, 0x7f, 0xd0, 0x0, 0xf,
    0xfc, 0x0, 0x0, 0xff, 0x9f, 0xf4, 0x0, 0x3,
    0xff, 0x0, 0x0, 0x3f, 0xe7, 0xfd, 0x0, 0x0,
    0xff, 0xc0, 0x0, 0xf, 0xf9, 0xff, 0x40, 0x0,
    0x3f, 0xf0, 0x0, 0x3, 0xfe, 0x7f, 0xd0, 0x0,
    0xf, 0xfc, 0x0, 0x0, 0xff, 0x9f, 0xf4, 0x0,
    0x3, 0xff, 0x0, 0x0, 0x3f, 0xe0,

    /* U+006E "n" */
    0x0, 0x0, 0x5, 0x50, 0x0, 0x7f, 0xd1, 0xff,
    0xff, 0x40, 0x7f, 0xdb, 0xff, 0xff, 0xe0, 0x7f,
    0xff, 0xff, 0xff, 0xf4, 0x7f, 0xff, 0xe6, 0xff,
    0xfc, 0x7f, 0xfd, 0x0, 0x1f, 0xfd, 0x7f, 0xf4,
    0x0, 0xb, 0xfe, 0x7f, 0xf0, 0x0, 0x3, 0xff,
    0x7f, 0xd0, 0x0, 0x3, 0xff, 0x7f, 0xd0, 0x0,
    0x3, 0xff, 0x7f, 0xd0, 0x0, 0x3, 0xff, 0x7f,
    0xd0, 0x0, 0x3, 0xff, 0x7f, 0xd0, 0x0, 0x3,
    0xff, 0x7f, 0xd0, 0x0, 0x3, 0xff, 0x7f, 0xd0,
    0x0, 0x3, 0xff, 0x7f, 0xd0, 0x0, 0x3, 0xff,
    0x7f, 0xd0, 0x0, 0x3, 0xff, 0x7f, 0xd0, 0x0,
    0x3, 0xff, 0x7f, 0xd0, 0x0, 0x3, 0xff, 0x7f,
    0xd0, 0x0, 0x3, 0xff, 0x7f, 0xd0, 0x0, 0x3,
    0xff, 0x7f, 0xd0, 0x0, 0x3, 0xff,

    /* U+006F "o" */
    0x0, 0x0, 0x15, 0x50, 0x0, 0x0, 0x0, 0x1f,
    0xff, 0xfd, 0x0, 0x0, 0x3, 0xff, 0xff, 0xff,
    0x40, 0x0, 0x3f, 0xff, 0xff, 0xff, 0x40, 0x3,
    0xff, 0xe5, 0x6f, 0xff, 0x0, 0x3f, 0xfc, 0x0,
    0xf, 0xff, 0x1, 0xff, 0xc0, 0x0, 0xf, 0xfd,
    0xb, 0xfd, 0x0, 0x0, 0xf, 0xfc, 0x3f, 0xf0,
    0x0, 0x0, 0x3f, 0xf0, 0xff, 0xc0, 0x0, 0x0,
    0xbf, 0xd3, 0xfe, 0x0, 0x0, 0x1, 0xff, 0x5f,
    0xf8, 0x0, 0x0, 0x7, 0xfd, 0x3f, 0xe0, 0x0,
    0x0, 0x1f, 0xf4, 0xff, 0xc0, 0x0, 0x0, 0xbf,
    0xd3, 0xff, 0x0, 0x0, 0x3, 0xff, 0xb, 0xfd,
    0x0, 0x0, 0x1f, 0xfc, 0x1f, 0xfc, 0x0, 0x0,
    0xff, 0xd0, 0x3f, 0xfc, 0x0, 0xf, 0xff, 0x0,
    0x3f, 0xfe, 0x56, 0xff, 0xf4, 0x0, 0x3f, 0xff,
    0xff, 0xff, 0x40, 0x0, 0x3f, 0xff, 0xff, 0xf4,
    0x0, 0x0, 0x1f, 0xff, 0xfd, 0x0, 0x0, 0x0,
    0x1, 0x55, 0x0, 0x0, 0x0,

    /* U+0070 "p" */
    0x0, 0x0, 0x15, 0x50, 0x0, 0x7, 0xfc, 0x2f,
    0xff, 0xf4, 0x0, 0x7f, 0xcf, 0xff, 0xff, 0xe0,
    0x7, 0xff, 0xff, 0xff, 0xff, 0x80, 0x7f, 0xff,
    0xd5, 0xbf, 0xfe, 0x7, 0xff, 0xd0, 0x0, 0x7f,
    0xf0, 0x7f, 0xf4, 0x0, 0x2, 0xff, 0x87, 0xff,
    0x0, 0x0, 0xf, 0xfc, 0x7f, 0xe0, 0x0, 0x0,
    0xbf, 0xd7, 0xfd, 0x0, 0x0, 0x7, 0xfd, 0x7f,
    0xc0, 0x0, 0x0, 0x7f, 0xe7, 0xfc, 0x0, 0x0,
    0x7, 0xfe, 0x7f, 0xc0, 0x0, 0x0, 0x7f, 0xe7,
    0xfd, 0x0, 0x0, 0x7, 0xfd, 0x7f, 0xe0, 0x0,
    0x0, 0xbf, 0xd7, 0xff, 0x0, 0x0, 0xf, 0xfc,
    0x7f, 0xf8, 0x0, 0x2, 0xff, 0x87, 0xff, 0xd0,
    0x0, 0x7f, 0xf0, 0x7f, 0xff, 0xd5, 0xbf, 0xfe,
    0x7, 0xfe, 0xff, 0xff, 0xff, 0xc0, 0x7f, 0xd7,
    0xff, 0xff, 0xe0, 0x7, 0xfd, 0xb, 0xff, 0xf4,
    0x0, 0x7f, 0xd0, 0x5, 0x50, 0x0, 0x7, 0xfd,
    0x0, 0x0, 0x0, 0x0, 0x7f, 0xd0, 0x0, 0x0,
    0x0, 0x7, 0xfd, 0x0, 0x0, 0x0, 0x0, 0x7f,
    0xd0, 0x0, 0x0, 0x0, 0x7, 0xfd, 0x0, 0x0,
    0x0, 0x0, 0x7f, 0xd0, 0x0, 0x0, 0x0, 0x7,
    0xfd, 0x0, 0x0, 0x0, 0x0,

    /* U+0071 "q" */
    0x0, 0x0, 0x55, 0x40, 0x0, 0x0, 0x0, 0xbf,
    0xff, 0xc2, 0xff, 0x0, 0x7f, 0xff, 0xff, 0x6f,
    0xf0, 0x2f, 0xff, 0xff, 0xff, 0xff, 0x7, 0xff,
    0xe5, 0x6f, 0xff, 0xf0, 0xff, 0xe0, 0x0, 0x3f,
    0xff, 0x1f, 0xfc, 0x0, 0x0, 0xff, 0xf2, 0xff,
    0x40, 0x0, 0xb, 0xff, 0x3f, 0xf0, 0x0, 0x0,
    0x3f, 0xf3, 0xfe, 0x0, 0x0, 0x3, 0xff, 0x3f,
    0xe0, 0x0, 0x0, 0x3f, 0xf7, 0xfe, 0x0, 0x0,
    0x3, 0xff, 0x7f, 0xe0, 0x0, 0x0, 0x3f, 0xf3,
    0xfe, 0x0, 0x0, 0x3, 0xff, 0x3f, 0xf0, 0x0,
    0x0, 0x7f, 0xf3, 0xff, 0x40, 0x0, 0xb, 0xff,
    0x1f, 0xfc, 0x0, 0x1, 0xff, 0xf0, 0xff, 0xe0,
    0x0, 0x3f, 0xff, 0x7, 0xff, 0xe5, 0x6f, 0xff,
    0xf0, 0x2f, 0xff, 0xff, 0xfb, 0xff, 0x0, 0xbf,
    0xff, 0xfe, 0x3f, 0xf0, 0x0, 0xbf, 0xff, 0x43,
    0xff, 0x0, 0x0, 0x55, 0x0, 0x3f, 0xf0, 0x0,
    0x0, 0x0, 0x3, 0xff, 0x0, 0x0, 0x0, 0x0,
    0x3f, 0xf0, 0x0, 0x0, 0x0, 0x3, 0xff, 0x0,
    0x0, 0x0, 0x0, 0x3f, 0xf0, 0x0, 0x0, 0x0,
    0x3, 0xff, 0x0, 0x0, 0x0, 0x0, 0x3f, 0xf0,
    0x0, 0x0, 0x0, 0x3, 0xff,

    /* U+0072 "r" */
    0x0, 0x0, 0x15, 0x47, 0xfd, 0x1f, 0xfe, 0x7f,
    0xdb, 0xff, 0xe7, 0xfe, 0xff, 0xfe, 0x7f, 0xff,
    0xff, 0xe7, 0xff, 0xf9, 0x59, 0x7f, 0xfd, 0x0,
    0x7, 0xff, 0x40, 0x0, 0x7f, 0xf0, 0x0, 0x7,
    0xfd, 0x0, 0x0, 0x7f, 0xd0, 0x0, 0x7, 0xfd,
    0x0, 0x0, 0x7f, 0xd0, 0x0, 0x7, 0xfd, 0x0,
    0x0, 0x7f, 0xd0, 0x0, 0x7, 0xfd, 0x0, 0x0,
    0x7f, 0xd0, 0x0, 0x7, 0xfd, 0x0, 0x0, 0x7f,
    0xd0, 0x0, 0x7, 0xfd, 0x0, 0x0, 0x7f, 0xd0,
    0x0, 0x7, 0xfd, 0x0, 0x0,

    /* U+0073 "s" */
    0x0, 0x1, 0x55, 0x40, 0x0, 0x0, 0xbf, 0xff,
    0xf9, 0x0, 0x7, 0xff, 0xff, 0xff, 0x80, 0xf,
    0xff, 0xff, 0xff, 0xe0, 0x3f, 0xfe, 0x56, 0xff,
    0xf4, 0x3f, 0xf0, 0x0, 0x2f, 0xf8, 0x3f, 0xe0,
    0x0, 0xf, 0xfc, 0x3f, 0xf0, 0x0, 0x0, 0x0,
    0x3f, 0xfe, 0x40, 0x0, 0x0, 0xf, 0xff, 0xfe,
    0x40, 0x0, 0x3, 0xff, 0xff, 0xf9, 0x0, 0x0,
    0x7f, 0xff, 0xff, 0xd0, 0x0, 0x1, 0xbf, 0xff,
    0xf4, 0x0, 0x0, 0x1, 0xbf, 0xfc, 0x0, 0x0,
    0x0, 0xf, 0xfe, 0xbf, 0xc0, 0x0, 0x7, 0xfe,
    0x7f, 0xd0, 0x0, 0x3, 0xfe, 0x3f, 0xf0, 0x0,
    0xb, 0xfe, 0x2f, 0xfe, 0x55, 0xbf, 0xfd, 0xf,
    0xff, 0xff, 0xff, 0xf8, 0x3, 0xff, 0xff, 0xff,
    0xe0, 0x0, 0x7f, 0xff, 0xfe, 0x40, 0x0, 0x1,
    0x55, 0x40, 0x0,

    /* U+0074 "t" */
    0x0, 0x0, 0x90, 0x0, 0x0, 0x7f, 0x40, 0x0,
    0x7, 0xfd, 0x0, 0x0, 0x1f, 0xf4, 0x0, 0x0,
    0x7f, 0xd0, 0x0, 0x1, 0xff, 0x40, 0x0, 0x7,
    0xfd, 0x0, 0x1f, 0xff, 0xff, 0xfc, 0x7f, 0xff,
    0xff, 0xf1, 0xff, 0xff, 0xff, 0xc7, 0xff, 0xff,
    0xff, 0x0, 0x1f, 0xf4, 0x0, 0x0, 0x7f, 0xd0,
    0x0, 0x1, 0xff, 0x40, 0x0, 0x7, 0xfd, 0x0,
    0x0, 0x1f, 0xf4, 0x0, 0x0, 0x7f, 0xd0, 0x0,
    0x1, 0xff, 0x40, 0x0, 0x7, 0xfd, 0x0, 0x0,
    0x1f, 0xf4, 0x0, 0x0, 0x7f, 0xd0, 0x0, 0x1,
    0xff, 0x40, 0x0, 0x7, 0xfd, 0x0, 0x0, 0x1f,
    0xf8, 0x0, 0x0, 0x3f, 0xff, 0xe0, 0x0, 0xff,
    0xff, 0x80, 0x0, 0xff, 0xfe, 0x0, 0x0, 0xbf,
    0xf8,

    /* U+0075 "u" */
    0x7f, 0xd0, 0x0, 0x3, 0xff, 0x7f, 0xd0, 0x0,
    0x3, 0xff, 0x7f, 0xd0, 0x0, 0x3, 0xff, 0x7f,
    0xd0, 0x0, 0x3, 0xff, 0x7f, 0xd0, 0x0, 0x3,
    0xff, 0x7f, 0xd0, 0x0, 0x3, 0xff, 0x7f, 0xd0,
    0x0, 0x3, 0xff, 0x7f, 0xd0, 0x0, 0x3, 0xff,
    0x7f, 0xd0, 0x0, 0x3, 0xff, 0x7f, 0xd0, 0x0,
    0x3, 0xff, 0x7f, 0xd0, 0x0, 0x3, 0xff, 0x7f,
    0xd0, 0x0, 0x3, 0xff, 0x7f, 0xd0, 0x0, 0x3,
    0xff, 0x7f, 0xd0, 0x0, 0x3, 0xff, 0x7f, 0xe0,
    0x0, 0xb, 0xff, 0x7f, 0xf0, 0x0, 0x1f, 0xff,
    0x3f, 0xf8, 0x0, 0x7f, 0xff, 0x2f, 0xff, 0x97,
    0xff, 0xff, 0xf, 0xff, 0xff, 0xff, 0xff, 0x7,
    0xff, 0xff, 0xe3, 0xff, 0x0, 0xff, 0xff, 0x43,
    0xff, 0x0, 0x5, 0x50, 0x0, 0x0,

    /* U+0076 "v" */
    0xbf, 0xe0, 0x0, 0x1, 0xff, 0xc3, 0xff, 0x0,
    0x0, 0x2f, 0xf4, 0x3f, 0xf4, 0x0, 0x3, 0xff,
    0x1, 0xff, 0x80, 0x0, 0x7f, 0xe0, 0xf, 0xfc,
    0x0, 0xb, 0xfd, 0x0, 0xbf, 0xd0, 0x0, 0xff,
    0xc0, 0x7, 0xfe, 0x0, 0x1f, 0xf8, 0x0, 0x3f,
    0xf0, 0x2, 0xff, 0x0, 0x2, 0xff, 0x40, 0x3f,
    0xf0, 0x0, 0xf, 0xf8, 0x7, 0xfd, 0x0, 0x0,
    0xff, 0xc0, 0xff, 0xc0, 0x0, 0x7, 0xfd, 0xf,
    0xf8, 0x0, 0x0, 0x3f, 0xe1, 0xff, 0x40, 0x0,
    0x2, 0xff, 0x3f, 0xf0, 0x0, 0x0, 0x1f, 0xfb,
    0xfe, 0x0, 0x0, 0x0, 0xff, 0xff, 0xc0, 0x0,
    0x0, 0x7, 0xff, 0xf8, 0x0, 0x0, 0x0, 0x3f,
    0xff, 0x40, 0x0, 0x0, 0x2, 0xff, 0xf0, 0x0,
    0x0, 0x0, 0x1f, 0xfe, 0x0, 0x0, 0x0, 0x0,
    0xff, 0xc0, 0x0, 0x0,

    /* U+0077 "w" */
    0xbf, 0xe0, 0x0, 0xf, 0xf8, 0x0, 0x3, 0xff,
    0x1f, 0xfc, 0x0, 0x7, 0xff, 0x0, 0x1, 0xff,
    0xc3, 0xff, 0x0, 0x2, 0xff, 0xc0, 0x0, 0xbf,
    0xe0, 0xbf, 0xd0, 0x0, 0xff, 0xf4, 0x0, 0x3f,
    0xf0, 0xf, 0xfc, 0x0, 0x3f, 0xff, 0x0, 0xf,
    0xfc, 0x3, 0xff, 0x0, 0x1f, 0xff, 0xc0, 0x7,
    0xfe, 0x0, 0xbf, 0xd0, 0xb, 0xfb, 0xf4, 0x2,
    0xff, 0x0, 0xf, 0xf8, 0x3, 0xfc, 0xfe, 0x0,
    0xff, 0xc0, 0x3, 0xff, 0x0, 0xfe, 0x3f, 0xc0,
    0x3f, 0xd0, 0x0, 0x7f, 0xc0, 0xbf, 0xb, 0xf0,
    0x2f, 0xf0, 0x0, 0xf, 0xf4, 0x3f, 0xc1, 0xfd,
    0xf, 0xfc, 0x0, 0x3, 0xfe, 0xf, 0xe0, 0x3f,
    0x83, 0xfd, 0x0, 0x0, 0x7f, 0xc7, 0xf4, 0xb,
    0xf1, 0xff, 0x0, 0x0, 0xf, 0xf6, 0xfc, 0x1,
    0xfd, 0xbf, 0x80, 0x0, 0x3, 0xfe, 0xff, 0x0,
    0x3f, 0xbf, 0xd0, 0x0, 0x0, 0x7f, 0xff, 0x80,
    0xf, 0xff, 0xf0, 0x0, 0x0, 0xf, 0xff, 0xc0,
    0x2, 0xff, 0xf8, 0x0, 0x0, 0x2, 0xff, 0xf0,
    0x0, 0x7f, 0xfd, 0x0, 0x0, 0x0, 0x7f, 0xf8,
    0x0, 0xf, 0xff, 0x0, 0x0, 0x0, 0xf, 0xfd,
    0x0, 0x3, 0xff, 0x80, 0x0, 0x0, 0x2, 0xff,
    0x0, 0x0, 0x7f, 0xd0, 0x0, 0x0,

    /* U+0078 "x" */
    0x1f, 0xfc, 0x0, 0x2, 0xff, 0xc0, 0x2f, 0xfc,
    0x0, 0x1f, 0xfc, 0x0, 0x3f, 0xf8, 0x0, 0xff,
    0xd0, 0x0, 0x3f, 0xf0, 0xb, 0xfe, 0x0, 0x0,
    0x7f, 0xf0, 0x7f, 0xf0, 0x0, 0x0, 0xbf, 0xe3,
    0xff, 0x0, 0x0, 0x0, 0xff, 0xff, 0xf4, 0x0,
    0x0, 0x0, 0xff, 0xff, 0x80, 0x0, 0x0, 0x1,
    0xff, 0xfc, 0x0, 0x0, 0x0, 0x2, 0xff, 0xc0,
    0x0, 0x0, 0x0, 0xf, 0xff, 0x40, 0x0, 0x0,
    0x0, 0xbf, 0xff, 0x0, 0x0, 0x0, 0x7, 0xff,
    0xff, 0x0, 0x0, 0x0, 0x3f, 0xfb, 0xfe, 0x0,
    0x0, 0x3, 0xff, 0x4f, 0xfd, 0x0, 0x0, 0x2f,
    0xf8, 0xf, 0xfc, 0x0, 0x1, 0xff, 0xc0, 0x1f,
    0xfc, 0x0, 0xf, 0xfd, 0x0, 0x2f, 0xf8, 0x0,
    0xff, 0xe0, 0x0, 0x3f, 0xf4, 0xb, 0xff, 0x0,
    0x0, 0x7f, 0xf0, 0x7f, 0xf0, 0x0, 0x0, 0xbf,
    0xf0,

    /* U+0079 "y" */
    0xbf, 0xe0, 0x0, 0x0, 0xbf, 0xe3, 0xff, 0x0,
    0x0, 0xf, 0xfd, 0x2f, 0xf4, 0x0, 0x1, 0xff,
    0xc1, 0xff, 0xc0, 0x0, 0x2f, 0xf4, 0xf, 0xfc,
    0x0, 0x3, 0xff, 0x0, 0x7f, 0xe0, 0x0, 0x7f,
    0xe0, 0x3, 0xff, 0x0, 0xb, 0xfc, 0x0, 0x2f,
    0xf4, 0x0, 0xff, 0xc0, 0x0, 0xff, 0x80, 0x1f,
    0xf4, 0x0, 0xf, 0xfc, 0x3, 0xff, 0x0, 0x0,
    0x7f, 0xd0, 0x3f, 0xe0, 0x0, 0x3, 0xff, 0xb,
    0xfc, 0x0, 0x0, 0x2f, 0xf0, 0xff, 0xc0, 0x0,
    0x0, 0xff, 0x9f, 0xf4, 0x0, 0x0, 0xb, 0xfe,
    0xff, 0x0, 0x0, 0x0, 0x7f, 0xff, 0xe0, 0x0,
    0x0, 0x3, 0xff, 0xfc, 0x0, 0x0, 0x0, 0x1f,
    0xff, 0xc0, 0x0, 0x0, 0x0, 0xff, 0xf4, 0x0,
    0x0, 0x0, 0xb, 0xff, 0x0, 0x0, 0x0, 0x0,
    0x7f, 0xe0, 0x0, 0x0, 0x0, 0xb, 0xfc, 0x0,
    0x0, 0x0, 0x0, 0xff, 0xc0, 0x0, 0x0, 0x0,
    0x2f, 0xf4, 0x0, 0x0, 0x0, 0x3, 0xff, 0x0,
    0x0, 0x0, 0x0, 0x7f, 0xe0, 0x0, 0x0, 0x0,
    0xf, 0xfc, 0x0, 0x0, 0x0, 0x1, 0xff, 0x80,
    0x0, 0x0, 0x0, 0x3f, 0xf4, 0x0, 0x0, 0x0,

    /* U+007A "z" */
    0xbf, 0xff, 0xff, 0xff, 0xf8, 0xbf, 0xff, 0xff,
    0xff, 0xf8, 0xbf, 0xff, 0xff, 0xff, 0xf8, 0x7f,
    0xff, 0xff, 0xff, 0xf0, 0x0, 0x0, 0x2, 0xff,
    0xd0, 0x0, 0x0, 0x7, 0xff, 0x40, 0x0, 0x0,
    0xf, 0xfe, 0x0, 0x0, 0x0, 0x3f, 0xf8, 0x0,
    0x0, 0x0, 0xff, 0xf0, 0x0, 0x0, 0x3, 0xff,
    0xc0, 0x0, 0x0, 0xb, 0xff, 0x0, 0x0, 0x0,
    0x2f, 0xfc, 0x0, 0x0, 0x0, 0x7f, 0xf4, 0x0,
    0x0, 0x1, 0xff, 0xd0, 0x0, 0x0, 0x3, 0xff,
    0x80, 0x0, 0x0, 0xf, 0xfe, 0x0, 0x0, 0x0,
    0x3f, 0xfc, 0x0, 0x0, 0x0, 0xbf, 0xff, 0xff,
    0xff, 0xfc, 0xff, 0xff, 0xff, 0xff, 0xfc, 0xff,
    0xff, 0xff, 0xff, 0xfc, 0xff, 0xff, 0xff, 0xff,
    0xfc,

    /* U+007B "{" */
    0x0, 0x0, 0x6a, 0x90, 0x0, 0x7f, 0xfd, 0x0,
    0x1f, 0xff, 0xd0, 0x3, 0xff, 0xfd, 0x0, 0x7f,
    0xe0, 0x0, 0xb, 0xfc, 0x0, 0x0, 0xbf, 0xc0,
    0x0, 0xb, 0xf8, 0x0, 0x0, 0xbf, 0x80, 0x0,
    0xb, 0xf8, 0x0, 0x0, 0xbf, 0x80, 0x0, 0xb,
    0xf8, 0x0, 0x0, 0xbf, 0x80, 0x0, 0xb, 0xf8,
    0x0, 0x0, 0xbf, 0x80, 0x0, 0xf, 0xf8, 0x0,
    0x0, 0xff, 0x40, 0x0, 0xbf, 0xf0, 0x0, 0xbf,
    0xfc, 0x0, 0xb, 0xfe, 0x0, 0x0, 0xbf, 0xf4,
    0x0, 0x6, 0xff, 0xe0, 0x0, 0x2, 0xff, 0x0,
    0x0, 0xf, 0xf8, 0x0, 0x0, 0xbf, 0x80, 0x0,
    0xb, 0xf8, 0x0, 0x0, 0xbf, 0x80, 0x0, 0xb,
    0xf8, 0x0, 0x0, 0xbf, 0x80, 0x0, 0xb, 0xf8,
    0x0, 0x0, 0xbf, 0x80, 0x0, 0xb, 0xf8, 0x0,
    0x0, 0xbf, 0x80, 0x0, 0xb, 0xfc, 0x0, 0x0,
    0x7f, 0xc0, 0x0, 0x3, 0xff, 0xa9, 0x0, 0x2f,
    0xff, 0xd0, 0x0, 0xff, 0xfd, 0x0, 0x1, 0xff,
    0xd0,

    /* U+007C "|" */
    0x2a, 0x1f, 0xd7, 0xf5, 0xfd, 0x7f, 0x5f, 0xd7,
    0xf5, 0xfd, 0x7f, 0x5f, 0xd7, 0xf5, 0xfd, 0x7f,
    0x5f, 0xd7, 0xf5, 0xfd, 0x7f, 0x5f, 0xd7, 0xf5,
    0xfd, 0x7f, 0x5f, 0xd7, 0xf5, 0xfd, 0x7f, 0x5f,
    0xd7, 0xf5, 0xfd, 0x7f, 0x5f, 0xd7, 0xf5, 0xfd,
    0x7f, 0x5f, 0xd7, 0xf5, 0xfd, 0x7f, 0x5f, 0xd7,
    0xf5, 0xfd, 0x7f, 0x5f, 0xd0,

    /* U+007D "}" */
    0x6a, 0x90, 0x0, 0xb, 0xff, 0xd0, 0x0, 0xbf,
    0xff, 0x40, 0xb, 0xff, 0xfc, 0x0, 0x0, 0xbf,
    0xd0, 0x0, 0x3, 0xfe, 0x0, 0x0, 0x3f, 0xe0,
    0x0, 0x3, 0xfe, 0x0, 0x0, 0x3f, 0xe0, 0x0,
    0x3, 0xfe, 0x0, 0x0, 0x3f, 0xe0, 0x0, 0x3,
    0xfe, 0x0, 0x0, 0x3f, 0xe0, 0x0, 0x3, 0xfe,
    0x0, 0x0, 0x2f, 0xe0, 0x0, 0x2, 0xff, 0x0,
    0x0, 0x1f, 0xf0, 0x0, 0x0, 0xff, 0xd0, 0x0,
    0x3, 0xff, 0xd0, 0x0, 0xb, 0xfd, 0x0, 0x1,
    0xff, 0xd0, 0x0, 0xbf, 0xf9, 0x0, 0xf, 0xf4,
    0x0, 0x2, 0xff, 0x0, 0x0, 0x2f, 0xe0, 0x0,
    0x3, 0xfe, 0x0, 0x0, 0x3f, 0xe0, 0x0, 0x3,
    0xfe, 0x0, 0x0, 0x3f, 0xe0, 0x0, 0x3, 0xfe,
    0x0, 0x0, 0x3f, 0xe0, 0x0, 0x3, 0xfe, 0x0,
    0x0, 0x3f, 0xe0, 0x0, 0x3, 0xfe, 0x0, 0x0,
    0x3f, 0xd0, 0x6, 0xaf, 0xfc, 0x0, 0xbf, 0xff,
    0x80, 0xb, 0xff, 0xf0, 0x0, 0xbf, 0xf4, 0x0,
    0x0,

    /* U+007E "~" */
    0x0, 0xbf, 0x80, 0x0, 0x0, 0x0, 0xff, 0xfe,
    0x0, 0xe, 0x0, 0xff, 0xff, 0xf4, 0xf, 0xf0,
    0xff, 0xef, 0xff, 0xef, 0xfc, 0x3f, 0xc0, 0x7f,
    0xff, 0xfc, 0x2, 0xc0, 0x2, 0xff, 0xfc, 0x0,
    0x0, 0x0, 0xb, 0xf8, 0x0,

    /* U+007F "" */

    /* U+F001 "" */
    0x0, 0x0, 0x0, 0x0, 0x0, 0x0, 0x0, 0x0,
    0x0, 0x0, 0x0, 0x0, 0x0, 0x0, 0x0, 0x0,
    0x0, 0x0, 0x0, 0x0, 0x6e, 0x0, 0x0, 0x0,
    0x0, 0x0, 0x0, 0x0, 0x0, 0x0, 0x7f, 0xff,
    0x0, 0x0, 0x0, 0x0, 0x0, 0x0, 0x0, 0x1,
    0xbf, 0xff, 0xfc, 0x0, 0x0, 0x0, 0x0, 0x0,
    0x0, 0x1, 0xbf, 0xff, 0xff, 0xf0, 0x0, 0x0,
    0x0, 0x0, 0x0, 0x2, 0xff, 0xff, 0xff, 0xff,
    0xc0, 0x0, 0x0, 0x0, 0x0, 0x6, 0xff, 0xff,
    0xff, 0xff, 0xff, 0x0, 0x0, 0x0, 0x0, 0x7,
    0xff, 0xff, 0xff, 0xff, 0xff, 0xfc, 0x0, 0x0,
    0x0, 0x1b, 0xff, 0xff, 0xff, 0xff, 0xff, 0xff,
    0xf0, 0x0, 0x0, 0x7, 0xff, 0xff, 0xff, 0xff,
    0xff, 0xff, 0xff, 0xc0, 0x0, 0x0, 0x3f, 0xff,
    0xff, 0xff, 0xff, 0xff, 0xff, 0xff, 0x0, 0x0,
    0x1, 0xff, 0xff, 0xff, 0xff, 0xff, 0xff, 0xff,
    0xfc, 0x0, 0x0, 0x7, 0xff, 0xff, 0xff, 0xff,
    0xff, 0xff, 0xbf, 0xf0, 0x0, 0x0, 0x1f, 0xff,
    0xff, 0xff, 0xff, 0xff, 0x90, 0xff, 0xc0, 0x0,
    0x0, 0x7f, 0xff, 0xff, 0xff, 0xfe, 0x40, 0x3,
    0xff, 0x0, 0x0, 0x1, 0xff, 0xff, 0xff, 0xfe,
    0x40, 0x0, 0xf, 0xfc, 0x0, 0x0, 0x7, 0xff,
    0xff, 0xfd, 0x0, 0x0, 0x0, 0x3f, 0xf0, 0x0,
    0x0, 0x1f, 0xff, 0xf9, 0x0, 0x0, 0x0, 0x0,
    0xff, 0xc0, 0x0, 0x0, 0x7f, 0xf8, 0x0, 0x0,
    0x0, 0x0, 0x3, 0xff, 0x0, 0x0, 0x1, 0xff,
    0xc0, 0x0, 0x0, 0x0, 0x0, 0xf, 0xfc, 0x0,
    0x0, 0x7, 0xff, 0x0, 0x0, 0x0, 0x0, 0x0,
    0x3f, 0xf0, 0x0, 0x0, 0x1f, 0xfc, 0x0, 0x0,
    0x0, 0x0, 0x0, 0xff, 0xc0, 0x0, 0x0, 0x7f,
    0xf0, 0x0, 0x0, 0x0, 0x0, 0x3, 0xff, 0x0,
    0x0, 0x1, 0xff, 0xc0, 0x0, 0x0, 0x0, 0x0,
    0xf, 0xfc, 0x0, 0x0, 0x7, 0xff, 0x0, 0x0,
    0x0, 0x0, 0x0, 0x3f, 0xf0, 0x0, 0x0, 0x1f,
    0xfc, 0x0, 0x0, 0x0, 0x0, 0x0, 0xff, 0xc0,
    0x0, 0x0, 0x7f, 0xf0, 0x0, 0x0, 0x0, 0x0,
    0x3, 0xff, 0x0, 0x0, 0x1, 0xff, 0xc0, 0x0,
    0x0, 0x0, 0x5a, 0x9f, 0xfc, 0x0, 0x0, 0x7,
    0xff, 0x0, 0x0, 0x0, 0x2f, 0xff, 0xff, 0xf0,
    0x0, 0x0, 0x1f, 0xfc, 0x0, 0x0, 0x3, 0xff,
    0xff, 0xff, 0xc0, 0x0, 0x0, 0x7f, 0xf0, 0x0,
    0x0, 0x3f, 0xff, 0xff, 0xff, 0x0, 0x0, 0x1,
    0xff, 0xc0, 0x0, 0x1, 0xff, 0xff, 0xff, 0xfc,
    0x0, 0x1, 0x47, 0xff, 0x0, 0x0, 0xb, 0xff,
    0xff, 0xff, 0xf0, 0x7, 0xff, 0xff, 0xfc, 0x0,
    0x0, 0x1f, 0xff, 0xff, 0xff, 0xc0, 0xff, 0xff,
    0xff, 0xf0, 0x0, 0x0, 0x3f, 0xff, 0xff, 0xfe,
    0xf, 0xff, 0xff, 0xff, 0xc0, 0x0, 0x0, 0x7f,
    0xff, 0xff, 0xf0, 0xbf, 0xff, 0xff, 0xff, 0x0,
    0x0, 0x0, 0x3f, 0xff, 0xfe, 0x3, 0xff, 0xff,
    0xff, 0xfc, 0x0, 0x0, 0x0, 0xb, 0xfe, 0x40,
    0xb, 0xff, 0xff, 0xff, 0xf0, 0x0, 0x0, 0x0,
    0x0, 0x0, 0x0, 0x1f, 0xff, 0xff, 0xff, 0x80,
    0x0, 0x0, 0x0, 0x0, 0x0, 0x0, 0x3f, 0xff,
    0xff, 0xfc, 0x0, 0x0, 0x0, 0x0, 0x0, 0x0,
    0x0, 0x2f, 0xff, 0xff, 0x80, 0x0, 0x0, 0x0,
    0x0, 0x0, 0x0, 0x0, 0xb, 0xff, 0xe0, 0x0,
    0x0, 0x0, 0x0, 0x0, 0x0, 0x0, 0x0, 0x0,
    0x0, 0x0, 0x0, 0x0, 0x0, 0x0, 0x0, 0x0,
    0x0,

    /* U+F008 "" */
    0x14, 0x0, 0xaa, 0xaa, 0xaa, 0xaa, 0xaa, 0xaa,
    0xa0, 0x1, 0x4b, 0x80, 0xf, 0xff, 0xff, 0xff,
    0xff, 0xff, 0xff, 0x0, 0x2e, 0xfc, 0x1, 0xff,
    0xff, 0xff, 0xff, 0xff, 0xff, 0xf4, 0x3, 0xff,
    0xff, 0xff, 0xff, 0xff, 0xff, 0xff, 0xff, 0xff,
    0xff, 0xff, 0xff, 0xff, 0xff, 0x95, 0x55, 0x55,
    0x55, 0x6f, 0xff, 0xff, 0xff, 0xff, 0xff, 0xf0,
    0x0, 0x0, 0x0, 0x0, 0xff, 0xff, 0xff, 0xf8,
    0x0, 0xff, 0x0, 0x0, 0x0, 0x0, 0xf, 0xf0,
    0x2, 0xff, 0x80, 0xf, 0xf0, 0x0, 0x0, 0x0,
    0x0, 0xff, 0x0, 0x2f, 0xf8, 0x0, 0xff, 0x0,
    0x0, 0x0, 0x0, 0xf, 0xf0, 0x2, 0xff, 0x80,
    0xf, 0xf0, 0x0, 0x0, 0x0, 0x0, 0xff, 0x0,
    0x2f, 0xfc, 0x1, 0xff, 0x0, 0x0, 0x0, 0x0,
    0xf, 0xf4, 0x3, 0xff, 0xff, 0xff, 0xf0, 0x0,
    0x0, 0x0, 0x0, 0xff, 0xff, 0xff, 0xff, 0xff,
    0xff, 0x0, 0x0, 0x0, 0x0, 0xf, 0xff, 0xff,
    0xff, 0xea, 0xbf, 0xf0, 0x0, 0x0, 0x0, 0x0,
    0xff, 0xea, 0xbf, 0xf8, 0x0, 0xff, 0xea, 0xaa,
    0xaa, 0xaa, 0xbf, 0xf0, 0x2, 0xff, 0x80, 0xf,
    0xff, 0xff, 0xff, 0xff, 0xff, 0xff, 0x0, 0x2f,
    0xf8, 0x0, 0xff, 0xff, 0xff, 0xff, 0xff, 0xff,
    0xf0, 0x2, 0xff, 0x80, 0xf, 0xff, 0xff, 0xff,
    0xff, 0xff, 0xff, 0x0, 0x2f, 0xfc, 0x1, 0xff,
    0x40, 0x0, 0x0, 0x0, 0x1f, 0xf4, 0x3, 0xff,
    0xff, 0xff, 0xf0, 0x0, 0x0, 0x0, 0x0, 0xff,
    0xff, 0xff, 0xff, 0xff, 0xff, 0x0, 0x0, 0x0,
    0x0, 0xf, 0xff, 0xff, 0xff, 0xea, 0xbf, 0xf0,
    0x0, 0x0, 0x0, 0x0, 0xff, 0xea, 0xbf, 0xf8,
    0x0, 0xff, 0x0, 0x0, 0x0, 0x0, 0xf, 0xf0,
    0x2, 0xff, 0x80, 0xf, 0xf0, 0x0, 0x0, 0x0,
    0x0, 0xff, 0x0, 0x2f, 0xf8, 0x0, 0xff, 0x0,
    0x0, 0x0, 0x0, 0xf, 0xf0, 0x2, 0xff, 0x80,
    0xf, 0xf0, 0x0, 0x0, 0x0, 0x0, 0xff, 0x0,
    0x2f, 0xfd, 0x56, 0xff, 0x0, 0x0, 0x0, 0x0,
    0xf, 0xf9, 0x57, 0xff, 0xff, 0xff, 0xf0, 0x0,
    0x0, 0x0, 0x0, 0xff, 0xff, 0xff, 0xff, 0xff,
    0xff, 0xff, 0xff, 0xff, 0xff, 0xff, 0xff, 0xff,
    0xff, 0xd5, 0x6f, 0xff, 0xff, 0xff, 0xff, 0xff,
    0xff, 0x95, 0x7f, 0xf8, 0x0, 0xff, 0xff, 0xff,
    0xff, 0xff, 0xff, 0xf0, 0x2, 0xf7, 0x80, 0xf,
    0xff, 0xff, 0xff, 0xff, 0xff, 0xff, 0x0, 0x2d,

    /* U+F00B "" */
    0x0, 0x0, 0x0, 0x0, 0x0, 0x0, 0x0, 0x0,
    0x0, 0x0, 0x7, 0xff, 0xff, 0xe0, 0x1f, 0xff,
    0xff, 0xff, 0xff, 0xff, 0xfd, 0xff, 0xff, 0xff,
    0x3, 0xff, 0xff, 0xff, 0xff, 0xff, 0xff, 0xff,
    0xff, 0xff, 0xf0, 0x3f, 0xff, 0xff, 0xff, 0xff,
    0xff, 0xff, 0xff, 0xff, 0xff, 0x3, 0xff, 0xff,
    0xff, 0xff, 0xff, 0xff, 0xff, 0xff, 0xff, 0xf0,
    0x3f, 0xff, 0xff, 0xff, 0xff, 0xff, 0xff, 0xff,
    0xff, 0xff, 0x3, 0xff, 0xff, 0xff, 0xff, 0xff,
    0xff, 0xff, 0xff, 0xff, 0xf0, 0x3f, 0xff, 0xff,
    0xff, 0xff, 0xff, 0xff, 0xff, 0xff, 0xff, 0x3,
    0xff, 0xff, 0xff, 0xff, 0xff, 0xff, 0xff, 0xff,
    0xff, 0xf0, 0x3f, 0xff, 0xff, 0xff, 0xff, 0xff,
    0xff, 0xbf, 0xff, 0xff, 0x3, 0xff, 0xff, 0xff,
    0xff, 0xff, 0xff, 0xe1, 0x55, 0x55, 0x40, 0x5,
    0x55, 0x55, 0x55, 0x55, 0x55, 0x54, 0x0, 0x0,
    0x0, 0x0, 0x0, 0x0, 0x0, 0x0, 0x0, 0x0,
    0x0, 0x0, 0x0, 0x0, 0x0, 0x0, 0x0, 0x0,
    0x0, 0x0, 0x0, 0x7f, 0xff, 0xfd, 0x1, 0xff,
    0xff, 0xff, 0xff, 0xff, 0xff, 0xdf, 0xff, 0xff,
    0xf0, 0x3f, 0xff, 0xff, 0xff, 0xff, 0xff, 0xff,
    0xff, 0xff, 0xff, 0x3, 0xff, 0xff, 0xff, 0xff,
    0xff, 0xff, 0xff, 0xff, 0xff, 0xf0, 0x3f, 0xff,
    0xff, 0xff, 0xff, 0xff, 0xff, 0xff, 0xff, 0xff,
    0x3, 0xff, 0xff, 0xff, 0xff, 0xff, 0xff, 0xff,
    0xff, 0xff, 0xf0, 0x3f, 0xff, 0xff, 0xff, 0xff,
    0xff, 0xff, 0xff, 0xff, 0xff, 0x3, 0xff, 0xff,
    0xff, 0xff, 0xff, 0xff, 0xff, 0xff, 0xff, 0xf0,
    0x3f, 0xff, 0xff, 0xff, 0xff, 0xff, 0xff, 0xff,
    0xff, 0xff, 0x3, 0xff, 0xff, 0xff, 0xff, 0xff,
    0xff, 0xfb, 0xff, 0xff, 0xf0, 0x3f, 0xff, 0xff,
    0xff, 0xff, 0xff, 0xfe, 0x1a, 0xaa, 0xa4, 0x0,
    0x6a, 0xaa, 0xaa, 0xaa, 0xaa, 0xaa, 0x40, 0x0,
    0x0, 0x0, 0x0, 0x0, 0x0, 0x0, 0x0, 0x0,
    0x0, 0x0, 0x0, 0x0, 0x0, 0x0, 0x0, 0x0,
    0x0, 0x0, 0x0, 0x7, 0xff, 0xff, 0xd0, 0x1f,
    0xff, 0xff, 0xff, 0xff, 0xff, 0xfd, 0xff, 0xff,
    0xff, 0x3, 0xff, 0xff, 0xff, 0xff, 0xff, 0xff,
    0xff, 0xff, 0xff, 0xf0, 0x3f, 0xff, 0xff, 0xff,
    0xff, 0xff, 0xff, 0xff, 0xff, 0xff, 0x3, 0xff,
    0xff, 0xff, 0xff, 0xff, 0xff, 0xff, 0xff, 0xff,
    0xf0, 0x3f, 0xff, 0xff, 0xff, 0xff, 0xff, 0xff,
    0xff, 0xff, 0xff, 0x3, 0xff, 0xff, 0xff, 0xff,
    0xff, 0xff, 0xff, 0xff, 0xff, 0xf0, 0x3f, 0xff,
    0xff, 0xff, 0xff, 0xff, 0xff, 0xff, 0xff, 0xff,
    0x3, 0xff, 0xff, 0xff, 0xff, 0xff, 0xff, 0xff,
    0xff, 0xff, 0xf0, 0x3f, 0xff, 0xff, 0xff, 0xff,
    0xff, 0xff, 0xbf, 0xff, 0xff, 0x3, 0xff, 0xff,
    0xff, 0xff, 0xff, 0xff, 0xe1, 0xaa, 0xaa, 0x40,
    0x6, 0xaa, 0xaa, 0xaa, 0xaa, 0xaa, 0xa4,

    /* U+F00C "" */
    0x0, 0x0, 0x0, 0x0, 0x0, 0x0, 0x0, 0x0,
    0x0, 0x50, 0x0, 0x0, 0x0, 0x0, 0x0, 0x0,
    0x0, 0x0, 0x0, 0x3f, 0x80, 0x0, 0x0, 0x0,
    0x0, 0x0, 0x0, 0x0, 0x0, 0xf, 0xfe, 0x0,
    0x0, 0x0, 0x0, 0x0, 0x0, 0x0, 0x0, 0x3,
    0xff, 0xf8, 0x0, 0x0, 0x0, 0x0, 0x0, 0x0,
    0x0, 0x0, 0xff, 0xff, 0xe0, 0x0, 0x0, 0x0,
    0x0, 0x0, 0x0, 0x0, 0x3f, 0xff, 0xff, 0x0,
    0x0, 0x0, 0x0, 0x0, 0x0, 0x0, 0xf, 0xff,
    0xff, 0xf0, 0x0, 0x0, 0x0, 0x0, 0x0, 0x0,
    0x3, 0xff, 0xff, 0xfc, 0x0, 0x0, 0x0, 0x0,
    0x0, 0x0, 0x0, 0xff, 0xff, 0xff, 0x0, 0x0,
    0x0, 0x0, 0x0, 0x0, 0x0, 0x3f, 0xff, 0xff,
    0xc0, 0x0, 0x0, 0x0, 0x0, 0x0, 0x0, 0xf,
    0xff, 0xff, 0xf0, 0x0, 0xf, 0x40, 0x0, 0x0,
    0x0, 0x3, 0xff, 0xff, 0xfc, 0x0, 0x3, 0xfd,
    0x0, 0x0, 0x0, 0x0, 0xff, 0xff, 0xff, 0x0,
    0x0, 0xff, 0xf4, 0x0, 0x0, 0x0, 0x3f, 0xff,
    0xff, 0xc0, 0x0, 0x7f, 0xff, 0xd0, 0x0, 0x0,
    0xf, 0xff, 0xff, 0xf0, 0x0, 0xf, 0xff, 0xff,
    0x40, 0x0, 0x3, 0xff, 0xff, 0xfc, 0x0, 0x0,
    0xff, 0xff, 0xfd, 0x0, 0x0, 0xff, 0xff, 0xff,
    0x0, 0x0, 0x7, 0xff, 0xff, 0xf4, 0x0, 0x3f,
    0xff, 0xff, 0xc0, 0x0, 0x0, 0x2f, 0xff, 0xff,
    0xd0, 0xf, 0xff, 0xff, 0xf0, 0x0, 0x0, 0x0,
    0xbf, 0xff, 0xff, 0x43, 0xff, 0xff, 0xfc, 0x0,
    0x0, 0x0, 0x2, 0xff, 0xff, 0xfd, 0xff, 0xff,
    0xff, 0x0, 0x0, 0x0, 0x0, 0xb, 0xff, 0xff,
    0xff, 0xff, 0xff, 0xc0, 0x0, 0x0, 0x0, 0x0,
    0x2f, 0xff, 0xff, 0xff, 0xff, 0xf0, 0x0, 0x0,
    0x0, 0x0, 0x0, 0xbf, 0xff, 0xff, 0xff, 0xfc,
    0x0, 0x0, 0x0, 0x0, 0x0, 0x2, 0xff, 0xff,
    0xff, 0xff, 0x0, 0x0, 0x0, 0x0, 0x0, 0x0,
    0xb, 0xff, 0xff, 0xff, 0xc0, 0x0, 0x0, 0x0,
    0x0, 0x0, 0x0, 0x2f, 0xff, 0xff, 0xf0, 0x0,
    0x0, 0x0, 0x0, 0x0, 0x0, 0x0, 0xbf, 0xff,
    0xfc, 0x0, 0x0, 0x0, 0x0, 0x0, 0x0, 0x0,
    0x2, 0xff, 0xff, 0x0, 0x0, 0x0, 0x0, 0x0,
    0x0, 0x0, 0x0, 0x7, 0xff, 0xc0, 0x0, 0x0,
    0x0, 0x0, 0x0, 0x0, 0x0, 0x0, 0x1f, 0xf0,
    0x0, 0x0, 0x0, 0x0, 0x0, 0x0, 0x0, 0x0,
    0x0, 0x78, 0x0, 0x0, 0x0, 0x0, 0x0, 0x0,

    /* U+F00D "" */
    0x0, 0x0, 0x0, 0x0, 0x0, 0x0, 0x0, 0x1,
    0xfc, 0x0, 0x0, 0x0, 0x1, 0xfc, 0x1, 0xff,
    0xc0, 0x0, 0x0, 0x1, 0xff, 0xd1, 0xff, 0xfc,
    0x0, 0x0, 0x1, 0xff, 0xfc, 0xff, 0xff, 0xc0,
    0x0, 0x1, 0xff, 0xff, 0xbf, 0xff, 0xfc, 0x0,
    0x1, 0xff, 0xff, 0xfb, 0xff, 0xff, 0xc0, 0x1,
    0xff, 0xff, 0xf8, 0xff, 0xff, 0xfc, 0x1, 0xff,
    0xff, 0xf8, 0xf, 0xff, 0xff, 0xc1, 0xff, 0xff,
    0xf8, 0x0, 0xff, 0xff, 0xfd, 0xff, 0xff, 0xf8,
    0x0, 0xf, 0xff, 0xff, 0xff, 0xff, 0xf8, 0x0,
    0x0, 0xff, 0xff, 0xff, 0xff, 0xf8, 0x0, 0x0,
    0xf, 0xff, 0xff, 0xff, 0xf8, 0x0, 0x0, 0x0,
    0xff, 0xff, 0xff, 0xf8, 0x0, 0x0, 0x0, 0xf,
    0xff, 0xff, 0xf8, 0x0, 0x0, 0x0, 0x1, 0xff,
    0xff, 0xfc, 0x0, 0x0, 0x0, 0x1, 0xff, 0xff,
    0xff, 0xc0, 0x0, 0x0, 0x1, 0xff, 0xff, 0xff,
    0xfc, 0x0, 0x0, 0x1, 0xff, 0xff, 0xff, 0xff,
    0xc0, 0x0, 0x1, 0xff, 0xff, 0xff, 0xff, 0xfc,
    0x0, 0x1, 0xff, 0xff, 0xff, 0xff, 0xff, 0xc0,
    0x1, 0xff, 0xff, 0xf8, 0xff, 0xff, 0xfc, 0x1,
    0xff, 0xff, 0xf8, 0xf, 0xff, 0xff, 0xc1, 0xff,
    0xff, 0xf8, 0x0, 0xff, 0xff, 0xfc, 0xff, 0xff,
    0xf8, 0x0, 0xf, 0xff, 0xff, 0xbf, 0xff, 0xf8,
    0x0, 0x0, 0xff, 0xff, 0xfb, 0xff, 0xf8, 0x0,
    0x0, 0xf, 0xff, 0xf8, 0xff, 0xf8, 0x0, 0x0,
    0x0, 0xff, 0xfc, 0xf, 0xf8, 0x0, 0x0, 0x0,
    0xf, 0xfc, 0x0, 0xa4, 0x0, 0x0, 0x0, 0x0,
    0xa4, 0x0,

    /* U+F011 "" */
    0x0, 0x0, 0x0, 0x0, 0x2, 0xf9, 0x0, 0x0,
    0x0, 0x0, 0x0, 0x0, 0x0, 0x0, 0x0, 0xff,
    0xf4, 0x0, 0x0, 0x0, 0x0, 0x0, 0x0, 0x0,
    0x0, 0xf, 0xff, 0x40, 0x0, 0x0, 0x0, 0x0,
    0x0, 0x0, 0x0, 0x0, 0xff, 0xf4, 0x0, 0x0,
    0x0, 0x0, 0x0, 0x0, 0x18, 0x0, 0xf, 0xff,
    0x40, 0x2, 0x80, 0x0, 0x0, 0x0, 0xb, 0xf0,
    0x0, 0xff, 0xf4, 0x0, 0xbf, 0x40, 0x0, 0x0,
    0x3, 0xff, 0x80, 0xf, 0xff, 0x40, 0x1f, 0xfd,
    0x0, 0x0, 0x0, 0xff, 0xfd, 0x0, 0xff, 0xf4,
    0x3, 0xff, 0xf4, 0x0, 0x0, 0x3f, 0xff, 0xe0,
    0xf, 0xff, 0x40, 0x3f, 0xff, 0xc0, 0x0, 0xb,
    0xff, 0xfd, 0x0, 0xff, 0xf4, 0x3, 0xff, 0xff,
    0x0, 0x0, 0xff, 0xff, 0x40, 0xf, 0xff, 0x40,
    0xf, 0xff, 0xf8, 0x0, 0x3f, 0xff, 0xd0, 0x0,
    0xff, 0xf4, 0x0, 0x3f, 0xff, 0xc0, 0x7, 0xff,
    0xf4, 0x0, 0xf, 0xff, 0x40, 0x0, 0xff, 0xfe,
    0x0, 0xbf, 0xfe, 0x0, 0x0, 0xff, 0xf4, 0x0,
    0x3, 0xff, 0xf0, 0xf, 0xff, 0xc0, 0x0, 0xf,
    0xff, 0x40, 0x0, 0x2f, 0xff, 0x81, 0xff, 0xf4,
    0x0, 0x0, 0xff, 0xf4, 0x0, 0x0, 0xff, 0xfc,
    0x3f, 0xff, 0x0, 0x0, 0xf, 0xff, 0x40, 0x0,
    0xb, 0xff, 0xc3, 0xff, 0xf0, 0x0, 0x0, 0xff,
    0xf4, 0x0, 0x0, 0x7f, 0xfd, 0x3f, 0xfe, 0x0,
    0x0, 0xf, 0xff, 0x40, 0x0, 0x3, 0xff, 0xe7,
    0xff, 0xd0, 0x0, 0x0, 0xff, 0xf4, 0x0, 0x0,
    0x3f, 0xfe, 0x7f, 0xfd, 0x0, 0x0, 0xf, 0xff,
    0x40, 0x0, 0x3, 0xff, 0xe7, 0xff, 0xc0, 0x0,
    0x0, 0xff, 0xf4, 0x0, 0x0, 0x3f, 0xfe, 0x7f,
    0xfd, 0x0, 0x0, 0xf, 0xff, 0x40, 0x0, 0x3,
    0xff, 0xe3, 0xff, 0xd0, 0x0, 0x0, 0x7f, 0xe0,
    0x0, 0x0, 0x3f, 0xfe, 0x3f, 0xfe, 0x0, 0x0,
    0x0, 0x0, 0x0, 0x0, 0x3, 0xff, 0xd3, 0xff,
    0xf0, 0x0, 0x0, 0x0, 0x0, 0x0, 0x0, 0x7f,
    0xfd, 0x2f, 0xff, 0x0, 0x0, 0x0, 0x0, 0x0,
    0x0, 0xf, 0xff, 0xc1, 0xff, 0xf8, 0x0, 0x0,
    0x0, 0x0, 0x0, 0x1, 0xff, 0xfc, 0xf, 0xff,
    0xd0, 0x0, 0x0, 0x0, 0x0, 0x0, 0x3f, 0xff,
    0x40, 0xbf, 0xff, 0x0, 0x0, 0x0, 0x0, 0x0,
    0xb, 0xff, 0xf0, 0x3, 0xff, 0xfc, 0x0, 0x0,
    0x0, 0x0, 0x1, 0xff, 0xfe, 0x0, 0x2f, 0xff,
    0xf0, 0x0, 0x0, 0x0, 0x0, 0xbf, 0xff, 0xc0,
    0x0, 0xff, 0xff, 0xc0, 0x0, 0x0, 0x0, 0x2f,
    0xff, 0xf4, 0x0, 0x3, 0xff, 0xff, 0x80, 0x0,
    0x0, 0x1f, 0xff, 0xfe, 0x0, 0x0, 0x1f, 0xff,
    0xff, 0x90, 0x0, 0x6f, 0xff, 0xff, 0xc0, 0x0,
    0x0, 0x7f, 0xff, 0xff, 0xff, 0xff, 0xff, 0xff,
    0xf0, 0x0, 0x0, 0x1, 0xff, 0xff, 0xff, 0xff,
    0xff, 0xff, 0xf8, 0x0, 0x0, 0x0, 0x7, 0xff,
    0xff, 0xff, 0xff, 0xff, 0xfe, 0x0, 0x0, 0x0,
    0x0, 0xb, 0xff, 0xff, 0xff, 0xff, 0xff, 0x40,
    0x0, 0x0, 0x0, 0x0, 0xb, 0xff, 0xff, 0xff,
    0xff, 0x40, 0x0, 0x0, 0x0, 0x0, 0x0, 0x7,
    0xff, 0xff, 0xfe, 0x40, 0x0, 0x0, 0x0, 0x0,
    0x0, 0x0, 0x0, 0x5a, 0x94, 0x0, 0x0, 0x0,
    0x0,

    /* U+F013 "" */
    0x0, 0x0, 0x0, 0x0, 0x0, 0x0, 0x0, 0x0,
    0x0, 0x0, 0x0, 0x0, 0x0, 0x2, 0xff, 0xfe,
    0x40, 0x0, 0x0, 0x0, 0x0, 0x0, 0x0, 0x7,
    0xff, 0xff, 0xc0, 0x0, 0x0, 0x0, 0x0, 0x0,
    0x0, 0x7, 0xff, 0xff, 0xc0, 0x0, 0x0, 0x0,
    0x0, 0x0, 0x0, 0x7, 0xff, 0xff, 0xc0, 0x0,
    0x0, 0x0, 0x0, 0x0, 0x0, 0x7, 0xff, 0xff,
    0xc0, 0x0, 0x0, 0x0, 0x0, 0x0, 0x0, 0xb,
    0xff, 0xff, 0xd0, 0x0, 0x0, 0x0, 0x0, 0x28,
    0x0, 0xbf, 0xff, 0xff, 0xfd, 0x0, 0x28, 0x0,
    0x0, 0xff, 0x47, 0xff, 0xff, 0xff, 0xff, 0xc2,
    0xfe, 0x0, 0x2, 0xff, 0xff, 0xff, 0xff, 0xff,
    0xff, 0xff, 0xff, 0x40, 0x7, 0xff, 0xff, 0xff,
    0xff, 0xff, 0xff, 0xff, 0xff, 0xc0, 0xf, 0xff,
    0xff, 0xff, 0xff, 0xff, 0xff, 0xff, 0xff, 0xe0,
    0x1f, 0xff, 0xff, 0xff, 0xff, 0xff, 0xff, 0xff,
    0xff, 0xf0, 0x3f, 0xff, 0xff, 0xff, 0xff, 0xff,
    0xff, 0xff, 0xff, 0xf8, 0x3f, 0xff, 0xff, 0xff,
    0xfe, 0xbf, 0xff, 0xff, 0xff, 0xfc, 0x7f, 0xff,
    0xff, 0xff, 0x80, 0x7, 0xff, 0xff, 0xff, 0xfd,
    0x2f, 0xff, 0xff, 0xfd, 0x0, 0x0, 0xbf, 0xff,
    0xff, 0xf4, 0x3, 0xff, 0xff, 0xf8, 0x0, 0x0,
    0x3f, 0xff, 0xff, 0x80, 0x0, 0xbf, 0xff, 0xf0,
    0x0, 0x0, 0xf, 0xff, 0xfd, 0x0, 0x0, 0xbf,
    0xff, 0xe0, 0x0, 0x0, 0xf, 0xff, 0xfd, 0x0,
    0x0, 0xbf, 0xff, 0xd0, 0x0, 0x0, 0xb, 0xff,
    0xfe, 0x0, 0x0, 0xbf, 0xff, 0xd0, 0x0, 0x0,
    0xb, 0xff, 0xfe, 0x0, 0x0, 0xbf, 0xff, 0xe0,
    0x0, 0x0, 0xb, 0xff, 0xfd, 0x0, 0x0, 0xbf,
    0xff, 0xf0, 0x0, 0x0, 0xf, 0xff, 0xfd, 0x0,
    0x1, 0xff, 0xff, 0xf4, 0x0, 0x0, 0x1f, 0xff,
    0xff, 0x0, 0xb, 0xff, 0xff, 0xfc, 0x0, 0x0,
    0x3f, 0xff, 0xff, 0xe0, 0x7f, 0xff, 0xff, 0xff,
    0x0, 0x1, 0xff, 0xff, 0xff, 0xfc, 0x7f, 0xff,
    0xff, 0xff, 0xe4, 0x1b, 0xff, 0xff, 0xff, 0xfc,
    0x3f, 0xff, 0xff, 0xff, 0xff, 0xff, 0xff, 0xff,
    0xff, 0xfc, 0x2f, 0xff, 0xff, 0xff, 0xff, 0xff,
    0xff, 0xff, 0xff, 0xf4, 0xf, 0xff, 0xff, 0xff,
    0xff, 0xff, 0xff, 0xff, 0xff, 0xf0, 0xb, 0xff,
    0xff, 0xff, 0xff, 0xff, 0xff, 0xff, 0xff, 0xd0,
    0x3, 0xff, 0xff, 0xff, 0xff, 0xff, 0xff, 0xff,
    0xff, 0x80, 0x0, 0xff, 0xdf, 0xff, 0xff, 0xff,
    0xff, 0xe7, 0xff, 0x0, 0x0, 0x7e, 0x2, 0xff,
    0xff, 0xff, 0xff, 0x40, 0xbc, 0x0, 0x0, 0x10,
    0x0, 0x2f, 0xff, 0xff, 0xf4, 0x0, 0x0, 0x0,
    0x0, 0x0, 0x0, 0x7, 0xff, 0xff, 0xc0, 0x0,
    0x0, 0x0, 0x0, 0x0, 0x0, 0x7, 0xff, 0xff,
    0xc0, 0x0, 0x0, 0x0, 0x0, 0x0, 0x0, 0x7,
    0xff, 0xff, 0xc0, 0x0, 0x0, 0x0, 0x0, 0x0,
    0x0, 0x7, 0xff, 0xff, 0xc0, 0x0, 0x0, 0x0,
    0x0, 0x0, 0x0, 0x7, 0xff, 0xff, 0xc0, 0x0,
    0x0, 0x0, 0x0, 0x0, 0x0, 0x0, 0x5a, 0xa5,
    0x0, 0x0, 0x0, 0x0, 0x0, 0x0, 0x0, 0x0,
    0x0, 0x0, 0x0, 0x0, 0x0, 0x0,

    /* U+F015 "" */
    0x0, 0x0, 0x0, 0x0, 0x0, 0x0, 0x0, 0x0,
    0x0, 0x0, 0x0, 0x0, 0x0, 0x0, 0x0, 0x0,
    0x0, 0x1f, 0xd0, 0x0, 0x1f, 0xff, 0x0, 0x0,
    0x0, 0x0, 0x0, 0x0, 0x0, 0xbf, 0xfc, 0x0,
    0x2f, 0xff, 0x0, 0x0, 0x0, 0x0, 0x0, 0x0,
    0x3, 0xff, 0xff, 0x0, 0x2f, 0xff, 0x0, 0x0,
    0x0, 0x0, 0x0, 0x0, 0xf, 0xff, 0xff, 0xd0,
    0x2f, 0xff, 0x0, 0x0, 0x0, 0x0, 0x0, 0x0,
    0x7f, 0xff, 0xff, 0xf8, 0x2f, 0xff, 0x0, 0x0,
    0x0, 0x0, 0x0, 0x2, 0xff, 0xff, 0xff, 0xfe,
    0x2f, 0xff, 0x0, 0x0, 0x0, 0x0, 0x0, 0xb,
    0xff, 0xf4, 0x7f, 0xff, 0xef, 0xff, 0x0, 0x0,
    0x0, 0x0, 0x0, 0x3f, 0xff, 0xd0, 0xf, 0xff,
    0xff, 0xff, 0x0, 0x0, 0x0, 0x0, 0x1, 0xff,
    0xff, 0x0, 0x2, 0xff, 0xff, 0xff, 0x0, 0x0,
    0x0, 0x0, 0x7, 0xff, 0xfc, 0x2, 0x40, 0xbf,
    0xff, 0xff, 0x0, 0x0, 0x0, 0x0, 0x2f, 0xff,
    0xe0, 0x1f, 0xe0, 0x1f, 0xff, 0xff, 0x0, 0x0,
    0x0, 0x0, 0xff, 0xff, 0x40, 0x7f, 0xf8, 0x7,
    0xff, 0xff, 0x0, 0x0, 0x0, 0x3, 0xff, 0xfd,
    0x2, 0xff, 0xff, 0x0, 0xff, 0xff, 0x40, 0x0,
    0x0, 0x1f, 0xff, 0xf0, 0xf, 0xff, 0xff, 0xc0,
    0x2f, 0xff, 0xd0, 0x0, 0x0, 0xbf, 0xff, 0x80,
    0x3f, 0xff, 0xff, 0xf4, 0xb, 0xff, 0xf8, 0x0,
    0x2, 0xff, 0xfe, 0x1, 0xff, 0xff, 0xff, 0xfe,
    0x1, 0xff, 0xff, 0x0, 0xf, 0xff, 0xf4, 0xb,
    0xff, 0xff, 0xff, 0xff, 0x80, 0x3f, 0xff, 0xc0,
    0x3f, 0xff, 0xc0, 0x2f, 0xff, 0xff, 0xff, 0xff,
    0xf0, 0xf, 0xff, 0xf4, 0xff, 0xff, 0x0, 0xff,
    0xff, 0xff, 0xff, 0xff, 0xfd, 0x2, 0xff, 0xfc,
    0xbf, 0xf8, 0x7, 0xff, 0xff, 0xff, 0xff, 0xff,
    0xff, 0x40, 0x7f, 0xfc, 0x3f, 0xe0, 0x1f, 0xff,
    0xff, 0xff, 0xff, 0xff, 0xff, 0xe0, 0x1f, 0xf0,
    0xf, 0x40, 0xbf, 0xff, 0xff, 0xff, 0xff, 0xff,
    0xff, 0xfc, 0x3, 0xd0, 0x0, 0x0, 0xff, 0xff,
    0xff, 0xff, 0xff, 0xff, 0xff, 0xfd, 0x0, 0x0,
    0x0, 0x0, 0xff, 0xff, 0xff, 0xff, 0xff, 0xff,
    0xff, 0xfd, 0x0, 0x0, 0x0, 0x0, 0xff, 0xff,
    0xff, 0xff, 0xff, 0xff, 0xff, 0xfd, 0x0, 0x0,
    0x0, 0x0, 0xff, 0xff, 0xff, 0xff, 0xff, 0xff,
    0xff, 0xfd, 0x0, 0x0, 0x0, 0x0, 0xff, 0xff,
    0xff, 0x40, 0x7, 0xff, 0xff, 0xfd, 0x0, 0x0,
    0x0, 0x0, 0xff, 0xff, 0xfe, 0x0, 0x1, 0xff,
    0xff, 0xfd, 0x0, 0x0, 0x0, 0x0, 0xff, 0xff,
    0xfe, 0x0, 0x1, 0xff, 0xff, 0xfd, 0x0, 0x0,
    0x0, 0x0, 0xff, 0xff, 0xfe, 0x0, 0x1, 0xff,
    0xff, 0xfd, 0x0, 0x0, 0x0, 0x0, 0xff, 0xff,
    0xfe, 0x0, 0x1, 0xff, 0xff, 0xfd, 0x0, 0x0,
    0x0, 0x0, 0xff, 0xff, 0xfe, 0x0, 0x1, 0xff,
    0xff, 0xfd, 0x0, 0x0, 0x0, 0x0, 0xff, 0xff,
    0xfe, 0x0, 0x1, 0xff, 0xff, 0xfd, 0x0, 0x0,
    0x0, 0x0, 0xff, 0xff, 0xfe, 0x0, 0x1, 0xff,
    0xff, 0xfd, 0x0, 0x0, 0x0, 0x0, 0xff, 0xff,
    0xfe, 0x0, 0x1, 0xff, 0xff, 0xfd, 0x0, 0x0,
    0x0, 0x0, 0xff, 0xff, 0xfe, 0x0, 0x1, 0xff,
    0xff, 0xfd, 0x0, 0x0, 0x0, 0x0, 0x6a, 0xaa,
    0xa8, 0x0, 0x0, 0xaa, 0xaa, 0xa8, 0x0, 0x0,

    /* U+F019 "" */
    0x0, 0x0, 0x0, 0x0, 0x7f, 0xff, 0xd0, 0x0,
    0x0, 0x0, 0x0, 0x0, 0x0, 0x0, 0xf, 0xff,
    0xff, 0x0, 0x0, 0x0, 0x0, 0x0, 0x0, 0x0,
    0x0, 0xff, 0xff, 0xf0, 0x0, 0x0, 0x0, 0x0,
    0x0, 0x0, 0x0, 0x1f, 0xff, 0xff, 0x40, 0x0,
    0x0, 0x0, 0x0, 0x0, 0x0, 0x1, 0xff, 0xff,
    0xf4, 0x0, 0x0, 0x0, 0x0, 0x0, 0x0, 0x0,
    0x1f, 0xff, 0xff, 0x40, 0x0, 0x0, 0x0, 0x0,
    0x0, 0x0, 0x1, 0xff, 0xff, 0xf4, 0x0, 0x0,
    0x0, 0x0, 0x0, 0x0, 0x0, 0x1f, 0xff, 0xff,
    0x40, 0x0, 0x0, 0x0, 0x0, 0x0, 0x0, 0x1,
    0xff, 0xff, 0xf4, 0x0, 0x0, 0x0, 0x0, 0x0,
    0x0, 0x0, 0x1f, 0xff, 0xff, 0x40, 0x0, 0x0,
    0x0, 0x0, 0x0, 0x0, 0x1, 0xff, 0xff, 0xf4,
    0x0, 0x0, 0x0, 0x0, 0x0, 0x0, 0x0, 0x1f,
    0xff, 0xff, 0x40, 0x0, 0x0, 0x0, 0x0, 0x0,
    0x0, 0x1, 0xff, 0xff, 0xf4, 0x0, 0x0, 0x0,
    0x0, 0x0, 0x0, 0x0, 0x1f, 0xff, 0xff, 0x40,
    0x0, 0x0, 0x0, 0x0, 0x0, 0x0, 0x1, 0xff,
    0xff, 0xf4, 0x0, 0x0, 0x0, 0x0, 0x0, 0x0,
    0x0, 0x1f, 0xff, 0xff, 0x40, 0x0, 0x0, 0x0,
    0x0, 0x2, 0xff, 0xff, 0xff, 0xff, 0xff, 0xff,
    0xf8, 0x0, 0x0, 0x0, 0x3f, 0xff, 0xff, 0xff,
    0xff, 0xff, 0xff, 0xc0, 0x0, 0x0, 0x2, 0xff,
    0xff, 0xff, 0xff, 0xff, 0xff, 0xf8, 0x0, 0x0,
    0x0, 0xf, 0xff, 0xff, 0xff, 0xff, 0xff, 0xff,
    0x0, 0x0, 0x0, 0x0, 0x3f, 0xff, 0xff, 0xff,
    0xff, 0xff, 0xc0, 0x0, 0x0, 0x0, 0x0, 0xff,
    0xff, 0xff, 0xff, 0xff, 0xf0, 0x0, 0x0, 0x0,
    0x0, 0x3, 0xff, 0xff, 0xff, 0xff, 0xfc, 0x0,
    0x0, 0x0, 0x0, 0x0, 0xf, 0xff, 0xff, 0xff,
    0xff, 0x0, 0x0, 0x0, 0x0, 0x0, 0x0, 0x3f,
    0xff, 0xff, 0xff, 0xc0, 0x0, 0x0, 0x0, 0x0,
    0x0, 0x0, 0xff, 0xff, 0xff, 0xf0, 0x0, 0x0,
    0x0, 0x0, 0x0, 0x0, 0x3, 0xff, 0xff, 0xfc,
    0x0, 0x0, 0x0, 0x0, 0x0, 0x0, 0x0, 0xf,
    0xff, 0xff, 0x0, 0x0, 0x0, 0x0, 0x0, 0x0,
    0x0, 0x0, 0x3f, 0xff, 0xc0, 0x0, 0x0, 0x0,
    0x7, 0xff, 0xff, 0xff, 0x40, 0xff, 0xf0, 0x1f,
    0xff, 0xff, 0xfd, 0xff, 0xff, 0xff, 0xfd, 0x3,
    0xfc, 0x7, 0xff, 0xff, 0xff, 0xff, 0xff, 0xff,
    0xff, 0xf4, 0xa, 0x1, 0xff, 0xff, 0xff, 0xff,
    0xff, 0xff, 0xff, 0xff, 0xd0, 0x0, 0x7f, 0xff,
    0xff, 0xff, 0xff, 0xff, 0xff, 0xff, 0xff, 0x80,
    0x2f, 0xff, 0xff, 0xff, 0xff, 0xff, 0xff, 0xff,
    0xff, 0xff, 0xaf, 0xff, 0xff, 0xff, 0xff, 0xff,
    0xff, 0xff, 0xff, 0xff, 0xff, 0xff, 0xff, 0xff,
    0xff, 0xff, 0xff, 0xff, 0xff, 0xff, 0xff, 0xff,
    0xff, 0xfb, 0xfe, 0xff, 0xff, 0xff, 0xff, 0xff,
    0xff, 0xff, 0xff, 0xfc, 0x1f, 0x3, 0xff, 0xff,
    0xff, 0xff, 0xff, 0xff, 0xff, 0xff, 0x80, 0xf0,
    0x3f, 0xff, 0xff, 0xff, 0xff, 0xff, 0xff, 0xff,
    0xfd, 0x3f, 0x4b, 0xff, 0xff, 0xff, 0xff, 0xff,
    0xff, 0xff, 0xff, 0xff, 0xff, 0xff, 0xf7, 0xff,
    0xff, 0xff, 0xff, 0xff, 0xff, 0xff, 0xff, 0xff,
    0xfd, 0x0, 0x0, 0x0, 0x0, 0x0, 0x0, 0x0,
    0x0, 0x0, 0x0, 0x0,

    /* U+F01C "" */
    0x0, 0x0, 0x0, 0x55, 0x55, 0x55, 0x55, 0x55,
    0x54, 0x0, 0x0, 0x0, 0x0, 0x0, 0xb, 0xff,
    0xff, 0xff, 0xff, 0xff, 0xff, 0x80, 0x0, 0x0,
    0x0, 0x0, 0x2f, 0xff, 0xff, 0xff, 0xff, 0xff,
    0xff, 0xf0, 0x0, 0x0, 0x0, 0x0, 0x7f, 0xff,
    0xff, 0xff, 0xff, 0xff, 0xff, 0xf8, 0x0, 0x0,
    0x0, 0x0, 0xff, 0xff, 0xff, 0xff, 0xff, 0xff,
    0xff, 0xfd, 0x0, 0x0, 0x0, 0x2, 0xff, 0xff,
    0xff, 0xff, 0xff, 0xff, 0xff, 0xff, 0x0, 0x0,
    0x0, 0x7, 0xff, 0xc0, 0x0, 0x0, 0x0, 0x0,
    0xb, 0xff, 0x80, 0x0, 0x0, 0xf, 0xff, 0x40,
    0x0, 0x0, 0x0, 0x0, 0x3, 0xff, 0xd0, 0x0,
    0x0, 0x2f, 0xfe, 0x0, 0x0, 0x0, 0x0, 0x0,
    0x1, 0xff, 0xf0, 0x0, 0x0, 0x7f, 0xfc, 0x0,
    0x0, 0x0, 0x0, 0x0, 0x0, 0xbf, 0xf8, 0x0,
    0x0, 0xff, 0xf0, 0x0, 0x0, 0x0, 0x0, 0x0,
    0x0, 0x3f, 0xfd, 0x0, 0x2, 0xff, 0xe0, 0x0,
    0x0, 0x0, 0x0, 0x0, 0x0, 0x1f, 0xff, 0x0,
    0x7, 0xff, 0xc0, 0x0, 0x0, 0x0, 0x0, 0x0,
    0x0, 0xb, 0xff, 0x80, 0xf, 0xff, 0x0, 0x0,
    0x0, 0x0, 0x0, 0x0, 0x0, 0x3, 0xff, 0xd0,
    0x3f, 0xfd, 0x0, 0x0, 0x0, 0x0, 0x0, 0x0,
    0x0, 0x1, 0xff, 0xf0, 0x7f, 0xfc, 0x0, 0x0,
    0x0, 0x0, 0x0, 0x0, 0x0, 0x0, 0xbf, 0xf8,
    0xff, 0xff, 0xff, 0xff, 0x40, 0x0, 0x0, 0x7,
    0xff, 0xff, 0xff, 0xfc, 0xff, 0xff, 0xff, 0xff,
    0xc0, 0x0, 0x0, 0xf, 0xff, 0xff, 0xff, 0xfc,
    0xff, 0xff, 0xff, 0xff, 0xe0, 0x0, 0x0, 0x1f,
    0xff, 0xff, 0xff, 0xfd, 0xff, 0xff, 0xff, 0xff,
    0xf0, 0x0, 0x0, 0x3f, 0xff, 0xff, 0xff, 0xfd,
    0xff, 0xff, 0xff, 0xff, 0xf8, 0x0, 0x0, 0x7f,
    0xff, 0xff, 0xff, 0xfd, 0xff, 0xff, 0xff, 0xff,
    0xfe, 0xaa, 0xaa, 0xff, 0xff, 0xff, 0xff, 0xfd,
    0xff, 0xff, 0xff, 0xff, 0xff, 0xff, 0xff, 0xff,
    0xff, 0xff, 0xff, 0xfd, 0xff, 0xff, 0xff, 0xff,
    0xff, 0xff, 0xff, 0xff, 0xff, 0xff, 0xff, 0xfd,
    0xff, 0xff, 0xff, 0xff, 0xff, 0xff, 0xff, 0xff,
    0xff, 0xff, 0xff, 0xfd, 0xff, 0xff, 0xff, 0xff,
    0xff, 0xff, 0xff, 0xff, 0xff, 0xff, 0xff, 0xfd,
    0xff, 0xff, 0xff, 0xff, 0xff, 0xff, 0xff, 0xff,
    0xff, 0xff, 0xff, 0xfd, 0xff, 0xff, 0xff, 0xff,
    0xff, 0xff, 0xff, 0xff, 0xff, 0xff, 0xff, 0xfd,
    0xff, 0xff, 0xff, 0xff, 0xff, 0xff, 0xff, 0xff,
    0xff, 0xff, 0xff, 0xfc, 0xbf, 0xff, 0xff, 0xff,
    0xff, 0xff, 0xff, 0xff, 0xff, 0xff, 0xff, 0xfc,
    0x3f, 0xff, 0xff, 0xff, 0xff, 0xff, 0xff, 0xff,
    0xff, 0xff, 0xff, 0xf4, 0xb, 0xff, 0xff, 0xff,
    0xff, 0xff, 0xff, 0xff, 0xff, 0xff, 0xff, 0xd0,

    /* U+F021 "" */
    0x0, 0x0, 0x0, 0x0, 0x0, 0x0, 0x0, 0x0,
    0x0, 0x6f, 0xe0, 0x0, 0x0, 0x0, 0x1b, 0xff,
    0xf9, 0x0, 0x0, 0xf, 0xff, 0x0, 0x0, 0x0,
    0x6f, 0xff, 0xff, 0xff, 0x40, 0x0, 0xff, 0xf0,
    0x0, 0x0, 0x2f, 0xff, 0xff, 0xff, 0xff, 0x40,
    0xb, 0xff, 0x0, 0x0, 0x2f, 0xff, 0xff, 0xff,
    0xff, 0xff, 0x40, 0xbf, 0xf0, 0x0, 0xb, 0xff,
    0xff, 0xff, 0xff, 0xff, 0xfe, 0xb, 0xff, 0x0,
    0x3, 0xff, 0xff, 0xff, 0xff, 0xff, 0xff, 0xfc,
    0xbf, 0xf0, 0x0, 0xff, 0xff, 0xf9, 0x0, 0x6,
    0xff, 0xff, 0xfb, 0xff, 0x0, 0x3f, 0xff, 0xf8,
    0x0, 0x0, 0x2, 0xff, 0xff, 0xff, 0xf0, 0xb,
    0xff, 0xfc, 0x0, 0x0, 0x0, 0x3, 0xff, 0xff,
    0xff, 0x1, 0xff, 0xfe, 0x0, 0x0, 0x0, 0x0,
    0xb, 0xff, 0xff, 0xf0, 0x3f, 0xff, 0x80, 0x0,
    0x0, 0x0, 0x0, 0x1f, 0xff, 0xff, 0x7, 0xff,
    0xe0, 0x0, 0x0, 0x0, 0x0, 0x0, 0xbf, 0xff,
    0xf0, 0xff, 0xfc, 0x0, 0x0, 0x0, 0x1f, 0xff,
    0xff, 0xff, 0xff, 0xf, 0xff, 0x40, 0x0, 0x0,
    0x1, 0xff, 0xff, 0xff, 0xff, 0xf2, 0xff, 0xf0,
    0x0, 0x0, 0x0, 0x1f, 0xff, 0xff, 0xff, 0xff,
    0x3f, 0xfd, 0x0, 0x0, 0x0, 0x1, 0xff, 0xff,
    0xff, 0xff, 0xf3, 0xff, 0xc0, 0x0, 0x0, 0x0,
    0x1f, 0xff, 0xff, 0xff, 0xff, 0x1a, 0xa4, 0x0,
    0x0, 0x0, 0x0, 0xaa, 0xaa, 0xaa, 0xaa, 0x90,
    0x0, 0x0, 0x0, 0x0, 0x0, 0x0, 0x0, 0x0,
    0x0, 0x0, 0x0, 0x0, 0x0, 0x0, 0x0, 0x0,
    0x0, 0x0, 0x0, 0x0, 0x0, 0x0, 0x0, 0x0,
    0x0, 0x0, 0x0, 0x0, 0x0, 0x0, 0x0, 0x0,
    0x0, 0x0, 0x0, 0x0, 0x0, 0x0, 0x0, 0x0,
    0x0, 0x0, 0x0, 0x0, 0x0, 0x0, 0x0, 0x0,
    0x0, 0x0, 0x0, 0x0, 0xff, 0xff, 0xff, 0xff,
    0xf0, 0x0, 0x0, 0x0, 0x3, 0xff, 0xcf, 0xff,
    0xff, 0xff, 0xff, 0x40, 0x0, 0x0, 0x0, 0x7f,
    0xfc, 0xff, 0xff, 0xff, 0xff, 0xf4, 0x0, 0x0,
    0x0, 0xb, 0xff, 0x8f, 0xff, 0xff, 0xff, 0xff,
    0x40, 0x0, 0x0, 0x0, 0xff, 0xf4, 0xff, 0xff,
    0xff, 0xff, 0xf4, 0x0, 0x0, 0x0, 0x2f, 0xff,
    0xf, 0xff, 0xfe, 0x5a, 0xaa, 0x0, 0x0, 0x0,
    0x7, 0xff, 0xe0, 0xff, 0xff, 0xf0, 0x0, 0x0,
    0x0, 0x0, 0x0, 0xff, 0xfc, 0xf, 0xff, 0xff,
    0xc0, 0x0, 0x0, 0x0, 0x0, 0x3f, 0xff, 0x80,
    0xff, 0xff, 0xff, 0x0, 0x0, 0x0, 0x0, 0xf,
    0xff, 0xf0, 0xf, 0xff, 0xff, 0xfe, 0x0, 0x0,
    0x0, 0xb, 0xff, 0xfd, 0x0, 0xff, 0xff, 0xff,
    0xfd, 0x0, 0x0, 0x7, 0xff, 0xff, 0x80, 0xf,
    0xfe, 0xbf, 0xff, 0xfe, 0x50, 0x5b, 0xff, 0xff,
    0xe0, 0x0, 0xff, 0xe2, 0xff, 0xff, 0xff, 0xff,
    0xff, 0xff, 0xf8, 0x0, 0xf, 0xfe, 0x7, 0xff,
    0xff, 0xff, 0xff, 0xff, 0xfd, 0x0, 0x0, 0xff,
    0xe0, 0xb, 0xff, 0xff, 0xff, 0xff, 0xff, 0x0,
    0x0, 0xf, 0xfe, 0x0, 0xb, 0xff, 0xff, 0xff,
    0xff, 0x40, 0x0, 0x0, 0xff, 0xf0, 0x0, 0x7,
    0xff, 0xff, 0xfe, 0x40, 0x0, 0x0, 0xf, 0xff,
    0x0, 0x0, 0x1, 0xaa, 0xa5, 0x0, 0x0, 0x0,
    0x0, 0x15, 0x40, 0x0, 0x0, 0x0, 0x0, 0x0,
    0x0, 0x0, 0x0, 0x0,

    /* U+F026 "" */
    0x0, 0x0, 0x0, 0x0, 0x5, 0x0, 0x0, 0x0,
    0x0, 0xf, 0xf0, 0x0, 0x0, 0x0, 0xf, 0xfc,
    0x0, 0x0, 0x0, 0xf, 0xff, 0x0, 0x0, 0x0,
    0xf, 0xff, 0xc0, 0x0, 0x0, 0xf, 0xff, 0xf0,
    0x0, 0x0, 0xf, 0xff, 0xfc, 0x0, 0x0, 0xf,
    0xff, 0xff, 0x2a, 0xaa, 0xaf, 0xff, 0xff, 0xff,
    0xff, 0xff, 0xff, 0xff, 0xff, 0xff, 0xff, 0xff,
    0xff, 0xff, 0xff, 0xff, 0xff, 0xff, 0xff, 0xff,
    0xff, 0xff, 0xff, 0xff, 0xff, 0xff, 0xff, 0xff,
    0xff, 0xff, 0xff, 0xff, 0xff, 0xff, 0xff, 0xff,
    0xff, 0xff, 0xff, 0xff, 0xff, 0xff, 0xff, 0xff,
    0xff, 0xff, 0xff, 0xff, 0xff, 0xff, 0xff, 0xff,
    0xff, 0xff, 0xff, 0xff, 0xff, 0xff, 0xff, 0xff,
    0xff, 0xff, 0xff, 0xff, 0xff, 0xff, 0xff, 0xff,
    0xff, 0xff, 0xff, 0xff, 0xff, 0xff, 0xff, 0xff,
    0xfd, 0xff, 0xff, 0xff, 0xff, 0xff, 0x0, 0x0,
    0x7, 0xff, 0xff, 0xc0, 0x0, 0x0, 0x3f, 0xff,
    0xf0, 0x0, 0x0, 0x3, 0xff, 0xfc, 0x0, 0x0,
    0x0, 0x3f, 0xff, 0x0, 0x0, 0x0, 0x3, 0xff,
    0xc0, 0x0, 0x0, 0x0, 0x3f, 0xf0, 0x0, 0x0,
    0x0, 0x3, 0xfc, 0x0, 0x0, 0x0, 0x0, 0x3d,
    0x0, 0x0, 0x0, 0x0, 0x0, 0x0,

    /* U+F027 "" */
    0x0, 0x0, 0x0, 0x0, 0x5, 0x0, 0x0, 0x0,
    0x0, 0x0, 0x0, 0x0, 0x3f, 0xc0, 0x0, 0x0,
    0x0, 0x0, 0x0, 0x0, 0xff, 0xc0, 0x0, 0x0,
    0x0, 0x0, 0x0, 0x3, 0xff, 0xc0, 0x0, 0x0,
    0x0, 0x0, 0x0, 0xf, 0xff, 0xc0, 0x0, 0x0,
    0x0, 0x0, 0x0, 0x3f, 0xff, 0xc0, 0x0, 0x0,
    0x0, 0x0, 0x0, 0xff, 0xff, 0xc0, 0x0, 0x0,
    0x0, 0x0, 0x3, 0xff, 0xff, 0xc0, 0x0, 0x0,
    0x2a, 0xaa, 0xaf, 0xff, 0xff, 0xc0, 0x0, 0x0,
    0xff, 0xff, 0xff, 0xff, 0xff, 0xc0, 0x0, 0x0,
    0xff, 0xff, 0xff, 0xff, 0xff, 0xc0, 0x1f, 0x80,
    0xff, 0xff, 0xff, 0xff, 0xff, 0xc0, 0x3f, 0xe0,
    0xff, 0xff, 0xff, 0xff, 0xff, 0xc0, 0x3f, 0xf8,
    0xff, 0xff, 0xff, 0xff, 0xff, 0xc0, 0xf, 0xfc,
    0xff, 0xff, 0xff, 0xff, 0xff, 0xc0, 0x3, 0xfd,
    0xff, 0xff, 0xff, 0xff, 0xff, 0xc0, 0x1, 0xfe,
    0xff, 0xff, 0xff, 0xff, 0xff, 0xc0, 0x1, 0xfe,
    0xff, 0xff, 0xff, 0xff, 0xff, 0xc0, 0x1, 0xfe,
    0xff, 0xff, 0xff, 0xff, 0xff, 0xc0, 0x3, 0xfd,
    0xff, 0xff, 0xff, 0xff, 0xff, 0xc0, 0x1f, 0xfc,
    0xff, 0xff, 0xff, 0xff, 0xff, 0xc0, 0x3f, 0xf4,
    0xff, 0xff, 0xff, 0xff, 0xff, 0xc0, 0x3f, 0xd0,
    0xff, 0xff, 0xff, 0xff, 0xff, 0xc0, 0xf, 0x0,
    0x7f, 0xff, 0xff, 0xff, 0xff, 0xc0, 0x0, 0x0,
    0x0, 0x0, 0x7, 0xff, 0xff, 0xc0, 0x0, 0x0,
    0x0, 0x0, 0x0, 0xff, 0xff, 0xc0, 0x0, 0x0,
    0x0, 0x0, 0x0, 0x3f, 0xff, 0xc0, 0x0, 0x0,
    0x0, 0x0, 0x0, 0xf, 0xff, 0xc0, 0x0, 0x0,
    0x0, 0x0, 0x0, 0x3, 0xff, 0xc0, 0x0, 0x0,
    0x0, 0x0, 0x0, 0x0, 0xff, 0xc0, 0x0, 0x0,
    0x0, 0x0, 0x0, 0x0, 0x3f, 0xc0, 0x0, 0x0,
    0x0, 0x0, 0x0, 0x0, 0xf, 0x40, 0x0, 0x0,
    0x0, 0x0, 0x0, 0x0, 0x0, 0x0, 0x0, 0x0,

    /* U+F028 "" */
    0x0, 0x0, 0x0, 0x0, 0x0, 0x0, 0x0, 0x0,
    0x1, 0x0, 0x0, 0x0, 0x0, 0x0, 0x0, 0x0,
    0x0, 0x0, 0x0, 0x0, 0xf, 0xe0, 0x0, 0x0,
    0x0, 0x0, 0x0, 0x0, 0x0, 0x0, 0x0, 0x0,
    0x1f, 0xfc, 0x0, 0x0, 0x0, 0x0, 0x0, 0x0,
    0x0, 0x0, 0x0, 0x0, 0xf, 0xff, 0x0, 0x0,
    0x0, 0x0, 0x0, 0x0, 0x5, 0x0, 0x0, 0x0,
    0x3, 0xff, 0xc0, 0x0, 0x0, 0x0, 0x0, 0x0,
    0x3f, 0xc0, 0x0, 0x0, 0x0, 0xbf, 0xf0, 0x0,
    0x0, 0x0, 0x0, 0x0, 0xff, 0xc0, 0x0, 0x0,
    0x0, 0x2f, 0xf8, 0x0, 0x0, 0x0, 0x0, 0x3,
    0xff, 0xc0, 0x0, 0xb, 0x40, 0xb, 0xfd, 0x0,
    0x0, 0x0, 0x0, 0xf, 0xff, 0xc0, 0x0, 0x2f,
    0xe0, 0x3, 0xff, 0x0, 0x0, 0x0, 0x0, 0x3f,
    0xff, 0xc0, 0x0, 0x2f, 0xf8, 0x0, 0xff, 0x80,
    0x0, 0x0, 0x0, 0xff, 0xff, 0xc0, 0x0, 0xf,
    0xfe, 0x0, 0x7f, 0xc0, 0x0, 0x0, 0x3, 0xff,
    0xff, 0xc0, 0x0, 0x3, 0xff, 0x40, 0x3f, 0xd0,
    0x2a, 0xaa, 0xaf, 0xff, 0xff, 0xc0, 0x0, 0x0,
    0xff, 0xc0, 0x1f, 0xf0, 0xff, 0xff, 0xff, 0xff,
    0xff, 0xc0, 0x0, 0x0, 0x3f, 0xe0, 0xf, 0xf0,
    0xff, 0xff, 0xff, 0xff, 0xff, 0xc0, 0x2f, 0x80,
    0x1f, 0xf0, 0xb, 0xf4, 0xff, 0xff, 0xff, 0xff,
    0xff, 0xc0, 0x3f, 0xf0, 0xf, 0xf4, 0x7, 0xf8,
    0xff, 0xff, 0xff, 0xff, 0xff, 0xc0, 0x2f, 0xf8,
    0x7, 0xfc, 0x3, 0xfc, 0xff, 0xff, 0xff, 0xff,
    0xff, 0xc0, 0xb, 0xfc, 0x3, 0xfc, 0x3, 0xfc,
    0xff, 0xff, 0xff, 0xff, 0xff, 0xc0, 0x3, 0xfd,
    0x3, 0xfc, 0x3, 0xfc, 0xff, 0xff, 0xff, 0xff,
    0xff, 0xc0, 0x1, 0xfe, 0x3, 0xfc, 0x3, 0xfc,
    0xff, 0xff, 0xff, 0xff, 0xff, 0xc0, 0x1, 0xfe,
    0x2, 0xfc, 0x2, 0xfc, 0xff, 0xff, 0xff, 0xff,
    0xff, 0xc0, 0x1, 0xfe, 0x3, 0xfc, 0x3, 0xfc,
    0xff, 0xff, 0xff, 0xff, 0xff, 0xc0, 0x3, 0xfd,
    0x3, 0xfc, 0x3, 0xfc, 0xff, 0xff, 0xff, 0xff,
    0xff, 0xc0, 0x1f, 0xfc, 0x3, 0xfc, 0x3, 0xfc,
    0xff, 0xff, 0xff, 0xff, 0xff, 0xc0, 0x3f, 0xf0,
    0xb, 0xf8, 0x3, 0xfc, 0xff, 0xff, 0xff, 0xff,
    0xff, 0xc0, 0x3f, 0xd0, 0xf, 0xf4, 0x7, 0xf8,
    0xff, 0xff, 0xff, 0xff, 0xff, 0xc0, 0xa, 0x0,
    0x2f, 0xf0, 0xf, 0xf4, 0x7f, 0xff, 0xff, 0xff,
    0xff, 0xc0, 0x0, 0x0, 0x7f, 0xd0, 0xf, 0xf0,
    0x0, 0x0, 0x7, 0xff, 0xff, 0xc0, 0x0, 0x1,
    0xff, 0xc0, 0x2f, 0xe0, 0x0, 0x0, 0x0, 0xff,
    0xff, 0xc0, 0x0, 0xb, 0xff, 0x0, 0x3f, 0xd0,
    0x0, 0x0, 0x0, 0x3f, 0xff, 0xc0, 0x0, 0x2f,
    0xfd, 0x0, 0xff, 0xc0, 0x0, 0x0, 0x0, 0xf,
    0xff, 0xc0, 0x0, 0x3f, 0xf4, 0x1, 0xff, 0x40,
    0x0, 0x0, 0x0, 0x3, 0xff, 0xc0, 0x0, 0x1f,
    0xc0, 0x3, 0xfe, 0x0, 0x0, 0x0, 0x0, 0x0,
    0xff, 0xc0, 0x0, 0x1, 0x0, 0xf, 0xfc, 0x0,
    0x0, 0x0, 0x0, 0x0, 0x3f, 0xc0, 0x0, 0x0,
    0x0, 0x3f, 0xf4, 0x0, 0x0, 0x0, 0x0, 0x0,
    0xf, 0x40, 0x0, 0x0, 0x1, 0xff, 0xd0, 0x0,
    0x0, 0x0, 0x0, 0x0, 0x0, 0x0, 0x0, 0x0,
    0xb, 0xff, 0x80, 0x0, 0x0, 0x0, 0x0, 0x0,
    0x0, 0x0, 0x0, 0x0, 0xf, 0xfd, 0x0, 0x0,
    0x0, 0x0, 0x0, 0x0, 0x0, 0x0, 0x0, 0x0,
    0xf, 0xf4, 0x0, 0x0, 0x0, 0x0, 0x0, 0x0,
    0x0, 0x0, 0x0, 0x0, 0x7, 0x80, 0x0, 0x0,
    0x0, 0x0, 0x0, 0x0, 0x0, 0x0, 0x0, 0x0,
    0x0, 0x0, 0x0, 0x0,

    /* U+F03E "" */
    0x6, 0xaa, 0xaa, 0xaa, 0xaa, 0xaa, 0xaa, 0xaa,
    0xaa, 0xa9, 0x2, 0xff, 0xff, 0xff, 0xff, 0xff,
    0xff, 0xff, 0xff, 0xff, 0xf8, 0xbf, 0xff, 0xff,
    0xff, 0xff, 0xff, 0xff, 0xff, 0xff, 0xff, 0xdf,
    0xff, 0xff, 0xff, 0xff, 0xff, 0xff, 0xff, 0xff,
    0xff, 0xff, 0xff, 0xff, 0xff, 0xff, 0xff, 0xff,
    0xff, 0xff, 0xff, 0xff, 0xff, 0xff, 0xd0, 0x6f,
    0xff, 0xff, 0xff, 0xff, 0xff, 0xff, 0xff, 0xff,
    0xf0, 0x0, 0xbf, 0xff, 0xff, 0xff, 0xff, 0xff,
    0xff, 0xff, 0xfc, 0x0, 0x3, 0xff, 0xff, 0xff,
    0xff, 0xff, 0xff, 0xff, 0xff, 0xc0, 0x0, 0x1f,
    0xff, 0xff, 0xff, 0xff, 0xff, 0xff, 0xff, 0xf8,
    0x0, 0x0, 0xff, 0xff, 0xff, 0xff, 0xff, 0xff,
    0xff, 0xff, 0x80, 0x0, 0x1f, 0xff, 0xff, 0xff,
    0x1f, 0xff, 0xff, 0xff, 0xfc, 0x0, 0x2, 0xff,
    0xff, 0xff, 0xc0, 0x7f, 0xff, 0xff, 0xff, 0xe0,
    0x0, 0x3f, 0xff, 0xff, 0xf0, 0x1, 0xff, 0xff,
    0xff, 0xff, 0x80, 0x1f, 0xff, 0xff, 0xfc, 0x0,
    0x7, 0xff, 0xff, 0xff, 0xff, 0xef, 0xff, 0xff,
    0xff, 0x0, 0x0, 0x1f, 0xff, 0xff, 0xff, 0xff,
    0xff, 0xff, 0xff, 0xc0, 0x0, 0x0, 0x7f, 0xff,
    0xff, 0xff, 0xfe, 0xff, 0xff, 0xf0, 0x0, 0x0,
    0x1, 0xff, 0xff, 0xff, 0xff, 0x83, 0xff, 0xfc,
    0x0, 0x0, 0x0, 0x7, 0xff, 0xff, 0xff, 0xe0,
    0xf, 0xff, 0x0, 0x0, 0x0, 0x0, 0x7f, 0xff,
    0xff, 0xf8, 0x0, 0x3f, 0xc0, 0x0, 0x0, 0x0,
    0x7, 0xff, 0xff, 0xfe, 0x0, 0x0, 0xf0, 0x0,
    0x0, 0x0, 0x0, 0x7f, 0xff, 0xff, 0x80, 0x0,
    0x0, 0x0, 0x0, 0x0, 0x0, 0x7, 0xff, 0xff,
    0xe0, 0x0, 0x0, 0x0, 0x0, 0x0, 0x0, 0x0,
    0x7f, 0xff, 0xfd, 0x0, 0x0, 0x0, 0x0, 0x0,
    0x0, 0x0, 0x7, 0xff, 0xff, 0xd0, 0x0, 0x0,
    0x0, 0x0, 0x0, 0x0, 0x0, 0x7f, 0xff, 0xfd,
    0x0, 0x0, 0x0, 0x0, 0x0, 0x0, 0x0, 0x7,
    0xff, 0xff, 0xd5, 0x55, 0x55, 0x55, 0x55, 0x55,
    0x55, 0x55, 0x7f, 0xff, 0xff, 0xff, 0xff, 0xff,
    0xff, 0xff, 0xff, 0xff, 0xff, 0xff, 0xff, 0xff,
    0xff, 0xff, 0xff, 0xff, 0xff, 0xff, 0xff, 0xff,
    0xfb, 0xff, 0xff, 0xff, 0xff, 0xff, 0xff, 0xff,
    0xff, 0xff, 0xfe, 0x3f, 0xff, 0xff, 0xff, 0xff,
    0xff, 0xff, 0xff, 0xff, 0xff, 0xc0, 0xbf, 0xff,
    0xff, 0xff, 0xff, 0xff, 0xff, 0xff, 0xff, 0xe0,

    /* U+F043 "" */
    0x0, 0x0, 0x0, 0x2e, 0x0, 0x0, 0x0, 0x0,
    0x0, 0x0, 0x2f, 0xe0, 0x0, 0x0, 0x0, 0x0,
    0x0, 0xf, 0xfc, 0x0, 0x0, 0x0, 0x0, 0x0,
    0xb, 0xff, 0x40, 0x0, 0x0, 0x0, 0x0, 0x3,
    0xff, 0xf0, 0x0, 0x0, 0x0, 0x0, 0x0, 0xff,
    0xfc, 0x0, 0x0, 0x0, 0x0, 0x0, 0xbf, 0xff,
    0x80, 0x0, 0x0, 0x0, 0x0, 0x3f, 0xff, 0xf0,
    0x0, 0x0, 0x0, 0x0, 0x2f, 0xff, 0xfe, 0x0,
    0x0, 0x0, 0x0, 0xf, 0xff, 0xff, 0xc0, 0x0,
    0x0, 0x0, 0xb, 0xff, 0xff, 0xf8, 0x0, 0x0,
    0x0, 0x3, 0xff, 0xff, 0xff, 0x0, 0x0, 0x0,
    0x3, 0xff, 0xff, 0xff, 0xe0, 0x0, 0x0, 0x1,
    0xff, 0xff, 0xff, 0xfd, 0x0, 0x0, 0x0, 0xff,
    0xff, 0xff, 0xff, 0xc0, 0x0, 0x0, 0xff, 0xff,
    0xff, 0xff, 0xfc, 0x0, 0x0, 0xbf, 0xff, 0xff,
    0xff, 0xff, 0x80, 0x0, 0x7f, 0xff, 0xff, 0xff,
    0xff, 0xf0, 0x0, 0x3f, 0xff, 0xff, 0xff, 0xff,
    0xff, 0x0, 0x2f, 0xff, 0xff, 0xff, 0xff, 0xff,
    0xd0, 0xf, 0xff, 0xff, 0xff, 0xff, 0xff, 0xfc,
    0xb, 0xff, 0xff, 0xff, 0xff, 0xff, 0xff, 0x83,
    0xff, 0xff, 0xff, 0xff, 0xff, 0xff, 0xf1, 0xff,
    0xff, 0xff, 0xff, 0xff, 0xff, 0xfd, 0xbf, 0xff,
    0xff, 0xff, 0xff, 0xff, 0xff, 0xbf, 0xff, 0xff,
    0xff, 0xff, 0xff, 0xff, 0xef, 0xff, 0x7f, 0xff,
    0xff, 0xff, 0xff, 0xff, 0xff, 0x43, 0xff, 0xff,
    0xff, 0xff, 0xff, 0xff, 0xd0, 0xff, 0xff, 0xff,
    0xff, 0xff, 0xff, 0xf4, 0x3f, 0xff, 0xff, 0xff,
    0xff, 0xfb, 0xfe, 0x7, 0xff, 0xff, 0xff, 0xff,
    0xfa, 0xff, 0xc0, 0xff, 0xff, 0xff, 0xff, 0xfd,
    0x3f, 0xf8, 0xf, 0xff, 0xff, 0xff, 0xff, 0xf,
    0xff, 0x40, 0xbf, 0xff, 0xff, 0xff, 0x81, 0xff,
    0xf4, 0x0, 0x7f, 0xff, 0xff, 0xc0, 0x3f, 0xff,
    0x40, 0x7, 0xff, 0xff, 0xe0, 0x3, 0xff, 0xfe,
    0x2, 0xff, 0xff, 0xf0, 0x0, 0x7f, 0xff, 0xff,
    0xff, 0xff, 0xf0, 0x0, 0x7, 0xff, 0xff, 0xff,
    0xff, 0xf0, 0x0, 0x0, 0x3f, 0xff, 0xff, 0xff,
    0xf0, 0x0, 0x0, 0x1, 0xff, 0xff, 0xff, 0xd0,
    0x0, 0x0, 0x0, 0x6, 0xff, 0xfe, 0x40, 0x0,
    0x0, 0x0, 0x0, 0x0, 0x0, 0x0, 0x0, 0x0,

    /* U+F048 "" */
    0x0, 0x0, 0x0, 0x0, 0x0, 0x0, 0x2, 0xff,
    0xc0, 0x0, 0x0, 0x0, 0x2f, 0x4f, 0xff, 0x0,
    0x0, 0x0, 0x3, 0xff, 0x3f, 0xfc, 0x0, 0x0,
    0x0, 0x3f, 0xfd, 0xff, 0xf0, 0x0, 0x0, 0x3,
    0xff, 0xf7, 0xff, 0xc0, 0x0, 0x0, 0x3f, 0xff,
    0xdf, 0xff, 0x0, 0x0, 0x7, 0xff, 0xff, 0x7f,
    0xfc, 0x0, 0x0, 0x7f, 0xff, 0xfd, 0xff, 0xf0,
    0x0, 0x7, 0xff, 0xff, 0xf7, 0xff, 0xc0, 0x0,
    0x7f, 0xff, 0xff, 0xdf, 0xff, 0x0, 0xb, 0xff,
    0xff, 0xff, 0x7f, 0xfc, 0x0, 0xbf, 0xff, 0xff,
    0xfd, 0xff, 0xf0, 0xb, 0xff, 0xff, 0xff, 0xf7,
    0xff, 0xc0, 0xff, 0xff, 0xff, 0xff, 0xdf, 0xff,
    0xf, 0xff, 0xff, 0xff, 0xff, 0x7f, 0xfc, 0xff,
    0xff, 0xff, 0xff, 0xfd, 0xff, 0xff, 0xff, 0xff,
    0xff, 0xff, 0xf7, 0xff, 0xff, 0xff, 0xff, 0xff,
    0xff, 0xdf, 0xff, 0xff, 0xff, 0xff, 0xff, 0xff,
    0x7f, 0xff, 0xff, 0xff, 0xff, 0xff, 0xfd, 0xff,
    0xff, 0xff, 0xff, 0xff, 0xff, 0xf7, 0xff, 0xff,
    0xff, 0xff, 0xff, 0xff, 0xdf, 0xff, 0xff, 0xff,
    0xff, 0xff, 0xff, 0x7f, 0xfc, 0xbf, 0xff, 0xff,
    0xff, 0xfd, 0xff, 0xf0, 0xbf, 0xff, 0xff, 0xff,
    0xf7, 0xff, 0xc0, 0xbf, 0xff, 0xff, 0xff, 0xdf,
    0xff, 0x0, 0x7f, 0xff, 0xff, 0xff, 0x7f, 0xfc,
    0x0, 0x7f, 0xff, 0xff, 0xfd, 0xff, 0xf0, 0x0,
    0x7f, 0xff, 0xff, 0xf7, 0xff, 0xc0, 0x0, 0x3f,
    0xff, 0xff, 0xdf, 0xff, 0x0, 0x0, 0x3f, 0xff,
    0xff, 0x7f, 0xfc, 0x0, 0x0, 0x3f, 0xff, 0xfd,
    0xff, 0xf0, 0x0, 0x0, 0x3f, 0xff, 0xf7, 0xff,
    0xc0, 0x0, 0x0, 0x2f, 0xff, 0xdf, 0xff, 0x0,
    0x0, 0x0, 0x2f, 0xff, 0x7f, 0xfc, 0x0, 0x0,
    0x0, 0x2f, 0xfd, 0xff, 0xf0, 0x0, 0x0, 0x0,
    0x2f, 0xf1, 0xaa, 0x80, 0x0, 0x0, 0x0, 0x1a,
    0x0, 0x0, 0x0, 0x0, 0x0, 0x0, 0x0, 0x0,

    /* U+F04B "" */
    0x0, 0x0, 0x0, 0x0, 0x0, 0x0, 0x0, 0x0,
    0x0, 0x1, 0xa4, 0x0, 0x0, 0x0, 0x0, 0x0,
    0x0, 0x0, 0x3, 0xff, 0xc0, 0x0, 0x0, 0x0,
    0x0, 0x0, 0x0, 0x2, 0xff, 0xfe, 0x0, 0x0,
    0x0, 0x0, 0x0, 0x0, 0x0, 0xff, 0xff, 0xf4,
    0x0, 0x0, 0x0, 0x0, 0x0, 0x0, 0x3f, 0xff,
    0xff, 0xd0, 0x0, 0x0, 0x0, 0x0, 0x0, 0xf,
    0xff, 0xff, 0xfe, 0x0, 0x0, 0x0, 0x0, 0x0,
    0x3, 0xff, 0xff, 0xff, 0xf8, 0x0, 0x0, 0x0,
    0x0, 0x0, 0xff, 0xff, 0xff, 0xff, 0xd0, 0x0,
    0x0, 0x0, 0x0, 0x3f, 0xff, 0xff, 0xff, 0xfe,
    0x0, 0x0, 0x0, 0x0, 0xf, 0xff, 0xff, 0xff,
    0xff, 0xf8, 0x0, 0x0, 0x0, 0x3, 0xff, 0xff,
    0xff, 0xff, 0xff, 0xd0, 0x0, 0x0, 0x0, 0xff,
    0xff, 0xff, 0xff, 0xff, 0xff, 0x0, 0x0, 0x0,
    0x3f, 0xff, 0xff, 0xff, 0xff, 0xff, 0xf8, 0x0,
    0x0, 0xf, 0xff, 0xff, 0xff, 0xff, 0xff, 0xff,
    0xd0, 0x0, 0x3, 0xff, 0xff, 0xff, 0xff, 0xff,
    0xff, 0xff, 0x0, 0x0, 0xff, 0xff, 0xff, 0xff,
    0xff, 0xff, 0xff, 0xf8, 0x0, 0x3f, 0xff, 0xff,
    0xff, 0xff, 0xff, 0xff, 0xff, 0xd0, 0xf, 0xff,
    0xff, 0xff, 0xff, 0xff, 0xff, 0xff, 0xff, 0x43,
    0xff, 0xff, 0xff, 0xff, 0xff, 0xff, 0xff, 0xff,
    0xf8, 0xff, 0xff, 0xff, 0xff, 0xff, 0xff, 0xff,
    0xff, 0xff, 0x7f, 0xff, 0xff, 0xff, 0xff, 0xff,
    0xff, 0xff, 0xff, 0xef, 0xff, 0xff, 0xff, 0xff,
    0xff, 0xff, 0xff, 0xff, 0xfb, 0xff, 0xff, 0xff,
    0xff, 0xff, 0xff, 0xff, 0xff, 0xfe, 0xff, 0xff,
    0xff, 0xff, 0xff, 0xff, 0xff, 0xff, 0xff, 0x3f,
    0xff, 0xff, 0xff, 0xff, 0xff, 0xff, 0xff, 0xff,
    0xf, 0xff, 0xff, 0xff, 0xff, 0xff, 0xff, 0xff,
    0xfd, 0x3, 0xff, 0xff, 0xff, 0xff, 0xff, 0xff,
    0xff, 0xf8, 0x0, 0xff, 0xff, 0xff, 0xff, 0xff,
    0xff, 0xff, 0xe0, 0x0, 0x3f, 0xff, 0xff, 0xff,
    0xff, 0xff, 0xff, 0xd0, 0x0, 0xf, 0xff, 0xff,
    0xff, 0xff, 0xff, 0xff, 0x80, 0x0, 0x3, 0xff,
    0xff, 0xff, 0xff, 0xff, 0xfe, 0x0, 0x0, 0x0,
    0xff, 0xff, 0xff, 0xff, 0xff, 0xfd, 0x0, 0x0,
    0x0, 0x3f, 0xff, 0xff, 0xff, 0xff, 0xf4, 0x0,
    0x0, 0x0, 0xf, 0xff, 0xff, 0xff, 0xff, 0xe0,
    0x0, 0x0, 0x0, 0x3, 0xff, 0xff, 0xff, 0xff,
    0xc0, 0x0, 0x0, 0x0, 0x0, 0xff, 0xff, 0xff,
    0xff, 0x40, 0x0, 0x0, 0x0, 0x0, 0x3f, 0xff,
    0xff, 0xfe, 0x0, 0x0, 0x0, 0x0, 0x0, 0xf,
    0xff, 0xff, 0xfc, 0x0, 0x0, 0x0, 0x0, 0x0,
    0x3, 0xff, 0xff, 0xf4, 0x0, 0x0, 0x0, 0x0,
    0x0, 0x0, 0xff, 0xff, 0xe0, 0x0, 0x0, 0x0,
    0x0, 0x0, 0x0, 0x1f, 0xff, 0x80, 0x0, 0x0,
    0x0, 0x0, 0x0, 0x0, 0x1, 0xff, 0x40, 0x0,
    0x0, 0x0, 0x0, 0x0, 0x0, 0x0, 0x0, 0x0,
    0x0, 0x0, 0x0, 0x0, 0x0, 0x0, 0x0,

    /* U+F04C "" */
    0x0, 0x0, 0x0, 0x0, 0x0, 0x0, 0x0, 0x0,
    0x0, 0x3, 0xff, 0xff, 0xf8, 0x0, 0x0, 0xff,
    0xff, 0xfe, 0x3, 0xff, 0xff, 0xff, 0xc0, 0x0,
    0xff, 0xff, 0xff, 0xf2, 0xff, 0xff, 0xff, 0xf4,
    0x0, 0xbf, 0xff, 0xff, 0xfd, 0xff, 0xff, 0xff,
    0xfe, 0x0, 0x3f, 0xff, 0xff, 0xff, 0xbf, 0xff,
    0xff, 0xff, 0xc0, 0xf, 0xff, 0xff, 0xff, 0xff,
    0xff, 0xff, 0xff, 0xf0, 0x3, 0xff, 0xff, 0xff,
    0xff, 0xff, 0xff, 0xff, 0xfc, 0x0, 0xff, 0xff,
    0xff, 0xff, 0xff, 0xff, 0xff, 0xff, 0x0, 0x3f,
    0xff, 0xff, 0xff, 0xff, 0xff, 0xff, 0xff, 0xc0,
    0xf, 0xff, 0xff, 0xff, 0xff, 0xff, 0xff, 0xff,
    0xf0, 0x3, 0xff, 0xff, 0xff, 0xff, 0xff, 0xff,
    0xff, 0xfc, 0x0, 0xff, 0xff, 0xff, 0xff, 0xff,
    0xff, 0xff, 0xff, 0x0, 0x3f, 0xff, 0xff, 0xff,
    0xff, 0xff, 0xff, 0xff, 0xc0, 0xf, 0xff, 0xff,
    0xff, 0xff, 0xff, 0xff, 0xff, 0xf0, 0x3, 0xff,
    0xff, 0xff, 0xff, 0xff, 0xff, 0xff, 0xfc, 0x0,
    0xff, 0xff, 0xff, 0xff, 0xff, 0xff, 0xff, 0xff,
    0x0, 0x3f, 0xff, 0xff, 0xff, 0xff, 0xff, 0xff,
    0xff, 0xc0, 0xf, 0xff, 0xff, 0xff, 0xff, 0xff,
    0xff, 0xff, 0xf0, 0x3, 0xff, 0xff, 0xff, 0xff,
    0xff, 0xff, 0xff, 0xfc, 0x0, 0xff, 0xff, 0xff,
    0xff, 0xff, 0xff, 0xff, 0xff, 0x0, 0x3f, 0xff,
    0xff, 0xff, 0xff, 0xff, 0xff, 0xff, 0xc0, 0xf,
    0xff, 0xff, 0xff, 0xff, 0xff, 0xff, 0xff, 0xf0,
    0x3, 0xff, 0xff, 0xff, 0xff, 0xff, 0xff, 0xff,
    0xfc, 0x0, 0xff, 0xff, 0xff, 0xff, 0xff, 0xff,
    0xff, 0xff, 0x0, 0x3f, 0xff, 0xff, 0xff, 0xff,
    0xff, 0xff, 0xff, 0xc0, 0xf, 0xff, 0xff, 0xff,
    0xff, 0xff, 0xff, 0xff, 0xf0, 0x3, 0xff, 0xff,
    0xff, 0xff, 0xff, 0xff, 0xff, 0xfc, 0x0, 0xff,
    0xff, 0xff, 0xff, 0xff, 0xff, 0xff, 0xff, 0x0,
    0x3f, 0xff, 0xff, 0xff, 0xff, 0xff, 0xff, 0xff,
    0xc0, 0xf, 0xff, 0xff, 0xff, 0xff, 0xff, 0xff,
    0xff, 0xf0, 0x3, 0xff, 0xff, 0xff, 0xff, 0xff,
    0xff, 0xff, 0xfc, 0x0, 0xff, 0xff, 0xff, 0xff,
    0xff, 0xff, 0xff, 0xff, 0x0, 0x3f, 0xff, 0xff,
    0xff, 0xff, 0xff, 0xff, 0xff, 0x80, 0xf, 0xff,
    0xff, 0xff, 0xef, 0xff, 0xff, 0xff, 0xe0, 0x3,
    0xff, 0xff, 0xff, 0xfa, 0xff, 0xff, 0xff, 0xf4,
    0x0, 0xbf, 0xff, 0xff, 0xfd, 0x3f, 0xff, 0xff,
    0xf8, 0x0, 0xf, 0xff, 0xff, 0xfe, 0x1, 0xaa,
    0xaa, 0xa4, 0x0, 0x0, 0x6a, 0xaa, 0xa9, 0x0,

    /* U+F04D "" */
    0x0, 0x0, 0x0, 0x0, 0x0, 0x0, 0x0, 0x0,
    0x0, 0x3, 0xff, 0xff, 0xff, 0xff, 0xff, 0xff,
    0xff, 0xfe, 0x3, 0xff, 0xff, 0xff, 0xff, 0xff,
    0xff, 0xff, 0xff, 0xf2, 0xff, 0xff, 0xff, 0xff,
    0xff, 0xff, 0xff, 0xff, 0xfd, 0xff, 0xff, 0xff,
    0xff, 0xff, 0xff, 0xff, 0xff, 0xff, 0xbf, 0xff,
    0xff, 0xff, 0xff, 0xff, 0xff, 0xff, 0xff, 0xff,
    0xff, 0xff, 0xff, 0xff, 0xff, 0xff, 0xff, 0xff,
    0xff, 0xff, 0xff, 0xff, 0xff, 0xff, 0xff, 0xff,
    0xff, 0xff, 0xff, 0xff, 0xff, 0xff, 0xff, 0xff,
    0xff, 0xff, 0xff, 0xff, 0xff, 0xff, 0xff, 0xff,
    0xff, 0xff, 0xff, 0xff, 0xff, 0xff, 0xff, 0xff,
    0xff, 0xff, 0xff, 0xff, 0xff, 0xff, 0xff, 0xff,
    0xff, 0xff, 0xff, 0xff, 0xff, 0xff, 0xff, 0xff,
    0xff, 0xff, 0xff, 0xff, 0xff, 0xff, 0xff, 0xff,
    0xff, 0xff, 0xff, 0xff, 0xff, 0xff, 0xff, 0xff,
    0xff, 0xff, 0xff, 0xff, 0xff, 0xff, 0xff, 0xff,
    0xff, 0xff, 0xff, 0xff, 0xff, 0xff, 0xff, 0xff,
    0xff, 0xff, 0xff, 0xff, 0xff, 0xff, 0xff, 0xff,
    0xff, 0xff, 0xff, 0xff, 0xff, 0xff, 0xff, 0xff,
    0xff, 0xff, 0xff, 0xff, 0xff, 0xff, 0xff, 0xff,
    0xff, 0xff, 0xff, 0xff, 0xff, 0xff, 0xff, 0xff,
    0xff, 0xff, 0xff, 0xff, 0xff, 0xff, 0xff, 0xff,
    0xff, 0xff, 0xff, 0xff, 0xff, 0xff, 0xff, 0xff,
    0xff, 0xff, 0xff, 0xff, 0xff, 0xff, 0xff, 0xff,
    0xff, 0xff, 0xff, 0xff, 0xff, 0xff, 0xff, 0xff,
    0xff, 0xff, 0xff, 0xff, 0xff, 0xff, 0xff, 0xff,
    0xff, 0xff, 0xff, 0xff, 0xff, 0xff, 0xff, 0xff,
    0xff, 0xff, 0xff, 0xff, 0xff, 0xff, 0xff, 0xff,
    0xff, 0xff, 0xff, 0xff, 0xff, 0xff, 0xff, 0xff,
    0xff, 0xff, 0xff, 0xff, 0xff, 0xff, 0xff, 0xff,
    0xff, 0xff, 0xff, 0xff, 0xff, 0xff, 0xff, 0xff,
    0xff, 0xff, 0xff, 0xff, 0xff, 0xff, 0xff, 0xff,
    0xff, 0xff, 0xff, 0xff, 0xff, 0xff, 0xff, 0xff,
    0xff, 0xff, 0xff, 0xff, 0xff, 0xff, 0xff, 0xff,
    0xff, 0xff, 0xff, 0xff, 0xff, 0xff, 0xff, 0xff,
    0xff, 0xff, 0xff, 0xff, 0xff, 0xff, 0xff, 0xff,
    0xff, 0xff, 0xff, 0xff, 0xff, 0xff, 0xff, 0xff,
    0xff, 0xff, 0xff, 0xff, 0xff, 0xff, 0xff, 0xff,
    0xff, 0xff, 0xef, 0xff, 0xff, 0xff, 0xff, 0xff,
    0xff, 0xff, 0xff, 0xfa, 0xff, 0xff, 0xff, 0xff,
    0xff, 0xff, 0xff, 0xff, 0xfd, 0x3f, 0xff, 0xff,
    0xff, 0xff, 0xff, 0xff, 0xff, 0xfe, 0x1, 0xaa,
    0xaa, 0xaa, 0xaa, 0xaa, 0xaa, 0xaa, 0xa9, 0x0,

    /* U+F051 "" */
    0x0, 0x0, 0x0, 0x0, 0x0, 0x0, 0x0, 0x7e,
    0x0, 0x0, 0x0, 0x0, 0xff, 0xe7, 0xfe, 0x0,
    0x0, 0x0, 0x3, 0xff, 0xaf, 0xff, 0x0, 0x0,
    0x0, 0xf, 0xfe, 0xbf, 0xff, 0x0, 0x0, 0x0,
    0x3f, 0xfa, 0xff, 0xff, 0x0, 0x0, 0x0, 0xff,
    0xeb, 0xff, 0xff, 0x0, 0x0, 0x3, 0xff, 0xaf,
    0xff, 0xff, 0x40, 0x0, 0xf, 0xfe, 0xbf, 0xff,
    0xff, 0x40, 0x0, 0x3f, 0xfa, 0xff, 0xff, 0xff,
    0x40, 0x0, 0xff, 0xeb, 0xff, 0xff, 0xff, 0x40,
    0x3, 0xff, 0xaf, 0xff, 0xff, 0xff, 0x80, 0xf,
    0xfe, 0xbf, 0xff, 0xff, 0xff, 0x80, 0x3f, 0xfa,
    0xff, 0xff, 0xff, 0xff, 0x80, 0xff, 0xeb, 0xff,
    0xff, 0xff, 0xff, 0xc3, 0xff, 0xaf, 0xff, 0xff,
    0xff, 0xff, 0xdf, 0xfe, 0xbf, 0xff, 0xff, 0xff,
    0xff, 0xff, 0xfa, 0xff, 0xff, 0xff, 0xff, 0xff,
    0xff, 0xeb, 0xff, 0xff, 0xff, 0xff, 0xff, 0xff,
    0xaf, 0xff, 0xff, 0xff, 0xff, 0xff, 0xfe, 0xbf,
    0xff, 0xff, 0xff, 0xff, 0xff, 0xfa, 0xff, 0xff,
    0xff, 0xff, 0xff, 0xff, 0xeb, 0xff, 0xff, 0xff,
    0xff, 0xfb, 0xff, 0xaf, 0xff, 0xff, 0xff, 0xff,
    0x4f, 0xfe, 0xbf, 0xff, 0xff, 0xff, 0xf4, 0x3f,
    0xfa, 0xff, 0xff, 0xff, 0xff, 0x40, 0xff, 0xeb,
    0xff, 0xff, 0xff, 0xf4, 0x3, 0xff, 0xaf, 0xff,
    0xff, 0xff, 0x0, 0xf, 0xfe, 0xbf, 0xff, 0xff,
    0xf0, 0x0, 0x3f, 0xfa, 0xff, 0xff, 0xff, 0x0,
    0x0, 0xff, 0xeb, 0xff, 0xff, 0xf0, 0x0, 0x3,
    0xff, 0xaf, 0xff, 0xff, 0x0, 0x0, 0xf, 0xfe,
    0xbf, 0xff, 0xe0, 0x0, 0x0, 0x3f, 0xfa, 0xff,
    0xfe, 0x0, 0x0, 0x0, 0xff, 0xeb, 0xff, 0xe0,
    0x0, 0x0, 0x3, 0xff, 0x9f, 0xfd, 0x0, 0x0,
    0x0, 0xf, 0xfe, 0x3f, 0xd0, 0x0, 0x0, 0x0,
    0x3f, 0xf8, 0x29, 0x0, 0x0, 0x0, 0x0, 0xaa,
    0x90, 0x0, 0x0, 0x0, 0x0, 0x0, 0x0, 0x0,

    /* U+F052 "" */
    0x0, 0x0, 0x0, 0x0, 0x0, 0x0, 0x0, 0x0,
    0x0, 0x0, 0x0, 0x0, 0x0, 0x0, 0xbf, 0x40,
    0x0, 0x0, 0x0, 0x0, 0x0, 0x0, 0x0, 0xb,
    0xff, 0x40, 0x0, 0x0, 0x0, 0x0, 0x0, 0x0,
    0x0, 0xbf, 0xff, 0x40, 0x0, 0x0, 0x0, 0x0,
    0x0, 0x0, 0xb, 0xff, 0xff, 0x40, 0x0, 0x0,
    0x0, 0x0, 0x0, 0x0, 0x7f, 0xff, 0xff, 0x0,
    0x0, 0x0, 0x0, 0x0, 0x0, 0x7, 0xff, 0xff,
    0xff, 0x0, 0x0, 0x0, 0x0, 0x0, 0x0, 0x7f,
    0xff, 0xff, 0xff, 0x0, 0x0, 0x0, 0x0, 0x0,
    0x3, 0xff, 0xff, 0xff, 0xff, 0x0, 0x0, 0x0,
    0x0, 0x0, 0x3f, 0xff, 0xff, 0xff, 0xff, 0x0,
    0x0, 0x0, 0x0, 0x3, 0xff, 0xff, 0xff, 0xff,
    0xff, 0x0, 0x0, 0x0, 0x0, 0x3f, 0xff, 0xff,
    0xff, 0xff, 0xfe, 0x0, 0x0, 0x0, 0x3, 0xff,
    0xff, 0xff, 0xff, 0xff, 0xfe, 0x0, 0x0, 0x0,
    0x3f, 0xff, 0xff, 0xff, 0xff, 0xff, 0xfe, 0x0,
    0x0, 0x2, 0xff, 0xff, 0xff, 0xff, 0xff, 0xff,
    0xfd, 0x0, 0x0, 0x2f, 0xff, 0xff, 0xff, 0xff,
    0xff, 0xff, 0xfd, 0x0, 0x2, 0xff, 0xff, 0xff,
    0xff, 0xff, 0xff, 0xff, 0xfd, 0x0, 0x1f, 0xff,
    0xff, 0xff, 0xff, 0xff, 0xff, 0xff, 0xfc, 0x1,
    0xff, 0xff, 0xff, 0xff, 0xff, 0xff, 0xff, 0xff,
    0xfc, 0xf, 0xff, 0xff, 0xff, 0xff, 0xff, 0xff,
    0xff, 0xff, 0xf8, 0x3f, 0xff, 0xff, 0xff, 0xff,
    0xff, 0xff, 0xff, 0xff, 0xe0, 0xff, 0xff, 0xff,
    0xff, 0xff, 0xff, 0xff, 0xff, 0xff, 0x81, 0xff,
    0xff, 0xff, 0xff, 0xff, 0xff, 0xff, 0xff, 0xfc,
    0x2, 0xff, 0xff, 0xff, 0xff, 0xff, 0xff, 0xff,
    0xff, 0xe0, 0x1, 0xaa, 0xaa, 0xaa, 0xaa, 0xaa,
    0xaa, 0xaa, 0xa4, 0x0, 0x0, 0x0, 0x0, 0x0,
    0x0, 0x0, 0x0, 0x0, 0x0, 0x0, 0x0, 0x0,
    0x0, 0x0, 0x0, 0x0, 0x0, 0x0, 0x0, 0x2,
    0xff, 0xff, 0xff, 0xff, 0xff, 0xff, 0xff, 0xff,
    0xd0, 0x2f, 0xff, 0xff, 0xff, 0xff, 0xff, 0xff,
    0xff, 0xff, 0xd0, 0xff, 0xff, 0xff, 0xff, 0xff,
    0xff, 0xff, 0xff, 0xff, 0x83, 0xff, 0xff, 0xff,
    0xff, 0xff, 0xff, 0xff, 0xff, 0xff, 0xf, 0xff,
    0xff, 0xff, 0xff, 0xff, 0xff, 0xff, 0xff, 0xfc,
    0x3f, 0xff, 0xff, 0xff, 0xff, 0xff, 0xff, 0xff,
    0xff, 0xf0, 0xff, 0xff, 0xff, 0xff, 0xff, 0xff,
    0xff, 0xff, 0xff, 0xc3, 0xff, 0xff, 0xff, 0xff,
    0xff, 0xff, 0xff, 0xff, 0xfe, 0xf, 0xff, 0xff,
    0xff, 0xff, 0xff, 0xff, 0xff, 0xff, 0xf8, 0x1f,
    0xff, 0xff, 0xff, 0xff, 0xff, 0xff, 0xff, 0xff,
    0xc0, 0xa, 0xaa, 0xaa, 0xaa, 0xaa, 0xaa, 0xaa,
    0xaa, 0xa4, 0x0,

    /* U+F053 "" */
    0x0, 0x0, 0x0, 0x0, 0x18, 0x0, 0x0, 0x0,
    0x0, 0x2, 0xfc, 0x0, 0x0, 0x0, 0x0, 0x2f,
    0xfc, 0x0, 0x0, 0x0, 0x2, 0xff, 0xfc, 0x0,
    0x0, 0x0, 0x2f, 0xff, 0xf0, 0x0, 0x0, 0x2,
    0xff, 0xff, 0x40, 0x0, 0x0, 0x2f, 0xff, 0xf4,
    0x0, 0x0, 0x2, 0xff, 0xff, 0x40, 0x0, 0x0,
    0x2f, 0xff, 0xf4, 0x0, 0x0, 0x2, 0xff, 0xff,
    0x40, 0x0, 0x0, 0x2f, 0xff, 0xf4, 0x0, 0x0,
    0x2, 0xff, 0xff, 0x40, 0x0, 0x0, 0x2f, 0xff,
    0xf4, 0x0, 0x0, 0x2, 0xff, 0xff, 0x40, 0x0,
    0x0, 0x2f, 0xff, 0xf4, 0x0, 0x0, 0x2, 0xff,
    0xff, 0x40, 0x0, 0x0, 0x2f, 0xff, 0xf4, 0x0,
    0x0, 0x2, 0xff, 0xff, 0x40, 0x0, 0x0, 0xb,
    0xff, 0xfc, 0x0, 0x0, 0x0, 0xf, 0xff, 0xfc,
    0x0, 0x0, 0x0, 0x1f, 0xff, 0xfc, 0x0, 0x0,
    0x0, 0x1f, 0xff, 0xfc, 0x0, 0x0, 0x0, 0x1f,
    0xff, 0xfc, 0x0, 0x0, 0x0, 0x1f, 0xff, 0xfc,
    0x0, 0x0, 0x0, 0x1f, 0xff, 0xfc, 0x0, 0x0,
    0x0, 0x1f, 0xff, 0xfc, 0x0, 0x0, 0x0, 0x1f,
    0xff, 0xfc, 0x0, 0x0, 0x0, 0x1f, 0xff, 0xfc,
    0x0, 0x0, 0x0, 0x1f, 0xff, 0xfc, 0x0, 0x0,
    0x0, 0x1f, 0xff, 0xfc, 0x0, 0x0, 0x0, 0x1f,
    0xff, 0xfc, 0x0, 0x0, 0x0, 0x1f, 0xff, 0xfc,
    0x0, 0x0, 0x0, 0x1f, 0xff, 0xf0, 0x0, 0x0,
    0x0, 0x1f, 0xff, 0x80, 0x0, 0x0, 0x0, 0x1f,
    0xf8, 0x0, 0x0, 0x0, 0x0, 0x1f, 0x80, 0x0,
    0x0, 0x0, 0x0, 0x0, 0x0,

    /* U+F054 "" */
    0x2, 0x80, 0x0, 0x0, 0x0, 0x0, 0x3f, 0xc0,
    0x0, 0x0, 0x0, 0x3, 0xff, 0xc0, 0x0, 0x0,
    0x0, 0x2f, 0xff, 0xc0, 0x0, 0x0, 0x0, 0xbf,
    0xff, 0xc0, 0x0, 0x0, 0x0, 0xff, 0xff, 0xc0,
    0x0, 0x0, 0x1, 0xff, 0xff, 0xc0, 0x0, 0x0,
    0x1, 0xff, 0xff, 0xc0, 0x0, 0x0, 0x1, 0xff,
    0xff, 0xc0, 0x0, 0x0, 0x1, 0xff, 0xff, 0xc0,
    0x0, 0x0, 0x1, 0xff, 0xff, 0xc0, 0x0, 0x0,
    0x1, 0xff, 0xff, 0xc0, 0x0, 0x0, 0x1, 0xff,
    0xff, 0xc0, 0x0, 0x0, 0x1, 0xff, 0xff, 0xc0,
    0x0, 0x0, 0x1, 0xff, 0xff, 0xc0, 0x0, 0x0,
    0x1, 0xff, 0xff, 0xc0, 0x0, 0x0, 0x1, 0xff,
    0xff, 0xc0, 0x0, 0x0, 0x1, 0xff, 0xff, 0xc0,
    0x0, 0x0, 0x3, 0xff, 0xff, 0x0, 0x0, 0x0,
    0x2f, 0xff, 0xf4, 0x0, 0x0, 0x2, 0xff, 0xff,
    0x80, 0x0, 0x0, 0x2f, 0xff, 0xf8, 0x0, 0x0,
    0x2, 0xff, 0xff, 0x80, 0x0, 0x0, 0x2f, 0xff,
    0xf8, 0x0, 0x0, 0x2, 0xff, 0xff, 0x80, 0x0,
    0x0, 0x2f, 0xff, 0xf8, 0x0, 0x0, 0x2, 0xff,
    0xff, 0x80, 0x0, 0x0, 0x2f, 0xff, 0xf8, 0x0,
    0x0, 0x2, 0xff, 0xff, 0x80, 0x0, 0x0, 0x2f,
    0xff, 0xf8, 0x0, 0x0, 0x2, 0xff, 0xff, 0x80,
    0x0, 0x0, 0x2f, 0xff, 0xf8, 0x0, 0x0, 0x0,
    0xbf, 0xff, 0x80, 0x0, 0x0, 0x1, 0xff, 0xf8,
    0x0, 0x0, 0x0, 0x1, 0xff, 0x80, 0x0, 0x0,
    0x0, 0x1, 0xf4, 0x0, 0x0, 0x0, 0x0, 0x0,
    0x0, 0x0, 0x0, 0x0, 0x0,

    /* U+F067 "" */
    0x0, 0x0, 0x0, 0x0, 0x0, 0x0, 0x0, 0x0,
    0x0, 0x0, 0x0, 0x0, 0x0, 0xbf, 0xf4, 0x0,
    0x0, 0x0, 0x0, 0x0, 0x0, 0x0, 0x7f, 0xff,
    0x0, 0x0, 0x0, 0x0, 0x0, 0x0, 0x0, 0x2f,
    0xff, 0xd0, 0x0, 0x0, 0x0, 0x0, 0x0, 0x0,
    0xb, 0xff, 0xf4, 0x0, 0x0, 0x0, 0x0, 0x0,
    0x0, 0x2, 0xff, 0xfd, 0x0, 0x0, 0x0, 0x0,
    0x0, 0x0, 0x0, 0xbf, 0xff, 0x40, 0x0, 0x0,
    0x0, 0x0, 0x0, 0x0, 0x2f, 0xff, 0xd0, 0x0,
    0x0, 0x0, 0x0, 0x0, 0x0, 0xb, 0xff, 0xf4,
    0x0, 0x0, 0x0, 0x0, 0x0, 0x0, 0x2, 0xff,
    0xfd, 0x0, 0x0, 0x0, 0x0, 0x0, 0x0, 0x0,
    0xbf, 0xff, 0x40, 0x0, 0x0, 0x0, 0x0, 0x0,
    0x0, 0x2f, 0xff, 0xd0, 0x0, 0x0, 0x0, 0x0,
    0x0, 0x0, 0xb, 0xff, 0xf4, 0x0, 0x0, 0x0,
    0x0, 0x0, 0x0, 0x2, 0xff, 0xfd, 0x0, 0x0,
    0x0, 0x0, 0x0, 0x0, 0x0, 0xbf, 0xff, 0x40,
    0x0, 0x0, 0x0, 0x6a, 0xaa, 0xaa, 0xbf, 0xff,
    0xfa, 0xaa, 0xaa, 0xa0, 0x7f, 0xff, 0xff, 0xff,
    0xff, 0xff, 0xff, 0xff, 0xff, 0x7f, 0xff, 0xff,
    0xff, 0xff, 0xff, 0xff, 0xff, 0xff, 0xef, 0xff,
    0xff, 0xff, 0xff, 0xff, 0xff, 0xff, 0xff, 0xff,
    0xff, 0xff, 0xff, 0xff, 0xff, 0xff, 0xff, 0xff,
    0xff, 0xff, 0xff, 0xff, 0xff, 0xff, 0xff, 0xff,
    0xff, 0xff, 0xbf, 0xff, 0xff, 0xff, 0xff, 0xff,
    0xff, 0xff, 0xff, 0xe3, 0xff, 0xff, 0xff, 0xff,
    0xff, 0xff, 0xff, 0xff, 0xe0, 0x0, 0x0, 0x0,
    0x2f, 0xff, 0xd0, 0x0, 0x0, 0x0, 0x0, 0x0,
    0x0, 0xb, 0xff, 0xf4, 0x0, 0x0, 0x0, 0x0,
    0x0, 0x0, 0x2, 0xff, 0xfd, 0x0, 0x0, 0x0,
    0x0, 0x0, 0x0, 0x0, 0xbf, 0xff, 0x40, 0x0,
    0x0, 0x0, 0x0, 0x0, 0x0, 0x2f, 0xff, 0xd0,
    0x0, 0x0, 0x0, 0x0, 0x0, 0x0, 0xb, 0xff,
    0xf4, 0x0, 0x0, 0x0, 0x0, 0x0, 0x0, 0x2,
    0xff, 0xfd, 0x0, 0x0, 0x0, 0x0, 0x0, 0x0,
    0x0, 0xbf, 0xff, 0x40, 0x0, 0x0, 0x0, 0x0,
    0x0, 0x0, 0x2f, 0xff, 0xd0, 0x0, 0x0, 0x0,
    0x0, 0x0, 0x0, 0xb, 0xff, 0xf4, 0x0, 0x0,
    0x0, 0x0, 0x0, 0x0, 0x2, 0xff, 0xfd, 0x0,
    0x0, 0x0, 0x0, 0x0, 0x0, 0x0, 0xbf, 0xff,
    0x40, 0x0, 0x0, 0x0, 0x0, 0x0, 0x0, 0x1f,
    0xff, 0xc0, 0x0, 0x0, 0x0, 0x0, 0x0, 0x0,
    0x3, 0xff, 0xe0, 0x0, 0x0, 0x0, 0x0, 0x0,
    0x0, 0x0, 0x2a, 0x90, 0x0, 0x0, 0x0, 0x0,

    /* U+F068 "" */
    0x2f, 0xff, 0xff, 0xff, 0xff, 0xff, 0xff, 0xff,
    0xfd, 0x2f, 0xff, 0xff, 0xff, 0xff, 0xff, 0xff,
    0xff, 0xff, 0xdf, 0xff, 0xff, 0xff, 0xff, 0xff,
    0xff, 0xff, 0xff, 0xfb, 0xff, 0xff, 0xff, 0xff,
    0xff, 0xff, 0xff, 0xff, 0xff, 0xff, 0xff, 0xff,
    0xff, 0xff, 0xff, 0xff, 0xff, 0xff, 0xff, 0xff,
    0xff, 0xff, 0xff, 0xff, 0xff, 0xff, 0xff, 0xeb,
    0xff, 0xff, 0xff, 0xff, 0xff, 0xff, 0xff, 0xff,
    0xf4, 0xbf, 0xff, 0xff, 0xff, 0xff, 0xff, 0xff,
    0xff, 0xf8, 0x0, 0x0, 0x0, 0x0, 0x0, 0x0,
    0x0, 0x0, 0x0, 0x0,

    /* U+F06E "" */
    0x0, 0x0, 0x0, 0x0, 0x1, 0xaa, 0xa9, 0x0,
    0x0, 0x0, 0x0, 0x0, 0x0, 0x0, 0x0, 0x1,
    0xbf, 0xff, 0xff, 0xfd, 0x0, 0x0, 0x0, 0x0,
    0x0, 0x0, 0x0, 0x2f, 0xff, 0xff, 0xff, 0xff,
    0xe0, 0x0, 0x0, 0x0, 0x0, 0x0, 0x2, 0xff,
    0xff, 0xff, 0xff, 0xff, 0xfe, 0x0, 0x0, 0x0,
    0x0, 0x0, 0x1f, 0xff, 0xff, 0x94, 0x5b, 0xff,
    0xff, 0xe0, 0x0, 0x0, 0x0, 0x0, 0xbf, 0xff,
    0xf4, 0x0, 0x0, 0x7f, 0xff, 0xfc, 0x0, 0x0,
    0x0, 0x3, 0xff, 0xff, 0x80, 0x0, 0x0, 0x7,
    0xff, 0xff, 0x40, 0x0, 0x0, 0xf, 0xff, 0xfe,
    0x0, 0x0, 0x0, 0x1, 0xff, 0xff, 0xd0, 0x0,
    0x0, 0x3f, 0xff, 0xf8, 0x0, 0xa, 0x90, 0x0,
    0x7f, 0xff, 0xf4, 0x0, 0x0, 0xff, 0xff, 0xf0,
    0x0, 0xf, 0xfe, 0x0, 0x2f, 0xff, 0xfd, 0x0,
    0x3, 0xff, 0xff, 0xc0, 0x0, 0xb, 0xff, 0xc0,
    0xf, 0xff, 0xff, 0x0, 0xb, 0xff, 0xff, 0x80,
    0x0, 0xb, 0xff, 0xf0, 0x7, 0xff, 0xff, 0xc0,
    0x1f, 0xff, 0xff, 0x40, 0x0, 0xf, 0xff, 0xf8,
    0x3, 0xff, 0xff, 0xe0, 0x3f, 0xff, 0xff, 0x0,
    0x0, 0x2f, 0xff, 0xfc, 0x3, 0xff, 0xff, 0xf0,
    0xbf, 0xff, 0xff, 0x0, 0x80, 0xbf, 0xff, 0xfd,
    0x2, 0xff, 0xff, 0xf8, 0xff, 0xff, 0xff, 0x0,
    0xff, 0xff, 0xff, 0xfd, 0x2, 0xff, 0xff, 0xfc,
    0xff, 0xff, 0xff, 0x0, 0xff, 0xff, 0xff, 0xfd,
    0x2, 0xff, 0xff, 0xfc, 0xbf, 0xff, 0xff, 0x0,
    0xff, 0xff, 0xff, 0xfd, 0x2, 0xff, 0xff, 0xfc,
    0x3f, 0xff, 0xff, 0x0, 0xff, 0xff, 0xff, 0xfc,
    0x3, 0xff, 0xff, 0xf4, 0x2f, 0xff, 0xff, 0x40,
    0xbf, 0xff, 0xff, 0xfc, 0x3, 0xff, 0xff, 0xe0,
    0xf, 0xff, 0xff, 0x80, 0x3f, 0xff, 0xff, 0xf0,
    0x7, 0xff, 0xff, 0xc0, 0x3, 0xff, 0xff, 0xc0,
    0xf, 0xff, 0xff, 0xd0, 0xf, 0xff, 0xff, 0x40,
    0x1, 0xff, 0xff, 0xe0, 0x3, 0xff, 0xff, 0x40,
    0x1f, 0xff, 0xfe, 0x0, 0x0, 0x7f, 0xff, 0xf4,
    0x0, 0x7f, 0xf8, 0x0, 0x3f, 0xff, 0xf8, 0x0,
    0x0, 0x1f, 0xff, 0xfc, 0x0, 0x0, 0x0, 0x0,
    0xff, 0xff, 0xe0, 0x0, 0x0, 0x7, 0xff, 0xff,
    0x40, 0x0, 0x0, 0x3, 0xff, 0xff, 0x80, 0x0,
    0x0, 0x1, 0xff, 0xff, 0xe0, 0x0, 0x0, 0x2f,
    0xff, 0xfd, 0x0, 0x0, 0x0, 0x0, 0x2f, 0xff,
    0xfe, 0x40, 0x6, 0xff, 0xff, 0xf0, 0x0, 0x0,
    0x0, 0x0, 0x7, 0xff, 0xff, 0xff, 0xff, 0xff,
    0xff, 0x40, 0x0, 0x0, 0x0, 0x0, 0x0, 0x7f,
    0xff, 0xff, 0xff, 0xff, 0xf8, 0x0, 0x0, 0x0,
    0x0, 0x0, 0x0, 0x6, 0xff, 0xff, 0xff, 0xfe,
    0x40, 0x0, 0x0, 0x0, 0x0, 0x0, 0x0, 0x0,
    0x6, 0xff, 0xfe, 0x50, 0x0, 0x0, 0x0, 0x0,

    /* U+F070 "" */
    0xf, 0x0, 0x0, 0x0, 0x0, 0x0, 0x0, 0x0,
    0x0, 0x0, 0x0, 0x0, 0x0, 0xf, 0xf4, 0x0,
    0x0, 0x0, 0x0, 0x0, 0x0, 0x0, 0x0, 0x0,
    0x0, 0x0, 0xb, 0xff, 0x80, 0x0, 0x0, 0x0,
    0x0, 0x0, 0x0, 0x0, 0x0, 0x0, 0x0, 0x3,
    0xff, 0xfc, 0x0, 0x0, 0x0, 0x0, 0x0, 0x0,
    0x0, 0x0, 0x0, 0x0, 0x0, 0x7f, 0xff, 0xc0,
    0x0, 0x0, 0x0, 0x0, 0x0, 0x0, 0x0, 0x0,
    0x0, 0x0, 0x7, 0xff, 0xfd, 0x0, 0x0, 0x1,
    0x6a, 0xa5, 0x0, 0x0, 0x0, 0x0, 0x0, 0x0,
    0x3f, 0xff, 0xe0, 0x0, 0x6f, 0xff, 0xff, 0xfe,
    0x40, 0x0, 0x0, 0x0, 0x0, 0x2, 0xff, 0xff,
    0x6, 0xff, 0xff, 0xff, 0xff, 0xfe, 0x0, 0x0,
    0x0, 0x0, 0x0, 0x1f, 0xff, 0xff, 0xff, 0xff,
    0xff, 0xff, 0xff, 0xf4, 0x0, 0x0, 0x0, 0x0,
    0x0, 0xff, 0xff, 0xff, 0xff, 0x94, 0x5b, 0xff,
    0xff, 0xd0, 0x0, 0x0, 0x0, 0x0, 0xb, 0xff,
    0xff, 0xfd, 0x0, 0x0, 0x1f, 0xff, 0xfe, 0x0,
    0x0, 0x0, 0x0, 0x0, 0x7f, 0xff, 0xf4, 0x0,
    0x0, 0x0, 0xff, 0xff, 0xf0, 0x0, 0x0, 0x0,
    0x0, 0x7, 0xff, 0xfd, 0x0, 0x0, 0x0, 0xb,
    0xff, 0xff, 0x0, 0x0, 0x0, 0x0, 0x0, 0x3f,
    0xff, 0xe0, 0x1b, 0x90, 0x0, 0xbf, 0xff, 0xf0,
    0x0, 0x0, 0x0, 0x0, 0x2, 0xff, 0xff, 0x7,
    0xff, 0x80, 0xf, 0xff, 0xff, 0x0, 0x0, 0x0,
    0x0, 0x0, 0x1f, 0xff, 0xf4, 0xff, 0xf8, 0x1,
    0xff, 0xff, 0xe0, 0x0, 0x0, 0x3d, 0x0, 0x0,
    0xff, 0xff, 0xbf, 0xff, 0x80, 0x3f, 0xff, 0xfe,
    0x0, 0x0, 0x2f, 0xe0, 0x0, 0xb, 0xff, 0xff,
    0xff, 0xf0, 0xb, 0xff, 0xff, 0xc0, 0x0, 0x1f,
    0xff, 0x0, 0x0, 0x7f, 0xff, 0xff, 0xfe, 0x0,
    0xff, 0xff, 0xfc, 0x0, 0xf, 0xff, 0xf4, 0x0,
    0x3, 0xff, 0xff, 0xff, 0xc0, 0x3f, 0xff, 0xff,
    0x40, 0x3, 0xff, 0xff, 0x80, 0x0, 0x3f, 0xff,
    0xff, 0xf0, 0xf, 0xff, 0xff, 0xe0, 0x1, 0xff,
    0xff, 0xf8, 0x0, 0x2, 0xff, 0xff, 0xfc, 0x3,
    0xff, 0xff, 0xfc, 0x0, 0x3f, 0xff, 0xff, 0x80,
    0x0, 0x1f, 0xff, 0xff, 0x0, 0xff, 0xff, 0xfe,
    0x0, 0x7, 0xff, 0xff, 0xe0, 0x0, 0x0, 0xff,
    0xff, 0xc0, 0x3f, 0xff, 0xff, 0x0, 0x0, 0xff,
    0xff, 0xfc, 0x0, 0x0, 0xb, 0xff, 0xfc, 0x1f,
    0xff, 0xff, 0x40, 0x0, 0xf, 0xff, 0xff, 0x40,
    0x0, 0x0, 0x7f, 0xff, 0xcf, 0xff, 0xff, 0x80,
    0x0, 0x1, 0xff, 0xff, 0xe0, 0x0, 0x0, 0x3,
    0xff, 0xff, 0xff, 0xff, 0xc0, 0x0, 0x0, 0x2f,
    0xff, 0xfd, 0x0, 0x0, 0x0, 0x3f, 0xff, 0xff,
    0xff, 0xc0, 0x0, 0x0, 0x3, 0xff, 0xff, 0xc0,
    0x0, 0x0, 0x2, 0xff, 0xff, 0xff, 0xc0, 0x0,
    0x0, 0x0, 0x2f, 0xff, 0xfc, 0x0, 0x0, 0x0,
    0x1f, 0xff, 0xff, 0xd0, 0x0, 0x0, 0x0, 0x2,
    0xff, 0xff, 0xc0, 0x0, 0x0, 0x0, 0xff, 0xff,
    0xd0, 0x0, 0x0, 0x0, 0x0, 0x1f, 0xff, 0xfd,
    0x0, 0x0, 0x0, 0xb, 0xff, 0xf8, 0x0, 0x0,
    0x0, 0x0, 0x0, 0xff, 0xff, 0xf9, 0x0, 0x0,
    0x0, 0x7f, 0xff, 0xc0, 0x0, 0x0, 0x0, 0x0,
    0xb, 0xff, 0xff, 0xff, 0xf4, 0x0, 0x3, 0xff,
    0xfd, 0x0, 0x0, 0x0, 0x0, 0x0, 0x2f, 0xff,
    0xff, 0xff, 0x80, 0x0, 0x3f, 0xff, 0xe0, 0x0,
    0x0, 0x0, 0x0, 0x0, 0x7f, 0xff, 0xff, 0xf8,
    0x0, 0x2, 0xff, 0xff, 0x0, 0x0, 0x0, 0x0,
    0x0, 0x0, 0x6b, 0xff, 0xf9, 0x0, 0x0, 0x1f,
    0xff, 0xf4, 0x0, 0x0, 0x0, 0x0, 0x0, 0x0,
    0x0, 0x0, 0x0, 0x0, 0x0, 0xff, 0xff, 0x80,
    0x0, 0x0, 0x0, 0x0, 0x0, 0x0, 0x0, 0x0,
    0x0, 0x0, 0xb, 0xff, 0xf4, 0x0, 0x0, 0x0,
    0x0, 0x0, 0x0, 0x0, 0x0, 0x0, 0x0, 0x0,
    0x7f, 0xfd, 0x0, 0x0, 0x0, 0x0, 0x0, 0x0,
    0x0, 0x0, 0x0, 0x0, 0x0, 0x3, 0xfe, 0x0,
    0x0, 0x0, 0x0, 0x0, 0x0, 0x0, 0x0, 0x0,
    0x0, 0x0, 0x0, 0x2f, 0x0, 0x0, 0x0, 0x0,
    0x0, 0x0, 0x0, 0x0, 0x0, 0x0, 0x0, 0x0,
    0x0, 0x0,

    /* U+F071 "" */
    0x0, 0x0, 0x0, 0x0, 0x0, 0x7, 0xf4, 0x0,
    0x0, 0x0, 0x0, 0x0, 0x0, 0x0, 0x0, 0x0,
    0x0, 0x7, 0xff, 0x80, 0x0, 0x0, 0x0, 0x0,
    0x0, 0x0, 0x0, 0x0, 0x0, 0x3, 0xff, 0xf4,
    0x0, 0x0, 0x0, 0x0, 0x0, 0x0, 0x0, 0x0,
    0x0, 0x2, 0xff, 0xff, 0x0, 0x0, 0x0, 0x0,
    0x0, 0x0, 0x0, 0x0, 0x0, 0x0, 0xff, 0xff,
    0xd0, 0x0, 0x0, 0x0, 0x0, 0x0, 0x0, 0x0,
    0x0, 0x0, 0xff, 0xff, 0xfc, 0x0, 0x0, 0x0,
    0x0, 0x0, 0x0, 0x0, 0x0, 0x0, 0x7f, 0xff,
    0xff, 0x80, 0x0, 0x0, 0x0, 0x0, 0x0, 0x0,
    0x0, 0x0, 0x3f, 0xff, 0xff, 0xf0, 0x0, 0x0,
    0x0, 0x0, 0x0, 0x0, 0x0, 0x0, 0x2f, 0xff,
    0xff, 0xff, 0x0, 0x0, 0x0, 0x0, 0x0, 0x0,
    0x0, 0x0, 0xf, 0xff, 0xff, 0xff, 0xd0, 0x0,
    0x0, 0x0, 0x0, 0x0, 0x0, 0x0, 0xb, 0xff,
    0xff, 0xff, 0xfc, 0x0, 0x0, 0x0, 0x0, 0x0,
    0x0, 0x0, 0x7, 0xff, 0xff, 0xff, 0xff, 0x80,
    0x0, 0x0, 0x0, 0x0, 0x0, 0x0, 0x3, 0xff,
    0xff, 0xff, 0xff, 0xf0, 0x0, 0x0, 0x0, 0x0,
    0x0, 0x0, 0x1, 0xff, 0xff, 0xff, 0xff, 0xfe,
    0x0, 0x0, 0x0, 0x0, 0x0, 0x0, 0x0, 0xff,
    0xfe, 0x55, 0x6f, 0xff, 0xc0, 0x0, 0x0, 0x0,
    0x0, 0x0, 0x0, 0xbf, 0xff, 0x0, 0x3, 0xff,
    0xfc, 0x0, 0x0, 0x0, 0x0, 0x0, 0x0, 0x3f,
    0xff, 0xc0, 0x0, 0xff, 0xff, 0x40, 0x0, 0x0,
    0x0, 0x0, 0x0, 0x2f, 0xff, 0xf0, 0x0, 0x3f,
    0xff, 0xf0, 0x0, 0x0, 0x0, 0x0, 0x0, 0x1f,
    0xff, 0xfc, 0x0, 0xf, 0xff, 0xfe, 0x0, 0x0,
    0x0, 0x0, 0x0, 0xf, 0xff, 0xff, 0x0, 0x3,
    0xff, 0xff, 0xc0, 0x0, 0x0, 0x0, 0x0, 0x7,
    0xff, 0xff, 0xd0, 0x0, 0xff, 0xff, 0xf8, 0x0,
    0x0, 0x0, 0x0, 0x3, 0xff, 0xff, 0xf4, 0x0,
    0x3f, 0xff, 0xff, 0x40, 0x0, 0x0, 0x0, 0x2,
    0xff, 0xff, 0xfd, 0x0, 0xf, 0xff, 0xff, 0xf0,
    0x0, 0x0, 0x0, 0x0, 0xff, 0xff, 0xff, 0x40,
    0x3, 0xff, 0xff, 0xfd, 0x0, 0x0, 0x0, 0x0,
    0xbf, 0xff, 0xff, 0xe0, 0x1, 0xff, 0xff, 0xff,
    0xc0, 0x0, 0x0, 0x0, 0x7f, 0xff, 0xff, 0xf8,
    0x0, 0x7f, 0xff, 0xff, 0xf8, 0x0, 0x0, 0x0,
    0x3f, 0xff, 0xff, 0xfe, 0x0, 0x1f, 0xff, 0xff,
    0xff, 0x0, 0x0, 0x0, 0x1f, 0xff, 0xff, 0xff,
    0xd0, 0xb, 0xff, 0xff, 0xff, 0xe0, 0x0, 0x0,
    0xf, 0xff, 0xff, 0xff, 0xff, 0xff, 0xff, 0xff,
    0xff, 0xfd, 0x0, 0x0, 0xb, 0xff, 0xff, 0xff,
    0xff, 0x57, 0xff, 0xff, 0xff, 0xff, 0xc0, 0x0,
    0x3, 0xff, 0xff, 0xff, 0xff, 0x0, 0x2f, 0xff,
    0xff, 0xff, 0xf4, 0x0, 0x2, 0xff, 0xff, 0xff,
    0xff, 0x0, 0x3, 0xff, 0xff, 0xff, 0xff, 0x0,
    0x1, 0xff, 0xff, 0xff, 0xff, 0xc0, 0x0, 0xbf,
    0xff, 0xff, 0xff, 0xe0, 0x0, 0xff, 0xff, 0xff,
    0xff, 0xf0, 0x0, 0x2f, 0xff, 0xff, 0xff, 0xfc,
    0x0, 0x7f, 0xff, 0xff, 0xff, 0xfc, 0x0, 0xf,
    0xff, 0xff, 0xff, 0xff, 0x80, 0x3f, 0xff, 0xff,
    0xff, 0xff, 0xc0, 0xb, 0xff, 0xff, 0xff, 0xff,
    0xf4, 0x2f, 0xff, 0xff, 0xff, 0xff, 0xfd, 0x1b,
    0xff, 0xff, 0xff, 0xff, 0xff, 0xf, 0xff, 0xff,
    0xff, 0xff, 0xff, 0xff, 0xff, 0xff, 0xff, 0xff,
    0xff, 0xc3, 0xff, 0xff, 0xff, 0xff, 0xff, 0xff,
    0xff, 0xff, 0xff, 0xff, 0xff, 0xf0, 0xff, 0xff,
    0xff, 0xff, 0xff, 0xff, 0xff, 0xff, 0xff, 0xff,
    0xff, 0xfc, 0x1f, 0xff, 0xff, 0xff, 0xff, 0xff,
    0xff, 0xff, 0xff, 0xff, 0xff, 0xfe, 0x1, 0xff,
    0xff, 0xff, 0xff, 0xff, 0xff, 0xff, 0xff, 0xff,
    0xff, 0xfe, 0x0, 0x0, 0x0, 0x0, 0x0, 0x0,
    0x0, 0x0, 0x0, 0x0, 0x0, 0x0, 0x0,

    /* U+F074 "" */
    0x0, 0x0, 0x0, 0x0, 0x0, 0x0, 0x0, 0x0,
    0x0, 0x0, 0x0, 0x0, 0x0, 0x0, 0x0, 0x0,
    0x0, 0x0, 0xf, 0xc0, 0x0, 0x0, 0x0, 0x0,
    0x0, 0x0, 0x0, 0x0, 0x1, 0xff, 0x0, 0x0,
    0x0, 0x0, 0x0, 0x0, 0x0, 0x0, 0x0, 0x2f,
    0xfc, 0x0, 0x0, 0x0, 0x0, 0x0, 0x0, 0x0,
    0x0, 0x2, 0xff, 0xf0, 0x0, 0x0, 0x0, 0x0,
    0x0, 0x0, 0x0, 0x0, 0x2f, 0xff, 0xc0, 0xbf,
    0xff, 0xfc, 0x0, 0x0, 0x0, 0xf, 0xff, 0xff,
    0xff, 0xf, 0xff, 0xff, 0xf0, 0x0, 0x0, 0x3,
    0xff, 0xff, 0xff, 0xfc, 0xff, 0xff, 0xff, 0xc0,
    0x0, 0x0, 0xff, 0xff, 0xff, 0xff, 0xff, 0xff,
    0xff, 0xfe, 0x0, 0x0, 0x3f, 0xff, 0xff, 0xff,
    0xff, 0xff, 0xff, 0xff, 0xf8, 0x0, 0xf, 0xff,
    0xff, 0xff, 0xff, 0xef, 0xff, 0xff, 0xff, 0xe0,
    0x3, 0xff, 0xff, 0xff, 0xff, 0xf8, 0x6a, 0xaa,
    0xff, 0xff, 0x40, 0xbf, 0xff, 0xeb, 0xff, 0xfe,
    0x0, 0x0, 0x7, 0xff, 0xe0, 0x2f, 0xff, 0xf0,
    0x2f, 0xff, 0x80, 0x0, 0x0, 0x1f, 0xfc, 0xb,
    0xff, 0xfc, 0x2, 0xff, 0xe0, 0x0, 0x0, 0x0,
    0x7f, 0x1, 0xff, 0xff, 0x0, 0x1f, 0xf8, 0x0,
    0x0, 0x0, 0x2, 0xc0, 0x7f, 0xff, 0xd0, 0x1,
    0xfe, 0x0, 0x0, 0x0, 0x0, 0x0, 0x1f, 0xff,
    0xf4, 0x0, 0xb, 0x80, 0x0, 0x0, 0x0, 0x0,
    0x7, 0xff, 0xfd, 0x0, 0x0, 0x0, 0x0, 0x0,
    0x0, 0x0, 0x0, 0xff, 0xff, 0x80, 0x0, 0x0,
    0x0, 0x0, 0x0, 0x0, 0x0, 0x3f, 0xff, 0xe0,
    0x0, 0x0, 0x10, 0x0, 0x0, 0x0, 0x0, 0xf,
    0xff, 0xf8, 0x8, 0x0, 0xf, 0xc0, 0x0, 0x0,
    0x0, 0x3, 0xff, 0xfe, 0x2, 0xe0, 0x1, 0xff,
    0x0, 0x0, 0x0, 0x0, 0xff, 0xff, 0xc0, 0xbf,
    0x80, 0x2f, 0xfc, 0x0, 0x0, 0x0, 0x3f, 0xff,
    0xf0, 0x1f, 0xfe, 0x2, 0xff, 0xf0, 0x0, 0x0,
    0xb, 0xff, 0xfc, 0x7, 0xff, 0xf4, 0x2f, 0xff,
    0xc0, 0xff, 0xff, 0xff, 0xff, 0x0, 0x7f, 0xff,
    0xff, 0xff, 0xff, 0xf, 0xff, 0xff, 0xff, 0xc0,
    0x1, 0xff, 0xff, 0xff, 0xff, 0xfc, 0xff, 0xff,
    0xff, 0xf4, 0x0, 0xb, 0xff, 0xff, 0xff, 0xff,
    0xff, 0xff, 0xff, 0xfd, 0x0, 0x0, 0x2f, 0xff,
    0xff, 0xff, 0xff, 0xff, 0xff, 0xff, 0x40, 0x0,
    0x0, 0xbf, 0xff, 0xff, 0xff, 0xdf, 0xff, 0xff,
    0xd0, 0x0, 0x0, 0x2, 0xff, 0xff, 0xff, 0xf8,
    0x6a, 0xaa, 0xa4, 0x0, 0x0, 0x0, 0x6, 0xab,
    0xff, 0xfe, 0x0, 0x0, 0x0, 0x0, 0x0, 0x0,
    0x0, 0x0, 0x2f, 0xff, 0x80, 0x0, 0x0, 0x0,
    0x0, 0x0, 0x0, 0x0, 0x2, 0xff, 0xe0, 0x0,
    0x0, 0x0, 0x0, 0x0, 0x0, 0x0, 0x0, 0x1f,
    0xf8, 0x0, 0x0, 0x0, 0x0, 0x0, 0x0, 0x0,
    0x0, 0x1, 0xfe, 0x0, 0x0, 0x0, 0x0, 0x0,
    0x0, 0x0, 0x0, 0x0, 0x6, 0x40, 0x0, 0x0,
    0x0, 0x0, 0x0, 0x0, 0x0, 0x0, 0x0, 0x0,
    0x0, 0x0,

    /* U+F077 "" */
    0x0, 0x0, 0x0, 0x0, 0x18, 0x0, 0x0, 0x0,
    0x0, 0x0, 0x0, 0x0, 0x0, 0x2f, 0xd0, 0x0,
    0x0, 0x0, 0x0, 0x0, 0x0, 0x0, 0x2f, 0xfd,
    0x0, 0x0, 0x0, 0x0, 0x0, 0x0, 0x0, 0x2f,
    0xff, 0xd0, 0x0, 0x0, 0x0, 0x0, 0x0, 0x0,
    0x2f, 0xff, 0xfd, 0x0, 0x0, 0x0, 0x0, 0x0,
    0x0, 0x2f, 0xff, 0xff, 0xd0, 0x0, 0x0, 0x0,
    0x0, 0x0, 0x2f, 0xff, 0xff, 0xfd, 0x0, 0x0,
    0x0, 0x0, 0x0, 0x2f, 0xff, 0xff, 0xff, 0xd0,
    0x0, 0x0, 0x0, 0x0, 0x2f, 0xff, 0xff, 0xff,
    0xfd, 0x0, 0x0, 0x0, 0x0, 0x2f, 0xff, 0xf8,
    0xff, 0xff, 0xd0, 0x0, 0x0, 0x0, 0x2f, 0xff,
    0xf8, 0xf, 0xff, 0xfd, 0x0, 0x0, 0x0, 0x2f,
    0xff, 0xf8, 0x0, 0xff, 0xff, 0xd0, 0x0, 0x0,
    0x2f, 0xff, 0xf8, 0x0, 0xf, 0xff, 0xfd, 0x0,
    0x0, 0x2f, 0xff, 0xf8, 0x0, 0x0, 0xff, 0xff,
    0xd0, 0x0, 0x2f, 0xff, 0xf8, 0x0, 0x0, 0xf,
    0xff, 0xfd, 0x0, 0x2f, 0xff, 0xf8, 0x0, 0x0,
    0x0, 0xff, 0xff, 0xd0, 0x2f, 0xff, 0xf8, 0x0,
    0x0, 0x0, 0xf, 0xff, 0xfd, 0x1f, 0xff, 0xf8,
    0x0, 0x0, 0x0, 0x0, 0xff, 0xff, 0xc7, 0xff,
    0xf8, 0x0, 0x0, 0x0, 0x0, 0xf, 0xff, 0xf0,
    0xff, 0xf8, 0x0, 0x0, 0x0, 0x0, 0x0, 0xff,
    0xfc, 0xf, 0xf8, 0x0, 0x0, 0x0, 0x0, 0x0,
    0xf, 0xfc, 0x0, 0xf8, 0x0, 0x0, 0x0, 0x0,
    0x0, 0x0, 0xf8, 0x0, 0x0, 0x0, 0x0, 0x0,
    0x0, 0x0, 0x0, 0x0, 0x0,

    /* U+F078 "" */
    0x1, 0x80, 0x0, 0x0, 0x0, 0x0, 0x0, 0x1,
    0x80, 0x2, 0xfd, 0x0, 0x0, 0x0, 0x0, 0x0,
    0x2, 0xfd, 0x2, 0xff, 0xd0, 0x0, 0x0, 0x0,
    0x0, 0x2, 0xff, 0xd1, 0xff, 0xfd, 0x0, 0x0,
    0x0, 0x0, 0x2, 0xff, 0xfc, 0x7f, 0xff, 0xd0,
    0x0, 0x0, 0x0, 0x2, 0xff, 0xff, 0xf, 0xff,
    0xfd, 0x0, 0x0, 0x0, 0x2, 0xff, 0xff, 0x80,
    0xff, 0xff, 0xd0, 0x0, 0x0, 0x2, 0xff, 0xff,
    0x80, 0xf, 0xff, 0xfd, 0x0, 0x0, 0x2, 0xff,
    0xff, 0x80, 0x0, 0xff, 0xff, 0xd0, 0x0, 0x2,
    0xff, 0xff, 0x80, 0x0, 0xf, 0xff, 0xfd, 0x0,
    0x2, 0xff, 0xff, 0x80, 0x0, 0x0, 0xff, 0xff,
    0xd0, 0x2, 0xff, 0xff, 0x80, 0x0, 0x0, 0xf,
    0xff, 0xfd, 0x2, 0xff, 0xff, 0x80, 0x0, 0x0,
    0x0, 0xff, 0xff, 0xd2, 0xff, 0xff, 0x80, 0x0,
    0x0, 0x0, 0xf, 0xff, 0xfe, 0xff, 0xff, 0x80,
    0x0, 0x0, 0x0, 0x0, 0xff, 0xff, 0xff, 0xff,
    0x80, 0x0, 0x0, 0x0, 0x0, 0xf, 0xff, 0xff,
    0xff, 0x80, 0x0, 0x0, 0x0, 0x0, 0x0, 0xff,
    0xff, 0xff, 0x80, 0x0, 0x0, 0x0, 0x0, 0x0,
    0xf, 0xff, 0xff, 0x80, 0x0, 0x0, 0x0, 0x0,
    0x0, 0x0, 0xff, 0xff, 0x80, 0x0, 0x0, 0x0,
    0x0, 0x0, 0x0, 0xf, 0xff, 0x80, 0x0, 0x0,
    0x0, 0x0, 0x0, 0x0, 0x0, 0xff, 0x80, 0x0,
    0x0, 0x0, 0x0, 0x0, 0x0, 0x0, 0xf, 0x80,
    0x0, 0x0, 0x0, 0x0, 0x0, 0x0, 0x0, 0x0,
    0x0, 0x0, 0x0, 0x0, 0x0,

    /* U+F079 "" */
    0x0, 0x0, 0x1d, 0x0, 0x0, 0x0, 0x0, 0x0,
    0x0, 0x0, 0x0, 0x0, 0x0, 0x0, 0x0, 0x2f,
    0xe0, 0x0, 0x0, 0x0, 0x0, 0x0, 0x0, 0x0,
    0x0, 0x0, 0x0, 0x0, 0x2f, 0xfe, 0x0, 0x0,
    0x0, 0x0, 0x0, 0x0, 0x0, 0x0, 0x0, 0x0,
    0x0, 0x2f, 0xff, 0xe0, 0x0, 0xbf, 0xff, 0xff,
    0xff, 0xff, 0xf8, 0x0, 0x0, 0x0, 0x2f, 0xff,
    0xfe, 0x0, 0x7f, 0xff, 0xff, 0xff, 0xff, 0xff,
    0x40, 0x0, 0x0, 0x2f, 0xff, 0xff, 0xe0, 0x1f,
    0xff, 0xff, 0xff, 0xff, 0xff, 0xd0, 0x0, 0x0,
    0x2f, 0xff, 0xff, 0xfe, 0x3, 0xff, 0xff, 0xff,
    0xff, 0xff, 0xf4, 0x0, 0x0, 0x2f, 0xff, 0xff,
    0xff, 0xe0, 0x3f, 0xff, 0xff, 0xff, 0xff, 0xfd,
    0x0, 0x0, 0x2f, 0xff, 0xff, 0xff, 0xfe, 0x0,
    0x55, 0x55, 0x55, 0x57, 0xff, 0x40, 0x0, 0x2f,
    0xff, 0xbf, 0xfb, 0xff, 0xe0, 0x0, 0x0, 0x0,
    0x0, 0xff, 0xd0, 0x0, 0xb, 0xff, 0x8f, 0xfc,
    0xbf, 0xf8, 0x0, 0x0, 0x0, 0x0, 0x3f, 0xf4,
    0x0, 0x1, 0xff, 0x83, 0xff, 0xb, 0xfd, 0x0,
    0x0, 0x0, 0x0, 0xf, 0xfd, 0x0, 0x0, 0x1f,
    0x80, 0xff, 0xc0, 0xbd, 0x0, 0x0, 0x0, 0x0,
    0x3, 0xff, 0x40, 0x0, 0x0, 0x0, 0x3f, 0xf0,
    0x0, 0x0, 0x0, 0x0, 0x0, 0x0, 0xff, 0xd0,
    0x0, 0x0, 0x0, 0xf, 0xfc, 0x0, 0x0, 0x0,
    0x0, 0x0, 0x0, 0x3f, 0xf4, 0x0, 0x0, 0x0,
    0x3, 0xff, 0x0, 0x0, 0x0, 0x0, 0x0, 0x0,
    0xf, 0xfd, 0x0, 0x0, 0x0, 0x0, 0xff, 0xc0,
    0x0, 0x0, 0x0, 0x0, 0x0, 0x3, 0xff, 0x40,
    0x0, 0x0, 0x0, 0x3f, 0xf0, 0x0, 0x0, 0x0,
    0x0, 0x0, 0x0, 0xff, 0xd0, 0x0, 0x0, 0x0,
    0xf, 0xfc, 0x0, 0x0, 0x0, 0x0, 0x0, 0x0,
    0x3f, 0xf4, 0x0, 0x0, 0x0, 0x3, 0xff, 0x0,
    0x0, 0x0, 0x0, 0x0, 0xb8, 0xf, 0xfd, 0x2,
    0xd0, 0x0, 0x0, 0xff, 0xc0, 0x0, 0x0, 0x0,
    0x0, 0xff, 0x83, 0xff, 0x43, 0xfd, 0x0, 0x0,
    0x3f, 0xf0, 0x0, 0x0, 0x0, 0x0, 0x7f, 0xf8,
    0xff, 0xd3, 0xff, 0xc0, 0x0, 0xf, 0xfc, 0x0,
    0x0, 0x0, 0x0, 0x1f, 0xff, 0x7f, 0xf7, 0xff,
    0xf0, 0x0, 0x3, 0xff, 0x0, 0x0, 0x0, 0x0,
    0x2, 0xff, 0xff, 0xff, 0xff, 0xf4, 0x0, 0x0,
    0xff, 0xff, 0xff, 0xff, 0xff, 0xe0, 0x2f, 0xff,
    0xff, 0xff, 0xf4, 0x0, 0x0, 0x3f, 0xff, 0xff,
    0xff, 0xff, 0xff, 0x2, 0xff, 0xff, 0xff, 0xf4,
    0x0, 0x0, 0xf, 0xff, 0xff, 0xff, 0xff, 0xff,
    0xe0, 0x2f, 0xff, 0xff, 0xf4, 0x0, 0x0, 0x3,
    0xff, 0xff, 0xff, 0xff, 0xff, 0xfc, 0x2, 0xff,
    0xff, 0xf4, 0x0, 0x0, 0x0, 0xbf, 0xff, 0xff,
    0xff, 0xff, 0xfd, 0x0, 0x2f, 0xff, 0xf4, 0x0,
    0x0, 0x0, 0x1, 0x55, 0x55, 0x55, 0x55, 0x54,
    0x0, 0x2, 0xff, 0xf4, 0x0, 0x0, 0x0, 0x0,
    0x0, 0x0, 0x0, 0x0, 0x0, 0x0, 0x0, 0x2f,
    0xf4, 0x0, 0x0, 0x0, 0x0, 0x0, 0x0, 0x0,
    0x0, 0x0, 0x0, 0x0, 0x2, 0xf4, 0x0, 0x0,
    0x0, 0x0, 0x0, 0x0, 0x0, 0x0, 0x0, 0x0,
    0x0, 0x0, 0x0, 0x0, 0x0, 0x0,

    /* U+F07B "" */
    0x1, 0xaa, 0xaa, 0xaa, 0x80, 0x0, 0x0, 0x0,
    0x0, 0x0, 0x2, 0xff, 0xff, 0xff, 0xff, 0x0,
    0x0, 0x0, 0x0, 0x0, 0x0, 0x7f, 0xff, 0xff,
    0xff, 0xfc, 0x0, 0x0, 0x0, 0x0, 0x0, 0xf,
    0xff, 0xff, 0xff, 0xff, 0xf0, 0x0, 0x0, 0x0,
    0x0, 0x0, 0xff, 0xff, 0xff, 0xff, 0xff, 0xc0,
    0x0, 0x0, 0x0, 0x0, 0xf, 0xff, 0xff, 0xff,
    0xff, 0xff, 0x55, 0x55, 0x55, 0x55, 0x0, 0xff,
    0xff, 0xff, 0xff, 0xff, 0xff, 0xff, 0xff, 0xff,
    0xff, 0x4f, 0xff, 0xff, 0xff, 0xff, 0xff, 0xff,
    0xff, 0xff, 0xff, 0xfd, 0xff, 0xff, 0xff, 0xff,
    0xff, 0xff, 0xff, 0xff, 0xff, 0xff, 0xff, 0xff,
    0xff, 0xff, 0xff, 0xff, 0xff, 0xff, 0xff, 0xff,
    0xff, 0xff, 0xff, 0xff, 0xff, 0xff, 0xff, 0xff,
    0xff, 0xff, 0xff, 0xff, 0xff, 0xff, 0xff, 0xff,
    0xff, 0xff, 0xff, 0xff, 0xff, 0xff, 0xff, 0xff,
    0xff, 0xff, 0xff, 0xff, 0xff, 0xff, 0xff, 0xff,
    0xff, 0xff, 0xff, 0xff, 0xff, 0xff, 0xff, 0xff,
    0xff, 0xff, 0xff, 0xff, 0xff, 0xff, 0xff, 0xff,
    0xff, 0xff, 0xff, 0xff, 0xff, 0xff, 0xff, 0xff,
    0xff, 0xff, 0xff, 0xff, 0xff, 0xff, 0xff, 0xff,
    0xff, 0xff, 0xff, 0xff, 0xff, 0xff, 0xff, 0xff,
    0xff, 0xff, 0xff, 0xff, 0xff, 0xff, 0xff, 0xff,
    0xff, 0xff, 0xff, 0xff, 0xff, 0xff, 0xff, 0xff,
    0xff, 0xff, 0xff, 0xff, 0xff, 0xff, 0xff, 0xff,
    0xff, 0xff, 0xff, 0xff, 0xff, 0xff, 0xff, 0xff,
    0xff, 0xff, 0xff, 0xff, 0xff, 0xff, 0xff, 0xff,
    0xff, 0xff, 0xff, 0xff, 0xff, 0xff, 0xff, 0xff,
    0xff, 0xff, 0xff, 0xff, 0xff, 0xff, 0xff, 0xff,
    0xff, 0xff, 0xff, 0xff, 0xff, 0xff, 0xff, 0xff,
    0xff, 0xff, 0xff, 0xff, 0xff, 0xff, 0xff, 0xff,
    0xff, 0xff, 0xff, 0xff, 0xff, 0xff, 0xff, 0xff,
    0xff, 0xff, 0xff, 0xff, 0xff, 0xff, 0xff, 0xff,
    0xff, 0xff, 0xff, 0xff, 0xff, 0xff, 0xff, 0xff,
    0xff, 0xff, 0xff, 0xff, 0xff, 0xff, 0xff, 0xff,
    0xff, 0xff, 0xff, 0xff, 0xff, 0xff, 0xff, 0xff,
    0xff, 0xff, 0xff, 0xff, 0xff, 0xff, 0xff, 0xff,
    0xff, 0xff, 0xff, 0xff, 0xff, 0xff, 0xff, 0xff,
    0xfb, 0xff, 0xff, 0xff, 0xff, 0xff, 0xff, 0xff,
    0xff, 0xff, 0xfe, 0x3f, 0xff, 0xff, 0xff, 0xff,
    0xff, 0xff, 0xff, 0xff, 0xff, 0xc0, 0xbf, 0xff,
    0xff, 0xff, 0xff, 0xff, 0xff, 0xff, 0xff, 0xe0,

    /* U+F093 "" */
    0x0, 0x0, 0x0, 0x0, 0x0, 0xa0, 0x0, 0x0,
    0x0, 0x0, 0x0, 0x0, 0x0, 0x0, 0x0, 0x3f,
    0xc0, 0x0, 0x0, 0x0, 0x0, 0x0, 0x0, 0x0,
    0x0, 0xf, 0xff, 0x0, 0x0, 0x0, 0x0, 0x0,
    0x0, 0x0, 0x0, 0x3, 0xff, 0xfc, 0x0, 0x0,
    0x0, 0x0, 0x0, 0x0, 0x0, 0x0, 0xff, 0xff,
    0xf0, 0x0, 0x0, 0x0, 0x0, 0x0, 0x0, 0x0,
    0x3f, 0xff, 0xff, 0xc0, 0x0, 0x0, 0x0, 0x0,
    0x0, 0x0, 0xf, 0xff, 0xff, 0xff, 0x0, 0x0,
    0x0, 0x0, 0x0, 0x0, 0x3, 0xff, 0xff, 0xff,
    0xfc, 0x0, 0x0, 0x0, 0x0, 0x0, 0x0, 0xff,
    0xff, 0xff, 0xff, 0xf0, 0x0, 0x0, 0x0, 0x0,
    0x0, 0x3f, 0xff, 0xff, 0xff, 0xff, 0xc0, 0x0,
    0x0, 0x0, 0x0, 0xf, 0xff, 0xff, 0xff, 0xff,
    0xff, 0x0, 0x0, 0x0, 0x0, 0x3, 0xff, 0xff,
    0xff, 0xff, 0xff, 0xfc, 0x0, 0x0, 0x0, 0x0,
    0xff, 0xff, 0xff, 0xff, 0xff, 0xff, 0xf0, 0x0,
    0x0, 0x0, 0x2f, 0xff, 0xff, 0xff, 0xff, 0xff,
    0xff, 0xc0, 0x0, 0x0, 0x3, 0xff, 0xff, 0xff,
    0xff, 0xff, 0xff, 0xfc, 0x0, 0x0, 0x0, 0x1f,
    0xff, 0xff, 0xff, 0xff, 0xff, 0xff, 0x80, 0x0,
    0x0, 0x0, 0x0, 0x0, 0xff, 0xff, 0xf4, 0x0,
    0x0, 0x0, 0x0, 0x0, 0x0, 0x0, 0xf, 0xff,
    0xff, 0x40, 0x0, 0x0, 0x0, 0x0, 0x0, 0x0,
    0x0, 0xff, 0xff, 0xf4, 0x0, 0x0, 0x0, 0x0,
    0x0, 0x0, 0x0, 0xf, 0xff, 0xff, 0x40, 0x0,
    0x0, 0x0, 0x0, 0x0, 0x0, 0x0, 0xff, 0xff,
    0xf4, 0x0, 0x0, 0x0, 0x0, 0x0, 0x0, 0x0,
    0xf, 0xff, 0xff, 0x40, 0x0, 0x0, 0x0, 0x0,
    0x0, 0x0, 0x0, 0xff, 0xff, 0xf4, 0x0, 0x0,
    0x0, 0x0, 0x0, 0x0, 0x0, 0xf, 0xff, 0xff,
    0x40, 0x0, 0x0, 0x0, 0x0, 0x0, 0x0, 0x0,
    0xff, 0xff, 0xf4, 0x0, 0x0, 0x0, 0x0, 0x0,
    0x0, 0x0, 0xf, 0xff, 0xff, 0x40, 0x0, 0x0,
    0x0, 0x0, 0x0, 0x0, 0x0, 0xff, 0xff, 0xf4,
    0x0, 0x0, 0x0, 0x0, 0x0, 0x0, 0x0, 0xf,
    0xff, 0xff, 0x40, 0x0, 0x0, 0x0, 0x0, 0x0,
    0x0, 0x0, 0xff, 0xff, 0xf4, 0x0, 0x0, 0x0,
    0x7, 0xff, 0xff, 0xfc, 0xf, 0xff, 0xff, 0x43,
    0xff, 0xff, 0xfd, 0xff, 0xff, 0xff, 0xc0, 0xff,
    0xff, 0xf0, 0x3f, 0xff, 0xff, 0xff, 0xff, 0xff,
    0xfd, 0x2, 0xaa, 0xa9, 0x7, 0xff, 0xff, 0xff,
    0xff, 0xff, 0xff, 0xf0, 0x0, 0x0, 0x0, 0xff,
    0xff, 0xff, 0xff, 0xff, 0xff, 0xff, 0xc0, 0x0,
    0x0, 0x3f, 0xff, 0xff, 0xff, 0xff, 0xff, 0xff,
    0xff, 0xea, 0xaa, 0xbf, 0xff, 0xff, 0xff, 0xff,
    0xff, 0xff, 0xff, 0xff, 0xff, 0xff, 0xff, 0xff,
    0xff, 0xff, 0xff, 0xff, 0xff, 0xff, 0xff, 0xff,
    0xff, 0xfb, 0xfe, 0xff, 0xff, 0xff, 0xff, 0xff,
    0xff, 0xff, 0xff, 0xfc, 0x1f, 0x3, 0xff, 0xff,
    0xff, 0xff, 0xff, 0xff, 0xff, 0xff, 0x80, 0xf0,
    0x3f, 0xff, 0xff, 0xff, 0xff, 0xff, 0xff, 0xff,
    0xfd, 0x3f, 0x4b, 0xff, 0xff, 0xff, 0xff, 0xff,
    0xff, 0xff, 0xff, 0xff, 0xff, 0xff, 0xf7, 0xff,
    0xff, 0xff, 0xff, 0xff, 0xff, 0xff, 0xff, 0xff,
    0xfd, 0x0, 0x0, 0x0, 0x0, 0x0, 0x0, 0x0,
    0x0, 0x0, 0x0, 0x0,

    /* U+F095 "" */
    0x0, 0x0, 0x0, 0x0, 0x0, 0x0, 0x0, 0x0,
    0x0, 0x0, 0x0, 0x0, 0x0, 0x0, 0x0, 0x0,
    0x0, 0x0, 0x6, 0x90, 0x0, 0x0, 0x0, 0x0,
    0x0, 0x0, 0x0, 0x0, 0x0, 0x7f, 0xfe, 0x40,
    0x0, 0x0, 0x0, 0x0, 0x0, 0x0, 0x0, 0x3,
    0xff, 0xff, 0xf8, 0x0, 0x0, 0x0, 0x0, 0x0,
    0x0, 0x0, 0xf, 0xff, 0xff, 0xfc, 0x0, 0x0,
    0x0, 0x0, 0x0, 0x0, 0x0, 0xbf, 0xff, 0xff,
    0xf0, 0x0, 0x0, 0x0, 0x0, 0x0, 0x0, 0x3,
    0xff, 0xff, 0xff, 0xc0, 0x0, 0x0, 0x0, 0x0,
    0x0, 0x0, 0x1f, 0xff, 0xff, 0xff, 0x0, 0x0,
    0x0, 0x0, 0x0, 0x0, 0x0, 0xff, 0xff, 0xff,
    0xfc, 0x0, 0x0, 0x0, 0x0, 0x0, 0x0, 0x7,
    0xff, 0xff, 0xff, 0xf0, 0x0, 0x0, 0x0, 0x0,
    0x0, 0x0, 0x3f, 0xff, 0xff, 0xff, 0x80, 0x0,
    0x0, 0x0, 0x0, 0x0, 0x0, 0xff, 0xff, 0xff,
    0xfd, 0x0, 0x0, 0x0, 0x0, 0x0, 0x0, 0x7,
    0xff, 0xff, 0xff, 0xf4, 0x0, 0x0, 0x0, 0x0,
    0x0, 0x0, 0xf, 0xff, 0xff, 0xff, 0xc0, 0x0,
    0x0, 0x0, 0x0, 0x0, 0x0, 0xf, 0xff, 0xff,
    0xff, 0x0, 0x0, 0x0, 0x0, 0x0, 0x0, 0x0,
    0xb, 0xff, 0xff, 0xf8, 0x0, 0x0, 0x0, 0x0,
    0x0, 0x0, 0x0, 0xb, 0xff, 0xff, 0xd0, 0x0,
    0x0, 0x0, 0x0, 0x0, 0x0, 0x0, 0x7, 0xff,
    0xff, 0x0, 0x0, 0x0, 0x0, 0x0, 0x0, 0x0,
    0x0, 0xf, 0xff, 0xf8, 0x0, 0x0, 0x0, 0x0,
    0x0, 0x0, 0x0, 0x0, 0xbf, 0xff, 0xd0, 0x0,
    0x0, 0x0, 0x0, 0x0, 0x0, 0x0, 0x3, 0xff,
    0xff, 0x0, 0x0, 0x0, 0x0, 0x0, 0x0, 0x0,
    0x0, 0x2f, 0xff, 0xf4, 0x0, 0x0, 0x0, 0x0,
    0x0, 0x0, 0x0, 0x1, 0xff, 0xff, 0xc0, 0x0,
    0x0, 0x0, 0x0, 0x0, 0x0, 0x0, 0xf, 0xff,
    0xfd, 0x0, 0x0, 0x0, 0x0, 0x0, 0x0, 0x0,
    0x0, 0xff, 0xff, 0xf0, 0x0, 0x0, 0x0, 0x0,
    0x0, 0x0, 0x0, 0xb, 0xff, 0xff, 0x0, 0x0,
    0x0, 0x0, 0x0, 0x0, 0x0, 0x0, 0xbf, 0xff,
    0xf8, 0x0, 0x0, 0x0, 0x2, 0xf8, 0x0, 0x0,
    0xb, 0xff, 0xff, 0xc0, 0x0, 0x0, 0x1, 0xbf,
    0xf4, 0x0, 0x0, 0xff, 0xff, 0xfc, 0x0, 0x0,
    0x0, 0x7f, 0xff, 0xf4, 0x0, 0x1f, 0xff, 0xff,
    0xc0, 0x0, 0x0, 0x2f, 0xff, 0xff, 0xf0, 0x2,
    0xff, 0xff, 0xfd, 0x0, 0x0, 0xb, 0xff, 0xff,
    0xff, 0xf0, 0x7f, 0xff, 0xff, 0xd0, 0x0, 0x0,
    0x3f, 0xff, 0xff, 0xff, 0xff, 0xff, 0xff, 0xfd,
    0x0, 0x0, 0x0, 0xff, 0xff, 0xff, 0xff, 0xff,
    0xff, 0xff, 0xd0, 0x0, 0x0, 0x2, 0xff, 0xff,
    0xff, 0xff, 0xff, 0xff, 0xfd, 0x0, 0x0, 0x0,
    0x7, 0xff, 0xff, 0xff, 0xff, 0xff, 0xff, 0xc0,
    0x0, 0x0, 0x0, 0xf, 0xff, 0xff, 0xff, 0xff,
    0xff, 0xf8, 0x0, 0x0, 0x0, 0x0, 0x3f, 0xff,
    0xff, 0xff, 0xff, 0xff, 0x40, 0x0, 0x0, 0x0,
    0x0, 0xbf, 0xff, 0xff, 0xff, 0xff, 0xd0, 0x0,
    0x0, 0x0, 0x0, 0x1, 0xff, 0xff, 0xff, 0xff,
    0xf8, 0x0, 0x0, 0x0, 0x0, 0x0, 0x3, 0xff,
    0xff, 0xff, 0xfd, 0x0, 0x0, 0x0, 0x0, 0x0,
    0x0, 0xf, 0xff, 0xff, 0xfe, 0x0, 0x0, 0x0,
    0x0, 0x0, 0x0, 0x0, 0x2f, 0xff, 0xe9, 0x0,
    0x0, 0x0, 0x0, 0x0, 0x0, 0x0, 0x0, 0x0,
    0x0, 0x0, 0x0, 0x0, 0x0, 0x0, 0x0, 0x0,
    0x0,

    /* U+F0C4 "" */
    0x0, 0x0, 0x0, 0x0, 0x0, 0x0, 0x0, 0x0,
    0x0, 0x0, 0x6, 0xff, 0x80, 0x0, 0x0, 0x0,
    0x0, 0x0, 0x0, 0x3, 0xff, 0xff, 0x80, 0x0,
    0x0, 0x0, 0x1b, 0xa0, 0x0, 0xff, 0xff, 0xfe,
    0x0, 0x0, 0x0, 0x1f, 0xff, 0xe0, 0x2f, 0xff,
    0xff, 0xf4, 0x0, 0x0, 0x7, 0xff, 0xff, 0x87,
    0xff, 0xff, 0xff, 0xc0, 0x0, 0x1, 0xff, 0xff,
    0xf8, 0xbf, 0xf8, 0x7f, 0xfd, 0x0, 0x0, 0x7f,
    0xff, 0xfe, 0xf, 0xfe, 0x0, 0xff, 0xe0, 0x0,
    0x1f, 0xff, 0xff, 0x80, 0xff, 0xd0, 0xb, 0xfe,
    0x0, 0x7, 0xff, 0xff, 0xe0, 0xf, 0xfd, 0x0,
    0xbf, 0xe0, 0x1, 0xff, 0xff, 0xf8, 0x0, 0xff,
    0xf0, 0xf, 0xfe, 0x0, 0x7f, 0xff, 0xfe, 0x0,
    0xb, 0xff, 0xdb, 0xff, 0xd0, 0x1f, 0xff, 0xff,
    0x80, 0x0, 0x3f, 0xff, 0xff, 0xff, 0x7, 0xff,
    0xff, 0xe0, 0x0, 0x2, 0xff, 0xff, 0xff, 0xfd,
    0xff, 0xff, 0xf8, 0x0, 0x0, 0xb, 0xff, 0xff,
    0xff, 0xff, 0xff, 0xfe, 0x0, 0x0, 0x0, 0x1f,
    0xff, 0xff, 0xff, 0xff, 0xff, 0x80, 0x0, 0x0,
    0x0, 0x1b, 0xff, 0xff, 0xff, 0xff, 0xe0, 0x0,
    0x0, 0x0, 0x0, 0x1, 0xff, 0xff, 0xff, 0xf8,
    0x0, 0x0, 0x0, 0x0, 0x0, 0x7, 0xff, 0xff,
    0xfe, 0x0, 0x0, 0x0, 0x0, 0x0, 0x0, 0x2f,
    0xff, 0xff, 0xc0, 0x0, 0x0, 0x0, 0x0, 0x0,
    0xb, 0xff, 0xff, 0xff, 0x0, 0x0, 0x0, 0x0,
    0x0, 0x2, 0xff, 0xff, 0xff, 0xfc, 0x0, 0x0,
    0x0, 0x0, 0x6f, 0xff, 0xff, 0xff, 0xff, 0xf0,
    0x0, 0x0, 0x0, 0x3f, 0xff, 0xff, 0xff, 0xff,
    0xff, 0xc0, 0x0, 0x0, 0xf, 0xff, 0xff, 0xff,
    0xff, 0xff, 0xff, 0x0, 0x0, 0x2, 0xff, 0xff,
    0xff, 0xf8, 0xff, 0xff, 0xfc, 0x0, 0x0, 0x7f,
    0xff, 0xff, 0xfe, 0x3, 0xff, 0xff, 0xf0, 0x0,
    0xb, 0xff, 0x87, 0xff, 0xd0, 0xf, 0xff, 0xff,
    0xc0, 0x0, 0xff, 0xe0, 0xf, 0xfe, 0x0, 0x3f,
    0xff, 0xff, 0x0, 0xf, 0xfd, 0x0, 0xbf, 0xe0,
    0x0, 0xff, 0xff, 0xfc, 0x0, 0xff, 0xd0, 0xb,
    0xfe, 0x0, 0x3, 0xff, 0xff, 0xf0, 0xf, 0xff,
    0x0, 0xff, 0xe0, 0x0, 0xf, 0xff, 0xff, 0xc0,
    0xbf, 0xfd, 0xbf, 0xfd, 0x0, 0x0, 0x3f, 0xff,
    0xff, 0x3, 0xff, 0xff, 0xff, 0xc0, 0x0, 0x0,
    0xff, 0xff, 0xf8, 0x2f, 0xff, 0xff, 0xf4, 0x0,
    0x0, 0x3, 0xff, 0xff, 0x40, 0xbf, 0xff, 0xfd,
    0x0, 0x0, 0x0, 0xf, 0xff, 0xd0, 0x1, 0xff,
    0xff, 0x40, 0x0, 0x0, 0x0, 0x6, 0x40, 0x0,
    0x1, 0xbe, 0x40, 0x0, 0x0, 0x0, 0x0, 0x0,
    0x0,

    /* U+F0C5 "" */
    0x0, 0x0, 0x2, 0xff, 0xff, 0xff, 0xf0, 0x34,
    0x0, 0x0, 0x0, 0x2, 0xff, 0xff, 0xff, 0xfc,
    0xf, 0x80, 0x0, 0x0, 0x0, 0xbf, 0xff, 0xff,
    0xff, 0x3, 0xf8, 0x0, 0x0, 0x0, 0x2f, 0xff,
    0xff, 0xff, 0xc0, 0xff, 0x80, 0x0, 0x0, 0xb,
    0xff, 0xff, 0xff, 0xf0, 0x3f, 0xf8, 0x0, 0x0,
    0x2, 0xff, 0xff, 0xff, 0xfc, 0xf, 0xff, 0x80,
    0x0, 0x0, 0xbf, 0xff, 0xff, 0xff, 0x3, 0xff,
    0xf4, 0x0, 0x0, 0x2f, 0xff, 0xff, 0xff, 0xc0,
    0xff, 0xff, 0x7f, 0xff, 0xb, 0xff, 0xff, 0xff,
    0xf0, 0x0, 0x0, 0x3f, 0xff, 0xc2, 0xff, 0xff,
    0xff, 0xfc, 0x0, 0x0, 0xf, 0xff, 0xf0, 0xbf,
    0xff, 0xff, 0xff, 0xc0, 0x0, 0x3, 0xff, 0xfc,
    0x2f, 0xff, 0xff, 0xff, 0xff, 0xff, 0xff, 0xff,
    0xff, 0xb, 0xff, 0xff, 0xff, 0xff, 0xff, 0xff,
    0xff, 0xff, 0xc2, 0xff, 0xff, 0xff, 0xff, 0xff,
    0xff, 0xff, 0xff, 0xf0, 0xbf, 0xff, 0xff, 0xff,
    0xff, 0xff, 0xff, 0xff, 0xfc, 0x2f, 0xff, 0xff,
    0xff, 0xff, 0xff, 0xff, 0xff, 0xff, 0xb, 0xff,
    0xff, 0xff, 0xff, 0xff, 0xff, 0xff, 0xff, 0xc2,
    0xff, 0xff, 0xff, 0xff, 0xff, 0xff, 0xff, 0xff,
    0xf0, 0xbf, 0xff, 0xff, 0xff, 0xff, 0xff, 0xff,
    0xff, 0xfc, 0x2f, 0xff, 0xff, 0xff, 0xff, 0xff,
    0xff, 0xff, 0xff, 0xb, 0xff, 0xff, 0xff, 0xff,
    0xff, 0xff, 0xff, 0xff, 0xc2, 0xff, 0xff, 0xff,
    0xff, 0xff, 0xff, 0xff, 0xff, 0xf0, 0xbf, 0xff,
    0xff, 0xff, 0xff, 0xff, 0xff, 0xff, 0xfc, 0x2f,
    0xff, 0xff, 0xff, 0xff, 0xff, 0xff, 0xff, 0xff,
    0xb, 0xff, 0xff, 0xff, 0xff, 0xff, 0xff, 0xff,
    0xff, 0xc2, 0xff, 0xff, 0xff, 0xff, 0xff, 0xff,
    0xff, 0xff, 0xf0, 0xbf, 0xff, 0xff, 0xff, 0xff,
    0xff, 0xff, 0xff, 0xfc, 0x2f, 0xff, 0xff, 0xff,
    0xff, 0xff, 0xff, 0xff, 0xff, 0xb, 0xff, 0xff,
    0xff, 0xff, 0xff, 0xff, 0xff, 0xff, 0xc2, 0xff,
    0xff, 0xff, 0xff, 0xff, 0xff, 0xff, 0xff, 0xf0,
    0xbf, 0xff, 0xff, 0xff, 0xff, 0xff, 0xff, 0xff,
    0xfc, 0x2f, 0xff, 0xff, 0xff, 0xff, 0xff, 0xff,
    0xff, 0xff, 0xb, 0xff, 0xff, 0xff, 0xff, 0xff,
    0xff, 0xff, 0xff, 0xc1, 0xff, 0xff, 0xff, 0xff,
    0xff, 0xff, 0xef, 0xff, 0xf4, 0x1a, 0xaa, 0xaa,
    0xaa, 0xaa, 0xaa, 0x93, 0xff, 0xff, 0x0, 0x0,
    0x0, 0x0, 0x0, 0x0, 0x0, 0xff, 0xff, 0xf4,
    0x0, 0x0, 0x0, 0x0, 0x0, 0x0, 0x3f, 0xff,
    0xff, 0xff, 0xff, 0xff, 0xfc, 0x0, 0x0, 0xf,
    0xff, 0xff, 0xff, 0xff, 0xff, 0xff, 0x0, 0x0,
    0x3, 0xff, 0xff, 0xff, 0xff, 0xff, 0xff, 0xc0,
    0x0, 0x0, 0xff, 0xff, 0xff, 0xff, 0xff, 0xff,
    0xf0, 0x0, 0x0, 0x2f, 0xff, 0xff, 0xff, 0xff,
    0xff, 0xf8, 0x0, 0x0, 0x0, 0x55, 0x55, 0x55,
    0x55, 0x55, 0x50, 0x0, 0x0, 0x0,

    /* U+F0C7 "" */
    0x0, 0x0, 0x0, 0x0, 0x0, 0x0, 0x0, 0x0,
    0x0, 0x7, 0xff, 0xff, 0xff, 0xff, 0xff, 0xff,
    0x80, 0x0, 0x3, 0xff, 0xff, 0xff, 0xff, 0xff,
    0xff, 0xfc, 0x0, 0x3, 0xff, 0xff, 0xff, 0xff,
    0xff, 0xff, 0xff, 0xc0, 0x0, 0xff, 0xff, 0xff,
    0xff, 0xff, 0xff, 0xff, 0xfc, 0x0, 0x3f, 0xff,
    0xff, 0xff, 0xff, 0xff, 0xff, 0xff, 0xc0, 0xf,
    0xfe, 0x0, 0x0, 0x0, 0x0, 0x2, 0xff, 0xfc,
    0x3, 0xff, 0x40, 0x0, 0x0, 0x0, 0x0, 0x3f,
    0xff, 0xc0, 0xff, 0xd0, 0x0, 0x0, 0x0, 0x0,
    0xf, 0xff, 0xfc, 0x3f, 0xf4, 0x0, 0x0, 0x0,
    0x0, 0x3, 0xff, 0xff, 0xcf, 0xfd, 0x0, 0x0,
    0x0, 0x0, 0x0, 0xff, 0xff, 0xf7, 0xff, 0x40,
    0x0, 0x0, 0x0, 0x0, 0x3f, 0xff, 0xfe, 0xff,
    0xd0, 0x0, 0x0, 0x0, 0x0, 0xf, 0xff, 0xff,
    0xbf, 0xf4, 0x0, 0x0, 0x0, 0x0, 0x3, 0xff,
    0xff, 0xef, 0xfd, 0x0, 0x0, 0x0, 0x0, 0x0,
    0xff, 0xff, 0xfb, 0xff, 0x40, 0x0, 0x0, 0x0,
    0x0, 0x3f, 0xff, 0xfe, 0xff, 0xe5, 0x55, 0x55,
    0x55, 0x55, 0x5f, 0xff, 0xff, 0xbf, 0xff, 0xff,
    0xff, 0xff, 0xff, 0xff, 0xff, 0xff, 0xef, 0xff,
    0xff, 0xff, 0xff, 0xff, 0xff, 0xff, 0xff, 0xfb,
    0xff, 0xff, 0xff, 0xff, 0xff, 0xff, 0xff, 0xff,
    0xfe, 0xff, 0xff, 0xff, 0xff, 0xff, 0xff, 0xff,
    0xff, 0xff, 0xbf, 0xff, 0xff, 0xff, 0xff, 0xff,
    0xff, 0xff, 0xff, 0xef, 0xff, 0xff, 0xff, 0xf4,
    0x7, 0xff, 0xff, 0xff, 0xfb, 0xff, 0xff, 0xff,
    0xe0, 0x0, 0x3f, 0xff, 0xff, 0xfe, 0xff, 0xff,
    0xff, 0xf0, 0x0, 0x7, 0xff, 0xff, 0xff, 0xbf,
    0xff, 0xff, 0xf4, 0x0, 0x0, 0xff, 0xff, 0xff,
    0xef, 0xff, 0xff, 0xfc, 0x0, 0x0, 0x2f, 0xff,
    0xff, 0xfb, 0xff, 0xff, 0xff, 0x0, 0x0, 0xb,
    0xff, 0xff, 0xfe, 0xff, 0xff, 0xff, 0xd0, 0x0,
    0x2, 0xff, 0xff, 0xff, 0xbf, 0xff, 0xff, 0xf8,
    0x0, 0x0, 0xff, 0xff, 0xff, 0xef, 0xff, 0xff,
    0xff, 0x0, 0x0, 0xbf, 0xff, 0xff, 0xfb, 0xff,
    0xff, 0xff, 0xf0, 0x0, 0xbf, 0xff, 0xff, 0xfe,
    0xff, 0xff, 0xff, 0xff, 0x96, 0xff, 0xff, 0xff,
    0xff, 0xbf, 0xff, 0xff, 0xff, 0xff, 0xff, 0xff,
    0xff, 0xff, 0xef, 0xff, 0xff, 0xff, 0xff, 0xff,
    0xff, 0xff, 0xff, 0xfa, 0xff, 0xff, 0xff, 0xff,
    0xff, 0xff, 0xff, 0xff, 0xfc, 0x3f, 0xff, 0xff,
    0xff, 0xff, 0xff, 0xff, 0xff, 0xfe, 0x2, 0xff,
    0xff, 0xff, 0xff, 0xff, 0xff, 0xff, 0xf9, 0x0,

    /* U+F0C9 "" */
    0xbf, 0xff, 0xff, 0xff, 0xff, 0xff, 0xff, 0xff,
    0xff, 0x7f, 0xff, 0xff, 0xff, 0xff, 0xff, 0xff,
    0xff, 0xff, 0xef, 0xff, 0xff, 0xff, 0xff, 0xff,
    0xff, 0xff, 0xff, 0xff, 0xff, 0xff, 0xff, 0xff,
    0xff, 0xff, 0xff, 0xff, 0xff, 0xff, 0xff, 0xff,
    0xff, 0xff, 0xff, 0xff, 0xff, 0xff, 0xaf, 0xff,
    0xff, 0xff, 0xff, 0xff, 0xff, 0xff, 0xff, 0xd0,
    0x0, 0x0, 0x0, 0x0, 0x0, 0x0, 0x0, 0x0,
    0x0, 0x0, 0x0, 0x0, 0x0, 0x0, 0x0, 0x0,
    0x0, 0x0, 0x0, 0x0, 0x0, 0x0, 0x0, 0x0,
    0x0, 0x0, 0x0, 0x0, 0x0, 0x0, 0x0, 0x0,
    0x0, 0x0, 0x0, 0x0, 0x0, 0x0, 0x0, 0x0,
    0x0, 0x0, 0x0, 0x0, 0x0, 0x0, 0x0, 0x0,
    0x0, 0x0, 0x0, 0x0, 0x0, 0x0, 0x0, 0x0,
    0x0, 0x0, 0x0, 0x0, 0x0, 0x0, 0x0, 0x0,
    0x2f, 0xff, 0xff, 0xff, 0xff, 0xff, 0xff, 0xff,
    0xff, 0xdf, 0xff, 0xff, 0xff, 0xff, 0xff, 0xff,
    0xff, 0xff, 0xfb, 0xff, 0xff, 0xff, 0xff, 0xff,
    0xff, 0xff, 0xff, 0xff, 0xff, 0xff, 0xff, 0xff,
    0xff, 0xff, 0xff, 0xff, 0xff, 0xff, 0xff, 0xff,
    0xff, 0xff, 0xff, 0xff, 0xff, 0xff, 0xeb, 0xff,
    0xff, 0xff, 0xff, 0xff, 0xff, 0xff, 0xff, 0xf4,
    0x0, 0x0, 0x0, 0x0, 0x0, 0x0, 0x0, 0x0,
    0x0, 0x0, 0x0, 0x0, 0x0, 0x0, 0x0, 0x0,
    0x0, 0x0, 0x0, 0x0, 0x0, 0x0, 0x0, 0x0,
    0x0, 0x0, 0x0, 0x0, 0x0, 0x0, 0x0, 0x0,
    0x0, 0x0, 0x0, 0x0, 0x0, 0x0, 0x0, 0x0,
    0x0, 0x0, 0x0, 0x0, 0x0, 0x0, 0x0, 0x0,
    0x0, 0x0, 0x0, 0x0, 0x0, 0x0, 0x0, 0x0,
    0x0, 0x0, 0x0, 0x0, 0x0, 0x0, 0x0, 0x0,
    0x7, 0xff, 0xff, 0xff, 0xff, 0xff, 0xff, 0xff,
    0xff, 0xf7, 0xff, 0xff, 0xff, 0xff, 0xff, 0xff,
    0xff, 0xff, 0xfe, 0xff, 0xff, 0xff, 0xff, 0xff,
    0xff, 0xff, 0xff, 0xff, 0xff, 0xff, 0xff, 0xff,
    0xff, 0xff, 0xff, 0xff, 0xff, 0xff, 0xff, 0xff,
    0xff, 0xff, 0xff, 0xff, 0xff, 0xff, 0xfa, 0xff,
    0xff, 0xff, 0xff, 0xff, 0xff, 0xff, 0xff, 0xfd,
    0x0, 0x0, 0x0, 0x0, 0x0, 0x0, 0x0, 0x0,
    0x0, 0x0,

    /* U+F0E0 "" */
    0x0, 0x55, 0x55, 0x55, 0x55, 0x55, 0x55, 0x55,
    0x55, 0x50, 0x1, 0xff, 0xff, 0xff, 0xff, 0xff,
    0xff, 0xff, 0xff, 0xff, 0xf4, 0x7f, 0xff, 0xff,
    0xff, 0xff, 0xff, 0xff, 0xff, 0xff, 0xff, 0xdf,
    0xff, 0xff, 0xff, 0xff, 0xff, 0xff, 0xff, 0xff,
    0xff, 0xff, 0xff, 0xff, 0xff, 0xff, 0xff, 0xff,
    0xff, 0xff, 0xff, 0xff, 0xff, 0xff, 0xff, 0xff,
    0xff, 0xff, 0xff, 0xff, 0xff, 0xff, 0xff, 0xff,
    0xff, 0xff, 0xff, 0xff, 0xff, 0xff, 0xff, 0xff,
    0xff, 0xf7, 0xff, 0xff, 0xff, 0xff, 0xff, 0xff,
    0xff, 0xff, 0xff, 0xfd, 0x1f, 0xff, 0xff, 0xff,
    0xff, 0xff, 0xff, 0xff, 0xff, 0xff, 0x40, 0x3f,
    0xff, 0xff, 0xff, 0xff, 0xff, 0xff, 0xff, 0xff,
    0xc0, 0x0, 0xbf, 0xff, 0xff, 0xff, 0xff, 0xff,
    0xff, 0xff, 0xe0, 0xd, 0x1, 0xff, 0xff, 0xff,
    0xff, 0xff, 0xff, 0xff, 0xf4, 0xb, 0xf8, 0x3,
    0xff, 0xff, 0xff, 0xff, 0xff, 0xff, 0xfc, 0x3,
    0xff, 0xf0, 0xb, 0xff, 0xff, 0xff, 0xff, 0xff,
    0xfe, 0x1, 0xff, 0xff, 0xd0, 0x1f, 0xff, 0xff,
    0xff, 0xff, 0xff, 0x40, 0xbf, 0xff, 0xff, 0x80,
    0x3f, 0xff, 0xff, 0xff, 0xff, 0xc0, 0x3f, 0xff,
    0xff, 0xff, 0x40, 0xbf, 0xff, 0xff, 0xff, 0xe0,
    0x1f, 0xff, 0xff, 0xff, 0xfe, 0x1, 0xff, 0xff,
    0xff, 0xf4, 0xb, 0xff, 0xff, 0xff, 0xff, 0xfc,
    0x2, 0xff, 0xff, 0xf8, 0x3, 0xff, 0xff, 0xff,
    0xff, 0xff, 0xf4, 0x7, 0xff, 0xfd, 0x1, 0xff,
    0xff, 0xff, 0xff, 0xff, 0xff, 0xe0, 0xf, 0xff,
    0x0, 0xbf, 0xff, 0xff, 0xff, 0xff, 0xff, 0xff,
    0xc0, 0x1a, 0x40, 0x3f, 0xff, 0xff, 0xff, 0xff,
    0xff, 0xff, 0xff, 0x80, 0x0, 0x2f, 0xff, 0xff,
    0xff, 0xff, 0xff, 0xff, 0xff, 0xff, 0x40, 0x1f,
    0xff, 0xff, 0xff, 0xff, 0xff, 0xff, 0xff, 0xff,
    0xff, 0xff, 0xff, 0xff, 0xff, 0xff, 0xff, 0xff,
    0xff, 0xff, 0xff, 0xff, 0xff, 0xff, 0xff, 0xff,
    0xff, 0xff, 0xff, 0xff, 0xff, 0xff, 0xff, 0xff,
    0xff, 0xff, 0xff, 0xff, 0xff, 0xff, 0xff, 0xff,
    0xff, 0xff, 0xff, 0xff, 0xff, 0xff, 0xff, 0xff,
    0xff, 0xff, 0xff, 0xff, 0xff, 0xff, 0xff, 0xff,
    0xfb, 0xff, 0xff, 0xff, 0xff, 0xff, 0xff, 0xff,
    0xff, 0xff, 0xfe, 0x3f, 0xff, 0xff, 0xff, 0xff,
    0xff, 0xff, 0xff, 0xff, 0xff, 0xc0, 0xbf, 0xff,
    0xff, 0xff, 0xff, 0xff, 0xff, 0xff, 0xff, 0xe0,

    /* U+F0E7 "" */
    0x0, 0x6a, 0xaa, 0xaa, 0xa4, 0x0, 0x0, 0x0,
    0xff, 0xff, 0xff, 0xfc, 0x0, 0x0, 0x1, 0xff,
    0xff, 0xff, 0xfd, 0x0, 0x0, 0x2, 0xff, 0xff,
    0xff, 0xfc, 0x0, 0x0, 0x2, 0xff, 0xff, 0xff,
    0xf8, 0x0, 0x0, 0x3, 0xff, 0xff, 0xff, 0xf4,
    0x0, 0x0, 0x3, 0xff, 0xff, 0xff, 0xf0, 0x0,
    0x0, 0x3, 0xff, 0xff, 0xff, 0xf0, 0x0, 0x0,
    0x3, 0xff, 0xff, 0xff, 0xd0, 0x0, 0x0, 0x7,
    0xff, 0xff, 0xff, 0xc0, 0x0, 0x0, 0xb, 0xff,
    0xff, 0xff, 0xc0, 0x0, 0x0, 0xb, 0xff, 0xff,
    0xff, 0x40, 0x0, 0x0, 0xf, 0xff, 0xff, 0xff,
    0x0, 0x0, 0x0, 0xf, 0xff, 0xff, 0xff, 0xaa,
    0xaa, 0x90, 0xf, 0xff, 0xff, 0xff, 0xff, 0xff,
    0xfc, 0xf, 0xff, 0xff, 0xff, 0xff, 0xff, 0xfc,
    0x1f, 0xff, 0xff, 0xff, 0xff, 0xff, 0xfc, 0x1f,
    0xff, 0xff, 0xff, 0xff, 0xff, 0xf4, 0x2f, 0xff,
    0xff, 0xff, 0xff, 0xff, 0xf0, 0x2f, 0xff, 0xff,
    0xff, 0xff, 0xff, 0xc0, 0x3f, 0xff, 0xff, 0xff,
    0xff, 0xff, 0x80, 0x3f, 0xff, 0xff, 0xff, 0xff,
    0xff, 0x0, 0x3f, 0xff, 0xff, 0xff, 0xff, 0xfd,
    0x0, 0xf, 0xff, 0xff, 0xff, 0xff, 0xfc, 0x0,
    0x0, 0x0, 0x0, 0x7f, 0xff, 0xf4, 0x0, 0x0,
    0x0, 0x0, 0xbf, 0xff, 0xe0, 0x0, 0x0, 0x0,
    0x0, 0xff, 0xff, 0xc0, 0x0, 0x0, 0x0, 0x0,
    0xff, 0xff, 0x80, 0x0, 0x0, 0x0, 0x1, 0xff,
    0xff, 0x0, 0x0, 0x0, 0x0, 0x2, 0xff, 0xfd,
    0x0, 0x0, 0x0, 0x0, 0x3, 0xff, 0xfc, 0x0,
    0x0, 0x0, 0x0, 0x3, 0xff, 0xf4, 0x0, 0x0,
    0x0, 0x0, 0x7, 0xff, 0xe0, 0x0, 0x0, 0x0,
    0x0, 0xb, 0xff, 0xc0, 0x0, 0x0, 0x0, 0x0,
    0xf, 0xff, 0x80, 0x0, 0x0, 0x0, 0x0, 0xf,
    0xff, 0x0, 0x0, 0x0, 0x0, 0x0, 0xf, 0xfd,
    0x0, 0x0, 0x0, 0x0, 0x0, 0x1f, 0xfc, 0x0,
    0x0, 0x0, 0x0, 0x0, 0x2f, 0xf0, 0x0, 0x0,
    0x0, 0x0, 0x0, 0x3f, 0xe0, 0x0, 0x0, 0x0,
    0x0, 0x0, 0x3f, 0xc0, 0x0, 0x0, 0x0, 0x0,
    0x0, 0x2f, 0x40, 0x0, 0x0, 0x0, 0x0, 0x0,
    0x4, 0x0, 0x0, 0x0, 0x0,

    /* U+F0EA "" */
    0x0, 0x0, 0x2, 0xf9, 0x0, 0x0, 0x0, 0x0,
    0x0, 0x0, 0x0, 0x7, 0xff, 0xe0, 0x0, 0x0,
    0x0, 0x0, 0x0, 0x0, 0x7, 0xff, 0xfd, 0x0,
    0x0, 0x0, 0x0, 0x1, 0xff, 0xff, 0xfe, 0xbf,
    0xff, 0xff, 0x80, 0x0, 0x0, 0xff, 0xff, 0xfd,
    0x7, 0xff, 0xff, 0xf0, 0x0, 0x0, 0x3f, 0xff,
    0xff, 0x0, 0xff, 0xff, 0xfc, 0x0, 0x0, 0xf,
    0xff, 0xff, 0xd0, 0x3f, 0xff, 0xff, 0x0, 0x0,
    0x3, 0xff, 0xff, 0xfd, 0x7f, 0xff, 0xff, 0xc0,
    0x0, 0x0, 0xff, 0xff, 0xff, 0xff, 0xff, 0xff,
    0xf0, 0x0, 0x0, 0x3f, 0xff, 0xff, 0xff, 0xff,
    0xff, 0xfc, 0x0, 0x0, 0xf, 0xff, 0xff, 0xff,
    0xff, 0xff, 0xff, 0x0, 0x0, 0x3, 0xff, 0xff,
    0xff, 0x40, 0x0, 0x0, 0x0, 0x0, 0x0, 0xff,
    0xff, 0xfe, 0x0, 0x0, 0x0, 0x0, 0x0, 0x0,
    0x3f, 0xff, 0xff, 0x2, 0xff, 0xff, 0xfc, 0xd,
    0x0, 0xf, 0xff, 0xff, 0x83, 0xff, 0xff, 0xff,
    0x3, 0xe0, 0x3, 0xff, 0xff, 0xe0, 0xff, 0xff,
    0xff, 0xc0, 0xfe, 0x0, 0xff, 0xff, 0xf8, 0x3f,
    0xff, 0xff, 0xf0, 0x3f, 0xe0, 0x3f, 0xff, 0xfe,
    0xf, 0xff, 0xff, 0xfc, 0xf, 0xfe, 0xf, 0xff,
    0xff, 0x83, 0xff, 0xff, 0xff, 0x3, 0xff, 0xe3,
    0xff, 0xff, 0xe0, 0xff, 0xff, 0xff, 0xc0, 0xff,
    0xfd, 0xff, 0xff, 0xf8, 0x3f, 0xff, 0xff, 0xf0,
    0x3f, 0xff, 0xff, 0xff, 0xfe, 0xf, 0xff, 0xff,
    0xfc, 0x0, 0x0, 0xf, 0xff, 0xff, 0x83, 0xff,
    0xff, 0xff, 0x40, 0x0, 0x3, 0xff, 0xff, 0xe0,
    0xff, 0xff, 0xff, 0xf4, 0x0, 0x0, 0xff, 0xff,
    0xf8, 0x3f, 0xff, 0xff, 0xff, 0xff, 0xff, 0xff,
    0xff, 0xfe, 0xf, 0xff, 0xff, 0xff, 0xff, 0xff,
    0xff, 0xff, 0xff, 0x83, 0xff, 0xff, 0xff, 0xff,
    0xff, 0xff, 0xff, 0xff, 0xe0, 0xff, 0xff, 0xff,
    0xff, 0xff, 0xff, 0xff, 0xff, 0xf8, 0x3f, 0xff,
    0xff, 0xff, 0xff, 0xff, 0xff, 0xff, 0xfe, 0xf,
    0xff, 0xff, 0xff, 0xff, 0xff, 0xff, 0xff, 0xff,
    0x83, 0xff, 0xff, 0xff, 0xff, 0xff, 0xff, 0xff,
    0xff, 0xe0, 0xff, 0xff, 0xff, 0xff, 0xff, 0xff,
    0xff, 0xff, 0xf8, 0x3f, 0xff, 0xff, 0xff, 0xff,
    0xff, 0xef, 0xff, 0xfe, 0xf, 0xff, 0xff, 0xff,
    0xff, 0xff, 0xf1, 0x55, 0x55, 0x3, 0xff, 0xff,
    0xff, 0xff, 0xff, 0xfc, 0x0, 0x0, 0x0, 0xff,
    0xff, 0xff, 0xff, 0xff, 0xff, 0x0, 0x0, 0x0,
    0x3f, 0xff, 0xff, 0xff, 0xff, 0xff, 0xc0, 0x0,
    0x0, 0xf, 0xff, 0xff, 0xff, 0xff, 0xff, 0xf0,
    0x0, 0x0, 0x3, 0xff, 0xff, 0xff, 0xff, 0xff,
    0xfc, 0x0, 0x0, 0x0, 0xff, 0xff, 0xff, 0xff,
    0xff, 0xff, 0x0, 0x0, 0x0, 0x3f, 0xff, 0xff,
    0xff, 0xff, 0xff, 0x80, 0x0, 0x0, 0x7, 0xff,
    0xff, 0xff, 0xff, 0xff, 0xd0, 0x0, 0x0, 0x0,
    0x5, 0x55, 0x55, 0x55, 0x55, 0x0,

    /* U+F0F3 "" */
    0x0, 0x0, 0x0, 0x0, 0x2e, 0x0, 0x0, 0x0,
    0x0, 0x0, 0x0, 0x0, 0x0, 0x3f, 0xe0, 0x0,
    0x0, 0x0, 0x0, 0x0, 0x0, 0x0, 0xf, 0xfc,
    0x0, 0x0, 0x0, 0x0, 0x0, 0x0, 0x0, 0x7,
    0xff, 0x0, 0x0, 0x0, 0x0, 0x0, 0x0, 0x0,
    0x6, 0xff, 0xd0, 0x0, 0x0, 0x0, 0x0, 0x0,
    0x0, 0x1f, 0xff, 0xff, 0xd0, 0x0, 0x0, 0x0,
    0x0, 0x0, 0x7f, 0xff, 0xff, 0xff, 0x0, 0x0,
    0x0, 0x0, 0x0, 0x7f, 0xff, 0xff, 0xff, 0xf4,
    0x0, 0x0, 0x0, 0x0, 0x7f, 0xff, 0xff, 0xff,
    0xff, 0x40, 0x0, 0x0, 0x0, 0x7f, 0xff, 0xff,
    0xff, 0xff, 0xf0, 0x0, 0x0, 0x0, 0x3f, 0xff,
    0xff, 0xff, 0xff, 0xfe, 0x0, 0x0, 0x0, 0x1f,
    0xff, 0xff, 0xff, 0xff, 0xff, 0xc0, 0x0, 0x0,
    0xf, 0xff, 0xff, 0xff, 0xff, 0xff, 0xf8, 0x0,
    0x0, 0x3, 0xff, 0xff, 0xff, 0xff, 0xff, 0xff,
    0x0, 0x0, 0x1, 0xff, 0xff, 0xff, 0xff, 0xff,
    0xff, 0xc0, 0x0, 0x0, 0xbf, 0xff, 0xff, 0xff,
    0xff, 0xff, 0xf4, 0x0, 0x0, 0x2f, 0xff, 0xff,
    0xff, 0xff, 0xff, 0xfd, 0x0, 0x0, 0xf, 0xff,
    0xff, 0xff, 0xff, 0xff, 0xff, 0x80, 0x0, 0x3,
    0xff, 0xff, 0xff, 0xff, 0xff, 0xff, 0xe0, 0x0,
    0x0, 0xff, 0xff, 0xff, 0xff, 0xff, 0xff, 0xf8,
    0x0, 0x0, 0x3f, 0xff, 0xff, 0xff, 0xff, 0xff,
    0xfe, 0x0, 0x0, 0xf, 0xff, 0xff, 0xff, 0xff,
    0xff, 0xff, 0xc0, 0x0, 0x7, 0xff, 0xff, 0xff,
    0xff, 0xff, 0xff, 0xf0, 0x0, 0x2, 0xff, 0xff,
    0xff, 0xff, 0xff, 0xff, 0xfd, 0x0, 0x0, 0xff,
    0xff, 0xff, 0xff, 0xff, 0xff, 0xff, 0x80, 0x0,
    0x7f, 0xff, 0xff, 0xff, 0xff, 0xff, 0xff, 0xf0,
    0x0, 0x2f, 0xff, 0xff, 0xff, 0xff, 0xff, 0xff,
    0xfd, 0x0, 0x1f, 0xff, 0xff, 0xff, 0xff, 0xff,
    0xff, 0xff, 0xc0, 0xf, 0xff, 0xff, 0xff, 0xff,
    0xff, 0xff, 0xff, 0xfc, 0xf, 0xff, 0xff, 0xff,
    0xff, 0xff, 0xff, 0xff, 0xff, 0xcb, 0xff, 0xff,
    0xff, 0xff, 0xff, 0xff, 0xff, 0xff, 0xf7, 0xff,
    0xff, 0xff, 0xff, 0xff, 0xff, 0xff, 0xff, 0xfe,
    0xff, 0xff, 0xff, 0xff, 0xff, 0xff, 0xff, 0xff,
    0xff, 0x8f, 0xff, 0xff, 0xff, 0xff, 0xff, 0xff,
    0xff, 0xff, 0x80, 0x0, 0x0, 0x0, 0x0, 0x0,
    0x0, 0x0, 0x0, 0x0, 0x0, 0x0, 0x0, 0x0,
    0x0, 0x0, 0x0, 0x0, 0x0, 0x0, 0x0, 0x0,
    0x0, 0x0, 0x0, 0x0, 0x0, 0x0, 0x0, 0x0,
    0x0, 0xf, 0xff, 0xff, 0x80, 0x0, 0x0, 0x0,
    0x0, 0x0, 0x2, 0xff, 0xff, 0xd0, 0x0, 0x0,
    0x0, 0x0, 0x0, 0x0, 0x3f, 0xff, 0xf0, 0x0,
    0x0, 0x0, 0x0, 0x0, 0x0, 0xb, 0xff, 0xf4,
    0x0, 0x0, 0x0, 0x0, 0x0, 0x0, 0x0, 0x7f,
    0xf0, 0x0, 0x0, 0x0, 0x0, 0x0, 0x0, 0x0,
    0x0, 0x0, 0x0, 0x0, 0x0, 0x0,

    /* U+F11C "" */
    0x1, 0x55, 0x55, 0x55, 0x55, 0x55, 0x55, 0x55,
    0x55, 0x55, 0x55, 0x0, 0x1f, 0xff, 0xff, 0xff,
    0xff, 0xff, 0xff, 0xff, 0xff, 0xff, 0xff, 0xe0,
    0x7f, 0xff, 0xff, 0xff, 0xff, 0xff, 0xff, 0xff,
    0xff, 0xff, 0xff, 0xf8, 0xff, 0xff, 0xff, 0xff,
    0xff, 0xff, 0xff, 0xff, 0xff, 0xff, 0xff, 0xfc,
    0xff, 0xff, 0xff, 0xff, 0xff, 0xff, 0xff, 0xff,
    0xff, 0xff, 0xff, 0xfc, 0xff, 0xff, 0xff, 0xff,
    0xff, 0xff, 0xff, 0xff, 0xff, 0xff, 0xff, 0xfd,
    0xff, 0xd0, 0xb, 0xd0, 0xf, 0xc0, 0xf, 0xc0,
    0xf, 0xc0, 0xf, 0xfd, 0xff, 0xd0, 0xb, 0xc0,
    0xb, 0xc0, 0xb, 0xc0, 0xf, 0x80, 0xf, 0xfd,
    0xff, 0xd0, 0xb, 0xc0, 0xb, 0xc0, 0xb, 0xc0,
    0xf, 0x80, 0xf, 0xfd, 0xff, 0xd0, 0xb, 0xc0,
    0xb, 0xc0, 0xb, 0xc0, 0xf, 0x80, 0xf, 0xfd,
    0xff, 0xd0, 0xb, 0xd0, 0xf, 0xc0, 0xf, 0xc0,
    0xf, 0xc0, 0xf, 0xfd, 0xff, 0xff, 0xff, 0xff,
    0xff, 0xff, 0xff, 0xff, 0xff, 0xff, 0xff, 0xfd,
    0xff, 0xff, 0xff, 0xff, 0xff, 0xff, 0xff, 0xff,
    0xff, 0xff, 0xff, 0xfd, 0xff, 0xff, 0xfa, 0xaf,
    0xfa, 0xaf, 0xfa, 0xbf, 0xea, 0xbf, 0xff, 0xfd,
    0xff, 0xff, 0xd0, 0xb, 0xc0, 0xf, 0xc0, 0xf,
    0xc0, 0xf, 0xff, 0xfd, 0xff, 0xff, 0xc0, 0xb,
    0xc0, 0xb, 0xc0, 0xf, 0x80, 0xf, 0xff, 0xfd,
    0xff, 0xff, 0xc0, 0xb, 0xc0, 0xb, 0xc0, 0xf,
    0x80, 0xf, 0xff, 0xfd, 0xff, 0xff, 0xc0, 0xb,
    0xc0, 0xb, 0xc0, 0xf, 0x80, 0xf, 0xff, 0xfd,
    0xff, 0xff, 0xd0, 0xf, 0xd0, 0xf, 0xc0, 0xf,
    0xc0, 0xf, 0xff, 0xfd, 0xff, 0xff, 0xff, 0xff,
    0xff, 0xff, 0xff, 0xff, 0xff, 0xff, 0xff, 0xfd,
    0xff, 0xff, 0xff, 0xff, 0xff, 0xff, 0xff, 0xff,
    0xff, 0xff, 0xff, 0xfd, 0xff, 0xfa, 0xaf, 0xfa,
    0xaa, 0xaa, 0xaa, 0xaa, 0xaf, 0xea, 0xbf, 0xfd,
    0xff, 0xd0, 0xb, 0xc0, 0x0, 0x0, 0x0, 0x0,
    0xf, 0xc0, 0xf, 0xfd, 0xff, 0xd0, 0xb, 0xc0,
    0x0, 0x0, 0x0, 0x0, 0xf, 0x80, 0xf, 0xfd,
    0xff, 0xd0, 0xb, 0xc0, 0x0, 0x0, 0x0, 0x0,
    0xf, 0x80, 0xf, 0xfd, 0xff, 0xd0, 0xb, 0xc0,
    0x0, 0x0, 0x0, 0x0, 0xf, 0x80, 0xf, 0xfd,
    0xff, 0xe5, 0x5f, 0xe5, 0x55, 0x55, 0x55, 0x55,
    0x5f, 0xd5, 0x5f, 0xfd, 0xff, 0xff, 0xff, 0xff,
    0xff, 0xff, 0xff, 0xff, 0xff, 0xff, 0xff, 0xfd,
    0xff, 0xff, 0xff, 0xff, 0xff, 0xff, 0xff, 0xff,
    0xff, 0xff, 0xff, 0xfc, 0xbf, 0xff, 0xff, 0xff,
    0xff, 0xff, 0xff, 0xff, 0xff, 0xff, 0xff, 0xfc,
    0x3f, 0xff, 0xff, 0xff, 0xff, 0xff, 0xff, 0xff,
    0xff, 0xff, 0xff, 0xf4, 0xb, 0xff, 0xff, 0xff,
    0xff, 0xff, 0xff, 0xff, 0xff, 0xff, 0xff, 0xd0,

    /* U+F124 "" */
    0x0, 0x0, 0x0, 0x0, 0x0, 0x0, 0x0, 0x0,
    0x0, 0x0, 0x0, 0x0, 0x0, 0x0, 0x0, 0x0,
    0x0, 0x0, 0x0, 0x0, 0x1a, 0x40, 0x0, 0x0,
    0x0, 0x0, 0x0, 0x0, 0x0, 0x0, 0x2, 0xff,
    0xe0, 0x0, 0x0, 0x0, 0x0, 0x0, 0x0, 0x0,
    0x0, 0x2f, 0xff, 0xf4, 0x0, 0x0, 0x0, 0x0,
    0x0, 0x0, 0x0, 0x2, 0xff, 0xff, 0xfc, 0x0,
    0x0, 0x0, 0x0, 0x0, 0x0, 0x0, 0x6f, 0xff,
    0xff, 0xfc, 0x0, 0x0, 0x0, 0x0, 0x0, 0x0,
    0x7, 0xff, 0xff, 0xff, 0xf8, 0x0, 0x0, 0x0,
    0x0, 0x0, 0x0, 0x7f, 0xff, 0xff, 0xff, 0xf4,
    0x0, 0x0, 0x0, 0x0, 0x0, 0xb, 0xff, 0xff,
    0xff, 0xff, 0xf0, 0x0, 0x0, 0x0, 0x0, 0x0,
    0xbf, 0xff, 0xff, 0xff, 0xff, 0xd0, 0x0, 0x0,
    0x0, 0x0, 0xb, 0xff, 0xff, 0xff, 0xff, 0xff,
    0xc0, 0x0, 0x0, 0x0, 0x1, 0xff, 0xff, 0xff,
    0xff, 0xff, 0xff, 0x40, 0x0, 0x0, 0x0, 0x1f,
    0xff, 0xff, 0xff, 0xff, 0xff, 0xff, 0x0, 0x0,
    0x0, 0x1, 0xff, 0xff, 0xff, 0xff, 0xff, 0xff,
    0xfe, 0x0, 0x0, 0x0, 0x2f, 0xff, 0xff, 0xff,
    0xff, 0xff, 0xff, 0xfc, 0x0, 0x0, 0x2, 0xff,
    0xff, 0xff, 0xff, 0xff, 0xff, 0xff, 0xf8, 0x0,
    0x0, 0x6f, 0xff, 0xff, 0xff, 0xff, 0xff, 0xff,
    0xff, 0xf0, 0x0, 0x3, 0xff, 0xff, 0xff, 0xff,
    0xff, 0xff, 0xff, 0xff, 0xe0, 0x0, 0xf, 0xff,
    0xff, 0xff, 0xff, 0xff, 0xff, 0xff, 0xff, 0xd0,
    0x0, 0x2f, 0xff, 0xff, 0xff, 0xff, 0xff, 0xff,
    0xff, 0xff, 0xc0, 0x0, 0x3f, 0xff, 0xff, 0xff,
    0xff, 0xff, 0xff, 0xff, 0xff, 0x40, 0x0, 0x3f,
    0xff, 0xff, 0xff, 0xff, 0xff, 0xff, 0xff, 0xff,
    0x0, 0x0, 0x2f, 0xff, 0xff, 0xff, 0xff, 0xff,
    0xff, 0xff, 0xfd, 0x0, 0x0, 0xf, 0xff, 0xff,
    0xff, 0xff, 0xff, 0xff, 0xff, 0xfc, 0x0, 0x0,
    0x2, 0xff, 0xff, 0xff, 0xff, 0xff, 0xff, 0xff,
    0xf8, 0x0, 0x0, 0x0, 0x0, 0x0, 0x0, 0x2,
    0xff, 0xff, 0xff, 0xf0, 0x0, 0x0, 0x0, 0x0,
    0x0, 0x0, 0x2, 0xff, 0xff, 0xff, 0xe0, 0x0,
    0x0, 0x0, 0x0, 0x0, 0x0, 0x2, 0xff, 0xff,
    0xff, 0xc0, 0x0, 0x0, 0x0, 0x0, 0x0, 0x0,
    0x2, 0xff, 0xff, 0xff, 0x80, 0x0, 0x0, 0x0,
    0x0, 0x0, 0x0, 0x2, 0xff, 0xff, 0xff, 0x0,
    0x0, 0x0, 0x0, 0x0, 0x0, 0x0, 0x2, 0xff,
    0xff, 0xff, 0x0, 0x0, 0x0, 0x0, 0x0, 0x0,
    0x0, 0x2, 0xff, 0xff, 0xfd, 0x0, 0x0, 0x0,
    0x0, 0x0, 0x0, 0x0, 0x2, 0xff, 0xff, 0xfc,
    0x0, 0x0, 0x0, 0x0, 0x0, 0x0, 0x0, 0x2,
    0xff, 0xff, 0xf4, 0x0, 0x0, 0x0, 0x0, 0x0,
    0x0, 0x0, 0x2, 0xff, 0xff, 0xf0, 0x0, 0x0,
    0x0, 0x0, 0x0, 0x0, 0x0, 0x2, 0xff, 0xff,
    0xd0, 0x0, 0x0, 0x0, 0x0, 0x0, 0x0, 0x0,
    0x2, 0xff, 0xff, 0xc0, 0x0, 0x0, 0x0, 0x0,
    0x0, 0x0, 0x0, 0x2, 0xff, 0xff, 0x80, 0x0,
    0x0, 0x0, 0x0, 0x0, 0x0, 0x0, 0x2, 0xff,
    0xff, 0x0, 0x0, 0x0, 0x0, 0x0, 0x0, 0x0,
    0x0, 0x2, 0xff, 0xfe, 0x0, 0x0, 0x0, 0x0,
    0x0, 0x0, 0x0, 0x0, 0x1, 0xff, 0xfc, 0x0,
    0x0, 0x0, 0x0, 0x0, 0x0, 0x0, 0x0, 0x0,
    0xff, 0xf8, 0x0, 0x0, 0x0, 0x0, 0x0, 0x0,
    0x0, 0x0, 0x0, 0x3f, 0xe0, 0x0, 0x0, 0x0,
    0x0, 0x0, 0x0, 0x0, 0x0, 0x0, 0x0, 0x0,
    0x0, 0x0, 0x0, 0x0,

    /* U+F15B "" */
    0x1a, 0xaa, 0xaa, 0xaa, 0xa0, 0x20, 0x0, 0x0,
    0xbf, 0xff, 0xff, 0xff, 0xf4, 0x3d, 0x0, 0x0,
    0xff, 0xff, 0xff, 0xff, 0xf4, 0x3f, 0x40, 0x0,
    0xff, 0xff, 0xff, 0xff, 0xf4, 0x3f, 0xd0, 0x0,
    0xff, 0xff, 0xff, 0xff, 0xf4, 0x3f, 0xf4, 0x0,
    0xff, 0xff, 0xff, 0xff, 0xf4, 0x3f, 0xfd, 0x0,
    0xff, 0xff, 0xff, 0xff, 0xf4, 0x3f, 0xff, 0x40,
    0xff, 0xff, 0xff, 0xff, 0xf4, 0x3f, 0xff, 0xd0,
    0xff, 0xff, 0xff, 0xff, 0xf4, 0x3f, 0xff, 0xf4,
    0xff, 0xff, 0xff, 0xff, 0xf4, 0x3f, 0xff, 0xfc,
    0xff, 0xff, 0xff, 0xff, 0xf4, 0x3f, 0xff, 0xfd,
    0xff, 0xff, 0xff, 0xff, 0xf4, 0x0, 0x0, 0x0,
    0xff, 0xff, 0xff, 0xff, 0xfc, 0x0, 0x0, 0x0,
    0xff, 0xff, 0xff, 0xff, 0xff, 0xff, 0xff, 0xfd,
    0xff, 0xff, 0xff, 0xff, 0xff, 0xff, 0xff, 0xfe,
    0xff, 0xff, 0xff, 0xff, 0xff, 0xff, 0xff, 0xfe,
    0xff, 0xff, 0xff, 0xff, 0xff, 0xff, 0xff, 0xfe,
    0xff, 0xff, 0xff, 0xff, 0xff, 0xff, 0xff, 0xfe,
    0xff, 0xff, 0xff, 0xff, 0xff, 0xff, 0xff, 0xfe,
    0xff, 0xff, 0xff, 0xff, 0xff, 0xff, 0xff, 0xfe,
    0xff, 0xff, 0xff, 0xff, 0xff, 0xff, 0xff, 0xfe,
    0xff, 0xff, 0xff, 0xff, 0xff, 0xff, 0xff, 0xfe,
    0xff, 0xff, 0xff, 0xff, 0xff, 0xff, 0xff, 0xfe,
    0xff, 0xff, 0xff, 0xff, 0xff, 0xff, 0xff, 0xfe,
    0xff, 0xff, 0xff, 0xff, 0xff, 0xff, 0xff, 0xfe,
    0xff, 0xff, 0xff, 0xff, 0xff, 0xff, 0xff, 0xfe,
    0xff, 0xff, 0xff, 0xff, 0xff, 0xff, 0xff, 0xfe,
    0xff, 0xff, 0xff, 0xff, 0xff, 0xff, 0xff, 0xfe,
    0xff, 0xff, 0xff, 0xff, 0xff, 0xff, 0xff, 0xfe,
    0xff, 0xff, 0xff, 0xff, 0xff, 0xff, 0xff, 0xfe,
    0xff, 0xff, 0xff, 0xff, 0xff, 0xff, 0xff, 0xfe,
    0xff, 0xff, 0xff, 0xff, 0xff, 0xff, 0xff, 0xfe,
    0xff, 0xff, 0xff, 0xff, 0xff, 0xff, 0xff, 0xfe,
    0xff, 0xff, 0xff, 0xff, 0xff, 0xff, 0xff, 0xfe,
    0xff, 0xff, 0xff, 0xff, 0xff, 0xff, 0xff, 0xfe,
    0xff, 0xff, 0xff, 0xff, 0xff, 0xff, 0xff, 0xfe,
    0xff, 0xff, 0xff, 0xff, 0xff, 0xff, 0xff, 0xfe,
    0xff, 0xff, 0xff, 0xff, 0xff, 0xff, 0xff, 0xfe,
    0xff, 0xff, 0xff, 0xff, 0xff, 0xff, 0xff, 0xfe,
    0xff, 0xff, 0xff, 0xff, 0xff, 0xff, 0xff, 0xfe,
    0xff, 0xff, 0xff, 0xff, 0xff, 0xff, 0xff, 0xfd,
    0x7f, 0xff, 0xff, 0xff, 0xff, 0xff, 0xff, 0xf8,
    0x0, 0x0, 0x0, 0x0, 0x0, 0x0, 0x0, 0x0,

    /* U+F1EB "" */
    0x0, 0x0, 0x0, 0x0, 0x0, 0x0, 0x0, 0x0,
    0x0, 0x0, 0x0, 0x0, 0x0, 0x0, 0x0, 0x0,
    0x0, 0x0, 0x0, 0x0, 0x0, 0x0, 0x0, 0x0,
    0x0, 0x0, 0x0, 0x0, 0x0, 0x0, 0x0, 0x6b,
    0xff, 0xff, 0xf9, 0x40, 0x0, 0x0, 0x0, 0x0,
    0x0, 0x0, 0x0, 0x1b, 0xff, 0xff, 0xff, 0xff,
    0xff, 0x40, 0x0, 0x0, 0x0, 0x0, 0x0, 0x0,
    0xbf, 0xff, 0xff, 0xff, 0xff, 0xff, 0xff, 0x40,
    0x0, 0x0, 0x0, 0x0, 0x7, 0xff, 0xff, 0xff,
    0xff, 0xff, 0xff, 0xff, 0xfe, 0x0, 0x0, 0x0,
    0x0, 0x1f, 0xff, 0xff, 0xff, 0xff, 0xff, 0xff,
    0xff, 0xff, 0xf8, 0x0, 0x0, 0x0, 0x2f, 0xff,
    0xff, 0xff, 0xff, 0xff, 0xff, 0xff, 0xff, 0xff,
    0xd0, 0x0, 0x0, 0x7f, 0xff, 0xff, 0xff, 0xfa,
    0x95, 0xab, 0xff, 0xff, 0xff, 0xfe, 0x0, 0x0,
    0xbf, 0xff, 0xff, 0xf9, 0x0, 0x0, 0x0, 0x5,
    0xff, 0xff, 0xff, 0xf0, 0x0, 0xff, 0xff, 0xff,
    0x90, 0x0, 0x0, 0x0, 0x0, 0x1, 0xff, 0xff,
    0xff, 0x40, 0xff, 0xff, 0xfe, 0x0, 0x0, 0x0,
    0x0, 0x0, 0x0, 0x7, 0xff, 0xff, 0xf8, 0xff,
    0xff, 0xf8, 0x0, 0x0, 0x0, 0x0, 0x0, 0x0,
    0x0, 0x1f, 0xff, 0xff, 0x7f, 0xff, 0xf0, 0x0,
    0x0, 0x0, 0x0, 0x0, 0x0, 0x0, 0x0, 0xbf,
    0xff, 0xd3, 0xff, 0xe0, 0x0, 0x0, 0x0, 0x0,
    0x0, 0x0, 0x0, 0x0, 0x7, 0xff, 0xd0, 0x3f,
    0xd0, 0x0, 0x0, 0x1, 0xaf, 0xff, 0xe4, 0x0,
    0x0, 0x0, 0x3f, 0xd0, 0x3, 0xc0, 0x0, 0x0,
    0x1f, 0xff, 0xff, 0xff, 0xf9, 0x0, 0x0, 0x2,
    0xd0, 0x0, 0x0, 0x0, 0x0, 0xbf, 0xff, 0xff,
    0xff, 0xff, 0xf4, 0x0, 0x0, 0x0, 0x0, 0x0,
    0x0, 0x2, 0xff, 0xff, 0xff, 0xff, 0xff, 0xff,
    0xd0, 0x0, 0x0, 0x0, 0x0, 0x0, 0x7, 0xff,
    0xff, 0xff, 0xff, 0xff, 0xff, 0xfe, 0x0, 0x0,
    0x0, 0x0, 0x0, 0x7, 0xff, 0xff, 0xff, 0xff,
    0xff, 0xff, 0xff, 0xf0, 0x0, 0x0, 0x0, 0x0,
    0xb, 0xff, 0xff, 0xff, 0xea, 0xaf, 0xff, 0xff,
    0xff, 0x0, 0x0, 0x0, 0x0, 0x2, 0xff, 0xff,
    0xf4, 0x0, 0x0, 0x1b, 0xff, 0xff, 0xc0, 0x0,
    0x0, 0x0, 0x0, 0x3f, 0xff, 0x80, 0x0, 0x0,
    0x0, 0x1f, 0xff, 0xe0, 0x0, 0x0, 0x0, 0x0,
    0x3, 0xff, 0x40, 0x0, 0x0, 0x0, 0x0, 0xbf,
    0xe0, 0x0, 0x0, 0x0, 0x0, 0x0, 0x3e, 0x0,
    0x0, 0x0, 0x0, 0x0, 0x7, 0xe0, 0x0, 0x0,
    0x0, 0x0, 0x0, 0x1, 0x0, 0x0, 0x0, 0x0,
    0x0, 0x0, 0x10, 0x0, 0x0, 0x0, 0x0, 0x0,
    0x0, 0x0, 0x0, 0x0, 0x0, 0x0, 0x0, 0x0,
    0x0, 0x0, 0x0, 0x0, 0x0, 0x0, 0x0, 0x0,
    0x0, 0xbe, 0x40, 0x0, 0x0, 0x0, 0x0, 0x0,
    0x0, 0x0, 0x0, 0x0, 0x0, 0x1, 0xff, 0xf8,
    0x0, 0x0, 0x0, 0x0, 0x0, 0x0, 0x0, 0x0,
    0x0, 0x0, 0x0, 0xff, 0xff, 0x80, 0x0, 0x0,
    0x0, 0x0, 0x0, 0x0, 0x0, 0x0, 0x0, 0x0,
    0xbf, 0xff, 0xf0, 0x0, 0x0, 0x0, 0x0, 0x0,
    0x0, 0x0, 0x0, 0x0, 0x0, 0x3f, 0xff, 0xfd,
    0x0, 0x0, 0x0, 0x0, 0x0, 0x0, 0x0, 0x0,
    0x0, 0x0, 0xf, 0xff, 0xff, 0x40, 0x0, 0x0,
    0x0, 0x0, 0x0, 0x0, 0x0, 0x0, 0x0, 0x3,
    0xff, 0xff, 0xd0, 0x0, 0x0, 0x0, 0x0, 0x0,
    0x0, 0x0, 0x0, 0x0, 0x0, 0xbf, 0xff, 0xf0,
    0x0, 0x0, 0x0, 0x0, 0x0, 0x0, 0x0, 0x0,
    0x0, 0x0, 0xf, 0xff, 0xf4, 0x0, 0x0, 0x0,
    0x0, 0x0, 0x0, 0x0, 0x0, 0x0, 0x0, 0x0,
    0xff, 0xf8, 0x0, 0x0, 0x0, 0x0, 0x0, 0x0,
    0x0, 0x0, 0x0, 0x0, 0x0, 0x6, 0x90, 0x0,
    0x0, 0x0, 0x0, 0x0, 0x0,

    /* U+F240 "" */
    0xb, 0xff, 0xff, 0xff, 0xff, 0xff, 0xff, 0xff,
    0xff, 0xff, 0xff, 0xfe, 0x0, 0xf, 0xff, 0xff,
    0xff, 0xff, 0xff, 0xff, 0xff, 0xff, 0xff, 0xff,
    0xff, 0xf0, 0xb, 0xff, 0xff, 0xff, 0xff, 0xff,
    0xff, 0xff, 0xff, 0xff, 0xff, 0xff, 0xfd, 0x3,
    0xff, 0xff, 0xff, 0xff, 0xff, 0xff, 0xff, 0xff,
    0xff, 0xff, 0xff, 0xff, 0x80, 0xff, 0xff, 0xff,
    0xff, 0xff, 0xff, 0xff, 0xff, 0xff, 0xff, 0xff,
    0xff, 0xe0, 0x3f, 0xf5, 0x55, 0x55, 0x55, 0x55,
    0x55, 0x55, 0x55, 0x55, 0x55, 0x6f, 0xfe, 0x4f,
    0xfd, 0x0, 0x0, 0x0, 0x0, 0x0, 0x0, 0x0,
    0x0, 0x0, 0xb, 0xff, 0xf3, 0xff, 0x40, 0x0,
    0x0, 0x0, 0x0, 0x0, 0x0, 0x0, 0x0, 0x2,
    0xff, 0xfd, 0xff, 0xd0, 0xff, 0xff, 0xff, 0xff,
    0xff, 0xff, 0xff, 0xff, 0xf0, 0xbf, 0xff, 0x7f,
    0xf4, 0x3f, 0xff, 0xff, 0xff, 0xff, 0xff, 0xff,
    0xff, 0xfc, 0x2f, 0xff, 0xdf, 0xfd, 0xf, 0xff,
    0xff, 0xff, 0xff, 0xff, 0xff, 0xff, 0xff, 0x6,
    0xbf, 0xf7, 0xff, 0x43, 0xff, 0xff, 0xff, 0xff,
    0xff, 0xff, 0xff, 0xff, 0xc0, 0xf, 0xfd, 0xff,
    0xd0, 0xff, 0xff, 0xff, 0xff, 0xff, 0xff, 0xff,
    0xff, 0xf0, 0x3, 0xff, 0x7f, 0xf4, 0x3f, 0xff,
    0xff, 0xff, 0xff, 0xff, 0xff, 0xff, 0xfc, 0x0,
    0xff, 0xdf, 0xfd, 0xf, 0xff, 0xff, 0xff, 0xff,
    0xff, 0xff, 0xff, 0xff, 0x0, 0x3f, 0xf7, 0xff,
    0x43, 0xff, 0xff, 0xff, 0xff, 0xff, 0xff, 0xff,
    0xff, 0xc0, 0xf, 0xfd, 0xff, 0xd0, 0xff, 0xff,
    0xff, 0xff, 0xff, 0xff, 0xff, 0xff, 0xf0, 0xbf,
    0xff, 0x7f, 0xf4, 0x3f, 0xff, 0xff, 0xff, 0xff,
    0xff, 0xff, 0xff, 0xfc, 0x2f, 0xff, 0xdf, 0xfd,
    0xa, 0xaa, 0xaa, 0xaa, 0xaa, 0xaa, 0xaa, 0xaa,
    0xaa, 0xb, 0xff, 0xf7, 0xff, 0x40, 0x0, 0x0,
    0x0, 0x0, 0x0, 0x0, 0x0, 0x0, 0x2, 0xff,
    0xfc, 0xff, 0xd0, 0x0, 0x0, 0x0, 0x0, 0x0,
    0x0, 0x0, 0x0, 0x0, 0xbf, 0xfe, 0x3f, 0xff,
    0xff, 0xff, 0xff, 0xff, 0xff, 0xff, 0xff, 0xff,
    0xff, 0xff, 0xf8, 0xf, 0xff, 0xff, 0xff, 0xff,
    0xff, 0xff, 0xff, 0xff, 0xff, 0xff, 0xff, 0xfe,
    0x3, 0xff, 0xff, 0xff, 0xff, 0xff, 0xff, 0xff,
    0xff, 0xff, 0xff, 0xff, 0xff, 0x80, 0x7f, 0xff,
    0xff, 0xff, 0xff, 0xff, 0xff, 0xff, 0xff, 0xff,
    0xff, 0xff, 0xc0, 0x7, 0xff, 0xff, 0xff, 0xff,
    0xff, 0xff, 0xff, 0xff, 0xff, 0xff, 0xff, 0xc0,
    0x0, 0x15, 0x55, 0x55, 0x55, 0x55, 0x55, 0x55,
    0x55, 0x55, 0x55, 0x55, 0x0, 0x0,

    /* U+F241 "" */
    0xb, 0xff, 0xff, 0xff, 0xff, 0xff, 0xff, 0xff,
    0xff, 0xff, 0xff, 0xfe, 0x0, 0xf, 0xff, 0xff,
    0xff, 0xff, 0xff, 0xff, 0xff, 0xff, 0xff, 0xff,
    0xff, 0xf0, 0xb, 0xff, 0xff, 0xff, 0xff, 0xff,
    0xff, 0xff, 0xff, 0xff, 0xff, 0xff, 0xfd, 0x3,
    0xff, 0xff, 0xff, 0xff, 0xff, 0xff, 0xff, 0xff,
    0xff, 0xff, 0xff, 0xff, 0x80, 0xff, 0xff, 0xff,
    0xff, 0xff, 0xff, 0xff, 0xff, 0xff, 0xff, 0xff,
    0xff, 0xe0, 0x3f, 0xf5, 0x55, 0x55, 0x55, 0x55,
    0x55, 0x55, 0x55, 0x55, 0x55, 0x6f, 0xfe, 0x4f,
    0xfd, 0x0, 0x0, 0x0, 0x0, 0x0, 0x0, 0x0,
    0x0, 0x0, 0xb, 0xff, 0xf3, 0xff, 0x40, 0x0,
    0x0, 0x0, 0x0, 0x0, 0x0, 0x0, 0x0, 0x2,
    0xff, 0xfd, 0xff, 0xd0, 0xff, 0xff, 0xff, 0xff,
    0xff, 0xff, 0xf0, 0x0, 0x0, 0xbf, 0xff, 0x7f,
    0xf4, 0x3f, 0xff, 0xff, 0xff, 0xff, 0xff, 0xfc,
    0x0, 0x0, 0x2f, 0xff, 0xdf, 0xfd, 0xf, 0xff,
    0xff, 0xff, 0xff, 0xff, 0xff, 0x0, 0x0, 0x6,
    0xbf, 0xf7, 0xff, 0x43, 0xff, 0xff, 0xff, 0xff,
    0xff, 0xff, 0xc0, 0x0, 0x0, 0xf, 0xfd, 0xff,
    0xd0, 0xff, 0xff, 0xff, 0xff, 0xff, 0xff, 0xf0,
    0x0, 0x0, 0x3, 0xff, 0x7f, 0xf4, 0x3f, 0xff,
    0xff, 0xff, 0xff, 0xff, 0xfc, 0x0, 0x0, 0x0,
    0xff, 0xdf, 0xfd, 0xf, 0xff, 0xff, 0xff, 0xff,
    0xff, 0xff, 0x0, 0x0, 0x0, 0x3f, 0xf7, 0xff,
    0x43, 0xff, 0xff, 0xff, 0xff, 0xff, 0xff, 0xc0,
    0x0, 0x0, 0xf, 0xfd, 0xff, 0xd0, 0xff, 0xff,
    0xff, 0xff, 0xff, 0xff, 0xf0, 0x0, 0x0, 0xbf,
    0xff, 0x7f, 0xf4, 0x3f, 0xff, 0xff, 0xff, 0xff,
    0xff, 0xfc, 0x0, 0x0, 0x2f, 0xff, 0xdf, 0xfd,
    0xa, 0xaa, 0xaa, 0xaa, 0xaa, 0xaa, 0xaa, 0x0,
    0x0, 0xb, 0xff, 0xf7, 0xff, 0x40, 0x0, 0x0,
    0x0, 0x0, 0x0, 0x0, 0x0, 0x0, 0x2, 0xff,
    0xfc, 0xff, 0xd0, 0x0, 0x0, 0x0, 0x0, 0x0,
    0x0, 0x0, 0x0, 0x0, 0xbf, 0xfe, 0x3f, 0xff,
    0xff, 0xff, 0xff, 0xff, 0xff, 0xff, 0xff, 0xff,
    0xff, 0xff, 0xf8, 0xf, 0xff, 0xff, 0xff, 0xff,
    0xff, 0xff, 0xff, 0xff, 0xff, 0xff, 0xff, 0xfe,
    0x3, 0xff, 0xff, 0xff, 0xff, 0xff, 0xff, 0xff,
    0xff, 0xff, 0xff, 0xff, 0xff, 0x80, 0x7f, 0xff,
    0xff, 0xff, 0xff, 0xff, 0xff, 0xff, 0xff, 0xff,
    0xff, 0xff, 0xc0, 0x7, 0xff, 0xff, 0xff, 0xff,
    0xff, 0xff, 0xff, 0xff, 0xff, 0xff, 0xff, 0xc0,
    0x0, 0x15, 0x55, 0x55, 0x55, 0x55, 0x55, 0x55,
    0x55, 0x55, 0x55, 0x55, 0x0, 0x0,

    /* U+F242 "" */
    0xb, 0xff, 0xff, 0xff, 0xff, 0xff, 0xff, 0xff,
    0xff, 0xff, 0xff, 0xfe, 0x0, 0xf, 0xff, 0xff,
    0xff, 0xff, 0xff, 0xff, 0xff, 0xff, 0xff, 0xff,
    0xff, 0xf0, 0xb, 0xff, 0xff, 0xff, 0xff, 0xff,
    0xff, 0xff, 0xff, 0xff, 0xff, 0xff, 0xfd, 0x3,
    0xff, 0xff, 0xff, 0xff, 0xff, 0xff, 0xff, 0xff,
    0xff, 0xff, 0xff, 0xff, 0x80, 0xff, 0xff, 0xff,
    0xff, 0xff, 0xff, 0xff, 0xff, 0xff, 0xff, 0xff,
    0xff, 0xe0, 0x3f, 0xf5, 0x55, 0x55, 0x55, 0x55,
    0x55, 0x55, 0x55, 0x55, 0x55, 0x6f, 0xfe, 0x4f,
    0xfd, 0x0, 0x0, 0x0, 0x0, 0x0, 0x0, 0x0,
    0x0, 0x0, 0xb, 0xff, 0xf3, 0xff, 0x40, 0x0,
    0x0, 0x0, 0x0, 0x0, 0x0, 0x0, 0x0, 0x2,
    0xff, 0xfd, 0xff, 0xd0, 0xff, 0xff, 0xff, 0xff,
    0xf4, 0x0, 0x0, 0x0, 0x0, 0xbf, 0xff, 0x7f,
    0xf4, 0x3f, 0xff, 0xff, 0xff, 0xfd, 0x0, 0x0,
    0x0, 0x0, 0x2f, 0xff, 0xdf, 0xfd, 0xf, 0xff,
    0xff, 0xff, 0xff, 0x40, 0x0, 0x0, 0x0, 0x6,
    0xbf, 0xf7, 0xff, 0x43, 0xff, 0xff, 0xff, 0xff,
    0xd0, 0x0, 0x0, 0x0, 0x0, 0xf, 0xfd, 0xff,
    0xd0, 0xff, 0xff, 0xff, 0xff, 0xf4, 0x0, 0x0,
    0x0, 0x0, 0x3, 0xff, 0x7f, 0xf4, 0x3f, 0xff,
    0xff, 0xff, 0xfd, 0x0, 0x0, 0x0, 0x0, 0x0,
    0xff, 0xdf, 0xfd, 0xf, 0xff, 0xff, 0xff, 0xff,
    0x40, 0x0, 0x0, 0x0, 0x0, 0x3f, 0xf7, 0xff,
    0x43, 0xff, 0xff, 0xff, 0xff, 0xd0, 0x0, 0x0,
    0x0, 0x0, 0xf, 0xfd, 0xff, 0xd0, 0xff, 0xff,
    0xff, 0xff, 0xf4, 0x0, 0x0, 0x0, 0x0, 0xbf,
    0xff, 0x7f, 0xf4, 0x3f, 0xff, 0xff, 0xff, 0xfd,
    0x0, 0x0, 0x0, 0x0, 0x2f, 0xff, 0xdf, 0xfd,
    0xa, 0xaa, 0xaa, 0xaa, 0xaa, 0x0, 0x0, 0x0,
    0x0, 0xb, 0xff, 0xf7, 0xff, 0x40, 0x0, 0x0,
    0x0, 0x0, 0x0, 0x0, 0x0, 0x0, 0x2, 0xff,
    0xfc, 0xff, 0xd0, 0x0, 0x0, 0x0, 0x0, 0x0,
    0x0, 0x0, 0x0, 0x0, 0xbf, 0xfe, 0x3f, 0xff,
    0xff, 0xff, 0xff, 0xff, 0xff, 0xff, 0xff, 0xff,
    0xff, 0xff, 0xf8, 0xf, 0xff, 0xff, 0xff, 0xff,
    0xff, 0xff, 0xff, 0xff, 0xff, 0xff, 0xff, 0xfe,
    0x3, 0xff, 0xff, 0xff, 0xff, 0xff, 0xff, 0xff,
    0xff, 0xff, 0xff, 0xff, 0xff, 0x80, 0x7f, 0xff,
    0xff, 0xff, 0xff, 0xff, 0xff, 0xff, 0xff, 0xff,
    0xff, 0xff, 0xc0, 0x7, 0xff, 0xff, 0xff, 0xff,
    0xff, 0xff, 0xff, 0xff, 0xff, 0xff, 0xff, 0xc0,
    0x0, 0x15, 0x55, 0x55, 0x55, 0x55, 0x55, 0x55,
    0x55, 0x55, 0x55, 0x55, 0x0, 0x0,

    /* U+F243 "" */
    0xb, 0xff, 0xff, 0xff, 0xff, 0xff, 0xff, 0xff,
    0xff, 0xff, 0xff, 0xfe, 0x0, 0xf, 0xff, 0xff,
    0xff, 0xff, 0xff, 0xff, 0xff, 0xff, 0xff, 0xff,
    0xff, 0xf0, 0xb, 0xff, 0xff, 0xff, 0xff, 0xff,
    0xff, 0xff, 0xff, 0xff, 0xff, 0xff, 0xfd, 0x3,
    0xff, 0xff, 0xff, 0xff, 0xff, 0xff, 0xff, 0xff,
    0xff, 0xff, 0xff, 0xff, 0x80, 0xff, 0xff, 0xff,
    0xff, 0xff, 0xff, 0xff, 0xff, 0xff, 0xff, 0xff,
    0xff, 0xe0, 0x3f, 0xf5, 0x55, 0x55, 0x55, 0x55,
    0x55, 0x55, 0x55, 0x55, 0x55, 0x6f, 0xfe, 0x4f,
    0xfd, 0x0, 0x0, 0x0, 0x0, 0x0, 0x0, 0x0,
    0x0, 0x0, 0xb, 0xff, 0xf3, 0xff, 0x40, 0x0,
    0x0, 0x0, 0x0, 0x0, 0x0, 0x0, 0x0, 0x2,
    0xff, 0xfd, 0xff, 0xd0, 0xff, 0xff, 0xf4, 0x0,
    0x0, 0x0, 0x0, 0x0, 0x0, 0xbf, 0xff, 0x7f,
    0xf4, 0x3f, 0xff, 0xfd, 0x0, 0x0, 0x0, 0x0,
    0x0, 0x0, 0x2f, 0xff, 0xdf, 0xfd, 0xf, 0xff,
    0xff, 0x40, 0x0, 0x0, 0x0, 0x0, 0x0, 0x6,
    0xbf, 0xf7, 0xff, 0x43, 0xff, 0xff, 0xd0, 0x0,
    0x0, 0x0, 0x0, 0x0, 0x0, 0xf, 0xfd, 0xff,
    0xd0, 0xff, 0xff, 0xf4, 0x0, 0x0, 0x0, 0x0,
    0x0, 0x0, 0x3, 0xff, 0x7f, 0xf4, 0x3f, 0xff,
    0xfd, 0x0, 0x0, 0x0, 0x0, 0x0, 0x0, 0x0,
    0xff, 0xdf, 0xfd, 0xf, 0xff, 0xff, 0x40, 0x0,
    0x0, 0x0, 0x0, 0x0, 0x0, 0x3f, 0xf7, 0xff,
    0x43, 0xff, 0xff, 0xd0, 0x0, 0x0, 0x0, 0x0,
    0x0, 0x0, 0xf, 0xfd, 0xff, 0xd0, 0xff, 0xff,
    0xf4, 0x0, 0x0, 0x0, 0x0, 0x0, 0x0, 0xbf,
    0xff, 0x7f, 0xf4, 0x3f, 0xff, 0xfd, 0x0, 0x0,
    0x0, 0x0, 0x0, 0x0, 0x2f, 0xff, 0xdf, 0xfd,
    0xa, 0xaa, 0xaa, 0x0, 0x0, 0x0, 0x0, 0x0,
    0x0, 0xb, 0xff, 0xf7, 0xff, 0x40, 0x0, 0x0,
    0x0, 0x0, 0x0, 0x0, 0x0, 0x0, 0x2, 0xff,
    0xfc, 0xff, 0xd0, 0x0, 0x0, 0x0, 0x0, 0x0,
    0x0, 0x0, 0x0, 0x0, 0xbf, 0xfe, 0x3f, 0xff,
    0xff, 0xff, 0xff, 0xff, 0xff, 0xff, 0xff, 0xff,
    0xff, 0xff, 0xf8, 0xf, 0xff, 0xff, 0xff, 0xff,
    0xff, 0xff, 0xff, 0xff, 0xff, 0xff, 0xff, 0xfe,
    0x3, 0xff, 0xff, 0xff, 0xff, 0xff, 0xff, 0xff,
    0xff, 0xff, 0xff, 0xff, 0xff, 0x80, 0x7f, 0xff,
    0xff, 0xff, 0xff, 0xff, 0xff, 0xff, 0xff, 0xff,
    0xff, 0xff, 0xc0, 0x7, 0xff, 0xff, 0xff, 0xff,
    0xff, 0xff, 0xff, 0xff, 0xff, 0xff, 0xff, 0xc0,
    0x0, 0x15, 0x55, 0x55, 0x55, 0x55, 0x55, 0x55,
    0x55, 0x55, 0x55, 0x55, 0x0, 0x0,

    /* U+F244 "" */
    0xb, 0xff, 0xff, 0xff, 0xff, 0xff, 0xff, 0xff,
    0xff, 0xff, 0xff, 0xfe, 0x0, 0xf, 0xff, 0xff,
    0xff, 0xff, 0xff, 0xff, 0xff, 0xff, 0xff, 0xff,
    0xff, 0xf0, 0xb, 0xff, 0xff, 0xff, 0xff, 0xff,
    0xff, 0xff, 0xff, 0xff, 0xff, 0xff, 0xfd, 0x3,
    0xff, 0xff, 0xff, 0xff, 0xff, 0xff, 0xff, 0xff,
    0xff, 0xff, 0xff, 0xff, 0x80, 0xff, 0xff, 0xff,
    0xff, 0xff, 0xff, 0xff, 0xff, 0xff, 0xff, 0xff,
    0xff, 0xe0, 0x3f, 0xf5, 0x55, 0x55, 0x55, 0x55,
    0x55, 0x55, 0x55, 0x55, 0x55, 0x6f, 0xfe, 0x4f,
    0xfd, 0x0, 0x0, 0x0, 0x0, 0x0, 0x0, 0x0,
    0x0, 0x0, 0xb, 0xff, 0xf3, 0xff, 0x40, 0x0,
    0x0, 0x0, 0x0, 0x0, 0x0, 0x0, 0x0, 0x2,
    0xff, 0xfd, 0xff, 0xd0, 0x0, 0x0, 0x0, 0x0,
    0x0, 0x0, 0x0, 0x0, 0x0, 0xbf, 0xff, 0x7f,
    0xf4, 0x0, 0x0, 0x0, 0x0, 0x0, 0x0, 0x0,
    0x0, 0x0, 0x2f, 0xff, 0xdf, 0xfd, 0x0, 0x0,
    0x0, 0x0, 0x0, 0x0, 0x0, 0x0, 0x0, 0x6,
    0xbf, 0xf7, 0xff, 0x40, 0x0, 0x0, 0x0, 0x0,
    0x0, 0x0, 0x0, 0x0, 0x0, 0xf, 0xfd, 0xff,
    0xd0, 0x0, 0x0, 0x0, 0x0, 0x0, 0x0, 0x0,
    0x0, 0x0, 0x3, 0xff, 0x7f, 0xf4, 0x0, 0x0,
    0x0, 0x0, 0x0, 0x0, 0x0, 0x0, 0x0, 0x0,
    0xff, 0xdf, 0xfd, 0x0, 0x0, 0x0, 0x0, 0x0,
    0x0, 0x0, 0x0, 0x0, 0x0, 0x3f, 0xf7, 0xff,
    0x40, 0x0, 0x0, 0x0, 0x0, 0x0, 0x0, 0x0,
    0x0, 0x0, 0xf, 0xfd, 0xff, 0xd0, 0x0, 0x0,
    0x0, 0x0, 0x0, 0x0, 0x0, 0x0, 0x0, 0xbf,
    0xff, 0x7f, 0xf4, 0x0, 0x0, 0x0, 0x0, 0x0,
    0x0, 0x0, 0x0, 0x0, 0x2f, 0xff, 0xdf, 0xfd,
    0x0, 0x0, 0x0, 0x0, 0x0, 0x0, 0x0, 0x0,
    0x0, 0xb, 0xff, 0xf7, 0xff, 0x40, 0x0, 0x0,
    0x0, 0x0, 0x0, 0x0, 0x0, 0x0, 0x2, 0xff,
    0xfc, 0xff, 0xd0, 0x0, 0x0, 0x0, 0x0, 0x0,
    0x0, 0x0, 0x0, 0x0, 0xbf, 0xfe, 0x3f, 0xff,
    0xff, 0xff, 0xff, 0xff, 0xff, 0xff, 0xff, 0xff,
    0xff, 0xff, 0xf8, 0xf, 0xff, 0xff, 0xff, 0xff,
    0xff, 0xff, 0xff, 0xff, 0xff, 0xff, 0xff, 0xfe,
    0x3, 0xff, 0xff, 0xff, 0xff, 0xff, 0xff, 0xff,
    0xff, 0xff, 0xff, 0xff, 0xff, 0x80, 0x7f, 0xff,
    0xff, 0xff, 0xff, 0xff, 0xff, 0xff, 0xff, 0xff,
    0xff, 0xff, 0xc0, 0x7, 0xff, 0xff, 0xff, 0xff,
    0xff, 0xff, 0xff, 0xff, 0xff, 0xff, 0xff, 0xc0,
    0x0, 0x15, 0x55, 0x55, 0x55, 0x55, 0x55, 0x55,
    0x55, 0x55, 0x55, 0x55, 0x0, 0x0,

    /* U+F287 "" */
    0x0, 0x0, 0x0, 0x0, 0x0, 0x0, 0x0, 0x2e,
    0x40, 0x0, 0x0, 0x0, 0x0, 0x0, 0x0, 0x0,
    0x0, 0x0, 0x0, 0x0, 0x7f, 0xf8, 0x0, 0x0,
    0x0, 0x0, 0x0, 0x0, 0x0, 0x0, 0x0, 0x0,
    0x0, 0x3f, 0xff, 0x40, 0x0, 0x0, 0x0, 0x0,
    0x0, 0x0, 0x0, 0x0, 0x0, 0x2f, 0xff, 0xff,
    0xf0, 0x0, 0x0, 0x0, 0x0, 0x0, 0x0, 0x0,
    0x0, 0x0, 0x3f, 0xff, 0xff, 0xfc, 0x0, 0x0,
    0x0, 0x0, 0x0, 0x0, 0x0, 0x0, 0x0, 0x3f,
    0xff, 0xff, 0xff, 0x0, 0x0, 0x0, 0x0, 0x0,
    0x0, 0x0, 0x0, 0x0, 0x2f, 0xc0, 0x3f, 0xff,
    0x80, 0x0, 0x0, 0x0, 0x0, 0x0, 0x0, 0x0,
    0x0, 0xf, 0xc0, 0x7, 0xff, 0xc0, 0x0, 0x0,
    0x0, 0x0, 0x0, 0x0, 0x0, 0x0, 0xb, 0xe0,
    0x0, 0x7f, 0x80, 0x0, 0x0, 0x0, 0x0, 0x0,
    0x0, 0x0, 0x0, 0x3, 0xf0, 0x0, 0x0, 0x0,
    0x0, 0x0, 0x0, 0x0, 0x0, 0x5, 0x40, 0x0,
    0x2, 0xf8, 0x0, 0x0, 0x0, 0x0, 0x0, 0x0,
    0x0, 0x0, 0x1f, 0xff, 0x0, 0x0, 0xfc, 0x0,
    0x0, 0x0, 0x0, 0x0, 0x2, 0x40, 0x0, 0x1f,
    0xff, 0xf0, 0x0, 0xbe, 0x0, 0x0, 0x0, 0x0,
    0x0, 0x0, 0xf8, 0x0, 0xf, 0xff, 0xff, 0x0,
    0x3f, 0x0, 0x0, 0x0, 0x0, 0x0, 0x0, 0x3f,
    0xe0, 0xb, 0xff, 0xff, 0xd0, 0x7f, 0x80, 0x0,
    0x0, 0x0, 0x0, 0x0, 0x1f, 0xff, 0x43, 0xff,
    0xff, 0xff, 0xff, 0xff, 0xff, 0xff, 0xff, 0xff,
    0xff, 0xff, 0xff, 0xf8, 0xff, 0xff, 0xff, 0xff,
    0xff, 0xff, 0xff, 0xff, 0xff, 0xff, 0xff, 0xff,
    0xff, 0xbf, 0xff, 0xff, 0xff, 0xff, 0xff, 0xff,
    0xff, 0xff, 0xff, 0xff, 0xff, 0xff, 0x4b, 0xff,
    0xff, 0xc0, 0x0, 0x3, 0xf8, 0x0, 0x0, 0x0,
    0x0, 0xf, 0xfe, 0x0, 0xff, 0xff, 0xe0, 0x0,
    0x0, 0x3f, 0x0, 0x0, 0x0, 0x0, 0x3, 0xfc,
    0x0, 0xf, 0xff, 0xf0, 0x0, 0x0, 0xb, 0xe0,
    0x0, 0x0, 0x0, 0x0, 0xf4, 0x0, 0x0, 0xbf,
    0xe0, 0x0, 0x0, 0x0, 0xfc, 0x0, 0x0, 0x0,
    0x0, 0x10, 0x0, 0x0, 0x0, 0x0, 0x0, 0x0,
    0x0, 0x2f, 0x80, 0x0, 0x0, 0x0, 0x0, 0x0,
    0x0, 0x0, 0x0, 0x0, 0x0, 0x0, 0x3, 0xf0,
    0x1, 0xaa, 0xa9, 0x0, 0x0, 0x0, 0x0, 0x0,
    0x0, 0x0, 0x0, 0x0, 0xbe, 0x0, 0xff, 0xff,
    0xc0, 0x0, 0x0, 0x0, 0x0, 0x0, 0x0, 0x0,
    0x0, 0xf, 0xd0, 0x3f, 0xff, 0xf0, 0x0, 0x0,
    0x0, 0x0, 0x0, 0x0, 0x0, 0x0, 0x1, 0xff,
    0xaf, 0xff, 0xfc, 0x0, 0x0, 0x0, 0x0, 0x0,
    0x0, 0x0, 0x0, 0x0, 0x2f, 0xff, 0xff, 0xff,
    0x0, 0x0, 0x0, 0x0, 0x0, 0x0, 0x0, 0x0,
    0x0, 0x1, 0xff, 0xff, 0xff, 0xc0, 0x0, 0x0,
    0x0, 0x0, 0x0, 0x0, 0x0, 0x0, 0x0, 0x0,
    0x3f, 0xff, 0xf0, 0x0, 0x0, 0x0, 0x0, 0x0,
    0x0, 0x0, 0x0, 0x0, 0x0, 0xf, 0xff, 0xfc,
    0x0, 0x0, 0x0, 0x0, 0x0, 0x0, 0x0, 0x0,
    0x0, 0x0, 0x3, 0xff, 0xff, 0x0, 0x0, 0x0,
    0x0, 0x0, 0x0, 0x0, 0x0, 0x0, 0x0, 0x0,
    0x0, 0x0, 0x0, 0x0, 0x0, 0x0,

    /* U+F293 "" */
    0x0, 0x0, 0x0, 0x6b, 0xfa, 0x90, 0x0, 0x0,
    0x0, 0x0, 0x7, 0xff, 0xff, 0xff, 0x90, 0x0,
    0x0, 0x0, 0x1f, 0xff, 0xff, 0xff, 0xfe, 0x0,
    0x0, 0x0, 0x2f, 0xff, 0xfb, 0xff, 0xff, 0xf0,
    0x0, 0x0, 0x2f, 0xff, 0xfe, 0x3f, 0xff, 0xff,
    0x0, 0x0, 0x1f, 0xff, 0xff, 0x83, 0xff, 0xff,
    0xe0, 0x0, 0xf, 0xff, 0xff, 0xe0, 0x7f, 0xff,
    0xfd, 0x0, 0xb, 0xff, 0xff, 0xf8, 0x7, 0xff,
    0xff, 0xc0, 0x3, 0xff, 0xff, 0xfe, 0x0, 0x7f,
    0xff, 0xf4, 0x1, 0xff, 0xff, 0xff, 0x80, 0xb,
    0xff, 0xfe, 0x0, 0xff, 0xff, 0xff, 0xe0, 0x0,
    0xbf, 0xff, 0xc0, 0x3f, 0xff, 0xff, 0xf8, 0x24,
    0xf, 0xff, 0xf0, 0x1f, 0xff, 0x8b, 0xfe, 0xb,
    0x40, 0xff, 0xfd, 0xb, 0xff, 0x80, 0xbf, 0x82,
    0xf4, 0xf, 0xff, 0x82, 0xff, 0xf0, 0xb, 0xe0,
    0xbe, 0x2, 0xff, 0xe0, 0xff, 0xff, 0x0, 0xb8,
    0x2e, 0x2, 0xff, 0xfc, 0x3f, 0xff, 0xf0, 0xa,
    0xa, 0x1, 0xff, 0xff, 0xf, 0xff, 0xff, 0x0,
    0x0, 0x1, 0xff, 0xff, 0xc3, 0xff, 0xff, 0xf0,
    0x0, 0x1, 0xff, 0xff, 0xf0, 0xff, 0xff, 0xff,
    0x0, 0x0, 0xff, 0xff, 0xfc, 0x3f, 0xff, 0xff,
    0xf0, 0x0, 0xff, 0xff, 0xff, 0xf, 0xff, 0xff,
    0xfe, 0x0, 0xbf, 0xff, 0xff, 0xc3, 0xff, 0xff,
    0xff, 0x0, 0xf, 0xff, 0xff, 0xf0, 0xff, 0xff,
    0xff, 0x0, 0x0, 0xff, 0xff, 0xfc, 0x3f, 0xff,
    0xff, 0x0, 0x0, 0xf, 0xff, 0xff, 0xf, 0xff,
    0xff, 0x0, 0x41, 0x0, 0xff, 0xff, 0xc3, 0xff,
    0xff, 0x0, 0xa0, 0xb0, 0xf, 0xff, 0xf0, 0xff,
    0xff, 0x0, 0xb8, 0x2f, 0x0, 0xff, 0xfc, 0x2f,
    0xff, 0x0, 0xbe, 0xb, 0xe0, 0x1f, 0xfe, 0x7,
    0xff, 0xc0, 0xbf, 0x82, 0xf0, 0xf, 0xff, 0x81,
    0xff, 0xfc, 0xbf, 0xe0, 0xb0, 0xf, 0xff, 0xd0,
    0x3f, 0xff, 0xff, 0xf8, 0x20, 0xb, 0xff, 0xf0,
    0xb, 0xff, 0xff, 0xfe, 0x0, 0xb, 0xff, 0xfc,
    0x1, 0xff, 0xff, 0xff, 0x80, 0xb, 0xff, 0xfe,
    0x0, 0x3f, 0xff, 0xff, 0xe0, 0xb, 0xff, 0xff,
    0x0, 0x7, 0xff, 0xff, 0xf8, 0xb, 0xff, 0xff,
    0x80, 0x0, 0xff, 0xff, 0xfe, 0xb, 0xff, 0xff,
    0xc0, 0x0, 0xf, 0xff, 0xff, 0xcb, 0xff, 0xff,
    0xd0, 0x0, 0x0, 0xff, 0xff, 0xfb, 0xff, 0xff,
    0xe0, 0x0, 0x0, 0xb, 0xff, 0xff, 0xff, 0xff,
    0xe0, 0x0, 0x0, 0x0, 0x7f, 0xff, 0xff, 0xff,
    0xd0, 0x0, 0x0, 0x0, 0x0, 0xaf, 0xff, 0xf9,
    0x0, 0x0, 0x0, 0x0, 0x0, 0x0, 0x0, 0x0,
    0x0, 0x0, 0x0,

    /* U+F2ED "" */
    0x0, 0x0, 0x0, 0x6f, 0xff, 0xfe, 0x0, 0x0,
    0x0, 0x0, 0x0, 0x0, 0x3f, 0xff, 0xff, 0xf0,
    0x0, 0x0, 0x0, 0x0, 0x0, 0x2f, 0xff, 0xff,
    0xfd, 0x0, 0x0, 0x2, 0xff, 0xff, 0xff, 0xff,
    0xff, 0xff, 0xff, 0xff, 0xfd, 0xff, 0xff, 0xff,
    0xff, 0xff, 0xff, 0xff, 0xff, 0xff, 0xbf, 0xff,
    0xff, 0xff, 0xff, 0xff, 0xff, 0xff, 0xff, 0xff,
    0xff, 0xff, 0xff, 0xff, 0xff, 0xff, 0xff, 0xff,
    0xfb, 0xff, 0xff, 0xff, 0xff, 0xff, 0xff, 0xff,
    0xff, 0xfd, 0x0, 0x0, 0x0, 0x0, 0x0, 0x0,
    0x0, 0x0, 0x0, 0x0, 0x0, 0x0, 0x0, 0x0,
    0x0, 0x0, 0x0, 0x0, 0x0, 0x15, 0x55, 0x55,
    0x55, 0x55, 0x55, 0x55, 0x55, 0x0, 0x1f, 0xff,
    0xff, 0xff, 0xff, 0xff, 0xff, 0xff, 0xc0, 0x7,
    0xff, 0xff, 0xff, 0xff, 0xff, 0xff, 0xff, 0xf0,
    0x1, 0xff, 0xff, 0xff, 0xff, 0xff, 0xff, 0xff,
    0xfc, 0x0, 0x7f, 0xff, 0xff, 0xff, 0xff, 0xff,
    0xff, 0xff, 0x0, 0x1f, 0xff, 0xff, 0xff, 0xff,
    0xff, 0xff, 0xff, 0xc0, 0x7, 0xff, 0xe2, 0xff,
    0xd2, 0xff, 0xd2, 0xff, 0xf0, 0x1, 0xff, 0xf0,
    0x3f, 0xf0, 0x7f, 0xf0, 0x7f, 0xfc, 0x0, 0x7f,
    0xfc, 0xf, 0xfc, 0x1f, 0xfc, 0x1f, 0xff, 0x0,
    0x1f, 0xff, 0x3, 0xff, 0x7, 0xff, 0x7, 0xff,
    0xc0, 0x7, 0xff, 0xc0, 0xff, 0xc1, 0xff, 0xc1,
    0xff, 0xf0, 0x1, 0xff, 0xf0, 0x3f, 0xf0, 0x7f,
    0xf0, 0x7f, 0xfc, 0x0, 0x7f, 0xfc, 0xf, 0xfc,
    0x1f, 0xfc, 0x1f, 0xff, 0x0, 0x1f, 0xff, 0x3,
    0xff, 0x7, 0xff, 0x7, 0xff, 0xc0, 0x7, 0xff,
    0xc0, 0xff, 0xc1, 0xff, 0xc1, 0xff, 0xf0, 0x1,
    0xff, 0xf0, 0x3f, 0xf0, 0x7f, 0xf0, 0x7f, 0xfc,
    0x0, 0x7f, 0xfc, 0xf, 0xfc, 0x1f, 0xfc, 0x1f,
    0xff, 0x0, 0x1f, 0xff, 0x3, 0xff, 0x7, 0xff,
    0x7, 0xff, 0xc0, 0x7, 0xff, 0xc0, 0xff, 0xc1,
    0xff, 0xc1, 0xff, 0xf0, 0x1, 0xff, 0xf0, 0x3f,
    0xf0, 0x7f, 0xf0, 0x7f, 0xfc, 0x0, 0x7f, 0xfc,
    0xf, 0xfc, 0x1f, 0xfc, 0x1f, 0xff, 0x0, 0x1f,
    0xff, 0x3, 0xff, 0x7, 0xff, 0x7, 0xff, 0xc0,
    0x7, 0xff, 0xc0, 0xff, 0xc1, 0xff, 0xc1, 0xff,
    0xf0, 0x1, 0xff, 0xf0, 0x3f, 0xf0, 0x7f, 0xf0,
    0x7f, 0xfc, 0x0, 0x7f, 0xfc, 0xf, 0xfc, 0x1f,
    0xfc, 0x1f, 0xff, 0x0, 0x1f, 0xff, 0x3, 0xff,
    0x7, 0xff, 0x7, 0xff, 0xc0, 0x7, 0xff, 0xe2,
    0xff, 0xd2, 0xff, 0xd2, 0xff, 0xf0, 0x1, 0xff,
    0xff, 0xff, 0xff, 0xff, 0xff, 0xff, 0xfc, 0x0,
    0x7f, 0xff, 0xff, 0xff, 0xff, 0xff, 0xff, 0xff,
    0x0, 0xf, 0xff, 0xff, 0xff, 0xff, 0xff, 0xff,
    0xff, 0xc0, 0x2, 0xff, 0xff, 0xff, 0xff, 0xff,
    0xff, 0xff, 0xd0, 0x0, 0x2f, 0xff, 0xff, 0xff,
    0xff, 0xff, 0xff, 0xd0, 0x0, 0x0, 0x15, 0x55,
    0x55, 0x55, 0x55, 0x55, 0x0, 0x0,

    /* U+F304 "" */
    0x0, 0x0, 0x0, 0x0, 0x0, 0x0, 0x0, 0x0,
    0x69, 0x0, 0x0, 0x0, 0x0, 0x0, 0x0, 0x0,
    0x0, 0x0, 0xb, 0xff, 0x0, 0x0, 0x0, 0x0,
    0x0, 0x0, 0x0, 0x0, 0x0, 0xbf, 0xff, 0x0,
    0x0, 0x0, 0x0, 0x0, 0x0, 0x0, 0x0, 0xb,
    0xff, 0xff, 0x0, 0x0, 0x0, 0x0, 0x0, 0x0,
    0x0, 0x0, 0xbf, 0xff, 0xff, 0x0, 0x0, 0x0,
    0x0, 0x0, 0x0, 0x0, 0xb, 0xff, 0xff, 0xff,
    0x0, 0x0, 0x0, 0x0, 0x0, 0x0, 0x0, 0x3f,
    0xff, 0xff, 0xff, 0x0, 0x0, 0x0, 0x0, 0x0,
    0x0, 0x0, 0x3f, 0xff, 0xff, 0xfe, 0x0, 0x0,
    0x0, 0x0, 0x0, 0x0, 0xa0, 0x3f, 0xff, 0xff,
    0xfc, 0x0, 0x0, 0x0, 0x0, 0x0, 0xb, 0xe0,
    0x3f, 0xff, 0xff, 0xf0, 0x0, 0x0, 0x0, 0x0,
    0x0, 0xbf, 0xe0, 0x3f, 0xff, 0xff, 0x80, 0x0,
    0x0, 0x0, 0x0, 0xb, 0xff, 0xe0, 0x3f, 0xff,
    0xfc, 0x0, 0x0, 0x0, 0x0, 0x0, 0xbf, 0xff,
    0xe0, 0x3f, 0xff, 0xd0, 0x0, 0x0, 0x0, 0x0,
    0xb, 0xff, 0xff, 0xe0, 0x3f, 0xfd, 0x0, 0x0,
    0x0, 0x0, 0x0, 0xbf, 0xff, 0xff, 0xe0, 0x3f,
    0xd0, 0x0, 0x0, 0x0, 0x0, 0xb, 0xff, 0xff,
    0xff, 0xe0, 0x3d, 0x0, 0x0, 0x0, 0x0, 0x0,
    0xbf, 0xff, 0xff, 0xff, 0xe0, 0x10, 0x0, 0x0,
    0x0, 0x0, 0xb, 0xff, 0xff, 0xff, 0xff, 0xe0,
    0x0, 0x0, 0x0, 0x0, 0x0, 0xbf, 0xff, 0xff,
    0xff, 0xff, 0xc0, 0x0, 0x0, 0x0, 0x0, 0xb,
    0xff, 0xff, 0xff, 0xff, 0xfd, 0x0, 0x0, 0x0,
    0x0, 0x0, 0xbf, 0xff, 0xff, 0xff, 0xff, 0xd0,
    0x0, 0x0, 0x0, 0x0, 0xb, 0xff, 0xff, 0xff,
    0xff, 0xfd, 0x0, 0x0, 0x0, 0x0, 0x0, 0xbf,
    0xff, 0xff, 0xff, 0xff, 0xd0, 0x0, 0x0, 0x0,
    0x0, 0xb, 0xff, 0xff, 0xff, 0xff, 0xfd, 0x0,
    0x0, 0x0, 0x0, 0x0, 0xbf, 0xff, 0xff, 0xff,
    0xff, 0xd0, 0x0, 0x0, 0x0, 0x0, 0xb, 0xff,
    0xff, 0xff, 0xff, 0xfd, 0x0, 0x0, 0x0, 0x0,
    0x0, 0xbf, 0xff, 0xff, 0xff, 0xff, 0xd0, 0x0,
    0x0, 0x0, 0x0, 0xb, 0xff, 0xff, 0xff, 0xff,
    0xfd, 0x0, 0x0, 0x0, 0x0, 0x0, 0xbf, 0xff,
    0xff, 0xff, 0xff, 0xd0, 0x0, 0x0, 0x0, 0x0,
    0xb, 0xff, 0xff, 0xff, 0xff, 0xfd, 0x0, 0x0,
    0x0, 0x0, 0x0, 0xbf, 0xff, 0xff, 0xff, 0xff,
    0xd0, 0x0, 0x0, 0x0, 0x0, 0x3, 0xff, 0xff,
    0xff, 0xff, 0xfd, 0x0, 0x0, 0x0, 0x0, 0x0,
    0xf, 0xff, 0xff, 0xff, 0xff, 0xd0, 0x0, 0x0,
    0x0, 0x0, 0x0, 0x7f, 0xff, 0xff, 0xff, 0xfd,
    0x0, 0x0, 0x0, 0x0, 0x0, 0x1, 0xff, 0xff,
    0xff, 0xff, 0xd0, 0x0, 0x0, 0x0, 0x0, 0x0,
    0x7, 0xff, 0xff, 0xff, 0xfd, 0x0, 0x0, 0x0,
    0x0, 0x0, 0x0, 0x2f, 0xff, 0xff, 0xff, 0xd0,
    0x0, 0x0, 0x0, 0x0, 0x0, 0x0, 0xbf, 0xff,
    0xff, 0xfd, 0x0, 0x0, 0x0, 0x0, 0x0, 0x0,
    0x3, 0xff, 0xff, 0xff, 0xd0, 0x0, 0x0, 0x0,
    0x0, 0x0, 0x0, 0xf, 0xff, 0xff, 0xfd, 0x0,
    0x0, 0x0, 0x0, 0x0, 0x0, 0x0, 0x3f, 0xff,
    0xff, 0xd0, 0x0, 0x0, 0x0, 0x0, 0x0, 0x0,
    0x0, 0x7f, 0xfe, 0x94, 0x0, 0x0, 0x0, 0x0,
    0x0, 0x0, 0x0, 0x0, 0x0, 0x0, 0x0, 0x0,
    0x0, 0x0, 0x0, 0x0, 0x0, 0x0, 0x0,

    /* U+F55A "" */
    0x0, 0x0, 0x0, 0x1, 0x6a, 0xaa, 0xaa, 0xaa,
    0xaa, 0xaa, 0xaa, 0xa9, 0x40, 0x0, 0x0, 0x0,
    0x7, 0xff, 0xff, 0xff, 0xff, 0xff, 0xff, 0xff,
    0xff, 0xfd, 0x0, 0x0, 0x0, 0x7, 0xff, 0xff,
    0xff, 0xff, 0xff, 0xff, 0xff, 0xff, 0xff, 0xd0,
    0x0, 0x0, 0x7, 0xff, 0xff, 0xff, 0xff, 0xff,
    0xff, 0xff, 0xff, 0xff, 0xfc, 0x0, 0x0, 0x7,
    0xff, 0xff, 0xff, 0xff, 0xff, 0xff, 0xff, 0xff,
    0xff, 0xff, 0x40, 0x0, 0x7, 0xff, 0xff, 0xff,
    0xff, 0xff, 0xff, 0xff, 0xff, 0xff, 0xff, 0xd0,
    0x0, 0x7, 0xff, 0xff, 0xff, 0xff, 0xff, 0xff,
    0xff, 0xff, 0xff, 0xff, 0xf8, 0x0, 0x7, 0xff,
    0xff, 0xff, 0xfe, 0x2f, 0xff, 0xfe, 0x2f, 0xff,
    0xff, 0xfe, 0x0, 0x7, 0xff, 0xff, 0xff, 0xfd,
    0x2, 0xff, 0xfe, 0x2, 0xff, 0xff, 0xff, 0x80,
    0x7, 0xff, 0xff, 0xff, 0xfe, 0x0, 0x2f, 0xfe,
    0x0, 0x2f, 0xff, 0xff, 0xe0, 0x7, 0xff, 0xff,
    0xff, 0xff, 0x40, 0x2, 0xfe, 0x0, 0x7, 0xff,
    0xff, 0xf8, 0x7, 0xff, 0xff, 0xff, 0xff, 0xf0,
    0x0, 0x2e, 0x0, 0x3, 0xff, 0xff, 0xfe, 0x7,
    0xff, 0xff, 0xff, 0xff, 0xff, 0x0, 0x1, 0x0,
    0x3, 0xff, 0xff, 0xff, 0x87, 0xff, 0xff, 0xff,
    0xff, 0xff, 0xf0, 0x0, 0x0, 0x3, 0xff, 0xff,
    0xff, 0xe7, 0xff, 0xff, 0xff, 0xff, 0xff, 0xff,
    0x0, 0x0, 0x3, 0xff, 0xff, 0xff, 0xfb, 0xff,
    0xff, 0xff, 0xff, 0xff, 0xff, 0xf0, 0x0, 0x3,
    0xff, 0xff, 0xff, 0xfe, 0xff, 0xff, 0xff, 0xff,
    0xff, 0xff, 0xfd, 0x0, 0x2, 0xff, 0xff, 0xff,
    0xff, 0xaf, 0xff, 0xff, 0xff, 0xff, 0xff, 0xfe,
    0x0, 0x0, 0x2f, 0xff, 0xff, 0xff, 0xe3, 0xff,
    0xff, 0xff, 0xff, 0xff, 0xfe, 0x0, 0x0, 0x2,
    0xff, 0xff, 0xff, 0xf8, 0x3f, 0xff, 0xff, 0xff,
    0xff, 0xfe, 0x0, 0x0, 0x0, 0x2f, 0xff, 0xff,
    0xfe, 0x3, 0xff, 0xff, 0xff, 0xff, 0xfe, 0x0,
    0x3, 0x0, 0x2, 0xff, 0xff, 0xff, 0x80, 0x3f,
    0xff, 0xff, 0xff, 0xfe, 0x0, 0x3, 0xf0, 0x0,
    0x2f, 0xff, 0xff, 0xe0, 0x3, 0xff, 0xff, 0xff,
    0xff, 0x40, 0x3, 0xff, 0x0, 0x7, 0xff, 0xff,
    0xf8, 0x0, 0x3f, 0xff, 0xff, 0xff, 0xf0, 0x3,
    0xff, 0xf0, 0x3, 0xff, 0xff, 0xfe, 0x0, 0x3,
    0xff, 0xff, 0xff, 0xff, 0x3, 0xff, 0xff, 0x3,
    0xff, 0xff, 0xff, 0x80, 0x0, 0x3f, 0xff, 0xff,
    0xff, 0xfb, 0xff, 0xff, 0xfb, 0xff, 0xff, 0xff,
    0xe0, 0x0, 0x3, 0xff, 0xff, 0xff, 0xff, 0xff,
    0xff, 0xff, 0xff, 0xff, 0xff, 0xf4, 0x0, 0x0,
    0x3f, 0xff, 0xff, 0xff, 0xff, 0xff, 0xff, 0xff,
    0xff, 0xff, 0xfd, 0x0, 0x0, 0x3, 0xff, 0xff,
    0xff, 0xff, 0xff, 0xff, 0xff, 0xff, 0xff, 0xff,
    0x0, 0x0, 0x0, 0x3f, 0xff, 0xff, 0xff, 0xff,
    0xff, 0xff, 0xff, 0xff, 0xff, 0x80, 0x0, 0x0,
    0x2, 0xff, 0xff, 0xff, 0xff, 0xff, 0xff, 0xff,
    0xff, 0xff, 0xc0, 0x0, 0x0, 0x0, 0x1f, 0xff,
    0xff, 0xff, 0xff, 0xff, 0xff, 0xff, 0xff, 0x80,

    /* U+F7C2 "" */
    0x0, 0x0, 0xf, 0xff, 0xff, 0xff, 0xfe, 0x40,
    0x0, 0x0, 0x3f, 0xff, 0xff, 0xff, 0xff, 0xe0,
    0x0, 0x0, 0xff, 0xff, 0xff, 0xff, 0xff, 0xf4,
    0x0, 0x3, 0xff, 0xff, 0xff, 0xff, 0xff, 0xfc,
    0x0, 0xf, 0xff, 0xff, 0xff, 0xff, 0xff, 0xfc,
    0x0, 0x3f, 0xd5, 0x7f, 0x55, 0xf9, 0x5f, 0xfd,
    0x0, 0xff, 0xc0, 0x3e, 0x0, 0xf8, 0xf, 0xfd,
    0x3, 0xff, 0xc0, 0x3e, 0x0, 0xf8, 0xf, 0xfd,
    0xf, 0xff, 0xc0, 0x3e, 0x0, 0xf8, 0xf, 0xfd,
    0x3f, 0xff, 0xc0, 0x3e, 0x0, 0xf8, 0xf, 0xfd,
    0xff, 0xff, 0xc0, 0x3e, 0x0, 0xf8, 0xf, 0xfd,
    0xff, 0xff, 0xc0, 0x3e, 0x0, 0xf8, 0xf, 0xfd,
    0xff, 0xff, 0xc0, 0x3e, 0x0, 0xf8, 0xf, 0xfd,
    0xff, 0xff, 0xff, 0xff, 0xff, 0xff, 0xff, 0xfd,
    0xff, 0xff, 0xff, 0xff, 0xff, 0xff, 0xff, 0xfd,
    0xff, 0xff, 0xff, 0xff, 0xff, 0xff, 0xff, 0xfd,
    0xff, 0xff, 0xff, 0xff, 0xff, 0xff, 0xff, 0xfd,
    0xff, 0xff, 0xff, 0xff, 0xff, 0xff, 0xff, 0xfd,
    0xff, 0xff, 0xff, 0xff, 0xff, 0xff, 0xff, 0xfd,
    0xff, 0xff, 0xff, 0xff, 0xff, 0xff, 0xff, 0xfd,
    0xff, 0xff, 0xff, 0xff, 0xff, 0xff, 0xff, 0xfd,
    0xff, 0xff, 0xff, 0xff, 0xff, 0xff, 0xff, 0xfd,
    0xff, 0xff, 0xff, 0xff, 0xff, 0xff, 0xff, 0xfd,
    0xff, 0xff, 0xff, 0xff, 0xff, 0xff, 0xff, 0xfd,
    0xff, 0xff, 0xff, 0xff, 0xff, 0xff, 0xff, 0xfd,
    0xff, 0xff, 0xff, 0xff, 0xff, 0xff, 0xff, 0xfd,
    0xff, 0xff, 0xff, 0xff, 0xff, 0xff, 0xff, 0xfd,
    0xff, 0xff, 0xff, 0xff, 0xff, 0xff, 0xff, 0xfd,
    0xff, 0xff, 0xff, 0xff, 0xff, 0xff, 0xff, 0xfd,
    0xff, 0xff, 0xff, 0xff, 0xff, 0xff, 0xff, 0xfd,
    0xff, 0xff, 0xff, 0xff, 0xff, 0xff, 0xff, 0xfd,
    0xff, 0xff, 0xff, 0xff, 0xff, 0xff, 0xff, 0xfd,
    0xff, 0xff, 0xff, 0xff, 0xff, 0xff, 0xff, 0xfd,
    0xff, 0xff, 0xff, 0xff, 0xff, 0xff, 0xff, 0xfd,
    0xff, 0xff, 0xff, 0xff, 0xff, 0xff, 0xff, 0xfd,
    0xff, 0xff, 0xff, 0xff, 0xff, 0xff, 0xff, 0xfd,
    0xff, 0xff, 0xff, 0xff, 0xff, 0xff, 0xff, 0xfd,
    0xff, 0xff, 0xff, 0xff, 0xff, 0xff, 0xff, 0xfd,
    0xbf, 0xff, 0xff, 0xff, 0xff, 0xff, 0xff, 0xfc,
    0x3f, 0xff, 0xff, 0xff, 0xff, 0xff, 0xff, 0xf8,
    0x1f, 0xff, 0xff, 0xff, 0xff, 0xff, 0xff, 0xe0,
    0x2, 0xff, 0xff, 0xff, 0xff, 0xff, 0xff, 0x40,
    0x0, 0x0, 0x0, 0x0, 0x0, 0x0, 0x0, 0x0,

    /* U+F8A2 "" */
    0x0, 0x0, 0x0, 0x0, 0x0, 0x0, 0x0, 0x0,
    0x0, 0x0, 0x0, 0x0, 0x0, 0x0, 0x0, 0x0,
    0x0, 0x0, 0x0, 0x0, 0x3, 0xc0, 0x0, 0x0,
    0x0, 0x0, 0x0, 0x0, 0x0, 0x0, 0x0, 0x3f,
    0x0, 0x0, 0x0, 0x0, 0x0, 0x0, 0x0, 0x0,
    0x0, 0x3, 0xfc, 0x0, 0x0, 0x0, 0x0, 0x0,
    0x0, 0x0, 0x0, 0x0, 0x3f, 0xf0, 0x0, 0x0,
    0x0, 0x0, 0x0, 0x0, 0x0, 0x0, 0x3, 0xff,
    0xc0, 0x0, 0x0, 0xb4, 0x0, 0x0, 0x0, 0x0,
    0x0, 0x1f, 0xff, 0x0, 0x0, 0xf, 0xf0, 0x0,
    0x0, 0x0, 0x0, 0x0, 0x7f, 0xfc, 0x0, 0x0,
    0xff, 0xc0, 0x0, 0x0, 0x0, 0x0, 0x1, 0xff,
    0xf0, 0x0, 0xf, 0xff, 0x0, 0x0, 0x0, 0x0,
    0x0, 0x7, 0xff, 0xc0, 0x1, 0xff, 0xfc, 0x0,
    0x0, 0x0, 0x0, 0x0, 0x1f, 0xff, 0x0, 0x1f,
    0xff, 0xf0, 0x0, 0x0, 0x0, 0x0, 0x0, 0x7f,
    0xfc, 0x1, 0xff, 0xff, 0xc0, 0x0, 0x0, 0x0,
    0x0, 0x1, 0xff, 0xf0, 0x1f, 0xff, 0xff, 0xaa,
    0xaa, 0xaa, 0xaa, 0xaa, 0xaf, 0xff, 0xc2, 0xff,
    0xff, 0xff, 0xff, 0xff, 0xff, 0xff, 0xff, 0xff,
    0xff, 0x1f, 0xff, 0xff, 0xff, 0xff, 0xff, 0xff,
    0xff, 0xff, 0xff, 0xfc, 0xff, 0xff, 0xff, 0xff,
    0xff, 0xff, 0xff, 0xff, 0xff, 0xff, 0xf2, 0xff,
    0xff, 0xff, 0xff, 0xff, 0xff, 0xff, 0xff, 0xff,
    0xff, 0xc3, 0xff, 0xff, 0xff, 0xff, 0xff, 0xff,
    0xff, 0xff, 0xff, 0xff, 0x2, 0xff, 0xff, 0xff,
    0xff, 0xff, 0xff, 0xff, 0xff, 0xff, 0xf4, 0x2,
    0xff, 0xff, 0xc0, 0x0, 0x0, 0x0, 0x0, 0x0,
    0x0, 0x0, 0x2, 0xff, 0xff, 0x0, 0x0, 0x0,
    0x0, 0x0, 0x0, 0x0, 0x0, 0x2, 0xff, 0xfc,
    0x0, 0x0, 0x0, 0x0, 0x0, 0x0, 0x0, 0x0,
    0x1, 0xff, 0xf0, 0x0, 0x0, 0x0, 0x0, 0x0,
    0x0, 0x0, 0x0, 0x1, 0xff, 0xc0, 0x0, 0x0,
    0x0, 0x0, 0x0, 0x0, 0x0, 0x0, 0x1, 0xff,
    0x0, 0x0, 0x0, 0x0, 0x0, 0x0, 0x0, 0x0,
    0x0, 0x1, 0xf8, 0x0, 0x0, 0x0, 0x0, 0x0,
    0x0, 0x0, 0x0, 0x0, 0x0, 0x0, 0x0, 0x0,
    0x0, 0x0, 0x0, 0x0, 0x0
};


/*---------------------
 *  GLYPH DESCRIPTION
 *--------------------*/

static const lv_font_fmt_txt_glyph_dsc_t glyph_dsc[] = {
    {.bitmap_index = 0, .adv_w = 0, .box_w = 0, .box_h = 0, .ofs_x = 0, .ofs_y = 0} /* id = 0 reserved */,
    {.bitmap_index = 0, .adv_w = 224, .box_w = 0, .box_h = 0, .ofs_x = 0, .ofs_y = 0},
    {.bitmap_index = 0, .adv_w = 224, .box_w = 8, .box_h = 30, .ofs_x = 3, .ofs_y = 0},
    {.bitmap_index = 60, .adv_w = 328, .box_w = 15, .box_h = 11, .ofs_x = 3, .ofs_y = 19},
    {.bitmap_index = 102, .adv_w = 403, .box_w = 24, .box_h = 30, .ofs_x = 1, .ofs_y = 0},
    {.bitmap_index = 282, .adv_w = 403, .box_w = 23, .box_h = 38, .ofs_x = 1, .ofs_y = -4},
    {.bitmap_index = 501, .adv_w = 669, .box_w = 37, .box_h = 31, .ofs_x = 2, .ofs_y = -1},
    {.bitmap_index = 788, .adv_w = 505, .box_w = 30, .box_h = 32, .ofs_x = 1, .ofs_y = -1},
    {.bitmap_index = 1028, .adv_w = 189, .box_w = 6, .box_h = 11, .ofs_x = 3, .ofs_y = 19},
    {.bitmap_index = 1045, .adv_w = 224, .box_w = 12, .box_h = 39, .ofs_x = 1, .ofs_y = -4},
    {.bitmap_index = 1162, .adv_w = 224, .box_w = 12, .box_h = 39, .ofs_x = 1, .ofs_y = -4},
    {.bitmap_index = 1279, .adv_w = 347, .box_w = 20, .box_h = 19, .ofs_x = 1, .ofs_y = 11},
    {.bitmap_index = 1374, .adv_w = 407, .box_w = 22, .box_h = 21, .ofs_x = 2, .ofs_y = 0},
    {.bitmap_index = 1490, .adv_w = 185, .box_w = 8, .box_h = 15, .ofs_x = 2, .ofs_y = -8},
    {.bitmap_index = 1520, .adv_w = 407, .box_w = 22, .box_h = 4, .ofs_x = 2, .ofs_y = 9},
    {.bitmap_index = 1542, .adv_w = 185, .box_w = 8, .box_h = 7, .ofs_x = 2, .ofs_y = 0},
    {.bitmap_index = 1556, .adv_w = 336, .box_w = 19, .box_h = 38, .ofs_x = 1, .ofs_y = -4},
    {.bitmap_index = 1737, .adv_w = 403, .box_w = 23, .box_h = 32, .ofs_x = 1, .ofs_y = -1},
    {.bitmap_index = 1921, .adv_w = 276, .box_w = 13, .box_h = 30, .ofs_x = 1, .ofs_y = 0},
    {.bitmap_index = 2019, .adv_w = 403, .box_w = 22, .box_h = 31, .ofs_x = 2, .ofs_y = 0},
    {.bitmap_index = 2190, .adv_w = 403, .box_w = 23, .box_h = 32, .ofs_x = 1, .ofs_y = -1},
    {.bitmap_index = 2374, .adv_w = 403, .box_w = 25, .box_h = 30, .ofs_x = 0, .ofs_y = 0},
    {.bitmap_index = 2562, .adv_w = 403, .box_w = 23, .box_h = 31, .ofs_x = 1, .ofs_y = -1},
    {.bitmap_index = 2741, .adv_w = 403, .box_w = 23, .box_h = 32, .ofs_x = 1, .ofs_y = -1},
    {.bitmap_index = 2925, .adv_w = 372, .box_w = 21, .box_h = 30, .ofs_x = 1, .ofs_y = 0},
    {.bitmap_index = 3083, .adv_w = 403, .box_w = 23, .box_h = 32, .ofs_x = 1, .ofs_y = -1},
    {.bitmap_index = 3267, .adv_w = 403, .box_w = 23, .box_h = 32, .ofs_x = 1, .ofs_y = -1},
    {.bitmap_index = 3451, .adv_w = 185, .box_w = 8, .box_h = 21, .ofs_x = 2, .ofs_y = 0},
    {.bitmap_index = 3493, .adv_w = 185, .box_w = 8, .box_h = 29, .ofs_x = 2, .ofs_y = -8},
    {.bitmap_index = 3551, .adv_w = 407, .box_w = 22, .box_h = 23, .ofs_x = 2, .ofs_y = -1},
    {.bitmap_index = 3678, .adv_w = 407, .box_w = 22, .box_h = 13, .ofs_x = 2, .ofs_y = 4},
    {.bitmap_index = 3750, .adv_w = 407, .box_w = 22, .box_h = 23, .ofs_x = 2, .ofs_y = -1},
    {.bitmap_index = 3877, .adv_w = 375, .box_w = 20, .box_h = 31, .ofs_x = 2, .ofs_y = 0},
    {.bitmap_index = 4032, .adv_w = 582, .box_w = 33, .box_h = 32, .ofs_x = 2, .ofs_y = -1},
    {.bitmap_index = 4296, .adv_w = 456, .box_w = 29, .box_h = 30, .ofs_x = 0, .ofs_y = 0},
    {.bitmap_index = 4514, .adv_w = 464, .box_w = 26, .box_h = 30, .ofs_x = 2, .ofs_y = 0},
    {.bitmap_index = 4709, .adv_w = 492, .box_w = 29, .box_h = 32, .ofs_x = 1, .ofs_y = -1},
    {.bitmap_index = 4941, .adv_w = 484, .box_w = 27, .box_h = 30, .ofs_x = 2, .ofs_y = 0},
    {.bitmap_index = 5144, .adv_w = 431, .box_w = 24, .box_h = 30, .ofs_x = 2, .ofs_y = 0},
    {.bitmap_index = 5324, .adv_w = 391, .box_w = 22, .box_h = 30, .ofs_x = 2, .ofs_y = 0},
    {.bitmap_index = 5489, .adv_w = 508, .box_w = 29, .box_h = 32, .ofs_x = 1, .ofs_y = -1},
    {.bitmap_index = 5721, .adv_w = 495, .box_w = 26, .box_h = 30, .ofs_x = 2, .ofs_y = 0},
    {.bitmap_index = 5916, .adv_w = 173, .box_w = 6, .box_h = 30, .ofs_x = 2, .ofs_y = 0},
    {.bitmap_index = 5961, .adv_w = 362, .box_w = 20, .box_h = 31, .ofs_x = 0, .ofs_y = -1},
    {.bitmap_index = 6116, .adv_w = 480, .box_w = 28, .box_h = 30, .ofs_x = 2, .ofs_y = 0},
    {.bitmap_index = 6326, .adv_w = 398, .box_w = 23, .box_h = 30, .ofs_x = 2, .ofs_y = 0},
    {.bitmap_index = 6499, .adv_w = 607, .box_w = 33, .box_h = 30, .ofs_x = 2, .ofs_y = 0},
    {.bitmap_index = 6747, .adv_w = 492, .box_w = 26, .box_h = 30, .ofs_x = 2, .ofs_y = 0},
    {.bitmap_index = 6942, .adv_w = 521, .box_w = 30, .box_h = 32, .ofs_x = 1, .ofs_y = -1},
    {.bitmap_index = 7182, .adv_w = 440, .box_w = 25, .box_h = 30, .ofs_x = 2, .ofs_y = 0},
    {.bitmap_index = 7370, .adv_w = 521, .box_w = 30, .box_h = 35, .ofs_x = 1, .ofs_y = -4},
    {.bitmap_index = 7633, .adv_w = 468, .box_w = 27, .box_h = 30, .ofs_x = 2, .ofs_y = 0},
    {.bitmap_index = 7836, .adv_w = 437, .box_w = 26, .box_h = 32, .ofs_x = 1, .ofs_y = -1},
    {.bitmap_index = 8044, .adv_w = 413, .box_w = 26, .box_h = 30, .ofs_x = 0, .ofs_y = 0},
    {.bitmap_index = 8239, .adv_w = 493, .box_w = 26, .box_h = 31, .ofs_x = 2, .ofs_y = -1},
    {.bitmap_index = 8441, .adv_w = 443, .box_w = 28, .box_h = 30, .ofs_x = 0, .ofs_y = 0},
    {.bitmap_index = 8651, .adv_w = 640, .box_w = 40, .box_h = 30, .ofs_x = 0, .ofs_y = 0},
    {.bitmap_index = 8951, .adv_w = 446, .box_w = 28, .box_h = 30, .ofs_x = 0, .ofs_y = 0},
    {.bitmap_index = 9161, .adv_w = 464, .box_w = 29, .box_h = 30, .ofs_x = 0, .ofs_y = 0},
    {.bitmap_index = 9379, .adv_w = 429, .box_w = 25, .box_h = 30, .ofs_x = 1, .ofs_y = 0},
    {.bitmap_index = 9567, .adv_w = 224, .box_w = 12, .box_h = 39, .ofs_x = 1, .ofs_y = -4},
    {.bitmap_index = 9684, .adv_w = 336, .box_w = 19, .box_h = 38, .ofs_x = 1, .ofs_y = -4},
    {.bitmap_index = 9865, .adv_w = 224, .box_w = 12, .box_h = 39, .ofs_x = 1, .ofs_y = -4},
    {.bitmap_index = 9982, .adv_w = 366, .box_w = 19, .box_h = 15, .ofs_x = 2, .ofs_y = 15},
    {.bitmap_index = 10054, .adv_w = 336, .box_w = 21, .box_h = 4, .ofs_x = 0, .ofs_y = -6},
    {.bitmap_index = 10075, .adv_w = 224, .box_w = 10, .box_h = 6, .ofs_x = 2, .ofs_y = 24},
    {.bitmap_index = 10090, .adv_w = 384, .box_w = 21, .box_h = 23, .ofs_x = 1, .ofs_y = -1},
    {.bitmap_index = 10211, .adv_w = 405, .box_w = 22, .box_h = 31, .ofs_x = 2, .ofs_y = -1},
    {.bitmap_index = 10382, .adv_w = 377, .box_w = 22, .box_h = 23, .ofs_x = 1, .ofs_y = -1},
    {.bitmap_index = 10509, .adv_w = 405, .box_w = 22, .box_h = 31, .ofs_x = 1, .ofs_y = -1},
    {.bitmap_index = 10680, .adv_w = 381, .box_w = 22, .box_h = 23, .ofs_x = 1, .ofs_y = -1},
    {.bitmap_index = 10807, .adv_w = 254, .box_w = 16, .box_h = 30, .ofs_x = 0, .ofs_y = 0},
    {.bitmap_index = 10927, .adv_w = 405, .box_w = 22, .box_h = 31, .ofs_x = 1, .ofs_y = -9},
    {.bitmap_index = 11098, .adv_w = 388, .box_w = 20, .box_h = 30, .ofs_x = 2, .ofs_y = 0},
    {.bitmap_index = 11248, .adv_w = 185, .box_w = 8, .box_h = 31, .ofs_x = 2, .ofs_y = 0},
    {.bitmap_index = 11310, .adv_w = 185, .box_w = 11, .box_h = 39, .ofs_x = -1, .ofs_y = -8},
    {.bitmap_index = 11418, .adv_w = 372, .box_w = 22, .box_h = 30, .ofs_x = 2, .ofs_y = 0},
    {.bitmap_index = 11583, .adv_w = 171, .box_w = 6, .box_h = 30, .ofs_x = 2, .ofs_y = 0},
    {.bitmap_index = 11628, .adv_w = 594, .box_w = 33, .box_h = 22, .ofs_x = 2, .ofs_y = 0},
    {.bitmap_index = 11810, .adv_w = 390, .box_w = 20, .box_h = 22, .ofs_x = 2, .ofs_y = 0},
    {.bitmap_index = 11920, .adv_w = 403, .box_w = 23, .box_h = 23, .ofs_x = 1, .ofs_y = -1},
    {.bitmap_index = 12053, .adv_w = 405, .box_w = 22, .box_h = 30, .ofs_x = 2, .ofs_y = -8},
    {.bitmap_index = 12218, .adv_w = 405, .box_w = 22, .box_h = 30, .ofs_x = 1, .ofs_y = -8},
    {.bitmap_index = 12383, .adv_w = 251, .box_w = 14, .box_h = 22, .ofs_x = 2, .ofs_y = 0},
    {.bitmap_index = 12460, .adv_w = 353, .box_w = 20, .box_h = 23, .ofs_x = 1, .ofs_y = -1},
    {.bitmap_index = 12575, .adv_w = 243, .box_w = 15, .box_h = 28, .ofs_x = 0, .ofs_y = 0},
    {.bitmap_index = 12680, .adv_w = 391, .box_w = 20, .box_h = 22, .ofs_x = 2, .ofs_y = -1},
    {.bitmap_index = 12790, .adv_w = 340, .box_w = 22, .box_h = 21, .ofs_x = 0, .ofs_y = 0},
    {.bitmap_index = 12906, .adv_w = 522, .box_w = 33, .box_h = 21, .ofs_x = 0, .ofs_y = 0},
    {.bitmap_index = 13080, .adv_w = 361, .box_w = 23, .box_h = 21, .ofs_x = 0, .ofs_y = 0},
    {.bitmap_index = 13201, .adv_w = 353, .box_w = 22, .box_h = 29, .ofs_x = 0, .ofs_y = -8},
    {.bitmap_index = 13361, .adv_w = 340, .box_w = 20, .box_h = 21, .ofs_x = 1, .ofs_y = 0},
    {.bitmap_index = 13466, .adv_w = 224, .box_w = 14, .box_h = 39, .ofs_x = 0, .ofs_y = -4},
    {.bitmap_index = 13603, .adv_w = 144, .box_w = 5, .box_h = 42, .ofs_x = 2, .ofs_y = -6},
    {.bitmap_index = 13656, .adv_w = 224, .box_w = 14, .box_h = 39, .ofs_x = 0, .ofs_y = -4},
    {.bitmap_index = 13793, .adv_w = 336, .box_w = 21, .box_h = 7, .ofs_x = 0, .ofs_y = 11},
    {.bitmap_index = 13830, .adv_w = 0, .box_w = 0, .box_h = 0, .ofs_x = 0, .ofs_y = 0},
    {.bitmap_index = 13830, .adv_w = 672, .box_w = 43, .box_h = 44, .ofs_x = 0, .ofs_y = -6},
    {.bitmap_index = 14303, .adv_w = 672, .box_w = 42, .box_h = 32, .ofs_x = 0, .ofs_y = 0},
    {.bitmap_index = 14639, .adv_w = 672, .box_w = 42, .box_h = 38, .ofs_x = 0, .ofs_y = -3},
    {.bitmap_index = 15038, .adv_w = 672, .box_w = 42, .box_h = 32, .ofs_x = 0, .ofs_y = 0},
    {.bitmap_index = 15374, .adv_w = 462, .box_w = 29, .box_h = 30, .ofs_x = 0, .ofs_y = 1},
    {.bitmap_index = 15592, .adv_w = 672, .box_w = 42, .box_h = 42, .ofs_x = 0, .ofs_y = -5},
    {.bitmap_index = 16033, .adv_w = 672, .box_w = 40, .box_h = 43, .ofs_x = 1, .ofs_y = -6},
    {.bitmap_index = 16463, .adv_w = 756, .box_w = 48, .box_h = 38, .ofs_x = 0, .ofs_y = -3},
    {.bitmap_index = 16919, .adv_w = 672, .box_w = 42, .box_h = 43, .ofs_x = 0, .ofs_y = -6},
    {.bitmap_index = 17371, .adv_w = 756, .box_w = 48, .box_h = 32, .ofs_x = 0, .ofs_y = 0},
    {.bitmap_index = 17755, .adv_w = 672, .box_w = 42, .box_h = 43, .ofs_x = 0, .ofs_y = -6},
    {.bitmap_index = 18207, .adv_w = 336, .box_w = 21, .box_h = 33, .ofs_x = 0, .ofs_y = -1},
    {.bitmap_index = 18381, .adv_w = 504, .box_w = 32, .box_h = 33, .ofs_x = 0, .ofs_y = -1},
    {.bitmap_index = 18645, .adv_w = 756, .box_w = 48, .box_h = 41, .ofs_x = 0, .ofs_y = -5},
    {.bitmap_index = 19137, .adv_w = 672, .box_w = 42, .box_h = 32, .ofs_x = 0, .ofs_y = 0},
    {.bitmap_index = 19473, .adv_w = 462, .box_w = 29, .box_h = 43, .ofs_x = 0, .ofs_y = -6},
    {.bitmap_index = 19785, .adv_w = 588, .box_w = 27, .box_h = 39, .ofs_x = 5, .ofs_y = -4},
    {.bitmap_index = 20049, .adv_w = 588, .box_w = 37, .box_h = 44, .ofs_x = 0, .ofs_y = -6},
    {.bitmap_index = 20456, .adv_w = 588, .box_w = 37, .box_h = 38, .ofs_x = 0, .ofs_y = -3},
    {.bitmap_index = 20808, .adv_w = 588, .box_w = 37, .box_h = 38, .ofs_x = 0, .ofs_y = -3},
    {.bitmap_index = 21160, .adv_w = 588, .box_w = 27, .box_h = 39, .ofs_x = 5, .ofs_y = -4},
    {.bitmap_index = 21424, .adv_w = 588, .box_w = 39, .box_h = 38, .ofs_x = -1, .ofs_y = -3},
    {.bitmap_index = 21795, .adv_w = 420, .box_w = 23, .box_h = 37, .ofs_x = 2, .ofs_y = -3},
    {.bitmap_index = 22008, .adv_w = 420, .box_w = 23, .box_h = 37, .ofs_x = 2, .ofs_y = -3},
    {.bitmap_index = 22221, .adv_w = 588, .box_w = 37, .box_h = 38, .ofs_x = 0, .ofs_y = -3},
    {.bitmap_index = 22573, .adv_w = 588, .box_w = 37, .box_h = 9, .ofs_x = 0, .ofs_y = 11},
    {.bitmap_index = 22657, .adv_w = 756, .box_w = 48, .box_h = 32, .ofs_x = 0, .ofs_y = 0},
    {.bitmap_index = 23041, .adv_w = 840, .box_w = 53, .box_h = 43, .ofs_x = 0, .ofs_y = -6},
    {.bitmap_index = 23611, .adv_w = 756, .box_w = 49, .box_h = 43, .ofs_x = -1, .ofs_y = -6},
    {.bitmap_index = 24138, .adv_w = 672, .box_w = 42, .box_h = 39, .ofs_x = 0, .ofs_y = -4},
    {.bitmap_index = 24548, .adv_w = 588, .box_w = 37, .box_h = 23, .ofs_x = 0, .ofs_y = 4},
    {.bitmap_index = 24761, .adv_w = 588, .box_w = 37, .box_h = 23, .ofs_x = 0, .ofs_y = 4},
    {.bitmap_index = 24974, .adv_w = 840, .box_w = 53, .box_h = 33, .ofs_x = 0, .ofs_y = -1},
    {.bitmap_index = 25412, .adv_w = 672, .box_w = 42, .box_h = 32, .ofs_x = 0, .ofs_y = 0},
    {.bitmap_index = 25748, .adv_w = 672, .box_w = 42, .box_h = 43, .ofs_x = 0, .ofs_y = -6},
    {.bitmap_index = 26200, .adv_w = 672, .box_w = 43, .box_h = 44, .ofs_x = -1, .ofs_y = -6},
    {.bitmap_index = 26673, .adv_w = 588, .box_w = 38, .box_h = 38, .ofs_x = 0, .ofs_y = -3},
    {.bitmap_index = 27034, .adv_w = 588, .box_w = 37, .box_h = 43, .ofs_x = 0, .ofs_y = -6},
    {.bitmap_index = 27432, .adv_w = 588, .box_w = 37, .box_h = 38, .ofs_x = 0, .ofs_y = -3},
    {.bitmap_index = 27784, .adv_w = 588, .box_w = 37, .box_h = 33, .ofs_x = 0, .ofs_y = -1},
    {.bitmap_index = 28090, .adv_w = 672, .box_w = 42, .box_h = 32, .ofs_x = 0, .ofs_y = 0},
    {.bitmap_index = 28426, .adv_w = 420, .box_w = 28, .box_h = 43, .ofs_x = -1, .ofs_y = -6},
    {.bitmap_index = 28727, .adv_w = 588, .box_w = 37, .box_h = 43, .ofs_x = 0, .ofs_y = -6},
    {.bitmap_index = 29125, .adv_w = 588, .box_w = 37, .box_h = 43, .ofs_x = 0, .ofs_y = -6},
    {.bitmap_index = 29523, .adv_w = 756, .box_w = 48, .box_h = 32, .ofs_x = 0, .ofs_y = 0},
    {.bitmap_index = 29907, .adv_w = 672, .box_w = 44, .box_h = 44, .ofs_x = -1, .ofs_y = -6},
    {.bitmap_index = 30391, .adv_w = 504, .box_w = 32, .box_h = 43, .ofs_x = 0, .ofs_y = -6},
    {.bitmap_index = 30735, .adv_w = 840, .box_w = 53, .box_h = 39, .ofs_x = 0, .ofs_y = -3},
    {.bitmap_index = 31252, .adv_w = 840, .box_w = 53, .box_h = 27, .ofs_x = 0, .ofs_y = 2},
    {.bitmap_index = 31610, .adv_w = 840, .box_w = 53, .box_h = 27, .ofs_x = 0, .ofs_y = 2},
    {.bitmap_index = 31968, .adv_w = 840, .box_w = 53, .box_h = 27, .ofs_x = 0, .ofs_y = 2},
    {.bitmap_index = 32326, .adv_w = 840, .box_w = 53, .box_h = 27, .ofs_x = 0, .ofs_y = 2},
    {.bitmap_index = 32684, .adv_w = 840, .box_w = 53, .box_h = 27, .ofs_x = 0, .ofs_y = 2},
    {.bitmap_index = 33042, .adv_w = 840, .box_w = 53, .box_h = 33, .ofs_x = 0, .ofs_y = -1},
    {.bitmap_index = 33480, .adv_w = 588, .box_w = 33, .box_h = 43, .ofs_x = 2, .ofs_y = -6},
    {.bitmap_index = 33835, .adv_w = 588, .box_w = 37, .box_h = 43, .ofs_x = 0, .ofs_y = -6},
    {.bitmap_index = 34233, .adv_w = 672, .box_w = 43, .box_h = 43, .ofs_x = -1, .ofs_y = -6},
    {.bitmap_index = 34696, .adv_w = 840, .box_w = 53, .box_h = 32, .ofs_x = 0, .ofs_y = 0},
    {.bitmap_index = 35120, .adv_w = 504, .box_w = 32, .box_h = 43, .ofs_x = 0, .ofs_y = -6},
    {.bitmap_index = 35464, .adv_w = 676, .box_w = 43, .box_h = 28, .ofs_x = 0, .ofs_y = 2}
};

/*---------------------
 *  CHARACTER MAPPING
 *--------------------*/

static const uint16_t unicode_list_1[] = {
    0x0, 0x7, 0xa, 0xb, 0xc, 0x10, 0x12, 0x14,
    0x18, 0x1b, 0x20, 0x25, 0x26, 0x27, 0x3d, 0x42,
    0x47, 0x4a, 0x4b, 0x4c, 0x50, 0x51, 0x52, 0x53,
    0x66, 0x67, 0x6d, 0x6f, 0x70, 0x73, 0x76, 0x77,
    0x78, 0x7a, 0x92, 0x94, 0xc3, 0xc4, 0xc6, 0xc8,
    0xdf, 0xe6, 0xe9, 0xf2, 0x11b, 0x123, 0x15a, 0x1ea,
    0x23f, 0x240, 0x241, 0x242, 0x243, 0x286, 0x292, 0x2ec,
    0x303, 0x559, 0x7c1, 0x8a1
};

/*Collect the unicode lists and glyph_id offsets*/
static const lv_font_fmt_txt_cmap_t cmaps[] =
{
    {
        .range_start = 32, .range_length = 96, .glyph_id_start = 1,
        .unicode_list = NULL, .glyph_id_ofs_list = NULL, .list_length = 0, .type = LV_FONT_FMT_TXT_CMAP_FORMAT0_TINY
    },
    {
        .range_start = 61441, .range_length = 2210, .glyph_id_start = 97,
        .unicode_list = unicode_list_1, .glyph_id_ofs_list = NULL, .list_length = 60, .type = LV_FONT_FMT_TXT_CMAP_SPARSE_TINY
    }
};



/*--------------------
 *  ALL CUSTOM DATA
 *--------------------*/

#if LVGL_VERSION_MAJOR == 8
/*Store all the custom data of the font*/
static  lv_font_fmt_txt_glyph_cache_t cache;
#endif

#if LVGL_VERSION_MAJOR >= 8
static const lv_font_fmt_txt_dsc_t font_dsc = {
#else
static lv_font_fmt_txt_dsc_t font_dsc = {
#endif
    .glyph_bitmap = glyph_bitmap,
    .glyph_dsc = glyph_dsc,
    .cmaps = cmaps,
    .kern_dsc = NULL,
    .kern_scale = 0,
    .cmap_num = 2,
    .bpp = 2,
    .kern_classes = 0,
    .bitmap_format = 0,
#if LVGL_VERSION_MAJOR == 8
    .cache = &cache
#endif
};



/*-----------------
 *  PUBLIC FONT
 *----------------*/

/*Initialize a public general font descriptor*/
#if LVGL_VERSION_MAJOR >= 8
const lv_font_t lv_font_pingfang_SC_42 = {
#else
lv_font_t lv_font_pingfang_SC_42 = {
#endif
    .get_glyph_dsc = lv_font_get_glyph_dsc_fmt_txt,    /*Function pointer to get glyph's data*/
    .get_glyph_bitmap = lv_font_get_bitmap_fmt_txt,    /*Function pointer to get glyph's bitmap*/
    .line_height = 47,          /*The maximum line height required by the font*/
    .base_line = 9,             /*Baseline measured from the bottom of the line*/
#if !(LVGL_VERSION_MAJOR == 6 && LVGL_VERSION_MINOR == 0)
    .subpx = LV_FONT_SUBPX_NONE,
#endif
#if LV_VERSION_CHECK(7, 4, 0) || LVGL_VERSION_MAJOR >= 8
    .underline_position = -6,
    .underline_thickness = 3,
#endif
    .dsc = &font_dsc,          /*The custom font data. Will be accessed by `get_glyph_bitmap/dsc` */
#if LV_VERSION_CHECK(8, 2, 0) || LVGL_VERSION_MAJOR >= 9
    .fallback = NULL,
#endif
    .user_data = NULL,
};



#endif /*#if LV_FONT_PINGFANG_SC_42*/

