/*******************************************************************************
 * Size: 18 px
 * Bpp: 4
 * Opts: --font D:\test\ktv_demo\assets\fonts\Alibaba_PuHuiTi_2_0_95_ExtraBold_95_ExtraBold\Alibaba_PuHuiTi_2_0_95_ExtraBold_95_ExtraBold.ttf -r 0x20-0x7F --symbols 0123456789a --size 18 -o \\192.168.30.245\weichao.lian\klok\projects\multimedia\ktv_example\ap\ui\beken_generated\fonts\lv_font_Alibaba_PuHuiTi_2_0_95_ExtraBold_95_ExtraBold_18.c --format lvgl --bpp 4 --no-compress --lv-include lvgl.h --font C:\Users\weichao.lian\Downloads\lvgl_ui_designer_2.0.2\resources\assets\fonts\FontAwesome5.woff -r 61441, 61448, 61451, 61452, 61453, 61457, 61459, 61461, 61465, 61468,                                61473, 61478, 61479, 61480, 61502, 61507, 61512, 61515, 61516, 61517,                                61521, 61522, 61523, 61524, 61543, 61544, 61550, 61552, 61553, 61556,                                61559, 61560, 61561, 61563, 61587, 61589, 61636, 61637, 61639, 61641,                                61664, 61671, 61674, 61683, 61724, 61732, 61787, 61931, 62016, 62017,                                62018, 62019, 62020, 62087, 62099, 62189, 62212, 62810, 63426, 63650
 ******************************************************************************/

#ifdef LV_LVGL_H_INCLUDE_SIMPLE
#include "lvgl.h"
#else
#include "lvgl.h"
#endif

#ifndef LV_FONT_ALIBABA_PUHUITI_2_0_95_EXTRABOLD_95_EXTRABOLD_18
#define LV_FONT_ALIBABA_PUHUITI_2_0_95_EXTRABOLD_95_EXTRABOLD_18 1
#endif

#if LV_FONT_ALIBABA_PUHUITI_2_0_95_EXTRABOLD_95_EXTRABOLD_18

/*-----------------
 *    BITMAPS
 *----------------*/

/*Store the image of the glyphs*/
static LV_ATTRIBUTE_LARGE_CONST const uint8_t glyph_bitmap[] = {
    /* U+0020 " " */

    /* U+0021 "!" */
    0x1f, 0xfc, 0xf, 0xfb, 0xf, 0xfa, 0xf, 0xfa,
    0xe, 0xf9, 0xd, 0xf8, 0xd, 0xf8, 0xc, 0xf7,
    0x0, 0x0, 0x0, 0x0, 0x1e, 0xf9, 0x2f, 0xfd,
    0xe, 0xf9,

    /* U+0022 "\"" */
    0x2f, 0xf4, 0xdf, 0xa1, 0xff, 0x3b, 0xf9, 0xf,
    0xf1, 0xaf, 0x70, 0xef, 0x8, 0xf6, 0xc, 0xe0,
    0x7f, 0x40, 0x45, 0x2, 0x61,

    /* U+0023 "#" */
    0x0, 0xf, 0xf1, 0x6, 0xfb, 0x0, 0x3, 0xfe,
    0x0, 0x9f, 0x90, 0x0, 0x6f, 0xc0, 0xb, 0xf6,
    0xc, 0xff, 0xff, 0xff, 0xff, 0xf8, 0xae, 0xff,
    0xee, 0xef, 0xfe, 0x70, 0xd, 0xf4, 0x3, 0xfe,
    0x0, 0x0, 0xff, 0x20, 0x5f, 0xc0, 0x0, 0x1f,
    0xf0, 0x7, 0xfa, 0x0, 0xcf, 0xff, 0xff, 0xff,
    0xff, 0x8a, 0xef, 0xfe, 0xef, 0xfe, 0xe7, 0x9,
    0xf8, 0x0, 0xff, 0x20, 0x0, 0xcf, 0x50, 0x1f,
    0xf0, 0x0, 0xe, 0xf3, 0x4, 0xfd, 0x0, 0x0,

    /* U+0024 "$" */
    0x0, 0x0, 0x6e, 0x0, 0x0, 0x0, 0x7d, 0xff,
    0xfe, 0x90, 0x7, 0xff, 0xff, 0xff, 0xd0, 0xe,
    0xfa, 0x8e, 0x24, 0x50, 0xf, 0xf5, 0x6e, 0x0,
    0x0, 0xf, 0xfa, 0x7e, 0x0, 0x0, 0xa, 0xff,
    0xff, 0x82, 0x0, 0x1, 0xbf, 0xff, 0xff, 0x90,
    0x0, 0x2, 0x9f, 0xff, 0xf4, 0x0, 0x0, 0x6e,
    0x1e, 0xf8, 0x0, 0x0, 0x6e, 0xc, 0xf9, 0x8,
    0x53, 0x8e, 0x5f, 0xf7, 0xf, 0xff, 0xff, 0xff,
    0xf1, 0xc, 0xff, 0xff, 0xfc, 0x40, 0x0, 0x0,
    0x6e, 0x0, 0x0, 0x0, 0x0, 0x6e, 0x0, 0x0,
    0x0, 0x0, 0x5b, 0x0, 0x0,

    /* U+0025 "%" */
    0x1a, 0xfe, 0x50, 0x0, 0x2f, 0x90, 0x8, 0xf7,
    0xcf, 0x10, 0xa, 0xf1, 0x0, 0xcd, 0x5, 0xf5,
    0x3, 0xf7, 0x0, 0xe, 0xc0, 0x4f, 0x60, 0xbe,
    0x0, 0x0, 0xdc, 0x4, 0xf5, 0x4f, 0x60, 0x0,
    0xa, 0xf2, 0x9f, 0x3d, 0xd0, 0x0, 0x0, 0x3f,
    0xff, 0xa5, 0xf5, 0x7f, 0xfb, 0x10, 0x3, 0x20,
    0xec, 0x2f, 0xa6, 0xf9, 0x0, 0x0, 0x7f, 0x46,
    0xf4, 0xd, 0xc0, 0x0, 0xe, 0xb0, 0x7f, 0x30,
    0xcd, 0x0, 0x8, 0xf3, 0x6, 0xf4, 0xd, 0xc0,
    0x1, 0xfa, 0x0, 0x2f, 0x94, 0xf8, 0x0, 0x9f,
    0x20, 0x0, 0x6e, 0xfa, 0x10,

    /* U+0026 "&" */
    0x0, 0x6, 0xdf, 0xd7, 0x0, 0x0, 0x0, 0x7f,
    0xff, 0xff, 0x50, 0x0, 0x0, 0xdf, 0xb0, 0xbf,
    0xa0, 0x0, 0x0, 0xef, 0x90, 0xbf, 0xa0, 0x0,
    0x0, 0xbf, 0xf9, 0xff, 0x40, 0x0, 0x0, 0x4f,
    0xff, 0xf6, 0x0, 0x0, 0x1, 0xcf, 0xff, 0x90,
    0x5f, 0xf0, 0xd, 0xfe, 0xcf, 0xf4, 0x8f, 0xd0,
    0x6f, 0xf3, 0x1d, 0xfe, 0xef, 0x90, 0x9f, 0xf0,
    0x3, 0xff, 0xff, 0x20, 0x7f, 0xf9, 0x23, 0xcf,
    0xfd, 0x20, 0xd, 0xff, 0xff, 0xff, 0xff, 0xf5,
    0x1, 0x9e, 0xfe, 0x92, 0x7d, 0xf5,

    /* U+0027 "'" */
    0x2f, 0xf4, 0x1f, 0xf3, 0xf, 0xf1, 0xe, 0xf0,
    0xc, 0xe0, 0x4, 0x50,

    /* U+0028 "(" */
    0x0, 0x4f, 0xf5, 0x0, 0xdf, 0xd0, 0x6, 0xff,
    0x50, 0xd, 0xfe, 0x0, 0x3f, 0xf8, 0x0, 0x7f,
    0xf4, 0x0, 0xbf, 0xf0, 0x0, 0xdf, 0xe0, 0x0,
    0xef, 0xd0, 0x0, 0xef, 0xd0, 0x0, 0xdf, 0xe0,
    0x0, 0xcf, 0xf0, 0x0, 0x8f, 0xf3, 0x0, 0x4f,
    0xf7, 0x0, 0xe, 0xfd, 0x0, 0x7, 0xff, 0x30,
    0x0, 0xef, 0xb0, 0x0, 0x6f, 0xf4,

    /* U+0029 ")" */
    0x2f, 0xf8, 0x0, 0x0, 0x9f, 0xf1, 0x0, 0x2,
    0xff, 0x90, 0x0, 0xc, 0xff, 0x0, 0x0, 0x6f,
    0xf6, 0x0, 0x2, 0xff, 0xa0, 0x0, 0xe, 0xfd,
    0x0, 0x0, 0xcf, 0xf0, 0x0, 0xb, 0xff, 0x0,
    0x0, 0xbf, 0xf0, 0x0, 0xc, 0xff, 0x0, 0x0,
    0xef, 0xd0, 0x0, 0x2f, 0xf9, 0x0, 0x6, 0xff,
    0x50, 0x0, 0xcf, 0xe0, 0x0, 0x3f, 0xf8, 0x0,
    0xb, 0xfe, 0x10, 0x3, 0xff, 0x60, 0x0,

    /* U+002A "*" */
    0x0, 0xd, 0xf2, 0x0, 0x6, 0x1b, 0xf0, 0x52,
    0x2f, 0xfe, 0xfd, 0xf7, 0x3a, 0xdf, 0xfe, 0xa6,
    0x0, 0xaf, 0xfd, 0x10, 0x7, 0xfc, 0x7f, 0xc0,
    0x0, 0x94, 0xb, 0x20,

    /* U+002B "+" */
    0x0, 0x0, 0xdf, 0x40, 0x0, 0x0, 0x0, 0xdf,
    0x40, 0x0, 0x0, 0x0, 0xdf, 0x40, 0x0, 0x12,
    0x22, 0xef, 0x62, 0x22, 0x7f, 0xff, 0xff, 0xff,
    0xfe, 0x7f, 0xff, 0xff, 0xff, 0xfe, 0x0, 0x0,
    0xdf, 0x40, 0x0, 0x0, 0x0, 0xdf, 0x40, 0x0,
    0x0, 0x0, 0xdf, 0x40, 0x0, 0x0, 0x0, 0x67,
    0x10, 0x0,

    /* U+002C "," */
    0x0, 0x56, 0x30, 0xf, 0xf8, 0x2, 0xff, 0x40,
    0x7f, 0xe0, 0xc, 0xf7, 0x3, 0xfe, 0x0,

    /* U+002D "-" */
    0x11, 0x11, 0x11, 0xdf, 0xff, 0xfb, 0xdf, 0xff,
    0xfb,

    /* U+002E "." */
    0x3, 0x20, 0x8f, 0xf7, 0x9f, 0xf8, 0x6f, 0xf5,

    /* U+002F "/" */
    0x0, 0x0, 0x8, 0x60, 0x0, 0x6, 0xf8, 0x0,
    0x0, 0xcf, 0x20, 0x0, 0x1f, 0xc0, 0x0, 0x7,
    0xf7, 0x0, 0x0, 0xdf, 0x10, 0x0, 0x3f, 0xb0,
    0x0, 0x8, 0xf5, 0x0, 0x0, 0xef, 0x0, 0x0,
    0x4f, 0xa0, 0x0, 0xa, 0xf4, 0x0, 0x0, 0xfe,
    0x0, 0x0, 0x5f, 0x90, 0x0, 0xb, 0xf3, 0x0,
    0x0,

    /* U+0030 "0" */
    0x0, 0x3b, 0xef, 0xd8, 0x0, 0x2, 0xff, 0xff,
    0xff, 0xb0, 0xa, 0xff, 0x75, 0xbf, 0xf3, 0xf,
    0xfa, 0x0, 0x1f, 0xf8, 0x2f, 0xf7, 0x0, 0xd,
    0xfb, 0x3f, 0xf6, 0x0, 0xc, 0xfc, 0x3f, 0xf5,
    0x0, 0xc, 0xfd, 0x3f, 0xf6, 0x0, 0xc, 0xfc,
    0x1f, 0xf7, 0x0, 0xd, 0xfb, 0xf, 0xfa, 0x0,
    0x1f, 0xf8, 0xa, 0xff, 0x75, 0xbf, 0xf3, 0x2,
    0xff, 0xff, 0xff, 0xb0, 0x0, 0x3b, 0xef, 0xd8,
    0x0,

    /* U+0031 "1" */
    0x16, 0x9c, 0xff, 0x74, 0xff, 0xff, 0xf7, 0x4e,
    0xba, 0xff, 0x70, 0x0, 0x3f, 0xf7, 0x0, 0x3,
    0xff, 0x70, 0x0, 0x3f, 0xf7, 0x0, 0x3, 0xff,
    0x70, 0x0, 0x3f, 0xf7, 0x0, 0x3, 0xff, 0x70,
    0x0, 0x3f, 0xf7, 0x0, 0x3, 0xff, 0x70, 0x0,
    0x3f, 0xf7, 0x0, 0x3, 0xff, 0x70,

    /* U+0032 "2" */
    0x3, 0xbe, 0xfe, 0xc7, 0x0, 0x5, 0xff, 0xff,
    0xff, 0xb0, 0x3, 0x74, 0x35, 0xef, 0xf3, 0x0,
    0x0, 0x0, 0x6f, 0xf5, 0x0, 0x0, 0x0, 0x6f,
    0xf4, 0x0, 0x0, 0x0, 0xcf, 0xf1, 0x0, 0x0,
    0x9, 0xff, 0x80, 0x0, 0x0, 0x8f, 0xfc, 0x0,
    0x0, 0x9, 0xff, 0xc0, 0x0, 0x0, 0xaf, 0xfa,
    0x0, 0x0, 0xc, 0xff, 0xb4, 0x44, 0x42, 0x1f,
    0xff, 0xff, 0xff, 0xfa, 0x1f, 0xff, 0xff, 0xff,
    0xfa,

    /* U+0033 "3" */
    0x3c, 0xef, 0xec, 0x60, 0x5, 0xff, 0xff, 0xff,
    0x80, 0x25, 0x32, 0x5e, 0xfe, 0x0, 0x0, 0x0,
    0xaf, 0xf0, 0x0, 0x1, 0x5f, 0xfb, 0x0, 0x6f,
    0xff, 0xfa, 0x10, 0x6, 0xff, 0xff, 0xd3, 0x0,
    0x0, 0x15, 0xef, 0xe0, 0x0, 0x0, 0x7, 0xff,
    0x30, 0x0, 0x0, 0x8f, 0xf4, 0x54, 0x33, 0x7f,
    0xff, 0x1c, 0xff, 0xff, 0xff, 0x80, 0xae, 0xff,
    0xeb, 0x50, 0x0,

    /* U+0034 "4" */
    0x0, 0x0, 0xd, 0xff, 0x80, 0x0, 0x0, 0x8f,
    0xff, 0x80, 0x0, 0x2, 0xff, 0xff, 0x80, 0x0,
    0xc, 0xf8, 0xff, 0x80, 0x0, 0x7f, 0xd0, 0xff,
    0x80, 0x2, 0xff, 0x40, 0xff, 0x80, 0xc, 0xfa,
    0x0, 0xff, 0x80, 0x6f, 0xe1, 0x0, 0xff, 0x80,
    0x8f, 0xff, 0xff, 0xff, 0xfe, 0x8f, 0xff, 0xff,
    0xff, 0xfe, 0x13, 0x33, 0x33, 0xff, 0xa3, 0x0,
    0x0, 0x0, 0xff, 0x80, 0x0, 0x0, 0x0, 0xff,
    0x80,

    /* U+0035 "5" */
    0xc, 0xff, 0xff, 0xfc, 0x0, 0xef, 0xff, 0xff,
    0xc0, 0xf, 0xf7, 0x33, 0x32, 0x2, 0xff, 0x30,
    0x0, 0x0, 0x3f, 0xf1, 0x0, 0x0, 0x5, 0xff,
    0xff, 0xe9, 0x10, 0x7f, 0xff, 0xff, 0xfd, 0x1,
    0x10, 0x2, 0xbf, 0xf5, 0x0, 0x0, 0x3, 0xff,
    0x80, 0x0, 0x0, 0x5f, 0xf7, 0x34, 0x33, 0x6e,
    0xff, 0x38, 0xff, 0xff, 0xff, 0x90, 0x6e, 0xff,
    0xeb, 0x50, 0x0,

    /* U+0036 "6" */
    0x0, 0x0, 0x4a, 0xdf, 0x10, 0x0, 0xa, 0xff,
    0xff, 0x10, 0x0, 0xaf, 0xfd, 0x75, 0x0, 0x4,
    0xff, 0x90, 0x0, 0x0, 0xa, 0xfe, 0x0, 0x0,
    0x0, 0xe, 0xfc, 0xbe, 0xeb, 0x30, 0x1f, 0xff,
    0xff, 0xff, 0xf2, 0x2f, 0xfc, 0x10, 0x3f, 0xf9,
    0x2f, 0xf5, 0x0, 0xb, 0xfb, 0xf, 0xf6, 0x0,
    0xb, 0xfb, 0xc, 0xfd, 0x31, 0x6f, 0xf8, 0x3,
    0xff, 0xff, 0xff, 0xe1, 0x0, 0x3b, 0xef, 0xe9,
    0x10,

    /* U+0037 "7" */
    0xf, 0xff, 0xff, 0xff, 0xf6, 0xf, 0xff, 0xff,
    0xff, 0xf6, 0x3, 0x33, 0x33, 0x6f, 0xf5, 0x0,
    0x0, 0x0, 0xaf, 0xf0, 0x0, 0x0, 0x1, 0xff,
    0x90, 0x0, 0x0, 0x8, 0xff, 0x20, 0x0, 0x0,
    0xe, 0xfb, 0x0, 0x0, 0x0, 0x6f, 0xf4, 0x0,
    0x0, 0x0, 0xdf, 0xd0, 0x0, 0x0, 0x4, 0xff,
    0x60, 0x0, 0x0, 0xb, 0xfe, 0x0, 0x0, 0x0,
    0x2f, 0xf8, 0x0, 0x0, 0x0, 0xaf, 0xf1, 0x0,
    0x0,

    /* U+0038 "8" */
    0x0, 0x5c, 0xff, 0xea, 0x20, 0x6, 0xff, 0xff,
    0xff, 0xe1, 0xc, 0xfc, 0x20, 0x5f, 0xf6, 0xd,
    0xf7, 0x0, 0xd, 0xf7, 0xa, 0xfc, 0x10, 0x4f,
    0xf3, 0x1, 0xbf, 0xff, 0xff, 0x60, 0x2, 0xdf,
    0xff, 0xff, 0x80, 0xd, 0xfc, 0x20, 0x4f, 0xf6,
    0x2f, 0xf4, 0x0, 0xa, 0xfb, 0x3f, 0xf3, 0x0,
    0x9, 0xfd, 0x1f, 0xfc, 0x32, 0x5f, 0xfb, 0x9,
    0xff, 0xff, 0xff, 0xf3, 0x0, 0x5c, 0xef, 0xda,
    0x20,

    /* U+0039 "9" */
    0x0, 0x4b, 0xff, 0xd8, 0x0, 0x5, 0xff, 0xff,
    0xff, 0xb0, 0xe, 0xfd, 0x42, 0x8f, 0xf4, 0x1f,
    0xf5, 0x0, 0xd, 0xf9, 0x2f, 0xf4, 0x0, 0xc,
    0xfb, 0xf, 0xfb, 0x0, 0x3f, 0xfb, 0x9, 0xff,
    0xff, 0xff, 0xfa, 0x0, 0x6d, 0xfe, 0x9f, 0xf9,
    0x0, 0x0, 0x0, 0x2f, 0xf5, 0x0, 0x0, 0x1,
    0xcf, 0xf1, 0x0, 0x26, 0x9f, 0xff, 0x70, 0x0,
    0x7f, 0xff, 0xf9, 0x0, 0x0, 0x7e, 0xd9, 0x30,
    0x0,

    /* U+003A ":" */
    0xbf, 0xd1, 0xff, 0xf3, 0xdf, 0xf1, 0x13, 0x20,
    0x0, 0x0, 0x0, 0x0, 0x13, 0x10, 0xdf, 0xf1,
    0xff, 0xf3, 0xbf, 0xe1,

    /* U+003B ";" */
    0x0, 0xbf, 0xd1, 0x0, 0xff, 0xf3, 0x0, 0xdf,
    0xf1, 0x0, 0x13, 0x20, 0x0, 0x0, 0x0, 0x0,
    0x0, 0x0, 0x0, 0x0, 0x0, 0x0, 0x8f, 0xf0,
    0x0, 0xaf, 0xc0, 0x0, 0xef, 0x60, 0x4, 0xff,
    0x10, 0xa, 0xf8, 0x0, 0x5, 0x60, 0x0,

    /* U+003C "<" */
    0x0, 0x0, 0x0, 0x0, 0x27, 0x0, 0x0, 0x0,
    0x4b, 0xfe, 0x0, 0x1, 0x7e, 0xff, 0xf9, 0x3,
    0xaf, 0xff, 0xc6, 0x0, 0x7f, 0xff, 0x93, 0x0,
    0x0, 0x7f, 0xa0, 0x0, 0x0, 0x0, 0x7f, 0xfd,
    0x71, 0x0, 0x0, 0x5, 0xcf, 0xff, 0xb4, 0x0,
    0x0, 0x2, 0x9f, 0xff, 0xe7, 0x0, 0x0, 0x0,
    0x6d, 0xfe, 0x0, 0x0, 0x0, 0x0, 0x38,

    /* U+003D "=" */
    0x7f, 0xff, 0xff, 0xff, 0xfe, 0x7f, 0xff, 0xff,
    0xff, 0xfe, 0x12, 0x22, 0x22, 0x22, 0x22, 0x0,
    0x0, 0x0, 0x0, 0x0, 0x12, 0x22, 0x22, 0x22,
    0x22, 0x7f, 0xff, 0xff, 0xff, 0xfe, 0x7f, 0xff,
    0xff, 0xff, 0xfe,

    /* U+003E ">" */
    0x44, 0x0, 0x0, 0x0, 0x0, 0x7f, 0xe7, 0x10,
    0x0, 0x0, 0x4d, 0xff, 0xfa, 0x30, 0x0, 0x0,
    0x3a, 0xff, 0xfd, 0x60, 0x0, 0x0, 0x6, 0xcf,
    0xfe, 0x0, 0x0, 0x0, 0x5, 0xfe, 0x0, 0x0,
    0x5, 0xbf, 0xfe, 0x0, 0x28, 0xef, 0xfe, 0x82,
    0x3b, 0xff, 0xfc, 0x50, 0x0, 0x7f, 0xf9, 0x20,
    0x0, 0x0, 0x56, 0x0, 0x0, 0x0, 0x0,

    /* U+003F "?" */
    0x3d, 0xff, 0xfc, 0x50, 0x5f, 0xff, 0xff, 0xf3,
    0x26, 0x45, 0xbf, 0xf8, 0x0, 0x0, 0x4f, 0xf8,
    0x0, 0x0, 0x6f, 0xf6, 0x0, 0x5, 0xff, 0xe1,
    0x0, 0x2f, 0xfd, 0x20, 0x0, 0x8f, 0xe1, 0x0,
    0x0, 0x6b, 0x70, 0x0, 0x0, 0x0, 0x0, 0x0,
    0x0, 0xbf, 0xd0, 0x0, 0x0, 0xff, 0xf1, 0x0,
    0x0, 0xbf, 0xd0, 0x0,

    /* U+0040 "@" */
    0x0, 0x0, 0x7, 0xce, 0xfe, 0xb6, 0x0, 0x0,
    0x0, 0x4e, 0xff, 0xfe, 0xff, 0xfd, 0x20, 0x0,
    0x5f, 0xfa, 0x30, 0x0, 0x3c, 0xfd, 0x0, 0x2f,
    0xf6, 0x5, 0xa9, 0x5b, 0x5d, 0xf6, 0xa, 0xf9,
    0x8, 0xff, 0xff, 0xf5, 0x6f, 0xa0, 0xff, 0x13,
    0xff, 0x33, 0xff, 0x23, 0xfc, 0x3f, 0xd0, 0x8f,
    0x80, 0xf, 0xf0, 0x3f, 0xb5, 0xfb, 0xb, 0xf5,
    0x2, 0xfc, 0x4, 0xf9, 0x5f, 0xa0, 0xaf, 0x60,
    0x8f, 0xd0, 0x9f, 0x54, 0xfc, 0x6, 0xfe, 0xcf,
    0xff, 0xcf, 0xd0, 0xf, 0xf2, 0x9, 0xee, 0x73,
    0xdf, 0xb1, 0x0, 0xaf, 0xb0, 0x0, 0x0, 0x0,
    0x0, 0x0, 0x1, 0xef, 0xd6, 0x20, 0x1, 0x35,
    0x0, 0x0, 0x2, 0xcf, 0xff, 0xff, 0xff, 0xb0,
    0x0, 0x0, 0x0, 0x48, 0xcd, 0xdc, 0x94, 0x0,
    0x0,

    /* U+0041 "A" */
    0x0, 0x0, 0x7f, 0xff, 0x90, 0x0, 0x0, 0x0,
    0x0, 0xdf, 0xff, 0xe0, 0x0, 0x0, 0x0, 0x2,
    0xff, 0xcf, 0xf4, 0x0, 0x0, 0x0, 0x8, 0xff,
    0x2f, 0xfa, 0x0, 0x0, 0x0, 0xe, 0xfc, 0xb,
    0xff, 0x0, 0x0, 0x0, 0x4f, 0xf7, 0x6, 0xff,
    0x50, 0x0, 0x0, 0x9f, 0xf2, 0x1, 0xff, 0xb0,
    0x0, 0x0, 0xff, 0xe4, 0x44, 0xef, 0xf1, 0x0,
    0x5, 0xff, 0xff, 0xff, 0xff, 0xf6, 0x0, 0xb,
    0xff, 0xff, 0xff, 0xff, 0xfc, 0x0, 0x1f, 0xfc,
    0x0, 0x0, 0xc, 0xff, 0x20, 0x6f, 0xf6, 0x0,
    0x0, 0x6, 0xff, 0x70, 0xcf, 0xf1, 0x0, 0x0,
    0x1, 0xff, 0xd0,

    /* U+0042 "B" */
    0x9f, 0xff, 0xff, 0xd7, 0x0, 0x9f, 0xff, 0xff,
    0xff, 0xb0, 0x9f, 0xf4, 0x35, 0xef, 0xf1, 0x9f,
    0xf2, 0x0, 0x8f, 0xf3, 0x9f, 0xf2, 0x0, 0x8f,
    0xf3, 0x9f, 0xf2, 0x3, 0xef, 0xe0, 0x9f, 0xff,
    0xff, 0xfd, 0x20, 0x9f, 0xff, 0xff, 0xff, 0xa0,
    0x9f, 0xf2, 0x1, 0x8f, 0xf6, 0x9f, 0xf2, 0x0,
    0x3f, 0xf9, 0x9f, 0xf5, 0x34, 0xaf, 0xf8, 0x9f,
    0xff, 0xff, 0xff, 0xf2, 0x9f, 0xff, 0xff, 0xea,
    0x30,

    /* U+0043 "C" */
    0x0, 0x29, 0xdf, 0xfe, 0xa0, 0x5, 0xff, 0xff,
    0xff, 0xf0, 0x1f, 0xff, 0xb7, 0x67, 0xa0, 0x8f,
    0xfa, 0x0, 0x0, 0x0, 0xcf, 0xf3, 0x0, 0x0,
    0x0, 0xef, 0xf1, 0x0, 0x0, 0x0, 0xff, 0xf0,
    0x0, 0x0, 0x0, 0xef, 0xf1, 0x0, 0x0, 0x0,
    0xcf, 0xf3, 0x0, 0x0, 0x0, 0x9f, 0xfa, 0x0,
    0x0, 0x0, 0x2f, 0xff, 0xb7, 0x68, 0xb1, 0x7,
    0xff, 0xff, 0xff, 0xf2, 0x0, 0x4a, 0xef, 0xfe,
    0xa1,

    /* U+0044 "D" */
    0x9f, 0xff, 0xfe, 0xd9, 0x30, 0x9, 0xff, 0xff,
    0xff, 0xff, 0x50, 0x9f, 0xf6, 0x57, 0xbf, 0xfe,
    0x9, 0xff, 0x20, 0x0, 0xbf, 0xf5, 0x9f, 0xf2,
    0x0, 0x4, 0xff, 0x99, 0xff, 0x20, 0x0, 0x2f,
    0xfb, 0x9f, 0xf2, 0x0, 0x1, 0xff, 0xb9, 0xff,
    0x20, 0x0, 0x2f, 0xfa, 0x9f, 0xf2, 0x0, 0x4,
    0xff, 0x99, 0xff, 0x20, 0x0, 0xbf, 0xf5, 0x9f,
    0xf7, 0x57, 0xcf, 0xfe, 0x9, 0xff, 0xff, 0xff,
    0xfe, 0x30, 0x9f, 0xff, 0xff, 0xd8, 0x10, 0x0,

    /* U+0045 "E" */
    0x9f, 0xff, 0xff, 0xff, 0x9, 0xff, 0xff, 0xff,
    0xf0, 0x9f, 0xf7, 0x66, 0x66, 0x9, 0xff, 0x20,
    0x0, 0x0, 0x9f, 0xf2, 0x0, 0x0, 0x9, 0xff,
    0x64, 0x44, 0x30, 0x9f, 0xff, 0xff, 0xfa, 0x9,
    0xff, 0xff, 0xff, 0xa0, 0x9f, 0xf2, 0x0, 0x0,
    0x9, 0xff, 0x20, 0x0, 0x0, 0x9f, 0xf7, 0x66,
    0x66, 0x19, 0xff, 0xff, 0xff, 0xf4, 0x9f, 0xff,
    0xff, 0xff, 0x40,

    /* U+0046 "F" */
    0x9f, 0xff, 0xff, 0xff, 0x9, 0xff, 0xff, 0xff,
    0xf0, 0x9f, 0xf7, 0x66, 0x66, 0x9, 0xff, 0x20,
    0x0, 0x0, 0x9f, 0xf2, 0x0, 0x0, 0x9, 0xff,
    0x76, 0x66, 0x30, 0x9f, 0xff, 0xff, 0xfa, 0x9,
    0xff, 0xff, 0xff, 0xa0, 0x9f, 0xf2, 0x0, 0x0,
    0x9, 0xff, 0x20, 0x0, 0x0, 0x9f, 0xf2, 0x0,
    0x0, 0x9, 0xff, 0x20, 0x0, 0x0, 0x9f, 0xf2,
    0x0, 0x0, 0x0,

    /* U+0047 "G" */
    0x0, 0x29, 0xdf, 0xfe, 0xc6, 0x0, 0x5f, 0xff,
    0xff, 0xff, 0xa0, 0x1f, 0xff, 0xc7, 0x67, 0x98,
    0x8, 0xff, 0xb0, 0x0, 0x0, 0x0, 0xcf, 0xf4,
    0x0, 0x0, 0x0, 0xe, 0xff, 0x10, 0x14, 0x44,
    0x41, 0xff, 0xf0, 0x6, 0xff, 0xff, 0x4e, 0xff,
    0x10, 0x6f, 0xff, 0xf4, 0xcf, 0xf3, 0x0, 0x4,
    0xff, 0x49, 0xff, 0x90, 0x0, 0x4f, 0xf4, 0x3f,
    0xff, 0xa6, 0x58, 0xff, 0x40, 0x7f, 0xff, 0xff,
    0xff, 0xf4, 0x0, 0x4a, 0xef, 0xfe, 0xda, 0x10,

    /* U+0048 "H" */
    0x9f, 0xf2, 0x0, 0x0, 0xff, 0xc9, 0xff, 0x20,
    0x0, 0xf, 0xfc, 0x9f, 0xf2, 0x0, 0x0, 0xff,
    0xc9, 0xff, 0x20, 0x0, 0xf, 0xfc, 0x9f, 0xf2,
    0x0, 0x0, 0xff, 0xc9, 0xff, 0xff, 0xff, 0xff,
    0xfc, 0x9f, 0xff, 0xff, 0xff, 0xff, 0xc9, 0xff,
    0x65, 0x55, 0x5f, 0xfc, 0x9f, 0xf2, 0x0, 0x0,
    0xff, 0xc9, 0xff, 0x20, 0x0, 0xf, 0xfc, 0x9f,
    0xf2, 0x0, 0x0, 0xff, 0xc9, 0xff, 0x20, 0x0,
    0xf, 0xfc, 0x9f, 0xf2, 0x0, 0x0, 0xff, 0xc0,

    /* U+0049 "I" */
    0x9f, 0xf2, 0x9f, 0xf2, 0x9f, 0xf2, 0x9f, 0xf2,
    0x9f, 0xf2, 0x9f, 0xf2, 0x9f, 0xf2, 0x9f, 0xf2,
    0x9f, 0xf2, 0x9f, 0xf2, 0x9f, 0xf2, 0x9f, 0xf2,
    0x9f, 0xf2,

    /* U+004A "J" */
    0x0, 0x9, 0xff, 0x20, 0x0, 0x9f, 0xf2, 0x0,
    0x9, 0xff, 0x20, 0x0, 0x9f, 0xf2, 0x0, 0x9,
    0xff, 0x20, 0x0, 0x9f, 0xf2, 0x0, 0x9, 0xff,
    0x20, 0x0, 0x9f, 0xf2, 0x0, 0x9, 0xff, 0x20,
    0x0, 0x9f, 0xf2, 0x0, 0x9, 0xff, 0x20, 0x0,
    0x9f, 0xf2, 0x0, 0x9, 0xff, 0x10, 0x0, 0xbf,
    0xf0, 0x12, 0x6f, 0xfc, 0x9, 0xff, 0xff, 0x40,
    0x8f, 0xfb, 0x40, 0x0,

    /* U+004B "K" */
    0x9f, 0xf2, 0x0, 0x1e, 0xff, 0x39, 0xff, 0x20,
    0xb, 0xff, 0x70, 0x9f, 0xf2, 0x6, 0xff, 0xb0,
    0x9, 0xff, 0x22, 0xff, 0xd1, 0x0, 0x9f, 0xf2,
    0xdf, 0xf3, 0x0, 0x9, 0xff, 0xff, 0xf6, 0x0,
    0x0, 0x9f, 0xff, 0xff, 0x50, 0x0, 0x9, 0xff,
    0x5f, 0xfe, 0x10, 0x0, 0x9f, 0xf2, 0x6f, 0xfb,
    0x0, 0x9, 0xff, 0x20, 0xcf, 0xf6, 0x0, 0x9f,
    0xf2, 0x2, 0xff, 0xf1, 0x9, 0xff, 0x20, 0x8,
    0xff, 0xb0, 0x9f, 0xf2, 0x0, 0xd, 0xff, 0x60,

    /* U+004C "L" */
    0x9f, 0xf2, 0x0, 0x0, 0x9, 0xff, 0x20, 0x0,
    0x0, 0x9f, 0xf2, 0x0, 0x0, 0x9, 0xff, 0x20,
    0x0, 0x0, 0x9f, 0xf2, 0x0, 0x0, 0x9, 0xff,
    0x20, 0x0, 0x0, 0x9f, 0xf2, 0x0, 0x0, 0x9,
    0xff, 0x20, 0x0, 0x0, 0x9f, 0xf2, 0x0, 0x0,
    0x9, 0xff, 0x20, 0x0, 0x0, 0x9f, 0xf7, 0x66,
    0x66, 0x9, 0xff, 0xff, 0xff, 0xf1, 0x9f, 0xff,
    0xff, 0xff, 0x10,

    /* U+004D "M" */
    0x9f, 0xff, 0xf0, 0x0, 0xf, 0xff, 0xf7, 0x9f,
    0xff, 0xf4, 0x0, 0x4f, 0xff, 0xf7, 0x9f, 0xff,
    0xf8, 0x0, 0x9f, 0xff, 0xf7, 0x9f, 0xfa, 0xfd,
    0x0, 0xdf, 0xaf, 0xf7, 0x9f, 0xf5, 0xff, 0x12,
    0xff, 0x5f, 0xf7, 0x9f, 0xf1, 0xff, 0x67, 0xfd,
    0x3f, 0xf7, 0x9f, 0xf0, 0xbf, 0xab, 0xf8, 0x3f,
    0xf7, 0x9f, 0xf0, 0x6f, 0xff, 0xf3, 0x3f, 0xf7,
    0x9f, 0xf0, 0x1f, 0xff, 0xe0, 0x3f, 0xf7, 0x9f,
    0xf0, 0xc, 0xff, 0x90, 0x3f, 0xf7, 0x9f, 0xf0,
    0x4, 0x88, 0x30, 0x3f, 0xf7, 0x9f, 0xf0, 0x0,
    0x0, 0x0, 0x3f, 0xf7, 0x9f, 0xf0, 0x0, 0x0,
    0x0, 0x3f, 0xf7,

    /* U+004E "N" */
    0x9f, 0xff, 0xc0, 0x0, 0x6f, 0xf4, 0x9f, 0xff,
    0xf3, 0x0, 0x6f, 0xf4, 0x9f, 0xff, 0xf9, 0x0,
    0x6f, 0xf4, 0x9f, 0xfb, 0xff, 0x10, 0x6f, 0xf4,
    0x9f, 0xf4, 0xff, 0x70, 0x6f, 0xf4, 0x9f, 0xf1,
    0xcf, 0xd0, 0x6f, 0xf4, 0x9f, 0xf1, 0x5f, 0xf4,
    0x6f, 0xf4, 0x9f, 0xf1, 0xe, 0xfb, 0x6f, 0xf4,
    0x9f, 0xf1, 0x7, 0xff, 0x8f, 0xf4, 0x9f, 0xf1,
    0x1, 0xff, 0xff, 0xf4, 0x9f, 0xf1, 0x0, 0x9f,
    0xff, 0xf4, 0x9f, 0xf1, 0x0, 0x2f, 0xff, 0xf4,
    0x9f, 0xf1, 0x0, 0xb, 0xff, 0xf4,

    /* U+004F "O" */
    0x0, 0x5b, 0xef, 0xfd, 0x81, 0x0, 0x9, 0xff,
    0xff, 0xff, 0xfe, 0x10, 0x3f, 0xfe, 0x74, 0x5b,
    0xff, 0xa0, 0x9f, 0xf5, 0x0, 0x0, 0xef, 0xf0,
    0xcf, 0xf0, 0x0, 0x0, 0xaf, 0xf3, 0xef, 0xf0,
    0x0, 0x0, 0x8f, 0xf5, 0xff, 0xe0, 0x0, 0x0,
    0x7f, 0xf6, 0xef, 0xf0, 0x0, 0x0, 0x8f, 0xf5,
    0xcf, 0xf0, 0x0, 0x0, 0xaf, 0xf3, 0x9f, 0xf5,
    0x0, 0x0, 0xef, 0xf0, 0x3f, 0xff, 0x75, 0x6c,
    0xff, 0xa0, 0x9, 0xff, 0xff, 0xff, 0xfe, 0x10,
    0x0, 0x5b, 0xef, 0xfd, 0x81, 0x0,

    /* U+0050 "P" */
    0x9f, 0xff, 0xff, 0xd8, 0x0, 0x9f, 0xff, 0xff,
    0xff, 0xc0, 0x9f, 0xf4, 0x36, 0xef, 0xf4, 0x9f,
    0xf2, 0x0, 0x6f, 0xf7, 0x9f, 0xf2, 0x0, 0x3f,
    0xf8, 0x9f, 0xf2, 0x0, 0x4f, 0xf8, 0x9f, 0xf2,
    0x2, 0xcf, 0xf5, 0x9f, 0xff, 0xff, 0xff, 0xe0,
    0x9f, 0xff, 0xff, 0xfb, 0x20, 0x9f, 0xf5, 0x32,
    0x0, 0x0, 0x9f, 0xf2, 0x0, 0x0, 0x0, 0x9f,
    0xf2, 0x0, 0x0, 0x0, 0x9f, 0xf2, 0x0, 0x0,
    0x0,

    /* U+0051 "Q" */
    0x0, 0x5b, 0xef, 0xfd, 0x81, 0x0, 0x9, 0xff,
    0xff, 0xff, 0xfe, 0x10, 0x3f, 0xfe, 0x74, 0x5b,
    0xff, 0xa0, 0x9f, 0xf5, 0x0, 0x0, 0xef, 0xf0,
    0xcf, 0xf0, 0x0, 0x0, 0xaf, 0xf3, 0xef, 0xf0,
    0x0, 0x0, 0x8f, 0xf5, 0xff, 0xe0, 0x0, 0x0,
    0x7f, 0xf6, 0xef, 0xf0, 0x0, 0x0, 0x8f, 0xf5,
    0xdf, 0xf0, 0x0, 0x0, 0xaf, 0xf3, 0x9f, 0xf5,
    0x0, 0x0, 0xef, 0xf0, 0x4f, 0xff, 0x75, 0x6c,
    0xff, 0xa0, 0x9, 0xff, 0xff, 0xff, 0xfe, 0x10,
    0x0, 0x5b, 0xef, 0xff, 0xa1, 0x0, 0x0, 0x0,
    0x1, 0xff, 0xd0, 0x0, 0x0, 0x0, 0x0, 0x7f,
    0xfa, 0x0, 0x0, 0x0, 0x0, 0x7, 0x88, 0x10,

    /* U+0052 "R" */
    0x9f, 0xff, 0xff, 0xd8, 0x0, 0x9, 0xff, 0xff,
    0xff, 0xfc, 0x0, 0x9f, 0xf4, 0x35, 0xdf, 0xf4,
    0x9, 0xff, 0x20, 0x5, 0xff, 0x60, 0x9f, 0xf2,
    0x0, 0x5f, 0xf6, 0x9, 0xff, 0x20, 0x2c, 0xff,
    0x40, 0x9f, 0xff, 0xff, 0xff, 0xd0, 0x9, 0xff,
    0xff, 0xff, 0xa1, 0x0, 0x9f, 0xf2, 0x4f, 0xf9,
    0x0, 0x9, 0xff, 0x20, 0xaf, 0xf4, 0x0, 0x9f,
    0xf2, 0x1, 0xff, 0xe0, 0x9, 0xff, 0x20, 0x7,
    0xff, 0x90, 0x9f, 0xf2, 0x0, 0xd, 0xff, 0x40,

    /* U+0053 "S" */
    0x0, 0x4b, 0xef, 0xed, 0x80, 0x6, 0xff, 0xff,
    0xff, 0xc0, 0xd, 0xff, 0x74, 0x57, 0x70, 0xf,
    0xfb, 0x0, 0x0, 0x0, 0xe, 0xfe, 0x30, 0x0,
    0x0, 0xa, 0xff, 0xfe, 0xa3, 0x0, 0x1, 0xaf,
    0xff, 0xff, 0x90, 0x0, 0x1, 0x5a, 0xff, 0xf3,
    0x0, 0x0, 0x0, 0x7f, 0xf5, 0x0, 0x0, 0x0,
    0x5f, 0xf6, 0xb, 0x86, 0x67, 0xef, 0xf3, 0xf,
    0xff, 0xff, 0xff, 0xb0, 0xa, 0xde, 0xff, 0xd8,
    0x0,

    /* U+0054 "T" */
    0xaf, 0xff, 0xff, 0xff, 0xf9, 0xaf, 0xff, 0xff,
    0xff, 0xf9, 0x46, 0x6a, 0xff, 0x96, 0x64, 0x0,
    0x6, 0xff, 0x50, 0x0, 0x0, 0x6, 0xff, 0x50,
    0x0, 0x0, 0x6, 0xff, 0x50, 0x0, 0x0, 0x6,
    0xff, 0x50, 0x0, 0x0, 0x6, 0xff, 0x50, 0x0,
    0x0, 0x6, 0xff, 0x50, 0x0, 0x0, 0x6, 0xff,
    0x50, 0x0, 0x0, 0x6, 0xff, 0x50, 0x0, 0x0,
    0x6, 0xff, 0x50, 0x0, 0x0, 0x6, 0xff, 0x50,
    0x0,

    /* U+0055 "U" */
    0xaf, 0xf1, 0x0, 0x0, 0xef, 0xda, 0xff, 0x10,
    0x0, 0xe, 0xfd, 0xaf, 0xf1, 0x0, 0x0, 0xef,
    0xda, 0xff, 0x10, 0x0, 0xe, 0xfd, 0xaf, 0xf1,
    0x0, 0x0, 0xef, 0xda, 0xff, 0x10, 0x0, 0xe,
    0xfd, 0xaf, 0xf1, 0x0, 0x0, 0xef, 0xda, 0xff,
    0x10, 0x0, 0xe, 0xfd, 0xaf, 0xf1, 0x0, 0x0,
    0xef, 0xc9, 0xff, 0x40, 0x0, 0x2f, 0xfb, 0x5f,
    0xfe, 0x86, 0x7e, 0xff, 0x70, 0xcf, 0xff, 0xff,
    0xff, 0xc0, 0x0, 0x7c, 0xff, 0xfc, 0x70, 0x0,

    /* U+0056 "V" */
    0x9f, 0xf6, 0x0, 0x0, 0xa, 0xff, 0x24, 0xff,
    0xb0, 0x0, 0x0, 0xff, 0xd0, 0xe, 0xff, 0x0,
    0x0, 0x4f, 0xf7, 0x0, 0x9f, 0xf5, 0x0, 0x9,
    0xff, 0x20, 0x4, 0xff, 0x90, 0x0, 0xef, 0xc0,
    0x0, 0xe, 0xfe, 0x0, 0x3f, 0xf7, 0x0, 0x0,
    0x9f, 0xf3, 0x8, 0xff, 0x20, 0x0, 0x4, 0xff,
    0x80, 0xdf, 0xc0, 0x0, 0x0, 0xe, 0xfd, 0x2f,
    0xf7, 0x0, 0x0, 0x0, 0xaf, 0xf9, 0xff, 0x10,
    0x0, 0x0, 0x4, 0xff, 0xff, 0xc0, 0x0, 0x0,
    0x0, 0xf, 0xff, 0xf7, 0x0, 0x0, 0x0, 0x0,
    0xaf, 0xff, 0x10, 0x0, 0x0,

    /* U+0057 "W" */
    0x9f, 0xf4, 0x0, 0x0, 0x0, 0x0, 0x3, 0xff,
    0x95, 0xff, 0x70, 0x1, 0xcc, 0xc3, 0x0, 0x6f,
    0xf6, 0x2f, 0xfa, 0x0, 0x4f, 0xff, 0x70, 0x9,
    0xff, 0x20, 0xef, 0xd0, 0x8, 0xff, 0xfa, 0x0,
    0xcf, 0xf0, 0xb, 0xff, 0x0, 0xbf, 0xff, 0xd0,
    0xf, 0xfb, 0x0, 0x8f, 0xf3, 0xf, 0xf8, 0xff,
    0x12, 0xff, 0x80, 0x5, 0xff, 0x63, 0xff, 0x1f,
    0xf4, 0x5f, 0xf4, 0x0, 0x1f, 0xf9, 0x6f, 0xc0,
    0xdf, 0x88, 0xff, 0x10, 0x0, 0xef, 0xca, 0xf8,
    0x9, 0xfb, 0xbf, 0xd0, 0x0, 0xb, 0xff, 0xef,
    0x40, 0x5f, 0xfe, 0xfa, 0x0, 0x0, 0x7f, 0xff,
    0xf1, 0x2, 0xff, 0xff, 0x60, 0x0, 0x4, 0xff,
    0xfd, 0x0, 0xe, 0xff, 0xf3, 0x0, 0x0, 0x1f,
    0xff, 0x90, 0x0, 0xaf, 0xff, 0x0, 0x0,

    /* U+0058 "X" */
    0x2f, 0xfe, 0x0, 0x0, 0x7f, 0xfa, 0x0, 0x9f,
    0xf8, 0x0, 0x1f, 0xff, 0x10, 0x1, 0xff, 0xf1,
    0x9, 0xff, 0x70, 0x0, 0x7, 0xff, 0x92, 0xff,
    0xd0, 0x0, 0x0, 0xd, 0xff, 0xbf, 0xf4, 0x0,
    0x0, 0x0, 0x5f, 0xff, 0xfa, 0x0, 0x0, 0x0,
    0x0, 0xff, 0xff, 0x50, 0x0, 0x0, 0x0, 0x7f,
    0xff, 0xfd, 0x0, 0x0, 0x0, 0x1f, 0xfe, 0x9f,
    0xf7, 0x0, 0x0, 0xa, 0xff, 0x61, 0xff, 0xf1,
    0x0, 0x4, 0xff, 0xd0, 0x8, 0xff, 0x90, 0x0,
    0xdf, 0xf4, 0x0, 0xe, 0xff, 0x30, 0x7f, 0xfb,
    0x0, 0x0, 0x7f, 0xfc, 0x0,

    /* U+0059 "Y" */
    0xaf, 0xf8, 0x0, 0x0, 0x7f, 0xf9, 0x1f, 0xff,
    0x10, 0x0, 0xef, 0xe1, 0x8, 0xff, 0x80, 0x8,
    0xff, 0x60, 0x0, 0xef, 0xf1, 0x1f, 0xfd, 0x0,
    0x0, 0x5f, 0xf9, 0x9f, 0xf4, 0x0, 0x0, 0xc,
    0xff, 0xff, 0xa0, 0x0, 0x0, 0x3, 0xff, 0xff,
    0x20, 0x0, 0x0, 0x0, 0x9f, 0xf8, 0x0, 0x0,
    0x0, 0x0, 0x6f, 0xf5, 0x0, 0x0, 0x0, 0x0,
    0x6f, 0xf5, 0x0, 0x0, 0x0, 0x0, 0x6f, 0xf5,
    0x0, 0x0, 0x0, 0x0, 0x6f, 0xf5, 0x0, 0x0,
    0x0, 0x0, 0x6f, 0xf5, 0x0, 0x0,

    /* U+005A "Z" */
    0xb, 0xff, 0xff, 0xff, 0xff, 0x70, 0xbf, 0xff,
    0xff, 0xff, 0xf7, 0x4, 0x77, 0x77, 0x8f, 0xff,
    0x50, 0x0, 0x0, 0xb, 0xff, 0x90, 0x0, 0x0,
    0x7, 0xff, 0xd0, 0x0, 0x0, 0x3, 0xff, 0xf2,
    0x0, 0x0, 0x1, 0xef, 0xf5, 0x0, 0x0, 0x0,
    0xbf, 0xf9, 0x0, 0x0, 0x0, 0x8f, 0xfc, 0x0,
    0x0, 0x0, 0x4f, 0xfe, 0x10, 0x0, 0x0, 0xe,
    0xff, 0xb7, 0x77, 0x77, 0x60, 0xff, 0xff, 0xff,
    0xff, 0xff, 0xf, 0xff, 0xff, 0xff, 0xff, 0xf0,

    /* U+005B "[" */
    0xbf, 0xff, 0x9b, 0xff, 0xf9, 0xbf, 0xe2, 0x1b,
    0xfe, 0x0, 0xbf, 0xe0, 0xb, 0xfe, 0x0, 0xbf,
    0xe0, 0xb, 0xfe, 0x0, 0xbf, 0xe0, 0xb, 0xfe,
    0x0, 0xbf, 0xe0, 0xb, 0xfe, 0x0, 0xbf, 0xe0,
    0xb, 0xfe, 0x0, 0xbf, 0xe0, 0xb, 0xfe, 0x21,
    0xbf, 0xff, 0x9b, 0xff, 0xf9,

    /* U+005C "\\" */
    0x8f, 0x60, 0x0, 0x0, 0x1, 0xfd, 0x0, 0x0,
    0x0, 0xa, 0xf4, 0x0, 0x0, 0x0, 0x4f, 0xb0,
    0x0, 0x0, 0x0, 0xdf, 0x20, 0x0, 0x0, 0x6,
    0xf9, 0x0, 0x0, 0x0, 0xe, 0xf0, 0x0, 0x0,
    0x0, 0x8f, 0x60, 0x0, 0x0, 0x1, 0xfd, 0x0,
    0x0, 0x0, 0xa, 0xf4, 0x0, 0x0, 0x0, 0x4f,
    0xb0, 0x0, 0x0, 0x0, 0xdf, 0x20, 0x0, 0x0,
    0x6, 0xf9, 0x0, 0x0, 0x0, 0xe, 0xf0, 0x0,
    0x0, 0x0, 0x8f, 0x60, 0x0, 0x0, 0x1, 0x86,

    /* U+005D "]" */
    0x9f, 0xff, 0xb9, 0xff, 0xfb, 0x12, 0xff, 0xb0,
    0xf, 0xfb, 0x0, 0xff, 0xb0, 0xf, 0xfb, 0x0,
    0xff, 0xb0, 0xf, 0xfb, 0x0, 0xff, 0xb0, 0xf,
    0xfb, 0x0, 0xff, 0xb0, 0xf, 0xfb, 0x0, 0xff,
    0xb0, 0xf, 0xfb, 0x0, 0xff, 0xb1, 0x2f, 0xfb,
    0x9f, 0xff, 0xb9, 0xff, 0xfb,

    /* U+005E "^" */
    0x0, 0x6f, 0xfc, 0x0, 0x0, 0xc, 0xff, 0xf3,
    0x0, 0x2, 0xfe, 0x7f, 0x90, 0x0, 0x9f, 0x81,
    0xff, 0x0, 0xe, 0xf2, 0xb, 0xf6, 0x5, 0xfc,
    0x0, 0x5f, 0xc0, 0xbf, 0x60, 0x0, 0xef, 0x20,

    /* U+005F "_" */
    0xcc, 0xcc, 0xcc, 0xcc, 0xcf, 0xff, 0xff, 0xff,
    0xff,

    /* U+0060 "`" */
    0x59, 0x81, 0x0, 0xbf, 0x90, 0x0, 0xbf, 0x40,

    /* U+0061 "a" */
    0x0, 0xe, 0xff, 0xec, 0x50, 0x0, 0xf, 0xff,
    0xff, 0xf5, 0x0, 0x4, 0x23, 0x7f, 0xfa, 0x0,
    0x0, 0x0, 0xe, 0xfb, 0x2, 0x9e, 0xff, 0xff,
    0xfc, 0xe, 0xff, 0xdc, 0xcf, 0xfc, 0x3f, 0xf7,
    0x0, 0xd, 0xfc, 0x3f, 0xf7, 0x0, 0x5f, 0xfc,
    0xe, 0xff, 0xde, 0xff, 0xfc, 0x2, 0xbe, 0xfd,
    0x6b, 0xfc,

    /* U+0062 "b" */
    0xbf, 0xe0, 0x0, 0x0, 0x0, 0xbf, 0xe0, 0x0,
    0x0, 0x0, 0xbf, 0xe0, 0x0, 0x0, 0x0, 0xbf,
    0xe0, 0x0, 0x0, 0x0, 0xbf, 0xe4, 0xcf, 0xfb,
    0x30, 0xbf, 0xff, 0xff, 0xff, 0xe1, 0xbf, 0xf8,
    0x10, 0x9f, 0xf7, 0xbf, 0xf0, 0x0, 0x1f, 0xf9,
    0xbf, 0xd0, 0x0, 0xf, 0xfb, 0xbf, 0xd0, 0x0,
    0xf, 0xfb, 0xbf, 0xf0, 0x0, 0x1f, 0xf9, 0xbf,
    0xf9, 0x11, 0xaf, 0xf6, 0xbf, 0xef, 0xff, 0xff,
    0xe0, 0xbf, 0xb4, 0xdf, 0xfb, 0x20,

    /* U+0063 "c" */
    0x0, 0x4b, 0xdf, 0xfc, 0x10, 0x4f, 0xff, 0xff,
    0xf2, 0xd, 0xff, 0x83, 0x35, 0x11, 0xff, 0xb0,
    0x0, 0x0, 0x2f, 0xf8, 0x0, 0x0, 0x2, 0xff,
    0x80, 0x0, 0x0, 0x1f, 0xfb, 0x0, 0x0, 0x0,
    0xdf, 0xf8, 0x33, 0x51, 0x4, 0xff, 0xff, 0xff,
    0x30, 0x4, 0xbd, 0xff, 0xc2,

    /* U+0064 "d" */
    0x0, 0x0, 0x0, 0x6, 0xff, 0x30, 0x0, 0x0,
    0x0, 0x6f, 0xf3, 0x0, 0x0, 0x0, 0x6, 0xff,
    0x30, 0x0, 0x0, 0x0, 0x6f, 0xf3, 0x0, 0x6d,
    0xfe, 0xa7, 0xff, 0x30, 0x6f, 0xff, 0xff, 0xff,
    0xf3, 0xd, 0xff, 0x40, 0x3e, 0xff, 0x31, 0xff,
    0xa0, 0x0, 0x7f, 0xf3, 0x2f, 0xf8, 0x0, 0x4,
    0xff, 0x32, 0xff, 0x80, 0x0, 0x4f, 0xf3, 0x1f,
    0xf9, 0x0, 0x6, 0xff, 0x30, 0xef, 0xe1, 0x1,
    0xcf, 0xf3, 0x7, 0xff, 0xfd, 0xff, 0xff, 0x30,
    0x7, 0xdf, 0xea, 0x4f, 0xf3,

    /* U+0065 "e" */
    0x0, 0x4b, 0xdf, 0xeb, 0x30, 0x4, 0xff, 0xff,
    0xff, 0xf2, 0xd, 0xfe, 0x30, 0x3e, 0xf8, 0x1f,
    0xf8, 0x0, 0x1b, 0xfb, 0x2f, 0xfe, 0xef, 0xff,
    0xfc, 0x2f, 0xfd, 0xcc, 0xcc, 0xc8, 0x1f, 0xf9,
    0x0, 0x0, 0x0, 0xd, 0xff, 0x62, 0x13, 0x72,
    0x4, 0xff, 0xff, 0xff, 0xf4, 0x0, 0x4b, 0xef,
    0xfd, 0x91,

    /* U+0066 "f" */
    0x0, 0x1a, 0xef, 0xa0, 0xc, 0xff, 0xfa, 0x1,
    0xff, 0xa0, 0x0, 0x3f, 0xf6, 0x0, 0xcf, 0xff,
    0xff, 0x4c, 0xff, 0xff, 0xf4, 0x4, 0xff, 0x60,
    0x0, 0x4f, 0xf5, 0x0, 0x4, 0xff, 0x50, 0x0,
    0x4f, 0xf5, 0x0, 0x4, 0xff, 0x50, 0x0, 0x4f,
    0xf5, 0x0, 0x4, 0xff, 0x50, 0x0, 0x4f, 0xf5,
    0x0,

    /* U+0067 "g" */
    0x0, 0x5d, 0xfe, 0xb6, 0xff, 0x40, 0x5f, 0xff,
    0xff, 0xff, 0xf4, 0xd, 0xff, 0x40, 0x2d, 0xff,
    0x40, 0xff, 0xa0, 0x0, 0x5f, 0xf4, 0x2f, 0xf8,
    0x0, 0x3, 0xff, 0x42, 0xff, 0x80, 0x0, 0x3f,
    0xf4, 0x1f, 0xfa, 0x0, 0x5, 0xff, 0x40, 0xef,
    0xf3, 0x1, 0xdf, 0xf4, 0x7, 0xff, 0xff, 0xff,
    0xff, 0x40, 0x6, 0xdf, 0xfb, 0x6f, 0xf4, 0x0,
    0x0, 0x0, 0x8, 0xff, 0x20, 0x4, 0x21, 0x26,
    0xff, 0xe0, 0x0, 0xef, 0xff, 0xff, 0xf4, 0x0,
    0xb, 0xef, 0xfd, 0x92, 0x0,

    /* U+0068 "h" */
    0xbf, 0xe0, 0x0, 0x0, 0x0, 0xbf, 0xe0, 0x0,
    0x0, 0x0, 0xbf, 0xe0, 0x0, 0x0, 0x0, 0xbf,
    0xe0, 0x0, 0x0, 0x0, 0xbf, 0xe4, 0xcf, 0xfb,
    0x20, 0xbf, 0xff, 0xff, 0xff, 0xd0, 0xbf, 0xfa,
    0x33, 0xdf, 0xf1, 0xbf, 0xf0, 0x0, 0x7f, 0xf2,
    0xbf, 0xe0, 0x0, 0x6f, 0xf3, 0xbf, 0xe0, 0x0,
    0x6f, 0xf3, 0xbf, 0xe0, 0x0, 0x6f, 0xf3, 0xbf,
    0xe0, 0x0, 0x6f, 0xf3, 0xbf, 0xe0, 0x0, 0x6f,
    0xf3, 0xbf, 0xe0, 0x0, 0x6f, 0xf3,

    /* U+0069 "i" */
    0xaf, 0xc0, 0xdf, 0xf0, 0x7b, 0x90, 0x0, 0x0,
    0xbf, 0xe0, 0xbf, 0xe0, 0xbf, 0xe0, 0xbf, 0xe0,
    0xbf, 0xe0, 0xbf, 0xe0, 0xbf, 0xe0, 0xbf, 0xe0,
    0xbf, 0xe0, 0xbf, 0xe0,

    /* U+006A "j" */
    0x0, 0xaf, 0xc0, 0x0, 0xdf, 0xf0, 0x0, 0x7b,
    0x90, 0x0, 0x0, 0x0, 0x0, 0xbf, 0xe0, 0x0,
    0xbf, 0xe0, 0x0, 0xbf, 0xe0, 0x0, 0xbf, 0xe0,
    0x0, 0xbf, 0xe0, 0x0, 0xbf, 0xe0, 0x0, 0xbf,
    0xe0, 0x0, 0xbf, 0xe0, 0x0, 0xbf, 0xe0, 0x0,
    0xbf, 0xe0, 0x0, 0xcf, 0xd0, 0x1, 0xef, 0xc0,
    0xff, 0xff, 0x70, 0xef, 0xd7, 0x0,

    /* U+006B "k" */
    0xbf, 0xe0, 0x0, 0x0, 0x0, 0xbf, 0xe0, 0x0,
    0x0, 0x0, 0xbf, 0xe0, 0x0, 0x0, 0x0, 0xbf,
    0xe0, 0x0, 0x0, 0x0, 0xbf, 0xe0, 0x4, 0xff,
    0xb0, 0xbf, 0xe0, 0xe, 0xfe, 0x10, 0xbf, 0xe0,
    0x9f, 0xf4, 0x0, 0xbf, 0xe3, 0xff, 0x90, 0x0,
    0xbf, 0xff, 0xfd, 0x0, 0x0, 0xbf, 0xff, 0xfe,
    0x10, 0x0, 0xbf, 0xe4, 0xff, 0xb0, 0x0, 0xbf,
    0xe0, 0xaf, 0xf6, 0x0, 0xbf, 0xe0, 0x1e, 0xff,
    0x20, 0xbf, 0xe0, 0x5, 0xff, 0xc0,

    /* U+006C "l" */
    0xbf, 0xe0, 0xb, 0xfe, 0x0, 0xbf, 0xe0, 0xb,
    0xfe, 0x0, 0xbf, 0xe0, 0xb, 0xfe, 0x0, 0xbf,
    0xe0, 0xb, 0xfe, 0x0, 0xbf, 0xe0, 0xb, 0xfe,
    0x0, 0xbf, 0xe0, 0xa, 0xff, 0x20, 0x8f, 0xff,
    0x31, 0xbf, 0xf3,

    /* U+006D "m" */
    0xbf, 0xe5, 0xdf, 0xe8, 0x19, 0xef, 0xd6, 0xb,
    0xff, 0xff, 0xff, 0xfe, 0xff, 0xff, 0xf5, 0xbf,
    0xf8, 0x36, 0xff, 0xf7, 0x37, 0xff, 0xab, 0xff,
    0x0, 0xe, 0xfd, 0x0, 0xf, 0xfb, 0xbf, 0xe0,
    0x0, 0xdf, 0xc0, 0x0, 0xef, 0xbb, 0xfe, 0x0,
    0xd, 0xfc, 0x0, 0xe, 0xfb, 0xbf, 0xe0, 0x0,
    0xdf, 0xc0, 0x0, 0xef, 0xbb, 0xfe, 0x0, 0xd,
    0xfc, 0x0, 0xe, 0xfb, 0xbf, 0xe0, 0x0, 0xdf,
    0xc0, 0x0, 0xef, 0xbb, 0xfe, 0x0, 0xd, 0xfc,
    0x0, 0xe, 0xfb,

    /* U+006E "n" */
    0xbf, 0xe4, 0xcf, 0xfb, 0x20, 0xbf, 0xff, 0xff,
    0xff, 0xd0, 0xbf, 0xfa, 0x33, 0xdf, 0xf1, 0xbf,
    0xf0, 0x0, 0x7f, 0xf2, 0xbf, 0xe0, 0x0, 0x6f,
    0xf3, 0xbf, 0xe0, 0x0, 0x6f, 0xf3, 0xbf, 0xe0,
    0x0, 0x6f, 0xf3, 0xbf, 0xe0, 0x0, 0x6f, 0xf3,
    0xbf, 0xe0, 0x0, 0x6f, 0xf3, 0xbf, 0xe0, 0x0,
    0x6f, 0xf3,

    /* U+006F "o" */
    0x0, 0x4b, 0xdf, 0xfc, 0x50, 0x0, 0x4f, 0xff,
    0xff, 0xff, 0x60, 0xd, 0xff, 0x30, 0x2e, 0xfe,
    0x1, 0xff, 0x90, 0x0, 0x7f, 0xf3, 0x2f, 0xf8,
    0x0, 0x5, 0xff, 0x42, 0xff, 0x80, 0x0, 0x5f,
    0xf4, 0x1f, 0xfa, 0x0, 0x7, 0xff, 0x30, 0xdf,
    0xf4, 0x2, 0xdf, 0xe0, 0x4, 0xff, 0xff, 0xff,
    0xf6, 0x0, 0x4, 0xbe, 0xff, 0xc5, 0x0,

    /* U+0070 "p" */
    0xbf, 0xe4, 0xcf, 0xfb, 0x30, 0xbf, 0xff, 0xff,
    0xff, 0xe1, 0xbf, 0xf8, 0x10, 0x9f, 0xf7, 0xbf,
    0xf0, 0x0, 0x1f, 0xf9, 0xbf, 0xd0, 0x0, 0xf,
    0xfb, 0xbf, 0xd0, 0x0, 0xf, 0xfb, 0xbf, 0xf0,
    0x0, 0x1f, 0xf9, 0xbf, 0xf9, 0x11, 0xaf, 0xf6,
    0xbf, 0xff, 0xff, 0xff, 0xe0, 0xbf, 0xe4, 0xdf,
    0xfb, 0x20, 0xbf, 0xe0, 0x0, 0x0, 0x0, 0xbf,
    0xe0, 0x0, 0x0, 0x0, 0xbf, 0xe0, 0x0, 0x0,
    0x0, 0xbf, 0xe0, 0x0, 0x0, 0x0,

    /* U+0071 "q" */
    0x0, 0x6d, 0xfe, 0xa7, 0xff, 0x30, 0x6f, 0xff,
    0xff, 0xff, 0xf3, 0xd, 0xff, 0x40, 0x3e, 0xff,
    0x31, 0xff, 0xa0, 0x0, 0x7f, 0xf3, 0x2f, 0xf8,
    0x0, 0x4, 0xff, 0x32, 0xff, 0x80, 0x0, 0x4f,
    0xf3, 0x1f, 0xfa, 0x0, 0x6, 0xff, 0x30, 0xef,
    0xf4, 0x3, 0xef, 0xf3, 0x7, 0xff, 0xff, 0xfe,
    0xff, 0x30, 0x7, 0xdf, 0xea, 0x6f, 0xf3, 0x0,
    0x0, 0x0, 0x6, 0xff, 0x30, 0x0, 0x0, 0x0,
    0x6f, 0xf3, 0x0, 0x0, 0x0, 0x6, 0xff, 0x30,
    0x0, 0x0, 0x0, 0x6f, 0xf3,

    /* U+0072 "r" */
    0xbf, 0xe3, 0xce, 0xbf, 0xfe, 0xfe, 0xbf, 0xfe,
    0x62, 0xbf, 0xf3, 0x0, 0xbf, 0xe0, 0x0, 0xbf,
    0xe0, 0x0, 0xbf, 0xe0, 0x0, 0xbf, 0xe0, 0x0,
    0xbf, 0xe0, 0x0, 0xbf, 0xe0, 0x0,

    /* U+0073 "s" */
    0x0, 0x8d, 0xff, 0xe6, 0xa, 0xff, 0xff, 0xf7,
    0xe, 0xf9, 0x0, 0x22, 0xe, 0xfc, 0x30, 0x0,
    0x8, 0xff, 0xff, 0x90, 0x0, 0x49, 0xef, 0xfa,
    0x0, 0x0, 0xb, 0xfe, 0x5, 0x21, 0x1c, 0xfe,
    0x1f, 0xff, 0xff, 0xf8, 0x1c, 0xef, 0xfd, 0x70,

    /* U+0074 "t" */
    0x3, 0x88, 0x10, 0x0, 0x7f, 0xf2, 0x0, 0x7,
    0xff, 0x20, 0xc, 0xff, 0xff, 0xf2, 0xcf, 0xff,
    0xff, 0x20, 0x8f, 0xf3, 0x10, 0x7, 0xff, 0x20,
    0x0, 0x7f, 0xf2, 0x0, 0x7, 0xff, 0x20, 0x0,
    0x7f, 0xf2, 0x0, 0x6, 0xff, 0x51, 0x0, 0x3f,
    0xff, 0xf0, 0x0, 0x7e, 0xff, 0x0,

    /* U+0075 "u" */
    0xcf, 0xd0, 0x0, 0x8f, 0xf0, 0xcf, 0xd0, 0x0,
    0x8f, 0xf0, 0xcf, 0xd0, 0x0, 0x8f, 0xf0, 0xcf,
    0xd0, 0x0, 0x8f, 0xf0, 0xcf, 0xd0, 0x0, 0x8f,
    0xf0, 0xcf, 0xd0, 0x0, 0x8f, 0xf0, 0xcf, 0xe0,
    0x0, 0x9f, 0xf0, 0xaf, 0xf3, 0x3, 0xef, 0xf0,
    0x6f, 0xff, 0xff, 0xff, 0xf0, 0x7, 0xef, 0xe9,
    0x7f, 0xf0,

    /* U+0076 "v" */
    0xbf, 0xf2, 0x0, 0x9, 0xff, 0x26, 0xff, 0x70,
    0x0, 0xef, 0xc0, 0xf, 0xfb, 0x0, 0x3f, 0xf7,
    0x0, 0xaf, 0xf1, 0x8, 0xff, 0x10, 0x5, 0xff,
    0x50, 0xdf, 0xb0, 0x0, 0xf, 0xfa, 0x2f, 0xf6,
    0x0, 0x0, 0xaf, 0xe8, 0xff, 0x0, 0x0, 0x4,
    0xff, 0xff, 0xa0, 0x0, 0x0, 0xe, 0xff, 0xf4,
    0x0, 0x0, 0x0, 0x9f, 0xfe, 0x0, 0x0,

    /* U+0077 "w" */
    0x8f, 0xf2, 0x0, 0xbf, 0xf7, 0x0, 0x6f, 0xf5,
    0x4f, 0xf6, 0x0, 0xef, 0xfb, 0x0, 0x9f, 0xf1,
    0xf, 0xf9, 0x2, 0xff, 0xff, 0x0, 0xcf, 0xc0,
    0xc, 0xfd, 0x6, 0xfc, 0xff, 0x30, 0xff, 0x80,
    0x8, 0xff, 0xa, 0xf7, 0xcf, 0x73, 0xff, 0x40,
    0x3, 0xff, 0x3e, 0xf4, 0x8f, 0xa7, 0xff, 0x0,
    0x0, 0xff, 0x9f, 0xf0, 0x4f, 0xea, 0xfb, 0x0,
    0x0, 0xbf, 0xff, 0xc0, 0x1f, 0xff, 0xf7, 0x0,
    0x0, 0x7f, 0xff, 0x80, 0xd, 0xff, 0xf3, 0x0,
    0x0, 0x3f, 0xff, 0x50, 0x9, 0xff, 0xe0, 0x0,

    /* U+0078 "x" */
    0x5f, 0xfb, 0x0, 0xe, 0xfe, 0x10, 0xaf, 0xf4,
    0x8, 0xff, 0x50, 0x1, 0xef, 0xd2, 0xff, 0xb0,
    0x0, 0x5, 0xff, 0xef, 0xf1, 0x0, 0x0, 0xb,
    0xff, 0xf7, 0x0, 0x0, 0x0, 0xdf, 0xff, 0x90,
    0x0, 0x0, 0x8f, 0xfd, 0xff, 0x30, 0x0, 0x3f,
    0xfb, 0x1f, 0xfd, 0x0, 0xd, 0xff, 0x20, 0x7f,
    0xf8, 0x8, 0xff, 0x80, 0x0, 0xdf, 0xf3,

    /* U+0079 "y" */
    0xbf, 0xf2, 0x0, 0x9, 0xff, 0x25, 0xff, 0x70,
    0x0, 0xef, 0xd0, 0xf, 0xfc, 0x0, 0x3f, 0xf7,
    0x0, 0x9f, 0xf1, 0x7, 0xff, 0x10, 0x3, 0xff,
    0x60, 0xcf, 0xc0, 0x0, 0xd, 0xfb, 0x1f, 0xf6,
    0x0, 0x0, 0x7f, 0xf6, 0xff, 0x10, 0x0, 0x2,
    0xff, 0xef, 0xb0, 0x0, 0x0, 0xc, 0xff, 0xf5,
    0x0, 0x0, 0x0, 0x6f, 0xff, 0x0, 0x0, 0x0,
    0x4, 0xff, 0x90, 0x0, 0x0, 0x36, 0xef, 0xf2,
    0x0, 0x0, 0xa, 0xff, 0xf7, 0x0, 0x0, 0x0,
    0xae, 0xc5, 0x0, 0x0, 0x0,

    /* U+007A "z" */
    0xc, 0xff, 0xff, 0xff, 0xc0, 0xc, 0xff, 0xff,
    0xff, 0xc0, 0x1, 0x22, 0x2d, 0xff, 0x60, 0x0,
    0x0, 0x9f, 0xf9, 0x0, 0x0, 0x6, 0xff, 0xb0,
    0x0, 0x0, 0x4f, 0xfd, 0x10, 0x0, 0x2, 0xef,
    0xf2, 0x0, 0x0, 0xd, 0xff, 0x73, 0x33, 0x30,
    0x1f, 0xff, 0xff, 0xff, 0xf2, 0x1f, 0xff, 0xff,
    0xff, 0xf2,

    /* U+007B "{" */
    0x0, 0x8, 0xde, 0x0, 0x9f, 0xfd, 0x0, 0xff,
    0xa0, 0x1, 0xff, 0x70, 0x2, 0xff, 0x70, 0x2,
    0xff, 0x70, 0x2, 0xff, 0x70, 0x4, 0xff, 0x50,
    0x5f, 0xfb, 0x0, 0x6f, 0xf9, 0x0, 0x6, 0xff,
    0x50, 0x2, 0xff, 0x70, 0x2, 0xff, 0x70, 0x2,
    0xff, 0x70, 0x1, 0xff, 0x70, 0x0, 0xff, 0xa0,
    0x0, 0xaf, 0xfd, 0x0, 0x8, 0xde,

    /* U+007C "|" */
    0x1f, 0xf2, 0x1f, 0xf2, 0x1f, 0xf2, 0x1f, 0xf2,
    0x1f, 0xf2, 0x1f, 0xf2, 0x1f, 0xf2, 0x1f, 0xf2,
    0x1f, 0xf2, 0x1f, 0xf2, 0x1f, 0xf2, 0x1f, 0xf2,
    0x1f, 0xf2, 0x1f, 0xf2, 0x1f, 0xf2, 0x1f, 0xf2,
    0x1f, 0xf2, 0x1f, 0xf2,

    /* U+007D "}" */
    0x9e, 0xa2, 0x0, 0x9f, 0xfe, 0x0, 0x6, 0xff,
    0x40, 0x3, 0xff, 0x60, 0x3, 0xff, 0x60, 0x3,
    0xff, 0x60, 0x3, 0xff, 0x60, 0x1, 0xff, 0x90,
    0x0, 0x7f, 0xfa, 0x0, 0x6e, 0xfb, 0x1, 0xff,
    0xa0, 0x3, 0xff, 0x60, 0x3, 0xff, 0x60, 0x3,
    0xff, 0x60, 0x3, 0xff, 0x60, 0x6, 0xff, 0x40,
    0x9f, 0xfe, 0x0, 0x9e, 0xa2, 0x0,

    /* U+007E "~" */
    0x3, 0xdf, 0xa1, 0x1, 0xc9, 0xe, 0xff, 0xfe,
    0x45, 0xfb, 0x4f, 0xb1, 0xaf, 0xff, 0xf5, 0x4b,
    0x60, 0x6, 0xee, 0x80,

    /* U+F001 "" */
    0x0, 0x0, 0x0, 0x0, 0x0, 0x0, 0x0, 0x27,
    0xba, 0x0, 0x0, 0x0, 0x0, 0x0, 0x0, 0x48,
    0xdf, 0xff, 0xf2, 0x0, 0x0, 0x0, 0x1, 0x6a,
    0xff, 0xff, 0xff, 0xff, 0x20, 0x0, 0x0, 0x7c,
    0xff, 0xff, 0xff, 0xff, 0xff, 0xf2, 0x0, 0x0,
    0x4f, 0xff, 0xff, 0xff, 0xff, 0xff, 0xff, 0x20,
    0x0, 0x5, 0xff, 0xff, 0xff, 0xff, 0xb7, 0x3f,
    0xf2, 0x0, 0x0, 0x5f, 0xff, 0xfe, 0x95, 0x0,
    0x1, 0xff, 0x20, 0x0, 0x5, 0xff, 0x73, 0x0,
    0x0, 0x0, 0x1f, 0xf2, 0x0, 0x0, 0x5f, 0xe0,
    0x0, 0x0, 0x0, 0x1, 0xff, 0x20, 0x0, 0x5,
    0xfe, 0x0, 0x0, 0x0, 0x0, 0x1f, 0xf2, 0x0,
    0x0, 0x5f, 0xe0, 0x0, 0x0, 0x0, 0x1, 0xff,
    0x20, 0x0, 0x5, 0xfe, 0x0, 0x0, 0x0, 0x69,
    0x8f, 0xf2, 0x0, 0x0, 0x5f, 0xe0, 0x0, 0x2,
    0xef, 0xff, 0xff, 0x20, 0x3, 0x58, 0xfe, 0x0,
    0x0, 0x8f, 0xff, 0xff, 0xf2, 0x2d, 0xff, 0xff,
    0xe0, 0x0, 0x4, 0xff, 0xff, 0xfd, 0xb, 0xff,
    0xff, 0xfe, 0x0, 0x0, 0x4, 0xbd, 0xc8, 0x10,
    0xaf, 0xff, 0xff, 0xb0, 0x0, 0x0, 0x0, 0x0,
    0x0, 0x0, 0xaf, 0xff, 0xb1, 0x0, 0x0, 0x0,
    0x0, 0x0, 0x0, 0x0, 0x1, 0x0, 0x0, 0x0,
    0x0, 0x0, 0x0, 0x0, 0x0,

    /* U+F008 "" */
    0x51, 0x6, 0x88, 0x88, 0x88, 0x88, 0x88, 0x30,
    0x15, 0xf7, 0x6e, 0xff, 0xff, 0xff, 0xff, 0xff,
    0xb6, 0x8f, 0xfd, 0xcf, 0xf3, 0x33, 0x33, 0x33,
    0x6f, 0xec, 0xdf, 0xf2, 0xc, 0xe0, 0x0, 0x0,
    0x0, 0x3f, 0x70, 0x2f, 0xf2, 0xc, 0xe0, 0x0,
    0x0, 0x0, 0x3f, 0x80, 0x2f, 0xff, 0xff, 0xe0,
    0x0, 0x0, 0x0, 0x3f, 0xff, 0xff, 0xf4, 0x2d,
    0xf9, 0x99, 0x99, 0x99, 0xbf, 0x92, 0x4f, 0xf2,
    0xc, 0xff, 0xff, 0xff, 0xff, 0xff, 0x70, 0x2f,
    0xfb, 0xaf, 0xf1, 0x11, 0x11, 0x11, 0x5f, 0xda,
    0xbf, 0xf9, 0x8e, 0xe0, 0x0, 0x0, 0x0, 0x3f,
    0xc8, 0x9f, 0xf2, 0xc, 0xe0, 0x0, 0x0, 0x0,
    0x3f, 0x70, 0x2f, 0xf6, 0x4d, 0xe0, 0x0, 0x0,
    0x0, 0x3f, 0xa4, 0x6f, 0xfe, 0xef, 0xfb, 0xbb,
    0xbb, 0xbb, 0xcf, 0xfe, 0xef, 0xc2, 0xc, 0xff,
    0xff, 0xff, 0xff, 0xff, 0x80, 0x2c,

    /* U+F00B "" */
    0x58, 0x88, 0x70, 0x28, 0x88, 0x88, 0x88, 0x88,
    0x85, 0xff, 0xff, 0xf3, 0x9f, 0xff, 0xff, 0xff,
    0xff, 0xff, 0xff, 0xff, 0xf3, 0xaf, 0xff, 0xff,
    0xff, 0xff, 0xff, 0xff, 0xff, 0xf3, 0xaf, 0xff,
    0xff, 0xff, 0xff, 0xff, 0xbf, 0xff, 0xd1, 0x6f,
    0xff, 0xff, 0xff, 0xff, 0xfb, 0x0, 0x0, 0x0,
    0x0, 0x0, 0x0, 0x0, 0x0, 0x0, 0xcf, 0xff,
    0xe1, 0x7f, 0xff, 0xff, 0xff, 0xff, 0xfc, 0xff,
    0xff, 0xf3, 0xaf, 0xff, 0xff, 0xff, 0xff, 0xff,
    0xff, 0xff, 0xf3, 0xaf, 0xff, 0xff, 0xff, 0xff,
    0xff, 0xff, 0xff, 0xf3, 0x9f, 0xff, 0xff, 0xff,
    0xff, 0xff, 0x58, 0x88, 0x60, 0x27, 0x88, 0x88,
    0x88, 0x88, 0x85, 0x47, 0x77, 0x50, 0x17, 0x77,
    0x77, 0x77, 0x77, 0x74, 0xff, 0xff, 0xf3, 0x9f,
    0xff, 0xff, 0xff, 0xff, 0xff, 0xff, 0xff, 0xf3,
    0xaf, 0xff, 0xff, 0xff, 0xff, 0xff, 0xff, 0xff,
    0xf3, 0xaf, 0xff, 0xff, 0xff, 0xff, 0xff, 0xdf,
    0xff, 0xf1, 0x7f, 0xff, 0xff, 0xff, 0xff, 0xfd,
    0x0, 0x0, 0x0, 0x0, 0x0, 0x0, 0x0, 0x0,
    0x0,

    /* U+F00C "" */
    0x0, 0x0, 0x0, 0x0, 0x0, 0x0, 0x0, 0x5,
    0x20, 0x0, 0x0, 0x0, 0x0, 0x0, 0x0, 0x0,
    0x7f, 0xf3, 0x0, 0x0, 0x0, 0x0, 0x0, 0x0,
    0x7, 0xff, 0xfe, 0x0, 0x0, 0x0, 0x0, 0x0,
    0x0, 0x7f, 0xff, 0xf8, 0x0, 0x0, 0x0, 0x0,
    0x0, 0x7, 0xff, 0xff, 0x90, 0x9, 0xd1, 0x0,
    0x0, 0x0, 0x7f, 0xff, 0xf9, 0x0, 0x9f, 0xfd,
    0x10, 0x0, 0x7, 0xff, 0xff, 0x90, 0x0, 0xdf,
    0xff, 0xd1, 0x0, 0x7f, 0xff, 0xf9, 0x0, 0x0,
    0x2e, 0xff, 0xfd, 0x17, 0xff, 0xff, 0x90, 0x0,
    0x0, 0x2, 0xef, 0xff, 0xef, 0xff, 0xf9, 0x0,
    0x0, 0x0, 0x0, 0x2e, 0xff, 0xff, 0xff, 0x90,
    0x0, 0x0, 0x0, 0x0, 0x2, 0xef, 0xff, 0xf9,
    0x0, 0x0, 0x0, 0x0, 0x0, 0x0, 0x2e, 0xff,
    0x90, 0x0, 0x0, 0x0, 0x0, 0x0, 0x0, 0x2,
    0xd8, 0x0, 0x0, 0x0, 0x0, 0x0,

    /* U+F00D "" */
    0x2d, 0xb0, 0x0, 0x0, 0x6, 0xe6, 0xd, 0xff,
    0xc0, 0x0, 0x6, 0xff, 0xf3, 0xcf, 0xff, 0xc0,
    0x6, 0xff, 0xff, 0x31, 0xdf, 0xff, 0xc7, 0xff,
    0xff, 0x50, 0x1, 0xdf, 0xff, 0xff, 0xff, 0x50,
    0x0, 0x1, 0xdf, 0xff, 0xff, 0x50, 0x0, 0x0,
    0x7, 0xff, 0xff, 0xd0, 0x0, 0x0, 0x6, 0xff,
    0xff, 0xff, 0xc0, 0x0, 0x6, 0xff, 0xff, 0xdf,
    0xff, 0xc0, 0x6, 0xff, 0xff, 0x51, 0xdf, 0xff,
    0xc0, 0xff, 0xff, 0x50, 0x1, 0xdf, 0xff, 0x58,
    0xff, 0x50, 0x0, 0x1, 0xdf, 0xd0, 0x5, 0x30,
    0x0, 0x0, 0x1, 0x61, 0x0,

    /* U+F011 "" */
    0x0, 0x0, 0x0, 0x0, 0xcd, 0x50, 0x0, 0x0,
    0x0, 0x0, 0x0, 0x0, 0x0, 0x3f, 0xfa, 0x0,
    0x0, 0x0, 0x0, 0x0, 0x7, 0xe3, 0x3, 0xff,
    0xa0, 0xb, 0xc1, 0x0, 0x0, 0x8, 0xff, 0xb0,
    0x3f, 0xfa, 0x4, 0xff, 0xd1, 0x0, 0x4, 0xff,
    0xf6, 0x3, 0xff, 0xa0, 0x1e, 0xff, 0xa0, 0x0,
    0xdf, 0xf7, 0x0, 0x3f, 0xfa, 0x0, 0x2e, 0xff,
    0x40, 0x3f, 0xfc, 0x0, 0x3, 0xff, 0xa0, 0x0,
    0x6f, 0xfa, 0x8, 0xff, 0x60, 0x0, 0x3f, 0xfa,
    0x0, 0x0, 0xef, 0xf0, 0xaf, 0xf2, 0x0, 0x3,
    0xff, 0xa0, 0x0, 0xb, 0xff, 0x1b, 0xff, 0x10,
    0x0, 0x1f, 0xf8, 0x0, 0x0, 0xbf, 0xf1, 0x9f,
    0xf3, 0x0, 0x0, 0x24, 0x0, 0x0, 0xd, 0xff,
    0x6, 0xff, 0x90, 0x0, 0x0, 0x0, 0x0, 0x2,
    0xff, 0xd0, 0x1f, 0xff, 0x20, 0x0, 0x0, 0x0,
    0x0, 0xbf, 0xf8, 0x0, 0x9f, 0xfd, 0x20, 0x0,
    0x0, 0x0, 0x9f, 0xfe, 0x10, 0x0, 0xcf, 0xfe,
    0x71, 0x0, 0x4, 0xcf, 0xff, 0x50, 0x0, 0x1,
    0xdf, 0xff, 0xfe, 0xdf, 0xff, 0xff, 0x60, 0x0,
    0x0, 0x0, 0x9f, 0xff, 0xff, 0xff, 0xfd, 0x40,
    0x0, 0x0, 0x0, 0x0, 0x28, 0xce, 0xfd, 0xa5,
    0x0, 0x0, 0x0,

    /* U+F013 "" */
    0x0, 0x0, 0x0, 0x4, 0x66, 0x40, 0x0, 0x0,
    0x0, 0x0, 0x0, 0x0, 0x3f, 0xff, 0xf3, 0x0,
    0x0, 0x0, 0x0, 0x0, 0x0, 0x4f, 0xff, 0xf4,
    0x0, 0x0, 0x0, 0x0, 0x78, 0x17, 0xff, 0xff,
    0xff, 0x71, 0x87, 0x0, 0x4, 0xff, 0xff, 0xff,
    0xff, 0xff, 0xff, 0xff, 0x40, 0xd, 0xff, 0xff,
    0xff, 0xff, 0xff, 0xff, 0xff, 0xd0, 0x3f, 0xff,
    0xff, 0xfe, 0x88, 0xef, 0xff, 0xff, 0xf3, 0x8,
    0xff, 0xff, 0xd0, 0x0, 0xd, 0xff, 0xff, 0x80,
    0x0, 0xaf, 0xff, 0x50, 0x0, 0x5, 0xff, 0xfa,
    0x0, 0x0, 0xbf, 0xff, 0x30, 0x0, 0x3, 0xff,
    0xfb, 0x0, 0x1, 0xcf, 0xff, 0x80, 0x0, 0x8,
    0xff, 0xfc, 0x10, 0x3e, 0xff, 0xff, 0xf6, 0x0,
    0x6f, 0xff, 0xff, 0xe3, 0x1f, 0xff, 0xff, 0xff,
    0xff, 0xff, 0xff, 0xff, 0xf1, 0x9, 0xff, 0xff,
    0xff, 0xff, 0xff, 0xff, 0xff, 0x90, 0x0, 0xdf,
    0x8e, 0xff, 0xff, 0xff, 0xe8, 0xfd, 0x0, 0x0,
    0x11, 0x1, 0x9f, 0xff, 0xf9, 0x10, 0x11, 0x0,
    0x0, 0x0, 0x0, 0x4f, 0xff, 0xf4, 0x0, 0x0,
    0x0, 0x0, 0x0, 0x0, 0x2c, 0xee, 0xd2, 0x0,
    0x0, 0x0, 0x0, 0x0, 0x0, 0x0, 0x0, 0x0,
    0x0, 0x0, 0x0,

    /* U+F015 "" */
    0x0, 0x0, 0x0, 0x0, 0x8, 0x92, 0x0, 0x6b,
    0xb1, 0x0, 0x0, 0x0, 0x0, 0x0, 0x2d, 0xff,
    0xe4, 0xa, 0xff, 0x20, 0x0, 0x0, 0x0, 0x0,
    0x4e, 0xff, 0xff, 0xf6, 0xaf, 0xf2, 0x0, 0x0,
    0x0, 0x0, 0x6f, 0xfe, 0x31, 0xcf, 0xff, 0xff,
    0x20, 0x0, 0x0, 0x0, 0x9f, 0xfd, 0x25, 0x70,
    0xaf, 0xff, 0xf2, 0x0, 0x0, 0x1, 0xbf, 0xfa,
    0x8, 0xff, 0xb0, 0x7f, 0xff, 0x40, 0x0, 0x2,
    0xdf, 0xf8, 0xa, 0xff, 0xff, 0xd2, 0x5f, 0xff,
    0x50, 0x4, 0xff, 0xf5, 0x1d, 0xff, 0xff, 0xff,
    0xe4, 0x2e, 0xff, 0x70, 0xdf, 0xe3, 0x3e, 0xff,
    0xff, 0xff, 0xff, 0xf6, 0x1c, 0xff, 0x13, 0xb1,
    0x5f, 0xff, 0xff, 0xff, 0xff, 0xff, 0xf8, 0x9,
    0x60, 0x0, 0xa, 0xff, 0xff, 0xff, 0xff, 0xff,
    0xff, 0xe0, 0x0, 0x0, 0x0, 0xaf, 0xff, 0xfd,
    0x88, 0xbf, 0xff, 0xfe, 0x0, 0x0, 0x0, 0xa,
    0xff, 0xff, 0x70, 0x3, 0xff, 0xff, 0xe0, 0x0,
    0x0, 0x0, 0xaf, 0xff, 0xf7, 0x0, 0x3f, 0xff,
    0xfe, 0x0, 0x0, 0x0, 0xa, 0xff, 0xff, 0x70,
    0x3, 0xff, 0xff, 0xe0, 0x0, 0x0, 0x0, 0x8f,
    0xff, 0xf5, 0x0, 0x2f, 0xff, 0xfc, 0x0, 0x0,
    0x0, 0x0, 0x0, 0x0, 0x0, 0x0, 0x0, 0x0,
    0x0, 0x0, 0x0,

    /* U+F019 "" */
    0x0, 0x0, 0x0, 0x9, 0xaa, 0x90, 0x0, 0x0,
    0x0, 0x0, 0x0, 0x0, 0x3f, 0xff, 0xf3, 0x0,
    0x0, 0x0, 0x0, 0x0, 0x0, 0x4f, 0xff, 0xf4,
    0x0, 0x0, 0x0, 0x0, 0x0, 0x0, 0x4f, 0xff,
    0xf4, 0x0, 0x0, 0x0, 0x0, 0x0, 0x0, 0x4f,
    0xff, 0xf4, 0x0, 0x0, 0x0, 0x0, 0x0, 0x0,
    0x4f, 0xff, 0xf4, 0x0, 0x0, 0x0, 0x0, 0x0,
    0x0, 0x4f, 0xff, 0xf4, 0x0, 0x0, 0x0, 0x0,
    0xc, 0xee, 0xef, 0xff, 0xfe, 0xee, 0xc0, 0x0,
    0x0, 0x8, 0xff, 0xff, 0xff, 0xff, 0xff, 0x90,
    0x0, 0x0, 0x0, 0x8f, 0xff, 0xff, 0xff, 0xf8,
    0x0, 0x0, 0x0, 0x0, 0x8, 0xff, 0xff, 0xff,
    0x80, 0x0, 0x0, 0x0, 0x0, 0x0, 0x8f, 0xff,
    0xf8, 0x0, 0x0, 0x0, 0x24, 0x44, 0x44, 0x7,
    0xff, 0x70, 0x44, 0x44, 0x42, 0xff, 0xff, 0xff,
    0xc1, 0x66, 0x1d, 0xff, 0xff, 0xff, 0xff, 0xff,
    0xff, 0xfe, 0x66, 0xef, 0xff, 0xff, 0xff, 0xff,
    0xff, 0xff, 0xff, 0xff, 0xff, 0xff, 0xff, 0xff,
    0xff, 0xff, 0xff, 0xff, 0xff, 0xff, 0x66, 0xc4,
    0xff, 0xdf, 0xff, 0xff, 0xff, 0xff, 0xff, 0xff,
    0xff, 0xfd, 0x0, 0x0, 0x0, 0x0, 0x0, 0x0,
    0x0, 0x0, 0x0,

    /* U+F01C "" */
    0x0, 0x0, 0x4, 0x44, 0x44, 0x44, 0x44, 0x41,
    0x0, 0x0, 0x0, 0x0, 0x1e, 0xff, 0xff, 0xff,
    0xff, 0xff, 0xf4, 0x0, 0x0, 0x0, 0xb, 0xff,
    0xff, 0xff, 0xff, 0xff, 0xff, 0xe1, 0x0, 0x0,
    0x6, 0xff, 0x50, 0x0, 0x0, 0x0, 0x1, 0xff,
    0xa0, 0x0, 0x1, 0xff, 0x90, 0x0, 0x0, 0x0,
    0x0, 0x5, 0xff, 0x50, 0x0, 0xbf, 0xd0, 0x0,
    0x0, 0x0, 0x0, 0x0, 0xa, 0xfe, 0x10, 0x6f,
    0xf3, 0x0, 0x0, 0x0, 0x0, 0x0, 0x0, 0x1e,
    0xfa, 0xe, 0xff, 0xcc, 0xcc, 0x20, 0x0, 0x0,
    0xbc, 0xcc, 0xef, 0xf2, 0xff, 0xff, 0xff, 0xfa,
    0x0, 0x0, 0x6f, 0xff, 0xff, 0xff, 0x4f, 0xff,
    0xff, 0xff, 0xf8, 0x88, 0x8e, 0xff, 0xff, 0xff,
    0xf4, 0xff, 0xff, 0xff, 0xff, 0xff, 0xff, 0xff,
    0xff, 0xff, 0xff, 0x4f, 0xff, 0xff, 0xff, 0xff,
    0xff, 0xff, 0xff, 0xff, 0xff, 0xf4, 0xff, 0xff,
    0xff, 0xff, 0xff, 0xff, 0xff, 0xff, 0xff, 0xff,
    0x37, 0xff, 0xff, 0xff, 0xff, 0xff, 0xff, 0xff,
    0xff, 0xff, 0xa0,

    /* U+F021 "" */
    0x0, 0x0, 0x0, 0x15, 0x66, 0x40, 0x0, 0x5,
    0xcb, 0x0, 0x0, 0x3b, 0xff, 0xff, 0xff, 0x92,
    0x7, 0xff, 0x0, 0x7, 0xff, 0xff, 0xff, 0xff,
    0xff, 0x66, 0xff, 0x0, 0x8f, 0xff, 0xa4, 0x12,
    0x5b, 0xff, 0xfd, 0xff, 0x4, 0xff, 0xe4, 0x0,
    0x0, 0x0, 0x4e, 0xff, 0xff, 0xd, 0xff, 0x30,
    0x0, 0x0, 0x45, 0x46, 0xff, 0xff, 0x4f, 0xf7,
    0x0, 0x0, 0x0, 0xdf, 0xff, 0xff, 0xff, 0x8f,
    0xf1, 0x0, 0x0, 0x0, 0xdf, 0xff, 0xff, 0xff,
    0x2, 0x10, 0x0, 0x0, 0x0, 0x12, 0x22, 0x22,
    0x21, 0x0, 0x0, 0x0, 0x0, 0x0, 0x0, 0x0,
    0x0, 0x0, 0x67, 0x77, 0x77, 0x75, 0x0, 0x0,
    0x0, 0x6, 0x73, 0xff, 0xff, 0xff, 0xfe, 0x0,
    0x0, 0x0, 0x3f, 0xf6, 0xff, 0xff, 0xee, 0xfd,
    0x0, 0x0, 0x0, 0xcf, 0xf1, 0xff, 0xff, 0x70,
    0x0, 0x0, 0x0, 0x9, 0xff, 0xa0, 0xff, 0xff,
    0xfb, 0x20, 0x0, 0x2, 0xbf, 0xfe, 0x10, 0xff,
    0x8d, 0xff, 0xfc, 0xa9, 0xcf, 0xff, 0xe2, 0x0,
    0xff, 0x61, 0x9f, 0xff, 0xff, 0xff, 0xfb, 0x10,
    0x0, 0xff, 0x70, 0x1, 0x7c, 0xee, 0xd9, 0x30,
    0x0, 0x0, 0x56, 0x20, 0x0, 0x0, 0x0, 0x0,
    0x0, 0x0, 0x0,

    /* U+F026 "" */
    0x0, 0x0, 0x0, 0x2, 0x40, 0x0, 0x0, 0x2,
    0xef, 0x0, 0x0, 0x2, 0xef, 0xf0, 0x0, 0x3,
    0xef, 0xff, 0xdf, 0xff, 0xff, 0xff, 0xff, 0xff,
    0xff, 0xff, 0xff, 0xff, 0xff, 0xff, 0xff, 0xff,
    0xff, 0xff, 0xff, 0xff, 0xff, 0xff, 0xff, 0xff,
    0xff, 0xff, 0xff, 0xff, 0xff, 0x7b, 0xbb, 0xdf,
    0xff, 0xf0, 0x0, 0x0, 0xbf, 0xff, 0x0, 0x0,
    0x0, 0xbf, 0xf0, 0x0, 0x0, 0x0, 0xbe, 0x0,
    0x0, 0x0, 0x0, 0x0,

    /* U+F027 "" */
    0x0, 0x0, 0x0, 0x2, 0x40, 0x0, 0x0, 0x0,
    0x0, 0x0, 0x2e, 0xf0, 0x0, 0x0, 0x0, 0x0,
    0x2, 0xef, 0xf0, 0x0, 0x0, 0x0, 0x0, 0x3e,
    0xff, 0xf0, 0x0, 0x0, 0xdf, 0xff, 0xff, 0xff,
    0xf0, 0x7, 0x10, 0xff, 0xff, 0xff, 0xff, 0xf0,
    0x3f, 0xd0, 0xff, 0xff, 0xff, 0xff, 0xf0, 0x8,
    0xf5, 0xff, 0xff, 0xff, 0xff, 0xf0, 0x4, 0xf7,
    0xff, 0xff, 0xff, 0xff, 0xf0, 0xd, 0xf3, 0xff,
    0xff, 0xff, 0xff, 0xf0, 0x3f, 0x70, 0x8b, 0xbb,
    0xdf, 0xff, 0xf0, 0x0, 0x0, 0x0, 0x0, 0xb,
    0xff, 0xf0, 0x0, 0x0, 0x0, 0x0, 0x0, 0xbf,
    0xf0, 0x0, 0x0, 0x0, 0x0, 0x0, 0xb, 0xe0,
    0x0, 0x0, 0x0, 0x0, 0x0, 0x0, 0x0, 0x0,
    0x0,

    /* U+F028 "" */
    0x0, 0x0, 0x0, 0x0, 0x0, 0x0, 0x0, 0x1,
    0x0, 0x0, 0x0, 0x0, 0x0, 0x0, 0x0, 0x0,
    0x0, 0x7, 0xf6, 0x0, 0x0, 0x0, 0x0, 0x0,
    0x2, 0x40, 0x0, 0x0, 0x2d, 0xf8, 0x0, 0x0,
    0x0, 0x0, 0x2, 0xef, 0x0, 0x0, 0x40, 0x1c,
    0xf4, 0x0, 0x0, 0x0, 0x2, 0xef, 0xf0, 0x0,
    0x5f, 0xb0, 0x1e, 0xe1, 0x0, 0x0, 0x3, 0xef,
    0xff, 0x0, 0x0, 0xaf, 0xa0, 0x6f, 0x70, 0xdf,
    0xff, 0xff, 0xff, 0xf0, 0x7, 0x10, 0xbf, 0x30,
    0xfd, 0xf, 0xff, 0xff, 0xff, 0xff, 0x3, 0xfd,
    0x3, 0xf9, 0xa, 0xf0, 0xff, 0xff, 0xff, 0xff,
    0xf0, 0x7, 0xf5, 0xe, 0xc0, 0x8f, 0x2f, 0xff,
    0xff, 0xff, 0xff, 0x0, 0x4f, 0x70, 0xdd, 0x7,
    0xf3, 0xff, 0xff, 0xff, 0xff, 0xf0, 0x1d, 0xf3,
    0xf, 0xb0, 0x9f, 0x2f, 0xff, 0xff, 0xff, 0xff,
    0x3, 0xf7, 0x7, 0xf6, 0xc, 0xf0, 0x7b, 0xbb,
    0xdf, 0xff, 0xf0, 0x0, 0x3, 0xfe, 0x12, 0xfa,
    0x0, 0x0, 0x0, 0xbf, 0xff, 0x0, 0x3, 0xff,
    0x40, 0xaf, 0x30, 0x0, 0x0, 0x0, 0xbf, 0xf0,
    0x0, 0x3c, 0x30, 0x6f, 0xa0, 0x0, 0x0, 0x0,
    0x0, 0xbe, 0x0, 0x0, 0x0, 0x6f, 0xe1, 0x0,
    0x0, 0x0, 0x0, 0x0, 0x0, 0x0, 0x0, 0x6f,
    0xd2, 0x0, 0x0, 0x0, 0x0, 0x0, 0x0, 0x0,
    0x0, 0x3, 0x90, 0x0, 0x0,

    /* U+F03E "" */
    0x3a, 0xbb, 0xbb, 0xbb, 0xbb, 0xbb, 0xbb, 0xbb,
    0xa3, 0xef, 0xff, 0xff, 0xff, 0xff, 0xff, 0xff,
    0xff, 0xfe, 0xff, 0xd5, 0x6e, 0xff, 0xff, 0xff,
    0xff, 0xff, 0xff, 0xff, 0x20, 0x4, 0xff, 0xff,
    0xff, 0xff, 0xff, 0xff, 0xff, 0x0, 0x2, 0xff,
    0xff, 0xff, 0xbf, 0xff, 0xff, 0xff, 0x50, 0x7,
    0xff, 0xff, 0xf5, 0x9, 0xff, 0xff, 0xff, 0xfb,
    0xbf, 0xff, 0xff, 0x50, 0x0, 0x9f, 0xff, 0xff,
    0xff, 0xcb, 0xff, 0xf5, 0x0, 0x0, 0x9, 0xff,
    0xff, 0xfc, 0x0, 0xaf, 0x50, 0x0, 0x0, 0x4,
    0xff, 0xff, 0xc0, 0x0, 0x3, 0x0, 0x0, 0x0,
    0x4, 0xff, 0xff, 0x40, 0x0, 0x0, 0x0, 0x0,
    0x0, 0x4, 0xff, 0xff, 0x74, 0x44, 0x44, 0x44,
    0x44, 0x44, 0x47, 0xff, 0xff, 0xff, 0xff, 0xff,
    0xff, 0xff, 0xff, 0xff, 0xff, 0x6f, 0xff, 0xff,
    0xff, 0xff, 0xff, 0xff, 0xff, 0xf6,

    /* U+F043 "" */
    0x0, 0x0, 0x6, 0x90, 0x0, 0x0, 0x0, 0x0,
    0x1, 0xff, 0x40, 0x0, 0x0, 0x0, 0x0, 0x6f,
    0xfa, 0x0, 0x0, 0x0, 0x0, 0xd, 0xff, 0xf2,
    0x0, 0x0, 0x0, 0x5, 0xff, 0xff, 0x90, 0x0,
    0x0, 0x0, 0xef, 0xff, 0xff, 0x30, 0x0, 0x0,
    0x9f, 0xff, 0xff, 0xfd, 0x0, 0x0, 0x5f, 0xff,
    0xff, 0xff, 0xf9, 0x0, 0xe, 0xff, 0xff, 0xff,
    0xff, 0xf3, 0x7, 0xff, 0xff, 0xff, 0xff, 0xff,
    0xa0, 0xcf, 0xff, 0xff, 0xff, 0xff, 0xff, 0xf,
    0xfb, 0xff, 0xff, 0xff, 0xff, 0xf2, 0xff, 0x4a,
    0xff, 0xff, 0xff, 0xff, 0x2c, 0xf8, 0x4f, 0xff,
    0xff, 0xff, 0xf0, 0x7f, 0xf2, 0x5c, 0xff, 0xff,
    0xfb, 0x0, 0xef, 0xe5, 0x8, 0xff, 0xff, 0x30,
    0x2, 0xef, 0xff, 0xff, 0xff, 0x50, 0x0, 0x1,
    0xaf, 0xff, 0xfb, 0x30, 0x0, 0x0, 0x0, 0x3,
    0x31, 0x0, 0x0, 0x0,

    /* U+F048 "" */
    0x6b, 0x90, 0x0, 0x0, 0x3, 0xa2, 0x9f, 0xe0,
    0x0, 0x0, 0x4f, 0xf9, 0x9f, 0xe0, 0x0, 0x5,
    0xff, 0xfa, 0x9f, 0xe0, 0x0, 0x6f, 0xff, 0xfa,
    0x9f, 0xe0, 0x7, 0xff, 0xff, 0xfa, 0x9f, 0xe0,
    0x8f, 0xff, 0xff, 0xfa, 0x9f, 0xe9, 0xff, 0xff,
    0xff, 0xfa, 0x9f, 0xff, 0xff, 0xff, 0xff, 0xfa,
    0x9f, 0xff, 0xff, 0xff, 0xff, 0xfa, 0x9f, 0xfe,
    0xff, 0xff, 0xff, 0xfa, 0x9f, 0xe1, 0xdf, 0xff,
    0xff, 0xfa, 0x9f, 0xe0, 0x1c, 0xff, 0xff, 0xfa,
    0x9f, 0xe0, 0x0, 0xbf, 0xff, 0xfa, 0x9f, 0xe0,
    0x0, 0xa, 0xff, 0xfa, 0x9f, 0xe0, 0x0, 0x0,
    0x9f, 0xfa, 0x9f, 0xe0, 0x0, 0x0, 0x8, 0xf6,
    0x0, 0x0, 0x0, 0x0, 0x0, 0x0,

    /* U+F04B "" */
    0x3a, 0x70, 0x0, 0x0, 0x0, 0x0, 0x0, 0x0,
    0xef, 0xfe, 0x50, 0x0, 0x0, 0x0, 0x0, 0x0,
    0xff, 0xff, 0xfb, 0x20, 0x0, 0x0, 0x0, 0x0,
    0xff, 0xff, 0xff, 0xf8, 0x0, 0x0, 0x0, 0x0,
    0xff, 0xff, 0xff, 0xff, 0xe6, 0x0, 0x0, 0x0,
    0xff, 0xff, 0xff, 0xff, 0xff, 0xc3, 0x0, 0x0,
    0xff, 0xff, 0xff, 0xff, 0xff, 0xff, 0x91, 0x0,
    0xff, 0xff, 0xff, 0xff, 0xff, 0xff, 0xfe, 0x60,
    0xff, 0xff, 0xff, 0xff, 0xff, 0xff, 0xff, 0xf7,
    0xff, 0xff, 0xff, 0xff, 0xff, 0xff, 0xff, 0xfa,
    0xff, 0xff, 0xff, 0xff, 0xff, 0xff, 0xff, 0xe2,
    0xff, 0xff, 0xff, 0xff, 0xff, 0xff, 0xf8, 0x0,
    0xff, 0xff, 0xff, 0xff, 0xff, 0xfb, 0x20, 0x0,
    0xff, 0xff, 0xff, 0xff, 0xfd, 0x40, 0x0, 0x0,
    0xff, 0xff, 0xff, 0xff, 0x70, 0x0, 0x0, 0x0,
    0xff, 0xff, 0xff, 0xa1, 0x0, 0x0, 0x0, 0x0,
    0xff, 0xff, 0xd3, 0x0, 0x0, 0x0, 0x0, 0x0,
    0xaf, 0xe6, 0x0, 0x0, 0x0, 0x0, 0x0, 0x0,
    0x2, 0x0, 0x0, 0x0, 0x0, 0x0, 0x0, 0x0,

    /* U+F04C "" */
    0x3a, 0xbb, 0xb9, 0x10, 0x3, 0xab, 0xbb, 0x91,
    0xef, 0xff, 0xff, 0xa0, 0xe, 0xff, 0xff, 0xfa,
    0xff, 0xff, 0xff, 0xc0, 0xf, 0xff, 0xff, 0xfc,
    0xff, 0xff, 0xff, 0xc0, 0xf, 0xff, 0xff, 0xfc,
    0xff, 0xff, 0xff, 0xc0, 0xf, 0xff, 0xff, 0xfc,
    0xff, 0xff, 0xff, 0xc0, 0xf, 0xff, 0xff, 0xfc,
    0xff, 0xff, 0xff, 0xc0, 0xf, 0xff, 0xff, 0xfc,
    0xff, 0xff, 0xff, 0xc0, 0xf, 0xff, 0xff, 0xfc,
    0xff, 0xff, 0xff, 0xc0, 0xf, 0xff, 0xff, 0xfc,
    0xff, 0xff, 0xff, 0xc0, 0xf, 0xff, 0xff, 0xfc,
    0xff, 0xff, 0xff, 0xc0, 0xf, 0xff, 0xff, 0xfc,
    0xff, 0xff, 0xff, 0xc0, 0xf, 0xff, 0xff, 0xfc,
    0xff, 0xff, 0xff, 0xc0, 0xf, 0xff, 0xff, 0xfc,
    0xff, 0xff, 0xff, 0xc0, 0xf, 0xff, 0xff, 0xfc,
    0xff, 0xff, 0xff, 0xb0, 0xf, 0xff, 0xff, 0xfb,
    0x7f, 0xff, 0xfe, 0x40, 0x7, 0xff, 0xff, 0xe4,
    0x0, 0x0, 0x0, 0x0, 0x0, 0x0, 0x0, 0x0,

    /* U+F04D "" */
    0x3a, 0xbb, 0xbb, 0xbb, 0xbb, 0xbb, 0xbb, 0x91,
    0xef, 0xff, 0xff, 0xff, 0xff, 0xff, 0xff, 0xfa,
    0xff, 0xff, 0xff, 0xff, 0xff, 0xff, 0xff, 0xfc,
    0xff, 0xff, 0xff, 0xff, 0xff, 0xff, 0xff, 0xfc,
    0xff, 0xff, 0xff, 0xff, 0xff, 0xff, 0xff, 0xfc,
    0xff, 0xff, 0xff, 0xff, 0xff, 0xff, 0xff, 0xfc,
    0xff, 0xff, 0xff, 0xff, 0xff, 0xff, 0xff, 0xfc,
    0xff, 0xff, 0xff, 0xff, 0xff, 0xff, 0xff, 0xfc,
    0xff, 0xff, 0xff, 0xff, 0xff, 0xff, 0xff, 0xfc,
    0xff, 0xff, 0xff, 0xff, 0xff, 0xff, 0xff, 0xfc,
    0xff, 0xff, 0xff, 0xff, 0xff, 0xff, 0xff, 0xfc,
    0xff, 0xff, 0xff, 0xff, 0xff, 0xff, 0xff, 0xfc,
    0xff, 0xff, 0xff, 0xff, 0xff, 0xff, 0xff, 0xfc,
    0xff, 0xff, 0xff, 0xff, 0xff, 0xff, 0xff, 0xfc,
    0xff, 0xff, 0xff, 0xff, 0xff, 0xff, 0xff, 0xfb,
    0x7f, 0xff, 0xff, 0xff, 0xff, 0xff, 0xff, 0xe4,
    0x0, 0x0, 0x0, 0x0, 0x0, 0x0, 0x0, 0x0,

    /* U+F051 "" */
    0x4a, 0x20, 0x0, 0x0, 0xa, 0xb4, 0xbf, 0xe3,
    0x0, 0x0, 0xf, 0xf8, 0xcf, 0xff, 0x40, 0x0,
    0xf, 0xf8, 0xcf, 0xff, 0xf5, 0x0, 0xf, 0xf8,
    0xcf, 0xff, 0xff, 0x60, 0xf, 0xf8, 0xcf, 0xff,
    0xff, 0xf7, 0xf, 0xf8, 0xcf, 0xff, 0xff, 0xff,
    0x9f, 0xf8, 0xcf, 0xff, 0xff, 0xff, 0xff, 0xf8,
    0xcf, 0xff, 0xff, 0xff, 0xff, 0xf8, 0xcf, 0xff,
    0xff, 0xff, 0xdf, 0xf8, 0xcf, 0xff, 0xff, 0xfc,
    0x1f, 0xf8, 0xcf, 0xff, 0xff, 0xb0, 0xf, 0xf8,
    0xcf, 0xff, 0xfa, 0x0, 0xf, 0xf8, 0xcf, 0xff,
    0x80, 0x0, 0xf, 0xf8, 0xbf, 0xf7, 0x0, 0x0,
    0xf, 0xf8, 0x7f, 0x60, 0x0, 0x0, 0xf, 0xf7,
    0x0, 0x0, 0x0, 0x0, 0x0, 0x0,

    /* U+F052 "" */
    0x0, 0x0, 0x0, 0x2, 0xca, 0x10, 0x0, 0x0,
    0x0, 0x0, 0x0, 0x0, 0x2e, 0xff, 0xc0, 0x0,
    0x0, 0x0, 0x0, 0x0, 0x1, 0xef, 0xff, 0xfb,
    0x0, 0x0, 0x0, 0x0, 0x0, 0x1d, 0xff, 0xff,
    0xff, 0xa0, 0x0, 0x0, 0x0, 0x0, 0xcf, 0xff,
    0xff, 0xff, 0xf9, 0x0, 0x0, 0x0, 0xb, 0xff,
    0xff, 0xff, 0xff, 0xff, 0x70, 0x0, 0x0, 0xaf,
    0xff, 0xff, 0xff, 0xff, 0xff, 0xf6, 0x0, 0x8,
    0xff, 0xff, 0xff, 0xff, 0xff, 0xff, 0xff, 0x40,
    0xf, 0xff, 0xff, 0xff, 0xff, 0xff, 0xff, 0xff,
    0xb0, 0xa, 0xff, 0xff, 0xff, 0xff, 0xff, 0xff,
    0xff, 0x60, 0x0, 0x34, 0x44, 0x44, 0x44, 0x44,
    0x44, 0x42, 0x0, 0x3, 0x77, 0x77, 0x77, 0x77,
    0x77, 0x77, 0x77, 0x10, 0xf, 0xff, 0xff, 0xff,
    0xff, 0xff, 0xff, 0xff, 0xb0, 0xf, 0xff, 0xff,
    0xff, 0xff, 0xff, 0xff, 0xff, 0xc0, 0xf, 0xff,
    0xff, 0xff, 0xff, 0xff, 0xff, 0xff, 0xb0, 0xc,
    0xff, 0xff, 0xff, 0xff, 0xff, 0xff, 0xff, 0x70,
    0x0, 0x0, 0x0, 0x0, 0x0, 0x0, 0x0, 0x0,
    0x0,

    /* U+F053 "" */
    0x0, 0x0, 0x0, 0x0, 0x41, 0x0, 0x0, 0x0,
    0x0, 0x9f, 0xd0, 0x0, 0x0, 0x0, 0x9f, 0xff,
    0x20, 0x0, 0x0, 0x9f, 0xff, 0x50, 0x0, 0x0,
    0x9f, 0xff, 0x50, 0x0, 0x0, 0x9f, 0xff, 0x50,
    0x0, 0x0, 0x9f, 0xff, 0x50, 0x0, 0x0, 0x9f,
    0xff, 0x50, 0x0, 0x0, 0xe, 0xff, 0xd1, 0x0,
    0x0, 0x0, 0x3e, 0xff, 0xc1, 0x0, 0x0, 0x0,
    0x3e, 0xff, 0xc1, 0x0, 0x0, 0x0, 0x3e, 0xff,
    0xc1, 0x0, 0x0, 0x0, 0x3e, 0xff, 0xc1, 0x0,
    0x0, 0x0, 0x3e, 0xff, 0xc0, 0x0, 0x0, 0x0,
    0x3e, 0xff, 0x20, 0x0, 0x0, 0x0, 0x3c, 0x60,

    /* U+F054 "" */
    0x0, 0x50, 0x0, 0x0, 0x0, 0x0, 0x9f, 0xc1,
    0x0, 0x0, 0x0, 0xe, 0xff, 0xc1, 0x0, 0x0,
    0x0, 0x2e, 0xff, 0xc1, 0x0, 0x0, 0x0, 0x2e,
    0xff, 0xc1, 0x0, 0x0, 0x0, 0x2e, 0xff, 0xc1,
    0x0, 0x0, 0x0, 0x2e, 0xff, 0xc1, 0x0, 0x0,
    0x0, 0x2e, 0xff, 0xc0, 0x0, 0x0, 0x0, 0xaf,
    0xff, 0x20, 0x0, 0x0, 0x9f, 0xff, 0x50, 0x0,
    0x0, 0x9f, 0xff, 0x50, 0x0, 0x0, 0x9f, 0xff,
    0x50, 0x0, 0x0, 0x9f, 0xff, 0x60, 0x0, 0x0,
    0x9f, 0xff, 0x60, 0x0, 0x0, 0xe, 0xff, 0x60,
    0x0, 0x0, 0x0, 0x3d, 0x50, 0x0, 0x0, 0x0,

    /* U+F067 "" */
    0x0, 0x0, 0x0, 0x39, 0x91, 0x0, 0x0, 0x0,
    0x0, 0x0, 0x0, 0xcf, 0xf8, 0x0, 0x0, 0x0,
    0x0, 0x0, 0x0, 0xdf, 0xf9, 0x0, 0x0, 0x0,
    0x0, 0x0, 0x0, 0xdf, 0xf9, 0x0, 0x0, 0x0,
    0x0, 0x0, 0x0, 0xdf, 0xf9, 0x0, 0x0, 0x0,
    0x0, 0x0, 0x0, 0xdf, 0xf9, 0x0, 0x0, 0x0,
    0x36, 0x77, 0x77, 0xef, 0xfc, 0x77, 0x77, 0x61,
    0xef, 0xff, 0xff, 0xff, 0xff, 0xff, 0xff, 0xfa,
    0xff, 0xff, 0xff, 0xff, 0xff, 0xff, 0xff, 0xfb,
    0xae, 0xff, 0xff, 0xff, 0xff, 0xff, 0xff, 0xe6,
    0x0, 0x0, 0x0, 0xdf, 0xf9, 0x0, 0x0, 0x0,
    0x0, 0x0, 0x0, 0xdf, 0xf9, 0x0, 0x0, 0x0,
    0x0, 0x0, 0x0, 0xdf, 0xf9, 0x0, 0x0, 0x0,
    0x0, 0x0, 0x0, 0xdf, 0xf9, 0x0, 0x0, 0x0,
    0x0, 0x0, 0x0, 0xdf, 0xf9, 0x0, 0x0, 0x0,
    0x0, 0x0, 0x0, 0x9f, 0xf5, 0x0, 0x0, 0x0,
    0x0, 0x0, 0x0, 0x1, 0x10, 0x0, 0x0, 0x0,

    /* U+F068 "" */
    0x36, 0x66, 0x66, 0x66, 0x66, 0x66, 0x66, 0x61,
    0xef, 0xff, 0xff, 0xff, 0xff, 0xff, 0xff, 0xfa,
    0xff, 0xff, 0xff, 0xff, 0xff, 0xff, 0xff, 0xfb,
    0xaf, 0xff, 0xff, 0xff, 0xff, 0xff, 0xff, 0xf6,

    /* U+F06E "" */
    0x0, 0x0, 0x0, 0x3, 0x68, 0x87, 0x40, 0x0,
    0x0, 0x0, 0x0, 0x0, 0x0, 0x8e, 0xff, 0xff,
    0xff, 0xf9, 0x20, 0x0, 0x0, 0x0, 0x4, 0xef,
    0xfd, 0x63, 0x25, 0xbf, 0xff, 0x70, 0x0, 0x0,
    0x7, 0xff, 0xfa, 0x0, 0x0, 0x0, 0x7f, 0xff,
    0xa0, 0x0, 0x6, 0xff, 0xfd, 0x0, 0x8, 0xfc,
    0x20, 0x9f, 0xff, 0xa0, 0x2, 0xff, 0xff, 0x50,
    0x0, 0x8f, 0xfe, 0x12, 0xff, 0xff, 0x60, 0xcf,
    0xff, 0xf2, 0x16, 0x7f, 0xff, 0xf5, 0xe, 0xff,
    0xfe, 0x1e, 0xff, 0xff, 0x12, 0xff, 0xff, 0xff,
    0x70, 0xdf, 0xff, 0xf2, 0x6f, 0xff, 0xf3, 0xe,
    0xff, 0xff, 0xf3, 0xf, 0xff, 0xfb, 0x0, 0xbf,
    0xff, 0x90, 0x4f, 0xff, 0xf8, 0x5, 0xff, 0xfe,
    0x10, 0x1, 0xdf, 0xff, 0x40, 0x28, 0x84, 0x1,
    0xef, 0xff, 0x30, 0x0, 0x1, 0xbf, 0xff, 0x60,
    0x0, 0x4, 0xef, 0xfd, 0x30, 0x0, 0x0, 0x0,
    0x6e, 0xff, 0xfb, 0xbe, 0xff, 0xf9, 0x0, 0x0,
    0x0, 0x0, 0x0, 0x5, 0xad, 0xff, 0xeb, 0x71,
    0x0, 0x0, 0x0,

    /* U+F070 "" */
    0x4a, 0x10, 0x0, 0x0, 0x0, 0x0, 0x0, 0x0,
    0x0, 0x0, 0x0, 0xe, 0xfe, 0x30, 0x0, 0x0,
    0x0, 0x0, 0x0, 0x0, 0x0, 0x0, 0x0, 0x5f,
    0xff, 0x60, 0x0, 0x15, 0x78, 0x74, 0x0, 0x0,
    0x0, 0x0, 0x0, 0x2d, 0xff, 0xa6, 0xdf, 0xff,
    0xff, 0xff, 0xa2, 0x0, 0x0, 0x0, 0x0, 0xa,
    0xff, 0xff, 0xe8, 0x32, 0x5b, 0xff, 0xf8, 0x0,
    0x0, 0x0, 0x0, 0x6, 0xff, 0xf6, 0x0, 0x10,
    0x6, 0xff, 0xfb, 0x0, 0x0, 0x0, 0x0, 0x3,
    0xef, 0xf8, 0x7f, 0xd3, 0x9, 0xff, 0xfb, 0x0,
    0x0, 0x1e, 0x70, 0x1, 0xbf, 0xfe, 0xff, 0xf2,
    0x1f, 0xff, 0xf7, 0x0, 0x9, 0xff, 0xa0, 0x0,
    0x8f, 0xff, 0xff, 0x70, 0xdf, 0xff, 0xf1, 0x0,
    0xcf, 0xff, 0xd1, 0x0, 0x5f, 0xff, 0xf9, 0xc,
    0xff, 0xff, 0x30, 0x5, 0xff, 0xff, 0x60, 0x0,
    0x2d, 0xff, 0xb0, 0xef, 0xff, 0xb0, 0x0, 0xa,
    0xff, 0xfc, 0x0, 0x0, 0xa, 0xff, 0xef, 0xff,
    0xe1, 0x0, 0x0, 0xc, 0xff, 0xf6, 0x0, 0x0,
    0x6, 0xff, 0xff, 0xf3, 0x0, 0x0, 0x0, 0xa,
    0xff, 0xf8, 0x10, 0x0, 0x3, 0xef, 0xfa, 0x0,
    0x0, 0x0, 0x0, 0x5, 0xef, 0xff, 0xcb, 0x80,
    0x1, 0xbf, 0xfb, 0x10, 0x0, 0x0, 0x0, 0x0,
    0x5a, 0xdf, 0xfe, 0x70, 0x0, 0x8f, 0xfe, 0x30,
    0x0, 0x0, 0x0, 0x0, 0x0, 0x0, 0x0, 0x0,
    0x0, 0x5f, 0xff, 0x30, 0x0, 0x0, 0x0, 0x0,
    0x0, 0x0, 0x0, 0x0, 0x0, 0x2d, 0xe1, 0x0,
    0x0, 0x0, 0x0, 0x0, 0x0, 0x0, 0x0, 0x0,
    0x0, 0x1, 0x0,

    /* U+F071 "" */
    0x0, 0x0, 0x0, 0x0, 0x1, 0xcd, 0x40, 0x0,
    0x0, 0x0, 0x0, 0x0, 0x0, 0x0, 0x0, 0xa,
    0xff, 0xe0, 0x0, 0x0, 0x0, 0x0, 0x0, 0x0,
    0x0, 0x0, 0x4f, 0xff, 0xf8, 0x0, 0x0, 0x0,
    0x0, 0x0, 0x0, 0x0, 0x0, 0xdf, 0xff, 0xff,
    0x10, 0x0, 0x0, 0x0, 0x0, 0x0, 0x0, 0x6,
    0xff, 0xff, 0xff, 0xa0, 0x0, 0x0, 0x0, 0x0,
    0x0, 0x0, 0xe, 0xff, 0xff, 0xff, 0xf3, 0x0,
    0x0, 0x0, 0x0, 0x0, 0x0, 0x8f, 0xfb, 0x33,
    0x8f, 0xfc, 0x0, 0x0, 0x0, 0x0, 0x0, 0x2,
    0xff, 0xf9, 0x0, 0x6f, 0xff, 0x60, 0x0, 0x0,
    0x0, 0x0, 0xa, 0xff, 0xfa, 0x0, 0x6f, 0xff,
    0xe0, 0x0, 0x0, 0x0, 0x0, 0x4f, 0xff, 0xfb,
    0x0, 0x7f, 0xff, 0xf8, 0x0, 0x0, 0x0, 0x0,
    0xdf, 0xff, 0xfc, 0x0, 0x8f, 0xff, 0xff, 0x10,
    0x0, 0x0, 0x6, 0xff, 0xff, 0xfd, 0x0, 0x9f,
    0xff, 0xff, 0xa0, 0x0, 0x0, 0xe, 0xff, 0xff,
    0xff, 0xcb, 0xff, 0xff, 0xff, 0xf3, 0x0, 0x0,
    0x8f, 0xff, 0xff, 0xfc, 0x0, 0x8f, 0xff, 0xff,
    0xfc, 0x0, 0x2, 0xff, 0xff, 0xff, 0xf9, 0x0,
    0x4f, 0xff, 0xff, 0xff, 0x60, 0xa, 0xff, 0xff,
    0xff, 0xfe, 0x42, 0xcf, 0xff, 0xff, 0xff, 0xe0,
    0xf, 0xff, 0xff, 0xff, 0xff, 0xff, 0xff, 0xff,
    0xff, 0xff, 0xf3, 0x9, 0xff, 0xff, 0xff, 0xff,
    0xff, 0xff, 0xff, 0xff, 0xff, 0xd0, 0x0, 0x23,
    0x33, 0x33, 0x33, 0x33, 0x33, 0x33, 0x33, 0x33,
    0x0,

    /* U+F074 "" */
    0x0, 0x0, 0x0, 0x0, 0x0, 0x0, 0x1, 0x40,
    0x0, 0x0, 0x0, 0x0, 0x0, 0x0, 0x0, 0x7,
    0xf9, 0x0, 0x12, 0x22, 0x10, 0x0, 0x0, 0x1,
    0x29, 0xff, 0x90, 0xff, 0xff, 0xe2, 0x0, 0x0,
    0x6f, 0xff, 0xff, 0xf8, 0xff, 0xff, 0xfe, 0x20,
    0x5, 0xff, 0xff, 0xff, 0xfd, 0x9a, 0xad, 0xff,
    0xd0, 0x5f, 0xff, 0xbd, 0xff, 0xe2, 0x0, 0x0,
    0xcf, 0x44, 0xff, 0xf9, 0x8, 0xfe, 0x20, 0x0,
    0x0, 0x4, 0x4f, 0xff, 0x90, 0x4, 0xd2, 0x0,
    0x0, 0x0, 0x3, 0xff, 0xfa, 0x0, 0x0, 0x10,
    0x0, 0x0, 0x0, 0x3f, 0xff, 0xa1, 0x91, 0x6,
    0xf6, 0x0, 0x0, 0x2, 0xef, 0xfb, 0xc, 0xfc,
    0x8, 0xff, 0x60, 0xef, 0xff, 0xff, 0xb0, 0x1d,
    0xff, 0xff, 0xff, 0xf6, 0xff, 0xff, 0xfc, 0x0,
    0x2, 0xef, 0xff, 0xff, 0xfe, 0xdd, 0xdd, 0xb0,
    0x0, 0x0, 0x2d, 0xde, 0xff, 0xf5, 0x0, 0x0,
    0x0, 0x0, 0x0, 0x0, 0x8, 0xff, 0x50, 0x0,
    0x0, 0x0, 0x0, 0x0, 0x0, 0x6, 0xf5, 0x0,
    0x0, 0x0, 0x0, 0x0, 0x0, 0x0, 0x0, 0x0,
    0x0,

    /* U+F077 "" */
    0x0, 0x0, 0x0, 0x4, 0x20, 0x0, 0x0, 0x0,
    0x0, 0x0, 0x0, 0x5f, 0xe2, 0x0, 0x0, 0x0,
    0x0, 0x0, 0x5, 0xff, 0xfe, 0x20, 0x0, 0x0,
    0x0, 0x0, 0x5f, 0xff, 0xff, 0xe3, 0x0, 0x0,
    0x0, 0x6, 0xff, 0xfa, 0xcf, 0xfe, 0x30, 0x0,
    0x0, 0x6f, 0xff, 0x90, 0xc, 0xff, 0xe3, 0x0,
    0x6, 0xff, 0xf9, 0x0, 0x0, 0xcf, 0xfe, 0x30,
    0x5f, 0xff, 0x90, 0x0, 0x0, 0xc, 0xff, 0xe2,
    0xaf, 0xf9, 0x0, 0x0, 0x0, 0x0, 0xcf, 0xf6,
    0x1b, 0x80, 0x0, 0x0, 0x0, 0x0, 0xb, 0x90,

    /* U+F078 "" */
    0x3, 0x20, 0x0, 0x0, 0x0, 0x0, 0x3, 0x20,
    0x6f, 0xe2, 0x0, 0x0, 0x0, 0x0, 0x5f, 0xf2,
    0xaf, 0xfe, 0x30, 0x0, 0x0, 0x5, 0xff, 0xf6,
    0x1c, 0xff, 0xe3, 0x0, 0x0, 0x5f, 0xff, 0x90,
    0x1, 0xcf, 0xfe, 0x30, 0x5, 0xff, 0xf9, 0x0,
    0x0, 0x1c, 0xff, 0xe3, 0x5f, 0xff, 0x90, 0x0,
    0x0, 0x1, 0xcf, 0xff, 0xff, 0xf9, 0x0, 0x0,
    0x0, 0x0, 0x1c, 0xff, 0xff, 0x90, 0x0, 0x0,
    0x0, 0x0, 0x1, 0xcf, 0xf9, 0x0, 0x0, 0x0,
    0x0, 0x0, 0x0, 0x1b, 0x90, 0x0, 0x0, 0x0,

    /* U+F079 "" */
    0x0, 0x0, 0x26, 0x0, 0x0, 0x0, 0x0, 0x0,
    0x0, 0x0, 0x0, 0x0, 0x0, 0x2, 0xef, 0xa0,
    0x0, 0x44, 0x44, 0x44, 0x44, 0x42, 0x0, 0x0,
    0x0, 0x2e, 0xff, 0xfa, 0x4, 0xff, 0xff, 0xff,
    0xff, 0xfd, 0x0, 0x0, 0x3, 0xef, 0xff, 0xff,
    0xa0, 0xaf, 0xff, 0xff, 0xff, 0xfe, 0x0, 0x0,
    0xe, 0xfd, 0xef, 0xcf, 0xf8, 0x0, 0x0, 0x0,
    0x5, 0xfe, 0x0, 0x0, 0xb, 0xe2, 0xdf, 0x67,
    0xf5, 0x0, 0x0, 0x0, 0x5, 0xfe, 0x0, 0x0,
    0x0, 0x0, 0xdf, 0x60, 0x0, 0x0, 0x0, 0x0,
    0x5, 0xfe, 0x0, 0x0, 0x0, 0x0, 0xdf, 0x60,
    0x0, 0x0, 0x0, 0x0, 0x5, 0xfe, 0x0, 0x0,
    0x0, 0x0, 0xdf, 0x60, 0x0, 0x0, 0x0, 0x4,
    0x15, 0xfe, 0x3, 0x20, 0x0, 0x0, 0xdf, 0x60,
    0x0, 0x0, 0x0, 0x6f, 0xd6, 0xfe, 0x4f, 0xf1,
    0x0, 0x0, 0xdf, 0x94, 0x44, 0x44, 0x41, 0x3f,
    0xff, 0xff, 0xff, 0xc0, 0x0, 0x0, 0xdf, 0xff,
    0xff, 0xff, 0xff, 0x24, 0xff, 0xff, 0xfc, 0x10,
    0x0, 0x0, 0x9f, 0xff, 0xff, 0xff, 0xfe, 0x30,
    0x4f, 0xff, 0xc0, 0x0, 0x0, 0x0, 0x0, 0x0,
    0x0, 0x0, 0x0, 0x0, 0x4, 0xfc, 0x0, 0x0,
    0x0, 0x0, 0x0, 0x0, 0x0, 0x0, 0x0, 0x0,
    0x0, 0x10, 0x0, 0x0,

    /* U+F07B "" */
    0x17, 0x88, 0x88, 0x84, 0x0, 0x0, 0x0, 0x0,
    0x0, 0xcf, 0xff, 0xff, 0xff, 0x50, 0x0, 0x0,
    0x0, 0x0, 0xff, 0xff, 0xff, 0xff, 0xf6, 0x44,
    0x44, 0x44, 0x30, 0xff, 0xff, 0xff, 0xff, 0xff,
    0xff, 0xff, 0xff, 0xfa, 0xff, 0xff, 0xff, 0xff,
    0xff, 0xff, 0xff, 0xff, 0xff, 0xff, 0xff, 0xff,
    0xff, 0xff, 0xff, 0xff, 0xff, 0xff, 0xff, 0xff,
    0xff, 0xff, 0xff, 0xff, 0xff, 0xff, 0xff, 0xff,
    0xff, 0xff, 0xff, 0xff, 0xff, 0xff, 0xff, 0xff,
    0xff, 0xff, 0xff, 0xff, 0xff, 0xff, 0xff, 0xff,
    0xff, 0xff, 0xff, 0xff, 0xff, 0xff, 0xff, 0xff,
    0xff, 0xff, 0xff, 0xff, 0xff, 0xff, 0xff, 0xff,
    0xff, 0xff, 0xff, 0xff, 0xff, 0xff, 0xff, 0xff,
    0xff, 0xff, 0xff, 0xff, 0xff, 0xff, 0xff, 0xff,
    0xff, 0xff, 0xff, 0xff, 0xff, 0x7f, 0xff, 0xff,
    0xff, 0xff, 0xff, 0xff, 0xff, 0xf6,

    /* U+F093 "" */
    0x0, 0x0, 0x0, 0x0, 0x47, 0x0, 0x0, 0x0,
    0x0, 0x0, 0x0, 0x0, 0x4, 0xff, 0x90, 0x0,
    0x0, 0x0, 0x0, 0x0, 0x0, 0x4f, 0xff, 0xf9,
    0x0, 0x0, 0x0, 0x0, 0x0, 0x4, 0xff, 0xff,
    0xff, 0x90, 0x0, 0x0, 0x0, 0x0, 0x4f, 0xff,
    0xff, 0xff, 0xf9, 0x0, 0x0, 0x0, 0x4, 0xff,
    0xff, 0xff, 0xff, 0xff, 0x90, 0x0, 0x0, 0xc,
    0xff, 0xff, 0xff, 0xff, 0xff, 0xf1, 0x0, 0x0,
    0x0, 0x11, 0x2f, 0xff, 0xf7, 0x11, 0x10, 0x0,
    0x0, 0x0, 0x0, 0x1f, 0xff, 0xf6, 0x0, 0x0,
    0x0, 0x0, 0x0, 0x0, 0x1f, 0xff, 0xf6, 0x0,
    0x0, 0x0, 0x0, 0x0, 0x0, 0x1f, 0xff, 0xf6,
    0x0, 0x0, 0x0, 0x0, 0x0, 0x0, 0x1f, 0xff,
    0xf6, 0x0, 0x0, 0x0, 0x24, 0x44, 0x42, 0x1f,
    0xff, 0xf6, 0x24, 0x44, 0x42, 0xff, 0xff, 0xfc,
    0x8, 0xbb, 0xa2, 0xcf, 0xff, 0xff, 0xff, 0xff,
    0xff, 0xa5, 0x55, 0x5a, 0xff, 0xff, 0xff, 0xff,
    0xff, 0xff, 0xff, 0xff, 0xff, 0xff, 0xff, 0xff,
    0xff, 0xff, 0xff, 0xff, 0xff, 0xff, 0x66, 0xc4,
    0xff, 0xdf, 0xff, 0xff, 0xff, 0xff, 0xff, 0xff,
    0xff, 0xfd, 0x0, 0x0, 0x0, 0x0, 0x0, 0x0,
    0x0, 0x0, 0x0,

    /* U+F095 "" */
    0x0, 0x0, 0x0, 0x0, 0x0, 0x0, 0x2, 0xb8,
    0x41, 0x0, 0x0, 0x0, 0x0, 0x0, 0x0, 0x0,
    0x9f, 0xff, 0xfb, 0x0, 0x0, 0x0, 0x0, 0x0,
    0x0, 0x1f, 0xff, 0xff, 0xf0, 0x0, 0x0, 0x0,
    0x0, 0x0, 0x7, 0xff, 0xff, 0xfe, 0x0, 0x0,
    0x0, 0x0, 0x0, 0x0, 0xdf, 0xff, 0xff, 0xc0,
    0x0, 0x0, 0x0, 0x0, 0x0, 0xc, 0xff, 0xff,
    0xf9, 0x0, 0x0, 0x0, 0x0, 0x0, 0x0, 0xa,
    0xff, 0xff, 0x50, 0x0, 0x0, 0x0, 0x0, 0x0,
    0x0, 0xc, 0xff, 0xf1, 0x0, 0x0, 0x0, 0x0,
    0x0, 0x0, 0x3, 0xff, 0xfa, 0x0, 0x0, 0x0,
    0x0, 0x0, 0x0, 0x0, 0xdf, 0xff, 0x20, 0x0,
    0x0, 0x0, 0x0, 0x0, 0x0, 0xaf, 0xff, 0x90,
    0x0, 0x0, 0x4, 0xa5, 0x0, 0x0, 0xaf, 0xff,
    0xd0, 0x0, 0x0, 0x7d, 0xff, 0xf4, 0x2, 0xcf,
    0xff, 0xe2, 0x0, 0x0, 0xdf, 0xff, 0xff, 0xe9,
    0xff, 0xff, 0xf3, 0x0, 0x0, 0xd, 0xff, 0xff,
    0xff, 0xff, 0xff, 0xe2, 0x0, 0x0, 0x0, 0x9f,
    0xff, 0xff, 0xff, 0xff, 0xa1, 0x0, 0x0, 0x0,
    0x6, 0xff, 0xff, 0xff, 0xfc, 0x40, 0x0, 0x0,
    0x0, 0x0, 0x2f, 0xff, 0xfd, 0x83, 0x0, 0x0,
    0x0, 0x0, 0x0, 0x0, 0x23, 0x20, 0x0, 0x0,
    0x0, 0x0, 0x0, 0x0, 0x0,

    /* U+F0C4 "" */
    0x0, 0x35, 0x20, 0x0, 0x0, 0x0, 0x0, 0x0,
    0x1c, 0xff, 0xfa, 0x0, 0x0, 0x1, 0x9c, 0xa1,
    0xaf, 0xfe, 0xff, 0x60, 0x0, 0x2e, 0xff, 0xf9,
    0xef, 0x60, 0xaf, 0xb0, 0x3, 0xef, 0xff, 0xb0,
    0xef, 0x92, 0xcf, 0x90, 0x3e, 0xff, 0xfa, 0x0,
    0x7f, 0xff, 0xff, 0xe6, 0xff, 0xff, 0xa0, 0x0,
    0x8, 0xff, 0xff, 0xff, 0xff, 0xfa, 0x0, 0x0,
    0x0, 0x1, 0xcf, 0xff, 0xff, 0xa0, 0x0, 0x0,
    0x0, 0x0, 0x3f, 0xff, 0xff, 0x10, 0x0, 0x0,
    0x0, 0x36, 0xef, 0xff, 0xff, 0xd1, 0x0, 0x0,
    0x1c, 0xff, 0xff, 0xff, 0xff, 0xfd, 0x10, 0x0,
    0xaf, 0xfe, 0xff, 0xc2, 0xdf, 0xff, 0xd1, 0x0,
    0xef, 0x60, 0xaf, 0xa0, 0x1c, 0xff, 0xfe, 0x20,
    0xef, 0x92, 0xcf, 0xa0, 0x0, 0xcf, 0xff, 0xe2,
    0x7f, 0xff, 0xff, 0x40, 0x0, 0xb, 0xff, 0xf9,
    0x8, 0xff, 0xe5, 0x0, 0x0, 0x0, 0x58, 0x50,
    0x0, 0x1, 0x0, 0x0, 0x0, 0x0, 0x0, 0x0,

    /* U+F0C5 "" */
    0x0, 0x0, 0x6f, 0xff, 0xff, 0xf1, 0x68, 0x0,
    0x0, 0x0, 0xaf, 0xff, 0xff, 0xf1, 0x7f, 0x80,
    0x0, 0x0, 0xaf, 0xff, 0xff, 0xf1, 0x7f, 0xf8,
    0x36, 0x62, 0xaf, 0xff, 0xff, 0xf1, 0x36, 0x66,
    0xff, 0xf6, 0xaf, 0xff, 0xff, 0xf6, 0x22, 0x22,
    0xff, 0xf6, 0xaf, 0xff, 0xff, 0xff, 0xff, 0xfe,
    0xff, 0xf6, 0xaf, 0xff, 0xff, 0xff, 0xff, 0xfe,
    0xff, 0xf6, 0xaf, 0xff, 0xff, 0xff, 0xff, 0xfe,
    0xff, 0xf6, 0xaf, 0xff, 0xff, 0xff, 0xff, 0xfe,
    0xff, 0xf6, 0xaf, 0xff, 0xff, 0xff, 0xff, 0xfe,
    0xff, 0xf6, 0xaf, 0xff, 0xff, 0xff, 0xff, 0xfe,
    0xff, 0xf6, 0xaf, 0xff, 0xff, 0xff, 0xff, 0xfe,
    0xff, 0xf6, 0xaf, 0xff, 0xff, 0xff, 0xff, 0xfe,
    0xff, 0xf6, 0xaf, 0xff, 0xff, 0xff, 0xff, 0xfe,
    0xff, 0xf7, 0x6f, 0xff, 0xff, 0xff, 0xff, 0xfa,
    0xff, 0xfe, 0x30, 0x0, 0x0, 0x0, 0x0, 0x0,
    0xff, 0xff, 0xff, 0xff, 0xff, 0xf1, 0x0, 0x0,
    0xef, 0xff, 0xff, 0xff, 0xff, 0xf0, 0x0, 0x0,
    0x14, 0x44, 0x44, 0x44, 0x44, 0x20, 0x0, 0x0,

    /* U+F0C7 "" */
    0x5, 0x66, 0x66, 0x66, 0x66, 0x64, 0x0, 0x0,
    0xcf, 0xff, 0xff, 0xff, 0xff, 0xff, 0x90, 0x0,
    0xff, 0xed, 0xdd, 0xdd, 0xdd, 0xef, 0xf9, 0x0,
    0xff, 0x40, 0x0, 0x0, 0x0, 0xf, 0xff, 0x90,
    0xff, 0x40, 0x0, 0x0, 0x0, 0xe, 0xff, 0xf6,
    0xff, 0x40, 0x0, 0x0, 0x0, 0xe, 0xff, 0xf9,
    0xff, 0x40, 0x0, 0x0, 0x0, 0xf, 0xff, 0xf9,
    0xff, 0xff, 0xff, 0xff, 0xff, 0xff, 0xff, 0xf9,
    0xff, 0xff, 0xff, 0xff, 0xff, 0xff, 0xff, 0xf9,
    0xff, 0xff, 0xff, 0xc5, 0x7f, 0xff, 0xff, 0xf9,
    0xff, 0xff, 0xfe, 0x0, 0x5, 0xff, 0xff, 0xf9,
    0xff, 0xff, 0xfa, 0x0, 0x1, 0xff, 0xff, 0xf9,
    0xff, 0xff, 0xfd, 0x0, 0x4, 0xff, 0xff, 0xf9,
    0xff, 0xff, 0xff, 0x93, 0x4d, 0xff, 0xff, 0xf9,
    0xff, 0xff, 0xff, 0xff, 0xff, 0xff, 0xff, 0xf8,
    0x8f, 0xff, 0xff, 0xff, 0xff, 0xff, 0xff, 0xe3,
    0x1, 0x22, 0x22, 0x22, 0x22, 0x22, 0x21, 0x0,

    /* U+F0C9 "" */
    0x79, 0x99, 0x99, 0x99, 0x99, 0x99, 0x99, 0x95,
    0xff, 0xff, 0xff, 0xff, 0xff, 0xff, 0xff, 0xfc,
    0xdf, 0xff, 0xff, 0xff, 0xff, 0xff, 0xff, 0xfa,
    0x0, 0x0, 0x0, 0x0, 0x0, 0x0, 0x0, 0x0,
    0x0, 0x0, 0x0, 0x0, 0x0, 0x0, 0x0, 0x0,
    0x0, 0x0, 0x0, 0x0, 0x0, 0x0, 0x0, 0x0,
    0xef, 0xff, 0xff, 0xff, 0xff, 0xff, 0xff, 0xfa,
    0xff, 0xff, 0xff, 0xff, 0xff, 0xff, 0xff, 0xfb,
    0x68, 0x88, 0x88, 0x88, 0x88, 0x88, 0x88, 0x84,
    0x0, 0x0, 0x0, 0x0, 0x0, 0x0, 0x0, 0x0,
    0x0, 0x0, 0x0, 0x0, 0x0, 0x0, 0x0, 0x0,
    0x67, 0x77, 0x77, 0x77, 0x77, 0x77, 0x77, 0x74,
    0xff, 0xff, 0xff, 0xff, 0xff, 0xff, 0xff, 0xfb,
    0xef, 0xff, 0xff, 0xff, 0xff, 0xff, 0xff, 0xfa,
    0x0, 0x0, 0x0, 0x0, 0x0, 0x0, 0x0, 0x0,

    /* U+F0E0 "" */
    0x3, 0x44, 0x44, 0x44, 0x44, 0x44, 0x44, 0x44,
    0x30, 0xaf, 0xff, 0xff, 0xff, 0xff, 0xff, 0xff,
    0xff, 0xfa, 0xff, 0xff, 0xff, 0xff, 0xff, 0xff,
    0xff, 0xff, 0xff, 0xcf, 0xff, 0xff, 0xff, 0xff,
    0xff, 0xff, 0xff, 0xfc, 0xa, 0xff, 0xff, 0xff,
    0xff, 0xff, 0xff, 0xff, 0xa0, 0xa1, 0x6f, 0xff,
    0xff, 0xff, 0xff, 0xff, 0xf6, 0x3d, 0xfe, 0x42,
    0xdf, 0xff, 0xff, 0xff, 0xfd, 0x26, 0xff, 0xff,
    0xf9, 0x19, 0xff, 0xff, 0xff, 0x91, 0xbf, 0xff,
    0xff, 0xff, 0xd3, 0x5f, 0xff, 0xe5, 0x4e, 0xff,
    0xff, 0xff, 0xff, 0xff, 0x71, 0x99, 0x17, 0xff,
    0xff, 0xff, 0xff, 0xff, 0xff, 0xfd, 0x77, 0xdf,
    0xff, 0xff, 0xff, 0xff, 0xff, 0xff, 0xff, 0xff,
    0xff, 0xff, 0xff, 0xff, 0xff, 0xff, 0xff, 0xff,
    0xff, 0xff, 0xff, 0xff, 0xff, 0x7f, 0xff, 0xff,
    0xff, 0xff, 0xff, 0xff, 0xff, 0xf6,

    /* U+F0E7 "" */
    0x0, 0xaf, 0xff, 0xff, 0xa0, 0x0, 0x0, 0xf,
    0xff, 0xff, 0xfb, 0x0, 0x0, 0x1, 0xff, 0xff,
    0xff, 0x60, 0x0, 0x0, 0x3f, 0xff, 0xff, 0xf1,
    0x0, 0x0, 0x5, 0xff, 0xff, 0xfb, 0x0, 0x0,
    0x0, 0x8f, 0xff, 0xff, 0xa5, 0x55, 0x40, 0xa,
    0xff, 0xff, 0xff, 0xff, 0xff, 0x30, 0xcf, 0xff,
    0xff, 0xff, 0xff, 0xc0, 0xe, 0xff, 0xff, 0xff,
    0xff, 0xf3, 0x0, 0xef, 0xff, 0xff, 0xff, 0xfa,
    0x0, 0x1, 0x22, 0x23, 0xff, 0xff, 0x10, 0x0,
    0x0, 0x0, 0x4f, 0xff, 0x70, 0x0, 0x0, 0x0,
    0x8, 0xff, 0xe0, 0x0, 0x0, 0x0, 0x0, 0xcf,
    0xf5, 0x0, 0x0, 0x0, 0x0, 0xf, 0xfc, 0x0,
    0x0, 0x0, 0x0, 0x3, 0xff, 0x30, 0x0, 0x0,
    0x0, 0x0, 0x7f, 0x90, 0x0, 0x0, 0x0, 0x0,
    0x7, 0xe1, 0x0, 0x0, 0x0, 0x0, 0x0, 0x0,
    0x0, 0x0, 0x0, 0x0,

    /* U+F0EA "" */
    0x0, 0x0, 0x8d, 0x90, 0x0, 0x0, 0x0, 0x0,
    0x8b, 0xbc, 0xfa, 0xfd, 0xbb, 0x90, 0x0, 0x0,
    0xff, 0xff, 0xd0, 0xcf, 0xff, 0xf1, 0x0, 0x0,
    0xff, 0xff, 0xf8, 0xff, 0xff, 0xf1, 0x0, 0x0,
    0xff, 0xff, 0xff, 0xff, 0xff, 0xf1, 0x0, 0x0,
    0xff, 0xff, 0xf3, 0x0, 0x0, 0x0, 0x0, 0x0,
    0xff, 0xff, 0x95, 0xff, 0xff, 0xf1, 0x79, 0x0,
    0xff, 0xff, 0x88, 0xff, 0xff, 0xf1, 0x7f, 0xb0,
    0xff, 0xff, 0x88, 0xff, 0xff, 0xf1, 0x7f, 0xfa,
    0xff, 0xff, 0x88, 0xff, 0xff, 0xf2, 0x2, 0x21,
    0xff, 0xff, 0x88, 0xff, 0xff, 0xff, 0xdd, 0xdc,
    0xff, 0xff, 0x88, 0xff, 0xff, 0xff, 0xff, 0xfe,
    0xff, 0xff, 0x88, 0xff, 0xff, 0xff, 0xff, 0xfe,
    0xff, 0xff, 0x88, 0xff, 0xff, 0xff, 0xff, 0xfe,
    0x7a, 0xaa, 0x58, 0xff, 0xff, 0xff, 0xff, 0xfe,
    0x0, 0x0, 0x8, 0xff, 0xff, 0xff, 0xff, 0xfe,
    0x0, 0x0, 0x8, 0xff, 0xff, 0xff, 0xff, 0xfe,
    0x0, 0x0, 0x6, 0xff, 0xff, 0xff, 0xff, 0xfc,
    0x0, 0x0, 0x0, 0x0, 0x0, 0x0, 0x0, 0x0,

    /* U+F0F3 "" */
    0x0, 0x0, 0x0, 0x8, 0x60, 0x0, 0x0, 0x0,
    0x0, 0x0, 0x0, 0x3f, 0xf0, 0x0, 0x0, 0x0,
    0x0, 0x0, 0x6, 0xcf, 0xfa, 0x40, 0x0, 0x0,
    0x0, 0x1, 0xcf, 0xff, 0xff, 0xf9, 0x0, 0x0,
    0x0, 0xc, 0xff, 0xff, 0xff, 0xff, 0x80, 0x0,
    0x0, 0x5f, 0xff, 0xff, 0xff, 0xff, 0xf1, 0x0,
    0x0, 0x9f, 0xff, 0xff, 0xff, 0xff, 0xf5, 0x0,
    0x0, 0xbf, 0xff, 0xff, 0xff, 0xff, 0xf7, 0x0,
    0x0, 0xcf, 0xff, 0xff, 0xff, 0xff, 0xf8, 0x0,
    0x0, 0xef, 0xff, 0xff, 0xff, 0xff, 0xfa, 0x0,
    0x2, 0xff, 0xff, 0xff, 0xff, 0xff, 0xfe, 0x0,
    0x8, 0xff, 0xff, 0xff, 0xff, 0xff, 0xff, 0x40,
    0x3f, 0xff, 0xff, 0xff, 0xff, 0xff, 0xff, 0xd1,
    0xef, 0xff, 0xff, 0xff, 0xff, 0xff, 0xff, 0xfa,
    0xaf, 0xff, 0xff, 0xff, 0xff, 0xff, 0xff, 0xf7,
    0x0, 0x0, 0x0, 0x0, 0x0, 0x0, 0x0, 0x0,
    0x0, 0x0, 0x4, 0xff, 0xff, 0x0, 0x0, 0x0,
    0x0, 0x0, 0x0, 0xbf, 0xf7, 0x0, 0x0, 0x0,
    0x0, 0x0, 0x0, 0x2, 0x10, 0x0, 0x0, 0x0,

    /* U+F11C "" */
    0x4, 0x44, 0x44, 0x44, 0x44, 0x44, 0x44, 0x44,
    0x44, 0x41, 0xb, 0xff, 0xff, 0xff, 0xff, 0xff,
    0xff, 0xff, 0xff, 0xff, 0xe0, 0xff, 0xff, 0xff,
    0xff, 0xff, 0xff, 0xff, 0xff, 0xff, 0xff, 0x3f,
    0xf4, 0x4, 0xd0, 0x2f, 0x0, 0xf3, 0x3, 0xf0,
    0xf, 0xf4, 0xff, 0x40, 0x5d, 0x2, 0xf0, 0xf,
    0x40, 0x4f, 0x0, 0xff, 0x4f, 0xff, 0xff, 0xff,
    0xff, 0xff, 0xff, 0xff, 0xff, 0xff, 0xf4, 0xff,
    0xff, 0x22, 0xb7, 0x29, 0xa2, 0x4f, 0x42, 0xcf,
    0xff, 0x4f, 0xff, 0xf0, 0xa, 0x60, 0x79, 0x2,
    0xf2, 0xb, 0xff, 0xf4, 0xff, 0xff, 0xdd, 0xfe,
    0xdf, 0xfd, 0xef, 0xed, 0xff, 0xff, 0x4f, 0xf8,
    0x48, 0xe4, 0x44, 0x44, 0x44, 0x47, 0xf4, 0x5f,
    0xf4, 0xff, 0x40, 0x4d, 0x0, 0x0, 0x0, 0x0,
    0x3e, 0x0, 0xff, 0x4f, 0xf7, 0x48, 0xe4, 0x44,
    0x44, 0x44, 0x47, 0xf4, 0x4f, 0xf4, 0xff, 0xff,
    0xff, 0xff, 0xff, 0xff, 0xff, 0xff, 0xff, 0xff,
    0x37, 0xff, 0xff, 0xff, 0xff, 0xff, 0xff, 0xff,
    0xff, 0xff, 0xa0,

    /* U+F124 "" */
    0x0, 0x0, 0x0, 0x0, 0x0, 0x0, 0x0, 0x0,
    0x0, 0x0, 0x0, 0x0, 0x0, 0x0, 0x0, 0x0,
    0x0, 0x1, 0x8b, 0x30, 0x0, 0x0, 0x0, 0x0,
    0x0, 0x0, 0x2, 0xaf, 0xff, 0xd0, 0x0, 0x0,
    0x0, 0x0, 0x0, 0x3, 0xbf, 0xff, 0xff, 0xd0,
    0x0, 0x0, 0x0, 0x0, 0x5, 0xcf, 0xff, 0xff,
    0xff, 0x70, 0x0, 0x0, 0x0, 0x6, 0xdf, 0xff,
    0xff, 0xff, 0xfe, 0x0, 0x0, 0x0, 0x17, 0xef,
    0xff, 0xff, 0xff, 0xff, 0xf8, 0x0, 0x0, 0x29,
    0xff, 0xff, 0xff, 0xff, 0xff, 0xff, 0xf1, 0x0,
    0x7, 0xff, 0xff, 0xff, 0xff, 0xff, 0xff, 0xff,
    0x90, 0x0, 0xf, 0xff, 0xff, 0xff, 0xff, 0xff,
    0xff, 0xff, 0x20, 0x0, 0xb, 0xff, 0xff, 0xff,
    0xff, 0xff, 0xff, 0xfb, 0x0, 0x0, 0x0, 0x56,
    0x66, 0x66, 0x7f, 0xff, 0xff, 0xf3, 0x0, 0x0,
    0x0, 0x0, 0x0, 0x0, 0x2f, 0xff, 0xff, 0xc0,
    0x0, 0x0, 0x0, 0x0, 0x0, 0x0, 0x2f, 0xff,
    0xff, 0x50, 0x0, 0x0, 0x0, 0x0, 0x0, 0x0,
    0x2f, 0xff, 0xfd, 0x0, 0x0, 0x0, 0x0, 0x0,
    0x0, 0x0, 0x2f, 0xff, 0xf6, 0x0, 0x0, 0x0,
    0x0, 0x0, 0x0, 0x0, 0x2f, 0xff, 0xe0, 0x0,
    0x0, 0x0, 0x0, 0x0, 0x0, 0x0, 0x1f, 0xff,
    0x70, 0x0, 0x0, 0x0, 0x0, 0x0, 0x0, 0x0,
    0xc, 0xfd, 0x0, 0x0, 0x0, 0x0, 0x0, 0x0,
    0x0, 0x0, 0x0, 0x30, 0x0, 0x0, 0x0, 0x0,

    /* U+F15B "" */
    0x58, 0x88, 0x88, 0x87, 0x6, 0x0, 0x0, 0xff,
    0xff, 0xff, 0xfe, 0xf, 0x90, 0x0, 0xff, 0xff,
    0xff, 0xfe, 0xf, 0xf9, 0x0, 0xff, 0xff, 0xff,
    0xfe, 0xf, 0xff, 0x90, 0xff, 0xff, 0xff, 0xfe,
    0xf, 0xff, 0xf5, 0xff, 0xff, 0xff, 0xff, 0x32,
    0x22, 0x21, 0xff, 0xff, 0xff, 0xff, 0xff, 0xff,
    0xf8, 0xff, 0xff, 0xff, 0xff, 0xff, 0xff, 0xf8,
    0xff, 0xff, 0xff, 0xff, 0xff, 0xff, 0xf8, 0xff,
    0xff, 0xff, 0xff, 0xff, 0xff, 0xf8, 0xff, 0xff,
    0xff, 0xff, 0xff, 0xff, 0xf8, 0xff, 0xff, 0xff,
    0xff, 0xff, 0xff, 0xf8, 0xff, 0xff, 0xff, 0xff,
    0xff, 0xff, 0xf8, 0xff, 0xff, 0xff, 0xff, 0xff,
    0xff, 0xf8, 0xff, 0xff, 0xff, 0xff, 0xff, 0xff,
    0xf8, 0xff, 0xff, 0xff, 0xff, 0xff, 0xff, 0xf8,
    0xff, 0xff, 0xff, 0xff, 0xff, 0xff, 0xf8, 0xef,
    0xff, 0xff, 0xff, 0xff, 0xff, 0xf6, 0x14, 0x44,
    0x44, 0x44, 0x44, 0x44, 0x30,

    /* U+F1EB "" */
    0x0, 0x0, 0x0, 0x0, 0x0, 0x0, 0x0, 0x0,
    0x0, 0x0, 0x0, 0x0, 0x0, 0x0, 0x0, 0x36,
    0x89, 0xa9, 0x74, 0x10, 0x0, 0x0, 0x0, 0x0,
    0x0, 0x29, 0xef, 0xff, 0xff, 0xff, 0xff, 0xc6,
    0x0, 0x0, 0x0, 0x1, 0xaf, 0xff, 0xff, 0xff,
    0xff, 0xff, 0xff, 0xfe, 0x60, 0x0, 0x6, 0xff,
    0xff, 0xfc, 0x75, 0x43, 0x46, 0x9e, 0xff, 0xff,
    0xb1, 0x8, 0xff, 0xfe, 0x71, 0x0, 0x0, 0x0,
    0x0, 0x3, 0xcf, 0xff, 0xe2, 0xcf, 0xfa, 0x10,
    0x0, 0x0, 0x0, 0x0, 0x0, 0x0, 0x4e, 0xff,
    0x40, 0xb6, 0x0, 0x0, 0x59, 0xde, 0xfe, 0xc7,
    0x20, 0x0, 0x1b, 0x50, 0x0, 0x0, 0x5, 0xdf,
    0xff, 0xff, 0xff, 0xff, 0xa1, 0x0, 0x0, 0x0,
    0x0, 0x9, 0xff, 0xff, 0xfe, 0xde, 0xff, 0xff,
    0xe3, 0x0, 0x0, 0x0, 0x0, 0xdf, 0xfc, 0x40,
    0x0, 0x2, 0x8f, 0xff, 0x50, 0x0, 0x0, 0x0,
    0x1, 0xb6, 0x0, 0x0, 0x0, 0x0, 0x1b, 0x60,
    0x0, 0x0, 0x0, 0x0, 0x0, 0x0, 0x0, 0x35,
    0x0, 0x0, 0x0, 0x0, 0x0, 0x0, 0x0, 0x0,
    0x0, 0x0, 0x7f, 0xfe, 0x10, 0x0, 0x0, 0x0,
    0x0, 0x0, 0x0, 0x0, 0x0, 0xe, 0xff, 0xf6,
    0x0, 0x0, 0x0, 0x0, 0x0, 0x0, 0x0, 0x0,
    0x0, 0xdf, 0xff, 0x50, 0x0, 0x0, 0x0, 0x0,
    0x0, 0x0, 0x0, 0x0, 0x4, 0xff, 0xb0, 0x0,
    0x0, 0x0, 0x0, 0x0, 0x0, 0x0, 0x0, 0x0,
    0x0, 0x10, 0x0, 0x0, 0x0, 0x0, 0x0,

    /* U+F240 "" */
    0x4, 0x44, 0x44, 0x44, 0x44, 0x44, 0x44, 0x44,
    0x44, 0x44, 0x10, 0xa, 0xff, 0xff, 0xff, 0xff,
    0xff, 0xff, 0xff, 0xff, 0xff, 0xfe, 0x10, 0xff,
    0xff, 0xff, 0xff, 0xff, 0xff, 0xff, 0xff, 0xff,
    0xff, 0xf5, 0xf, 0xf4, 0x0, 0x0, 0x0, 0x0,
    0x0, 0x0, 0x0, 0x0, 0xff, 0xf3, 0xff, 0x4a,
    0xff, 0xff, 0xff, 0xff, 0xff, 0xff, 0xff, 0xf,
    0xff, 0x5f, 0xf4, 0xaf, 0xff, 0xff, 0xff, 0xff,
    0xff, 0xff, 0xf0, 0x3f, 0xf5, 0xff, 0x4a, 0xff,
    0xff, 0xff, 0xff, 0xff, 0xff, 0xff, 0x0, 0xef,
    0x5f, 0xf4, 0xaf, 0xff, 0xff, 0xff, 0xff, 0xff,
    0xff, 0xf0, 0x8f, 0xf5, 0xff, 0x45, 0x88, 0x88,
    0x88, 0x88, 0x88, 0x88, 0x88, 0xf, 0xff, 0x5f,
    0xf7, 0x44, 0x44, 0x44, 0x44, 0x44, 0x44, 0x44,
    0x45, 0xff, 0xc1, 0xff, 0xff, 0xff, 0xff, 0xff,
    0xff, 0xff, 0xff, 0xff, 0xff, 0xf5, 0x6, 0xef,
    0xff, 0xff, 0xff, 0xff, 0xff, 0xff, 0xff, 0xff,
    0xfb, 0x0,

    /* U+F241 "" */
    0x4, 0x44, 0x44, 0x44, 0x44, 0x44, 0x44, 0x44,
    0x44, 0x44, 0x10, 0xa, 0xff, 0xff, 0xff, 0xff,
    0xff, 0xff, 0xff, 0xff, 0xff, 0xfe, 0x10, 0xff,
    0xff, 0xff, 0xff, 0xff, 0xff, 0xff, 0xff, 0xff,
    0xff, 0xf5, 0xf, 0xf4, 0x0, 0x0, 0x0, 0x0,
    0x0, 0x0, 0x0, 0x0, 0xff, 0xf3, 0xff, 0x4d,
    0xff, 0xff, 0xff, 0xff, 0xff, 0x60, 0x0, 0xf,
    0xff, 0x5f, 0xf4, 0xdf, 0xff, 0xff, 0xff, 0xff,
    0xf6, 0x0, 0x0, 0x3f, 0xf5, 0xff, 0x4d, 0xff,
    0xff, 0xff, 0xff, 0xff, 0x60, 0x0, 0x0, 0xef,
    0x5f, 0xf4, 0xdf, 0xff, 0xff, 0xff, 0xff, 0xf6,
    0x0, 0x0, 0x8f, 0xf5, 0xff, 0x46, 0x88, 0x88,
    0x88, 0x88, 0x88, 0x30, 0x0, 0xf, 0xff, 0x5f,
    0xf7, 0x44, 0x44, 0x44, 0x44, 0x44, 0x44, 0x44,
    0x45, 0xff, 0xc1, 0xff, 0xff, 0xff, 0xff, 0xff,
    0xff, 0xff, 0xff, 0xff, 0xff, 0xf5, 0x6, 0xef,
    0xff, 0xff, 0xff, 0xff, 0xff, 0xff, 0xff, 0xff,
    0xfb, 0x0,

    /* U+F242 "" */
    0x4, 0x44, 0x44, 0x44, 0x44, 0x44, 0x44, 0x44,
    0x44, 0x44, 0x10, 0xa, 0xff, 0xff, 0xff, 0xff,
    0xff, 0xff, 0xff, 0xff, 0xff, 0xfe, 0x10, 0xff,
    0xff, 0xff, 0xff, 0xff, 0xff, 0xff, 0xff, 0xff,
    0xff, 0xf5, 0xf, 0xf4, 0x0, 0x0, 0x0, 0x0,
    0x0, 0x0, 0x0, 0x0, 0xff, 0xf3, 0xff, 0x4c,
    0xff, 0xff, 0xff, 0xf1, 0x0, 0x0, 0x0, 0xf,
    0xff, 0x5f, 0xf4, 0xcf, 0xff, 0xff, 0xff, 0x10,
    0x0, 0x0, 0x0, 0x3f, 0xf5, 0xff, 0x4c, 0xff,
    0xff, 0xff, 0xf1, 0x0, 0x0, 0x0, 0x0, 0xef,
    0x5f, 0xf4, 0xcf, 0xff, 0xff, 0xff, 0x10, 0x0,
    0x0, 0x0, 0x8f, 0xf5, 0xff, 0x46, 0x88, 0x88,
    0x88, 0x80, 0x0, 0x0, 0x0, 0xf, 0xff, 0x5f,
    0xf7, 0x44, 0x44, 0x44, 0x44, 0x44, 0x44, 0x44,
    0x45, 0xff, 0xc1, 0xff, 0xff, 0xff, 0xff, 0xff,
    0xff, 0xff, 0xff, 0xff, 0xff, 0xf5, 0x6, 0xef,
    0xff, 0xff, 0xff, 0xff, 0xff, 0xff, 0xff, 0xff,
    0xfb, 0x0,

    /* U+F243 "" */
    0x4, 0x44, 0x44, 0x44, 0x44, 0x44, 0x44, 0x44,
    0x44, 0x44, 0x10, 0xa, 0xff, 0xff, 0xff, 0xff,
    0xff, 0xff, 0xff, 0xff, 0xff, 0xfe, 0x10, 0xff,
    0xff, 0xff, 0xff, 0xff, 0xff, 0xff, 0xff, 0xff,
    0xff, 0xf5, 0xf, 0xf4, 0x0, 0x0, 0x0, 0x0,
    0x0, 0x0, 0x0, 0x0, 0xff, 0xf3, 0xff, 0x49,
    0xff, 0xfe, 0x0, 0x0, 0x0, 0x0, 0x0, 0xf,
    0xff, 0x5f, 0xf4, 0x9f, 0xff, 0xe0, 0x0, 0x0,
    0x0, 0x0, 0x0, 0x3f, 0xf5, 0xff, 0x49, 0xff,
    0xfe, 0x0, 0x0, 0x0, 0x0, 0x0, 0x0, 0xef,
    0x5f, 0xf4, 0x9f, 0xff, 0xe0, 0x0, 0x0, 0x0,
    0x0, 0x0, 0x8f, 0xf5, 0xff, 0x44, 0x88, 0x87,
    0x0, 0x0, 0x0, 0x0, 0x0, 0xf, 0xff, 0x5f,
    0xf7, 0x44, 0x44, 0x44, 0x44, 0x44, 0x44, 0x44,
    0x45, 0xff, 0xc1, 0xff, 0xff, 0xff, 0xff, 0xff,
    0xff, 0xff, 0xff, 0xff, 0xff, 0xf5, 0x6, 0xef,
    0xff, 0xff, 0xff, 0xff, 0xff, 0xff, 0xff, 0xff,
    0xfb, 0x0,

    /* U+F244 "" */
    0x4, 0x44, 0x44, 0x44, 0x44, 0x44, 0x44, 0x44,
    0x44, 0x44, 0x10, 0xa, 0xff, 0xff, 0xff, 0xff,
    0xff, 0xff, 0xff, 0xff, 0xff, 0xfe, 0x10, 0xff,
    0xff, 0xff, 0xff, 0xff, 0xff, 0xff, 0xff, 0xff,
    0xff, 0xf5, 0xf, 0xf4, 0x0, 0x0, 0x0, 0x0,
    0x0, 0x0, 0x0, 0x0, 0xff, 0xf3, 0xff, 0x40,
    0x0, 0x0, 0x0, 0x0, 0x0, 0x0, 0x0, 0xf,
    0xff, 0x5f, 0xf4, 0x0, 0x0, 0x0, 0x0, 0x0,
    0x0, 0x0, 0x0, 0x3f, 0xf5, 0xff, 0x40, 0x0,
    0x0, 0x0, 0x0, 0x0, 0x0, 0x0, 0x0, 0xef,
    0x5f, 0xf4, 0x0, 0x0, 0x0, 0x0, 0x0, 0x0,
    0x0, 0x0, 0x8f, 0xf5, 0xff, 0x40, 0x0, 0x0,
    0x0, 0x0, 0x0, 0x0, 0x0, 0xf, 0xff, 0x5f,
    0xf7, 0x44, 0x44, 0x44, 0x44, 0x44, 0x44, 0x44,
    0x45, 0xff, 0xc1, 0xff, 0xff, 0xff, 0xff, 0xff,
    0xff, 0xff, 0xff, 0xff, 0xff, 0xf5, 0x6, 0xef,
    0xff, 0xff, 0xff, 0xff, 0xff, 0xff, 0xff, 0xff,
    0xfb, 0x0,

    /* U+F287 "" */
    0x0, 0x0, 0x0, 0x0, 0x0, 0x0, 0x78, 0x10,
    0x0, 0x0, 0x0, 0x0, 0x0, 0x0, 0x0, 0x0,
    0x26, 0x9f, 0xfd, 0x0, 0x0, 0x0, 0x0, 0x0,
    0x0, 0x0, 0x0, 0x4f, 0xef, 0xff, 0xf0, 0x0,
    0x0, 0x0, 0x0, 0x0, 0x0, 0x0, 0xe, 0x80,
    0x2e, 0xf7, 0x0, 0x0, 0x0, 0x0, 0x0, 0x20,
    0x0, 0x6, 0xe0, 0x0, 0x0, 0x0, 0x0, 0x0,
    0x0, 0x3, 0xef, 0xe3, 0x0, 0xd7, 0x0, 0x0,
    0x0, 0x0, 0x2, 0xa1, 0x0, 0xcf, 0xff, 0xd4,
    0x9f, 0x55, 0x55, 0x55, 0x55, 0x55, 0x7f, 0xf7,
    0xf, 0xff, 0xff, 0xff, 0xff, 0xff, 0xff, 0xff,
    0xff, 0xff, 0xff, 0xf5, 0xaf, 0xff, 0xa0, 0x0,
    0xb, 0xb0, 0x0, 0x0, 0x0, 0x3f, 0xb2, 0x0,
    0x9c, 0x90, 0x0, 0x0, 0x3f, 0x30, 0x0, 0x0,
    0x1, 0x50, 0x0, 0x0, 0x0, 0x0, 0x0, 0x0,
    0xbb, 0x2, 0xbb, 0xb5, 0x0, 0x0, 0x0, 0x0,
    0x0, 0x0, 0x0, 0x2, 0xf9, 0x9f, 0xff, 0x80,
    0x0, 0x0, 0x0, 0x0, 0x0, 0x0, 0x0, 0x3,
    0xbd, 0xff, 0xf8, 0x0, 0x0, 0x0, 0x0, 0x0,
    0x0, 0x0, 0x0, 0x0, 0x3f, 0xff, 0x80, 0x0,
    0x0, 0x0, 0x0, 0x0, 0x0, 0x0, 0x0, 0x0,
    0x0, 0x0, 0x0, 0x0, 0x0,

    /* U+F293 "" */
    0x0, 0x1, 0x7b, 0xdd, 0xb8, 0x20, 0x0, 0x0,
    0x5f, 0xff, 0xdf, 0xff, 0xf6, 0x0, 0x4, 0xff,
    0xff, 0x68, 0xff, 0xff, 0x40, 0xe, 0xff, 0xff,
    0x60, 0x8f, 0xff, 0xd0, 0x4f, 0xff, 0xff, 0x60,
    0x9, 0xff, 0xf3, 0x8f, 0xf6, 0xbf, 0x61, 0xc0,
    0x9f, 0xf7, 0xbf, 0xf6, 0xb, 0x60, 0xe2, 0x5f,
    0xf9, 0xdf, 0xff, 0x50, 0x20, 0x33, 0xff, 0xfb,
    0xef, 0xff, 0xf5, 0x0, 0x2e, 0xff, 0xfc, 0xef,
    0xff, 0xfc, 0x0, 0x7f, 0xff, 0xfc, 0xdf, 0xff,
    0xd1, 0x0, 0x9, 0xff, 0xfc, 0xcf, 0xfc, 0x13,
    0x50, 0x90, 0xaf, 0xfb, 0xaf, 0xf2, 0x4f, 0x60,
    0xf3, 0x2f, 0xf9, 0x6f, 0xfd, 0xff, 0x70, 0x52,
    0xef, 0xf6, 0x1f, 0xff, 0xff, 0x70, 0x2e, 0xff,
    0xf1, 0x9, 0xff, 0xff, 0x72, 0xef, 0xff, 0x90,
    0x0, 0xbf, 0xff, 0xae, 0xff, 0xfd, 0x10, 0x0,
    0x5, 0xcf, 0xff, 0xfd, 0x80, 0x0, 0x0, 0x0,
    0x0, 0x11, 0x0, 0x0, 0x0,

    /* U+F2ED "" */
    0x0, 0x0, 0x5, 0x88, 0x88, 0x30, 0x0, 0x0,
    0x56, 0x66, 0x7f, 0xff, 0xff, 0xe6, 0x66, 0x63,
    0xff, 0xff, 0xff, 0xff, 0xff, 0xff, 0xff, 0xfb,
    0xcd, 0xdd, 0xdd, 0xdd, 0xdd, 0xdd, 0xdd, 0xd8,
    0x3, 0x44, 0x44, 0x44, 0x44, 0x44, 0x44, 0x20,
    0xe, 0xff, 0xff, 0xff, 0xff, 0xff, 0xff, 0xa0,
    0xe, 0xff, 0xff, 0xff, 0xff, 0xff, 0xff, 0xa0,
    0xe, 0xff, 0x1f, 0xf6, 0xaf, 0xc4, 0xff, 0xa0,
    0xe, 0xff, 0xf, 0xf5, 0x9f, 0xb3, 0xff, 0xa0,
    0xe, 0xff, 0xf, 0xf5, 0x9f, 0xb3, 0xff, 0xa0,
    0xe, 0xff, 0xf, 0xf5, 0x9f, 0xb3, 0xff, 0xa0,
    0xe, 0xff, 0xf, 0xf5, 0x9f, 0xb3, 0xff, 0xa0,
    0xe, 0xff, 0xf, 0xf5, 0x9f, 0xb3, 0xff, 0xa0,
    0xe, 0xff, 0xf, 0xf5, 0x9f, 0xb3, 0xff, 0xa0,
    0xe, 0xff, 0xf, 0xf5, 0x9f, 0xb3, 0xff, 0xa0,
    0xe, 0xff, 0x1f, 0xf6, 0xaf, 0xc4, 0xff, 0xa0,
    0xd, 0xff, 0xff, 0xff, 0xff, 0xff, 0xff, 0x90,
    0x8, 0xff, 0xff, 0xff, 0xff, 0xff, 0xff, 0x40,
    0x0, 0x24, 0x44, 0x44, 0x44, 0x44, 0x31, 0x0,

    /* U+F304 "" */
    0x0, 0x0, 0x0, 0x0, 0x0, 0x0, 0x0, 0x8a,
    0x30, 0x0, 0x0, 0x0, 0x0, 0x0, 0x0, 0x0,
    0xbf, 0xff, 0x30, 0x0, 0x0, 0x0, 0x0, 0x0,
    0x0, 0xbf, 0xff, 0xff, 0x30, 0x0, 0x0, 0x0,
    0x0, 0x0, 0x34, 0xff, 0xff, 0xfd, 0x0, 0x0,
    0x0, 0x0, 0x0, 0xbf, 0x44, 0xff, 0xff, 0xe0,
    0x0, 0x0, 0x0, 0x0, 0xbf, 0xff, 0x44, 0xff,
    0xf4, 0x0, 0x0, 0x0, 0x0, 0xbf, 0xff, 0xff,
    0x44, 0xf4, 0x0, 0x0, 0x0, 0x0, 0xbf, 0xff,
    0xff, 0xff, 0x41, 0x0, 0x0, 0x0, 0x0, 0xbf,
    0xff, 0xff, 0xff, 0xf4, 0x0, 0x0, 0x0, 0x0,
    0xbf, 0xff, 0xff, 0xff, 0xf4, 0x0, 0x0, 0x0,
    0x0, 0xbf, 0xff, 0xff, 0xff, 0xf4, 0x0, 0x0,
    0x0, 0x0, 0xbf, 0xff, 0xff, 0xff, 0xf4, 0x0,
    0x0, 0x0, 0x0, 0xbf, 0xff, 0xff, 0xff, 0xf4,
    0x0, 0x0, 0x0, 0x0, 0x8f, 0xff, 0xff, 0xff,
    0xf4, 0x0, 0x0, 0x0, 0x0, 0xa, 0xff, 0xff,
    0xff, 0xf4, 0x0, 0x0, 0x0, 0x0, 0x0, 0xcf,
    0xff, 0xff, 0xf4, 0x0, 0x0, 0x0, 0x0, 0x0,
    0xe, 0xff, 0xff, 0xf4, 0x0, 0x0, 0x0, 0x0,
    0x0, 0x0, 0xff, 0xff, 0xd4, 0x0, 0x0, 0x0,
    0x0, 0x0, 0x0, 0x2, 0x31, 0x0, 0x0, 0x0,
    0x0, 0x0, 0x0, 0x0, 0x0,

    /* U+F55A "" */
    0x0, 0x0, 0x0, 0x57, 0x88, 0x88, 0x88, 0x88,
    0x88, 0x88, 0x72, 0x0, 0x0, 0x0, 0xaf, 0xff,
    0xff, 0xff, 0xff, 0xff, 0xff, 0xff, 0xf2, 0x0,
    0x0, 0xbf, 0xff, 0xff, 0xff, 0xff, 0xff, 0xff,
    0xff, 0xff, 0x70, 0x0, 0xbf, 0xff, 0xff, 0xf8,
    0xaf, 0xff, 0xa8, 0xff, 0xff, 0xf8, 0x0, 0xbf,
    0xff, 0xff, 0xfa, 0x0, 0xaf, 0xa0, 0xa, 0xff,
    0xff, 0x80, 0xbf, 0xff, 0xff, 0xff, 0xf3, 0x0,
    0x60, 0x3, 0xff, 0xff, 0xf8, 0xaf, 0xff, 0xff,
    0xff, 0xff, 0xf3, 0x0, 0x3, 0xff, 0xff, 0xff,
    0x8e, 0xff, 0xff, 0xff, 0xff, 0xff, 0x90, 0x0,
    0x9f, 0xff, 0xff, 0xf8, 0x4f, 0xff, 0xff, 0xff,
    0xff, 0xa0, 0x0, 0x0, 0xaf, 0xff, 0xff, 0x80,
    0x4f, 0xff, 0xff, 0xff, 0xb0, 0x3, 0xe3, 0x0,
    0xbf, 0xff, 0xf8, 0x0, 0x4f, 0xff, 0xff, 0xfe,
    0x13, 0xff, 0xf3, 0x1e, 0xff, 0xff, 0x80, 0x0,
    0x4f, 0xff, 0xff, 0xfe, 0xff, 0xff, 0xfe, 0xff,
    0xff, 0xf7, 0x0, 0x0, 0x4f, 0xff, 0xff, 0xff,
    0xff, 0xff, 0xff, 0xff, 0xff, 0x50, 0x0, 0x0,
    0x3d, 0xff, 0xff, 0xff, 0xff, 0xff, 0xff, 0xff,
    0x90,

    /* U+F7C2 "" */
    0x0, 0x1, 0xcf, 0xff, 0xff, 0xfe, 0x60, 0x0,
    0x1c, 0xff, 0xff, 0xff, 0xff, 0xf2, 0x0, 0xcf,
    0x47, 0xf4, 0xd8, 0x4f, 0xf5, 0xc, 0xff, 0x3,
    0xe0, 0xc5, 0xe, 0xf5, 0xcf, 0xff, 0x3, 0xe0,
    0xc5, 0xe, 0xf5, 0xff, 0xff, 0x24, 0xe2, 0xc6,
    0x2e, 0xf5, 0xff, 0xff, 0xff, 0xff, 0xff, 0xff,
    0xf5, 0xff, 0xff, 0xff, 0xff, 0xff, 0xff, 0xf5,
    0xff, 0xff, 0xff, 0xff, 0xff, 0xff, 0xf5, 0xff,
    0xff, 0xff, 0xff, 0xff, 0xff, 0xf5, 0xff, 0xff,
    0xff, 0xff, 0xff, 0xff, 0xf5, 0xff, 0xff, 0xff,
    0xff, 0xff, 0xff, 0xf5, 0xff, 0xff, 0xff, 0xff,
    0xff, 0xff, 0xf5, 0xff, 0xff, 0xff, 0xff, 0xff,
    0xff, 0xf5, 0xff, 0xff, 0xff, 0xff, 0xff, 0xff,
    0xf5, 0xff, 0xff, 0xff, 0xff, 0xff, 0xff, 0xf5,
    0xef, 0xff, 0xff, 0xff, 0xff, 0xff, 0xf3, 0x5f,
    0xff, 0xff, 0xff, 0xff, 0xff, 0xa0, 0x1, 0x34,
    0x44, 0x44, 0x44, 0x42, 0x0,

    /* U+F8A2 "" */
    0x0, 0x0, 0x0, 0x0, 0x0, 0x0, 0x0, 0x0,
    0x3, 0x0, 0x0, 0x0, 0x0, 0x0, 0x0, 0x0,
    0x0, 0x5, 0xf1, 0x0, 0x0, 0x0, 0x0, 0x0,
    0x0, 0x0, 0x5, 0xff, 0x10, 0x0, 0x3e, 0x90,
    0x0, 0x0, 0x0, 0x0, 0xbf, 0xf1, 0x0, 0x4f,
    0xfb, 0x0, 0x0, 0x0, 0x0, 0xb, 0xff, 0x10,
    0x5f, 0xff, 0xb0, 0x0, 0x0, 0x0, 0x0, 0xbf,
    0xf1, 0x6f, 0xff, 0xff, 0xff, 0xff, 0xff, 0xff,
    0xff, 0xff, 0x1d, 0xff, 0xff, 0xff, 0xff, 0xff,
    0xff, 0xff, 0xff, 0xf1, 0x3e, 0xff, 0xfe, 0xcc,
    0xcc, 0xcc, 0xcc, 0xcc, 0xca, 0x0, 0x2e, 0xff,
    0xb0, 0x0, 0x0, 0x0, 0x0, 0x0, 0x0, 0x0,
    0x1d, 0xfb, 0x0, 0x0, 0x0, 0x0, 0x0, 0x0,
    0x0, 0x0, 0x1b, 0x60, 0x0, 0x0, 0x0, 0x0,
    0x0, 0x0
};


/*---------------------
 *  GLYPH DESCRIPTION
 *--------------------*/

static const lv_font_fmt_txt_glyph_dsc_t glyph_dsc[] = {
    {.bitmap_index = 0, .adv_w = 0, .box_w = 0, .box_h = 0, .ofs_x = 0, .ofs_y = 0} /* id = 0 reserved */,
    {.bitmap_index = 0, .adv_w = 74, .box_w = 0, .box_h = 0, .ofs_x = 0, .ofs_y = 0},
    {.bitmap_index = 0, .adv_w = 107, .box_w = 4, .box_h = 13, .ofs_x = 1, .ofs_y = 0},
    {.bitmap_index = 26, .adv_w = 120, .box_w = 7, .box_h = 6, .ofs_x = 0, .ofs_y = 8},
    {.bitmap_index = 47, .adv_w = 173, .box_w = 11, .box_h = 13, .ofs_x = 0, .ofs_y = 0},
    {.bitmap_index = 119, .adv_w = 170, .box_w = 10, .box_h = 17, .ofs_x = 0, .ofs_y = -3},
    {.bitmap_index = 204, .adv_w = 240, .box_w = 13, .box_h = 13, .ofs_x = 1, .ofs_y = 0},
    {.bitmap_index = 289, .adv_w = 184, .box_w = 12, .box_h = 13, .ofs_x = 0, .ofs_y = 0},
    {.bitmap_index = 367, .adv_w = 66, .box_w = 4, .box_h = 6, .ofs_x = 0, .ofs_y = 8},
    {.bitmap_index = 379, .adv_w = 114, .box_w = 6, .box_h = 18, .ofs_x = 1, .ofs_y = -4},
    {.bitmap_index = 433, .adv_w = 114, .box_w = 7, .box_h = 18, .ofs_x = 0, .ofs_y = -4},
    {.bitmap_index = 496, .adv_w = 133, .box_w = 8, .box_h = 7, .ofs_x = 0, .ofs_y = 7},
    {.bitmap_index = 524, .adv_w = 167, .box_w = 10, .box_h = 10, .ofs_x = 0, .ofs_y = 0},
    {.bitmap_index = 574, .adv_w = 95, .box_w = 5, .box_h = 6, .ofs_x = 0, .ofs_y = -2},
    {.bitmap_index = 589, .adv_w = 127, .box_w = 6, .box_h = 3, .ofs_x = 1, .ofs_y = 5},
    {.bitmap_index = 598, .adv_w = 95, .box_w = 4, .box_h = 4, .ofs_x = 1, .ofs_y = 0},
    {.bitmap_index = 606, .adv_w = 144, .box_w = 7, .box_h = 14, .ofs_x = 1, .ofs_y = -1},
    {.bitmap_index = 655, .adv_w = 170, .box_w = 10, .box_h = 13, .ofs_x = 0, .ofs_y = 0},
    {.bitmap_index = 720, .adv_w = 170, .box_w = 7, .box_h = 13, .ofs_x = 1, .ofs_y = 0},
    {.bitmap_index = 766, .adv_w = 170, .box_w = 10, .box_h = 13, .ofs_x = 0, .ofs_y = 0},
    {.bitmap_index = 831, .adv_w = 170, .box_w = 9, .box_h = 13, .ofs_x = 1, .ofs_y = 0},
    {.bitmap_index = 890, .adv_w = 170, .box_w = 10, .box_h = 13, .ofs_x = 0, .ofs_y = 0},
    {.bitmap_index = 955, .adv_w = 170, .box_w = 9, .box_h = 13, .ofs_x = 1, .ofs_y = 0},
    {.bitmap_index = 1014, .adv_w = 170, .box_w = 10, .box_h = 13, .ofs_x = 0, .ofs_y = 0},
    {.bitmap_index = 1079, .adv_w = 170, .box_w = 10, .box_h = 13, .ofs_x = 0, .ofs_y = 0},
    {.bitmap_index = 1144, .adv_w = 170, .box_w = 10, .box_h = 13, .ofs_x = 0, .ofs_y = 0},
    {.bitmap_index = 1209, .adv_w = 170, .box_w = 10, .box_h = 13, .ofs_x = 0, .ofs_y = 0},
    {.bitmap_index = 1274, .adv_w = 116, .box_w = 4, .box_h = 10, .ofs_x = 2, .ofs_y = 0},
    {.bitmap_index = 1294, .adv_w = 116, .box_w = 6, .box_h = 13, .ofs_x = 0, .ofs_y = -3},
    {.bitmap_index = 1333, .adv_w = 167, .box_w = 10, .box_h = 11, .ofs_x = 0, .ofs_y = 0},
    {.bitmap_index = 1388, .adv_w = 167, .box_w = 10, .box_h = 7, .ofs_x = 0, .ofs_y = 2},
    {.bitmap_index = 1423, .adv_w = 167, .box_w = 10, .box_h = 11, .ofs_x = 0, .ofs_y = 0},
    {.bitmap_index = 1478, .adv_w = 129, .box_w = 8, .box_h = 13, .ofs_x = 0, .ofs_y = 0},
    {.bitmap_index = 1530, .adv_w = 246, .box_w = 15, .box_h = 15, .ofs_x = 0, .ofs_y = -2},
    {.bitmap_index = 1643, .adv_w = 209, .box_w = 14, .box_h = 13, .ofs_x = 0, .ofs_y = 0},
    {.bitmap_index = 1734, .adv_w = 187, .box_w = 10, .box_h = 13, .ofs_x = 1, .ofs_y = 0},
    {.bitmap_index = 1799, .adv_w = 174, .box_w = 10, .box_h = 13, .ofs_x = 1, .ofs_y = 0},
    {.bitmap_index = 1864, .adv_w = 205, .box_w = 11, .box_h = 13, .ofs_x = 1, .ofs_y = 0},
    {.bitmap_index = 1936, .adv_w = 162, .box_w = 9, .box_h = 13, .ofs_x = 1, .ofs_y = 0},
    {.bitmap_index = 1995, .adv_w = 155, .box_w = 9, .box_h = 13, .ofs_x = 1, .ofs_y = 0},
    {.bitmap_index = 2054, .adv_w = 200, .box_w = 11, .box_h = 13, .ofs_x = 1, .ofs_y = 0},
    {.bitmap_index = 2126, .adv_w = 211, .box_w = 11, .box_h = 13, .ofs_x = 1, .ofs_y = 0},
    {.bitmap_index = 2198, .adv_w = 88, .box_w = 4, .box_h = 13, .ofs_x = 1, .ofs_y = 0},
    {.bitmap_index = 2224, .adv_w = 87, .box_w = 7, .box_h = 17, .ofs_x = -2, .ofs_y = -4},
    {.bitmap_index = 2284, .adv_w = 190, .box_w = 11, .box_h = 13, .ofs_x = 1, .ofs_y = 0},
    {.bitmap_index = 2356, .adv_w = 152, .box_w = 9, .box_h = 13, .ofs_x = 1, .ofs_y = 0},
    {.bitmap_index = 2415, .adv_w = 254, .box_w = 14, .box_h = 13, .ofs_x = 1, .ofs_y = 0},
    {.bitmap_index = 2506, .adv_w = 219, .box_w = 12, .box_h = 13, .ofs_x = 1, .ofs_y = 0},
    {.bitmap_index = 2584, .adv_w = 215, .box_w = 12, .box_h = 13, .ofs_x = 1, .ofs_y = 0},
    {.bitmap_index = 2662, .adv_w = 183, .box_w = 10, .box_h = 13, .ofs_x = 1, .ofs_y = 0},
    {.bitmap_index = 2727, .adv_w = 215, .box_w = 12, .box_h = 16, .ofs_x = 1, .ofs_y = -3},
    {.bitmap_index = 2823, .adv_w = 187, .box_w = 11, .box_h = 13, .ofs_x = 1, .ofs_y = 0},
    {.bitmap_index = 2895, .adv_w = 166, .box_w = 10, .box_h = 13, .ofs_x = 0, .ofs_y = 0},
    {.bitmap_index = 2960, .adv_w = 159, .box_w = 10, .box_h = 13, .ofs_x = 0, .ofs_y = 0},
    {.bitmap_index = 3025, .adv_w = 210, .box_w = 11, .box_h = 13, .ofs_x = 1, .ofs_y = 0},
    {.bitmap_index = 3097, .adv_w = 201, .box_w = 13, .box_h = 13, .ofs_x = 0, .ofs_y = 0},
    {.bitmap_index = 3182, .adv_w = 273, .box_w = 17, .box_h = 13, .ofs_x = 0, .ofs_y = 0},
    {.bitmap_index = 3293, .adv_w = 198, .box_w = 13, .box_h = 13, .ofs_x = 0, .ofs_y = 0},
    {.bitmap_index = 3378, .adv_w = 191, .box_w = 12, .box_h = 13, .ofs_x = 0, .ofs_y = 0},
    {.bitmap_index = 3456, .adv_w = 187, .box_w = 11, .box_h = 13, .ofs_x = 0, .ofs_y = 0},
    {.bitmap_index = 3528, .adv_w = 95, .box_w = 5, .box_h = 18, .ofs_x = 1, .ofs_y = -4},
    {.bitmap_index = 3573, .adv_w = 145, .box_w = 9, .box_h = 16, .ofs_x = 0, .ofs_y = -2},
    {.bitmap_index = 3645, .adv_w = 95, .box_w = 5, .box_h = 18, .ofs_x = 0, .ofs_y = -4},
    {.bitmap_index = 3690, .adv_w = 167, .box_w = 9, .box_h = 7, .ofs_x = 1, .ofs_y = 6},
    {.bitmap_index = 3722, .adv_w = 144, .box_w = 9, .box_h = 2, .ofs_x = 0, .ofs_y = -4},
    {.bitmap_index = 3731, .adv_w = 125, .box_w = 5, .box_h = 3, .ofs_x = 1, .ofs_y = 11},
    {.bitmap_index = 3739, .adv_w = 178, .box_w = 10, .box_h = 10, .ofs_x = 0, .ofs_y = 0},
    {.bitmap_index = 3789, .adv_w = 185, .box_w = 10, .box_h = 14, .ofs_x = 1, .ofs_y = 0},
    {.bitmap_index = 3859, .adv_w = 144, .box_w = 9, .box_h = 10, .ofs_x = 0, .ofs_y = 0},
    {.bitmap_index = 3904, .adv_w = 185, .box_w = 11, .box_h = 14, .ofs_x = 0, .ofs_y = 0},
    {.bitmap_index = 3981, .adv_w = 169, .box_w = 10, .box_h = 10, .ofs_x = 0, .ofs_y = 0},
    {.bitmap_index = 4031, .adv_w = 103, .box_w = 7, .box_h = 14, .ofs_x = 0, .ofs_y = 0},
    {.bitmap_index = 4080, .adv_w = 185, .box_w = 11, .box_h = 14, .ofs_x = 0, .ofs_y = -4},
    {.bitmap_index = 4157, .adv_w = 183, .box_w = 10, .box_h = 14, .ofs_x = 1, .ofs_y = 0},
    {.bitmap_index = 4227, .adv_w = 82, .box_w = 4, .box_h = 14, .ofs_x = 1, .ofs_y = 0},
    {.bitmap_index = 4255, .adv_w = 82, .box_w = 6, .box_h = 18, .ofs_x = -1, .ofs_y = -4},
    {.bitmap_index = 4309, .adv_w = 164, .box_w = 10, .box_h = 14, .ofs_x = 1, .ofs_y = 0},
    {.bitmap_index = 4379, .adv_w = 88, .box_w = 5, .box_h = 14, .ofs_x = 1, .ofs_y = 0},
    {.bitmap_index = 4414, .adv_w = 272, .box_w = 15, .box_h = 10, .ofs_x = 1, .ofs_y = 0},
    {.bitmap_index = 4489, .adv_w = 183, .box_w = 10, .box_h = 10, .ofs_x = 1, .ofs_y = 0},
    {.bitmap_index = 4539, .adv_w = 178, .box_w = 11, .box_h = 10, .ofs_x = 0, .ofs_y = 0},
    {.bitmap_index = 4594, .adv_w = 185, .box_w = 10, .box_h = 14, .ofs_x = 1, .ofs_y = -4},
    {.bitmap_index = 4664, .adv_w = 185, .box_w = 11, .box_h = 14, .ofs_x = 0, .ofs_y = -4},
    {.bitmap_index = 4741, .adv_w = 115, .box_w = 6, .box_h = 10, .ofs_x = 1, .ofs_y = 0},
    {.bitmap_index = 4771, .adv_w = 141, .box_w = 8, .box_h = 10, .ofs_x = 0, .ofs_y = 0},
    {.bitmap_index = 4811, .adv_w = 103, .box_w = 7, .box_h = 13, .ofs_x = 0, .ofs_y = 0},
    {.bitmap_index = 4857, .adv_w = 182, .box_w = 10, .box_h = 10, .ofs_x = 1, .ofs_y = 0},
    {.bitmap_index = 4907, .adv_w = 167, .box_w = 11, .box_h = 10, .ofs_x = 0, .ofs_y = 0},
    {.bitmap_index = 4962, .adv_w = 252, .box_w = 16, .box_h = 10, .ofs_x = 0, .ofs_y = 0},
    {.bitmap_index = 5042, .adv_w = 171, .box_w = 11, .box_h = 10, .ofs_x = 0, .ofs_y = 0},
    {.bitmap_index = 5097, .adv_w = 167, .box_w = 11, .box_h = 14, .ofs_x = 0, .ofs_y = -4},
    {.bitmap_index = 5174, .adv_w = 158, .box_w = 10, .box_h = 10, .ofs_x = 0, .ofs_y = 0},
    {.bitmap_index = 5224, .adv_w = 101, .box_w = 6, .box_h = 18, .ofs_x = 0, .ofs_y = -4},
    {.bitmap_index = 5278, .adv_w = 65, .box_w = 4, .box_h = 18, .ofs_x = 0, .ofs_y = -4},
    {.bitmap_index = 5314, .adv_w = 101, .box_w = 6, .box_h = 18, .ofs_x = 0, .ofs_y = -4},
    {.bitmap_index = 5368, .adv_w = 167, .box_w = 10, .box_h = 4, .ofs_x = 0, .ofs_y = 4},
    {.bitmap_index = 5388, .adv_w = 288, .box_w = 19, .box_h = 19, .ofs_x = 0, .ofs_y = -3},
    {.bitmap_index = 5569, .adv_w = 288, .box_w = 18, .box_h = 14, .ofs_x = 0, .ofs_y = 0},
    {.bitmap_index = 5695, .adv_w = 288, .box_w = 18, .box_h = 17, .ofs_x = 0, .ofs_y = -2},
    {.bitmap_index = 5848, .adv_w = 288, .box_w = 18, .box_h = 14, .ofs_x = 0, .ofs_y = 0},
    {.bitmap_index = 5974, .adv_w = 198, .box_w = 13, .box_h = 13, .ofs_x = 0, .ofs_y = 0},
    {.bitmap_index = 6059, .adv_w = 288, .box_w = 19, .box_h = 18, .ofs_x = 0, .ofs_y = -2},
    {.bitmap_index = 6230, .adv_w = 288, .box_w = 18, .box_h = 19, .ofs_x = 0, .ofs_y = -3},
    {.bitmap_index = 6401, .adv_w = 324, .box_w = 21, .box_h = 17, .ofs_x = 0, .ofs_y = -2},
    {.bitmap_index = 6580, .adv_w = 288, .box_w = 18, .box_h = 19, .ofs_x = 0, .ofs_y = -3},
    {.bitmap_index = 6751, .adv_w = 324, .box_w = 21, .box_h = 14, .ofs_x = 0, .ofs_y = 0},
    {.bitmap_index = 6898, .adv_w = 288, .box_w = 18, .box_h = 19, .ofs_x = 0, .ofs_y = -3},
    {.bitmap_index = 7069, .adv_w = 144, .box_w = 9, .box_h = 15, .ofs_x = 0, .ofs_y = -1},
    {.bitmap_index = 7137, .adv_w = 216, .box_w = 14, .box_h = 15, .ofs_x = 0, .ofs_y = -1},
    {.bitmap_index = 7242, .adv_w = 324, .box_w = 21, .box_h = 18, .ofs_x = 0, .ofs_y = -2},
    {.bitmap_index = 7431, .adv_w = 288, .box_w = 18, .box_h = 14, .ofs_x = 0, .ofs_y = 0},
    {.bitmap_index = 7557, .adv_w = 198, .box_w = 13, .box_h = 19, .ofs_x = 0, .ofs_y = -3},
    {.bitmap_index = 7681, .adv_w = 252, .box_w = 12, .box_h = 17, .ofs_x = 2, .ofs_y = -2},
    {.bitmap_index = 7783, .adv_w = 252, .box_w = 16, .box_h = 19, .ofs_x = 0, .ofs_y = -3},
    {.bitmap_index = 7935, .adv_w = 252, .box_w = 16, .box_h = 17, .ofs_x = 0, .ofs_y = -2},
    {.bitmap_index = 8071, .adv_w = 252, .box_w = 16, .box_h = 17, .ofs_x = 0, .ofs_y = -2},
    {.bitmap_index = 8207, .adv_w = 252, .box_w = 12, .box_h = 17, .ofs_x = 2, .ofs_y = -2},
    {.bitmap_index = 8309, .adv_w = 252, .box_w = 18, .box_h = 17, .ofs_x = -1, .ofs_y = -2},
    {.bitmap_index = 8462, .adv_w = 180, .box_w = 11, .box_h = 16, .ofs_x = 0, .ofs_y = -1},
    {.bitmap_index = 8550, .adv_w = 180, .box_w = 11, .box_h = 16, .ofs_x = 0, .ofs_y = -1},
    {.bitmap_index = 8638, .adv_w = 252, .box_w = 16, .box_h = 17, .ofs_x = 0, .ofs_y = -2},
    {.bitmap_index = 8774, .adv_w = 252, .box_w = 16, .box_h = 4, .ofs_x = 0, .ofs_y = 5},
    {.bitmap_index = 8806, .adv_w = 324, .box_w = 21, .box_h = 14, .ofs_x = 0, .ofs_y = 0},
    {.bitmap_index = 8953, .adv_w = 360, .box_w = 23, .box_h = 19, .ofs_x = 0, .ofs_y = -3},
    {.bitmap_index = 9172, .adv_w = 324, .box_w = 22, .box_h = 19, .ofs_x = -1, .ofs_y = -3},
    {.bitmap_index = 9381, .adv_w = 288, .box_w = 18, .box_h = 17, .ofs_x = 0, .ofs_y = -2},
    {.bitmap_index = 9534, .adv_w = 252, .box_w = 16, .box_h = 10, .ofs_x = 0, .ofs_y = 2},
    {.bitmap_index = 9614, .adv_w = 252, .box_w = 16, .box_h = 10, .ofs_x = 0, .ofs_y = 2},
    {.bitmap_index = 9694, .adv_w = 360, .box_w = 24, .box_h = 15, .ofs_x = -1, .ofs_y = -1},
    {.bitmap_index = 9874, .adv_w = 288, .box_w = 18, .box_h = 14, .ofs_x = 0, .ofs_y = 0},
    {.bitmap_index = 10000, .adv_w = 288, .box_w = 18, .box_h = 19, .ofs_x = 0, .ofs_y = -3},
    {.bitmap_index = 10171, .adv_w = 288, .box_w = 19, .box_h = 19, .ofs_x = -1, .ofs_y = -3},
    {.bitmap_index = 10352, .adv_w = 252, .box_w = 16, .box_h = 17, .ofs_x = 0, .ofs_y = -2},
    {.bitmap_index = 10488, .adv_w = 252, .box_w = 16, .box_h = 19, .ofs_x = 0, .ofs_y = -3},
    {.bitmap_index = 10640, .adv_w = 252, .box_w = 16, .box_h = 17, .ofs_x = 0, .ofs_y = -2},
    {.bitmap_index = 10776, .adv_w = 252, .box_w = 16, .box_h = 15, .ofs_x = 0, .ofs_y = -1},
    {.bitmap_index = 10896, .adv_w = 288, .box_w = 18, .box_h = 14, .ofs_x = 0, .ofs_y = 0},
    {.bitmap_index = 11022, .adv_w = 180, .box_w = 13, .box_h = 19, .ofs_x = -1, .ofs_y = -3},
    {.bitmap_index = 11146, .adv_w = 252, .box_w = 16, .box_h = 19, .ofs_x = 0, .ofs_y = -3},
    {.bitmap_index = 11298, .adv_w = 252, .box_w = 16, .box_h = 19, .ofs_x = 0, .ofs_y = -3},
    {.bitmap_index = 11450, .adv_w = 324, .box_w = 21, .box_h = 14, .ofs_x = 0, .ofs_y = 0},
    {.bitmap_index = 11597, .adv_w = 288, .box_w = 20, .box_h = 20, .ofs_x = -1, .ofs_y = -3},
    {.bitmap_index = 11797, .adv_w = 216, .box_w = 14, .box_h = 19, .ofs_x = 0, .ofs_y = -3},
    {.bitmap_index = 11930, .adv_w = 360, .box_w = 23, .box_h = 18, .ofs_x = 0, .ofs_y = -2},
    {.bitmap_index = 12137, .adv_w = 360, .box_w = 23, .box_h = 12, .ofs_x = 0, .ofs_y = 1},
    {.bitmap_index = 12275, .adv_w = 360, .box_w = 23, .box_h = 12, .ofs_x = 0, .ofs_y = 1},
    {.bitmap_index = 12413, .adv_w = 360, .box_w = 23, .box_h = 12, .ofs_x = 0, .ofs_y = 1},
    {.bitmap_index = 12551, .adv_w = 360, .box_w = 23, .box_h = 12, .ofs_x = 0, .ofs_y = 1},
    {.bitmap_index = 12689, .adv_w = 360, .box_w = 23, .box_h = 12, .ofs_x = 0, .ofs_y = 1},
    {.bitmap_index = 12827, .adv_w = 360, .box_w = 23, .box_h = 15, .ofs_x = 0, .ofs_y = -1},
    {.bitmap_index = 13000, .adv_w = 252, .box_w = 14, .box_h = 19, .ofs_x = 1, .ofs_y = -3},
    {.bitmap_index = 13133, .adv_w = 252, .box_w = 16, .box_h = 19, .ofs_x = 0, .ofs_y = -3},
    {.bitmap_index = 13285, .adv_w = 288, .box_w = 19, .box_h = 19, .ofs_x = -1, .ofs_y = -3},
    {.bitmap_index = 13466, .adv_w = 360, .box_w = 23, .box_h = 14, .ofs_x = 0, .ofs_y = 0},
    {.bitmap_index = 13627, .adv_w = 216, .box_w = 14, .box_h = 19, .ofs_x = 0, .ofs_y = -3},
    {.bitmap_index = 13760, .adv_w = 290, .box_w = 19, .box_h = 12, .ofs_x = 0, .ofs_y = 1}
};

/*---------------------
 *  CHARACTER MAPPING
 *--------------------*/

static const uint16_t unicode_list_1[] = {
    0x0, 0x7, 0xa, 0xb, 0xc, 0x10, 0x12, 0x14,
    0x18, 0x1b, 0x20, 0x25, 0x26, 0x27, 0x3d, 0x42,
    0x47, 0x4a, 0x4b, 0x4c, 0x50, 0x51, 0x52, 0x53,
    0x66, 0x67, 0x6d, 0x6f, 0x70, 0x73, 0x76, 0x77,
    0x78, 0x7a, 0x92, 0x94, 0xc3, 0xc4, 0xc6, 0xc8,
    0xdf, 0xe6, 0xe9, 0xf2, 0x11b, 0x123, 0x15a, 0x1ea,
    0x23f, 0x240, 0x241, 0x242, 0x243, 0x286, 0x292, 0x2ec,
    0x303, 0x559, 0x7c1, 0x8a1
};

/*Collect the unicode lists and glyph_id offsets*/
static const lv_font_fmt_txt_cmap_t cmaps[] =
{
    {
        .range_start = 32, .range_length = 95, .glyph_id_start = 1,
        .unicode_list = NULL, .glyph_id_ofs_list = NULL, .list_length = 0, .type = LV_FONT_FMT_TXT_CMAP_FORMAT0_TINY
    },
    {
        .range_start = 61441, .range_length = 2210, .glyph_id_start = 96,
        .unicode_list = unicode_list_1, .glyph_id_ofs_list = NULL, .list_length = 60, .type = LV_FONT_FMT_TXT_CMAP_SPARSE_TINY
    }
};

/*-----------------
 *    KERNING
 *----------------*/


/*Pair left and right glyphs for kerning*/
static const uint8_t kern_pair_glyph_ids[] =
{
    3, 3,
    3, 8,
    3, 13,
    3, 15,
    8, 3,
    8, 8,
    8, 13,
    8, 15,
    9, 75,
    13, 3,
    13, 8,
    13, 18,
    13, 24,
    13, 26,
    15, 3,
    15, 8,
    15, 18,
    15, 24,
    15, 26,
    16, 16,
    18, 13,
    18, 15,
    18, 27,
    18, 28,
    24, 13,
    24, 15,
    24, 27,
    24, 28,
    27, 18,
    27, 24,
    28, 18,
    28, 24,
    34, 3,
    34, 8,
    34, 36,
    34, 40,
    34, 48,
    34, 50,
    34, 53,
    34, 54,
    34, 55,
    34, 56,
    34, 58,
    34, 71,
    34, 77,
    34, 85,
    34, 87,
    34, 90,
    35, 36,
    35, 40,
    35, 48,
    35, 50,
    35, 53,
    35, 55,
    35, 57,
    35, 58,
    37, 13,
    37, 15,
    37, 34,
    37, 53,
    37, 55,
    37, 56,
    37, 57,
    37, 58,
    37, 59,
    37, 66,
    38, 75,
    39, 13,
    39, 15,
    39, 34,
    39, 66,
    39, 73,
    39, 76,
    40, 55,
    40, 58,
    43, 43,
    44, 34,
    44, 36,
    44, 40,
    44, 48,
    44, 50,
    44, 53,
    44, 54,
    44, 55,
    44, 56,
    44, 58,
    44, 68,
    44, 69,
    44, 70,
    44, 72,
    44, 77,
    44, 80,
    44, 82,
    44, 84,
    44, 85,
    44, 86,
    44, 87,
    44, 88,
    44, 90,
    45, 3,
    45, 8,
    45, 34,
    45, 36,
    45, 40,
    45, 48,
    45, 50,
    45, 53,
    45, 54,
    45, 55,
    45, 56,
    45, 58,
    45, 87,
    45, 88,
    45, 90,
    48, 13,
    48, 15,
    48, 34,
    48, 53,
    48, 55,
    48, 56,
    48, 57,
    48, 58,
    48, 59,
    48, 66,
    49, 13,
    49, 15,
    49, 34,
    49, 53,
    49, 55,
    49, 56,
    49, 57,
    49, 58,
    49, 59,
    49, 66,
    50, 13,
    50, 15,
    50, 34,
    50, 43,
    50, 53,
    50, 55,
    50, 56,
    50, 57,
    50, 58,
    50, 59,
    50, 66,
    51, 36,
    51, 40,
    51, 48,
    51, 50,
    51, 53,
    51, 54,
    51, 55,
    51, 56,
    51, 57,
    51, 58,
    51, 68,
    51, 69,
    51, 70,
    51, 72,
    51, 80,
    51, 82,
    51, 85,
    51, 86,
    51, 87,
    51, 89,
    51, 90,
    52, 13,
    52, 15,
    52, 52,
    52, 53,
    52, 55,
    52, 56,
    52, 58,
    52, 85,
    52, 87,
    52, 88,
    52, 89,
    52, 90,
    53, 3,
    53, 8,
    53, 13,
    53, 15,
    53, 34,
    53, 36,
    53, 40,
    53, 48,
    53, 50,
    53, 52,
    53, 66,
    53, 68,
    53, 69,
    53, 70,
    53, 72,
    53, 74,
    53, 75,
    53, 78,
    53, 79,
    53, 80,
    53, 81,
    53, 82,
    53, 83,
    53, 84,
    53, 85,
    53, 86,
    53, 87,
    53, 88,
    53, 89,
    53, 90,
    53, 91,
    54, 34,
    54, 57,
    54, 89,
    55, 13,
    55, 15,
    55, 27,
    55, 28,
    55, 34,
    55, 36,
    55, 40,
    55, 48,
    55, 50,
    55, 52,
    55, 66,
    55, 68,
    55, 69,
    55, 70,
    55, 72,
    55, 73,
    55, 76,
    55, 80,
    55, 82,
    55, 84,
    55, 87,
    55, 90,
    56, 13,
    56, 15,
    56, 27,
    56, 28,
    56, 34,
    56, 36,
    56, 40,
    56, 48,
    56, 50,
    56, 66,
    56, 68,
    56, 69,
    56, 70,
    56, 72,
    56, 80,
    56, 82,
    56, 84,
    57, 34,
    57, 36,
    57, 40,
    57, 48,
    57, 50,
    57, 53,
    57, 54,
    57, 55,
    57, 56,
    57, 58,
    57, 68,
    57, 69,
    57, 70,
    57, 72,
    57, 77,
    57, 80,
    57, 82,
    57, 84,
    57, 85,
    57, 86,
    57, 87,
    57, 88,
    57, 90,
    58, 3,
    58, 8,
    58, 13,
    58, 15,
    58, 27,
    58, 28,
    58, 34,
    58, 36,
    58, 40,
    58, 48,
    58, 50,
    58, 52,
    58, 66,
    58, 68,
    58, 69,
    58, 70,
    58, 71,
    58, 72,
    58, 73,
    58, 74,
    58, 76,
    58, 78,
    58, 79,
    58, 80,
    58, 81,
    58, 82,
    58, 83,
    58, 84,
    58, 85,
    58, 86,
    58, 87,
    58, 89,
    58, 90,
    58, 91,
    59, 36,
    59, 40,
    59, 48,
    59, 50,
    60, 75,
    66, 53,
    66, 55,
    66, 58,
    66, 87,
    66, 88,
    66, 90,
    67, 13,
    67, 15,
    67, 53,
    67, 55,
    67, 56,
    67, 57,
    67, 58,
    67, 87,
    67, 89,
    67, 90,
    70, 13,
    70, 15,
    70, 53,
    70, 58,
    70, 75,
    71, 3,
    71, 8,
    71, 10,
    71, 11,
    71, 13,
    71, 15,
    71, 32,
    71, 53,
    71, 55,
    71, 56,
    71, 57,
    71, 58,
    71, 62,
    71, 66,
    71, 68,
    71, 69,
    71, 70,
    71, 71,
    71, 72,
    71, 73,
    71, 74,
    71, 75,
    71, 76,
    71, 77,
    71, 80,
    71, 82,
    71, 84,
    71, 85,
    71, 87,
    71, 90,
    71, 94,
    73, 53,
    73, 58,
    73, 87,
    73, 88,
    73, 90,
    74, 3,
    74, 8,
    74, 10,
    74, 32,
    74, 53,
    74, 62,
    74, 94,
    75, 53,
    76, 53,
    76, 54,
    76, 56,
    76, 66,
    76, 68,
    76, 69,
    76, 70,
    76, 72,
    76, 77,
    76, 80,
    76, 82,
    76, 86,
    77, 71,
    77, 85,
    77, 87,
    77, 88,
    77, 90,
    78, 53,
    78, 58,
    78, 87,
    78, 88,
    78, 90,
    79, 53,
    79, 58,
    79, 87,
    79, 88,
    79, 90,
    80, 13,
    80, 15,
    80, 53,
    80, 55,
    80, 56,
    80, 57,
    80, 58,
    80, 87,
    80, 89,
    80, 90,
    81, 13,
    81, 15,
    81, 53,
    81, 55,
    81, 56,
    81, 57,
    81, 58,
    81, 87,
    81, 89,
    81, 90,
    82, 53,
    82, 58,
    82, 75,
    83, 3,
    83, 8,
    83, 13,
    83, 15,
    83, 66,
    83, 68,
    83, 69,
    83, 70,
    83, 71,
    83, 80,
    83, 82,
    83, 85,
    83, 87,
    83, 90,
    84, 53,
    84, 55,
    84, 56,
    84, 57,
    84, 58,
    84, 87,
    84, 89,
    84, 90,
    85, 71,
    85, 85,
    86, 53,
    86, 58,
    87, 13,
    87, 15,
    87, 53,
    87, 57,
    87, 66,
    87, 68,
    87, 69,
    87, 70,
    87, 80,
    87, 82,
    88, 13,
    88, 15,
    88, 53,
    88, 57,
    88, 66,
    89, 53,
    89, 54,
    89, 56,
    89, 66,
    89, 68,
    89, 69,
    89, 70,
    89, 72,
    89, 77,
    89, 80,
    89, 82,
    89, 86,
    90, 13,
    90, 15,
    90, 53,
    90, 57,
    90, 66,
    90, 68,
    90, 69,
    90, 70,
    90, 80,
    90, 82,
    91, 53,
    92, 73,
    92, 75,
    92, 76
};

/* Kerning between the respective left and right glyphs
 * 4.4 format which needs to scaled with `kern_scale`*/
static const int8_t kern_pair_values[] =
{
    3, -4, -48, -48, 3, -4, -48, -48,
    17, -46, -46, -40, -18, -8, -46, -46,
    -40, -18, -8, -35, -22, -22, -25, -25,
    -46, -46, -22, -22, -20, -14, -20, -14,
    -29, -29, -4, -4, -4, -4, -23, -1,
    -21, -7, -26, -6, -3, -6, -6, -6,
    -1, -1, -1, -1, -10, -6, -6, -9,
    -14, -14, -6, -10, -9, -2, -7, -12,
    -6, -5, 2, -39, -39, -12, -14, 3,
    3, -6, -11, 7, -2, -7, -7, -7,
    -7, -2, -8, -5, -5, -12, -8, -8,
    -8, -8, -8, -8, -8, -2, -5, -10,
    -17, -12, -17, -25, -25, 6, -11, -11,
    -11, -11, -16, -2, -20, -8, -29, -15,
    -9, -15, -14, -14, -6, -10, -9, -2,
    -7, -12, -6, -5, -51, -51, -17, -4,
    -1, -1, -14, -6, -8, -17, -14, -14,
    -6, 7, -10, -9, -2, -7, -12, -6,
    -5, -3, -3, -3, -3, -12, -3, -8,
    -5, -4, -15, -6, -6, -6, -6, -6,
    -6, -6, -1, -3, 6, -3, -6, -6,
    -3, -7, -9, -5, -9, -3, -6, -3,
    -3, -6, 10, 10, -41, -41, -23, -6,
    -6, -6, -6, -3, -23, -14, -14, -14,
    -14, -6, -2, -14, -14, -14, -7, -14,
    -14, -17, 6, -16, -5, -2, -5, -5,
    -14, -1, -2, -3, -40, -40, -15, -15,
    -22, -9, -9, -9, -9, -5, -18, -9,
    -9, -9, -9, 5, 5, -9, -9, -9,
    -5, -5, -20, -20, -5, -5, -11, -2,
    -2, -2, -2, -12, -6, -6, -6, -6,
    -6, -6, -6, -2, -7, -7, -7, -7,
    -2, -8, -5, -5, -12, -8, -8, -8,
    -8, -8, -8, -8, -2, -5, -10, -17,
    -12, -17, 7, 7, -47, -47, -17, -17,
    -26, -12, -12, -12, -12, -3, -32, -17,
    -17, -17, -7, -17, 3, -2, 3, -15,
    -15, -17, -12, -17, -15, -21, -3, -12,
    -12, -15, -12, -15, -6, -6, -6, -6,
    23, -17, -9, -24, -5, -5, -5, -12,
    -12, -14, -12, -6, -8, -17, -3, -6,
    -3, -6, -6, -11, -12, 6, 14, 14,
    7, 21, -7, -7, 12, 12, 9, 9,
    9, 7, 12, -5, -2, -2, -2, 5,
    -5, -1, -2, -2, -1, -2, -2, -2,
    -2, 5, 2, 2, 14, -7, -5, -5,
    -2, -5, 10, 10, 10, 14, -6, 18,
    16, -6, -5, -3, -6, -6, -6, -6,
    -6, -4, -6, -6, -6, -5, -6, -2,
    -2, -1, -2, -7, -5, -5, -2, -5,
    -7, -5, -5, -2, -5, -12, -12, -14,
    -12, -6, -8, -17, -3, -6, -3, -12,
    -12, -14, -12, -6, -8, -17, -3, -6,
    -3, -2, -2, 6, 10, 10, -28, -28,
    -12, -2, -2, -2, 3, -2, -2, 6,
    2, 2, -14, -9, -6, -2, -17, -2,
    -3, -2, 3, 2, -12, -2, -24, -24,
    -5, -5, -11, -3, -3, -3, -3, -3,
    -16, -16, -2, -5, -10, -5, -3, -6,
    -6, -6, -6, -6, -4, -6, -6, -6,
    -5, -24, -24, -5, -5, -11, -3, -3,
    -3, -3, -3, -14, 10, 20, 10
};

/*Collect the kern pair's data in one place*/
static const lv_font_fmt_txt_kern_pair_t kern_pairs =
{
    .glyph_ids = kern_pair_glyph_ids,
    .values = kern_pair_values,
    .pair_cnt = 495,
    .glyph_ids_size = 0
};

/*--------------------
 *  ALL CUSTOM DATA
 *--------------------*/

#if LVGL_VERSION_MAJOR == 8
/*Store all the custom data of the font*/
static  lv_font_fmt_txt_glyph_cache_t cache;
#endif

#if LVGL_VERSION_MAJOR >= 8
static const lv_font_fmt_txt_dsc_t font_dsc = {
#else
static lv_font_fmt_txt_dsc_t font_dsc = {
#endif
    .glyph_bitmap = glyph_bitmap,
    .glyph_dsc = glyph_dsc,
    .cmaps = cmaps,
    .kern_dsc = &kern_pairs,
    .kern_scale = 16,
    .cmap_num = 2,
    .bpp = 4,
    .kern_classes = 0,
    .bitmap_format = 0,
#if LVGL_VERSION_MAJOR == 8
    .cache = &cache
#endif
};



/*-----------------
 *  PUBLIC FONT
 *----------------*/

/*Initialize a public general font descriptor*/
#if LVGL_VERSION_MAJOR >= 8
const lv_font_t lv_font_Alibaba_PuHuiTi_2_0_95_ExtraBold_95_ExtraBold_18 = {
#else
lv_font_t lv_font_Alibaba_PuHuiTi_2_0_95_ExtraBold_95_ExtraBold_18 = {
#endif
    .get_glyph_dsc = lv_font_get_glyph_dsc_fmt_txt,    /*Function pointer to get glyph's data*/
    .get_glyph_bitmap = lv_font_get_bitmap_fmt_txt,    /*Function pointer to get glyph's bitmap*/
    .line_height = 21,          /*The maximum line height required by the font*/
    .base_line = 4,             /*Baseline measured from the bottom of the line*/
#if !(LVGL_VERSION_MAJOR == 6 && LVGL_VERSION_MINOR == 0)
    .subpx = LV_FONT_SUBPX_NONE,
#endif
#if LV_VERSION_CHECK(7, 4, 0) || LVGL_VERSION_MAJOR >= 8
    .underline_position = -1,
    .underline_thickness = 1,
#endif
    .dsc = &font_dsc,          /*The custom font data. Will be accessed by `get_glyph_bitmap/dsc` */
#if LV_VERSION_CHECK(8, 2, 0) || LVGL_VERSION_MAJOR >= 9
    .fallback = NULL,
#endif
    .user_data = NULL,
};



#endif /*#if LV_FONT_ALIBABA_PUHUITI_2_0_95_EXTRABOLD_95_EXTRABOLD_18*/

