/*******************************************************************************
 * Size: 18 px
 * Bpp: 4
 * Opts: --font E:\svn\BT\bk7259\v2\lvgl_UI\dashcamv2.1.2\assets\fonts\pingfang_SC\pingfang_SC.ttf -r 0x20-0x7F --symbols  -0123456789ABCDEHIKLMNOPRSTVYa中升级 --size 18 -o E:\svn\BT\bk7259\v2\lvgl_UI\dashcamv2.1.2\beken_generated\fonts\lv_font_pingfang_SC_18.c --format lvgl --bpp 4 --no-compress --lv-include lvgl.h --font E:\DESK\tools\lvgl_ui_designer_2.0.3\resources\assets\fonts\FontAwesome5.woff -r 61441, 61448, 61451, 61452, 61453, 61457, 61459, 61461, 61465, 61468,                                61473, 61478, 61479, 61480, 61502, 61507, 61512, 61515, 61516, 61517,                                61521, 61522, 61523, 61524, 61543, 61544, 61550, 61552, 61553, 61556,                                61559, 61560, 61561, 61563, 61587, 61589, 61636, 61637, 61639, 61641,                                61664, 61671, 61674, 61683, 61724, 61732, 61787, 61931, 62016, 62017,                                62018, 62019, 62020, 62087, 62099, 62189, 62212, 62810, 63426, 63650
 ******************************************************************************/

#ifdef LV_LVGL_H_INCLUDE_SIMPLE
#include "lvgl.h"
#else
#include "lvgl.h"
#endif

#ifndef LV_FONT_PINGFANG_SC_18
#define LV_FONT_PINGFANG_SC_18 1
#endif

#if LV_FONT_PINGFANG_SC_18

/*-----------------
 *    BITMAPS
 *----------------*/

/*Store the image of the glyphs*/
static LV_ATTRIBUTE_LARGE_CONST const uint8_t glyph_bitmap[] = {
    /* U+0020 " " */

    /* U+0021 "!" */
    0x3f, 0xf3, 0x2f, 0xf2, 0x1f, 0xf1, 0xf, 0xf0,
    0xf, 0xf0, 0xf, 0xf0, 0xe, 0xe0, 0xd, 0xd0,
    0xd, 0xd0, 0x7, 0x70, 0x1b, 0xb1, 0x5f, 0xf5,
    0x1d, 0xd1,

    /* U+0022 "\"" */
    0x8f, 0x90, 0xcf, 0x57, 0xf8, 0xb, 0xf4, 0x6f,
    0x70, 0xbf, 0x35, 0xf6, 0xa, 0xf2, 0x3d, 0x40,
    0x7d, 0x10,

    /* U+0023 "#" */
    0x0, 0x7, 0xf2, 0x8, 0xf2, 0x0, 0x0, 0xaf,
    0x0, 0xbf, 0x0, 0x5, 0x8e, 0xf8, 0x8e, 0xe8,
    0x20, 0xcf, 0xff, 0xff, 0xff, 0xf2, 0x0, 0x2f,
    0x80, 0x3f, 0x70, 0x0, 0x4, 0xf5, 0x5, 0xf5,
    0x0, 0x0, 0x7f, 0x30, 0x7f, 0x20, 0x0, 0x9,
    0xf1, 0xa, 0xf0, 0x0, 0x38, 0xdf, 0x88, 0xef,
    0x85, 0x7, 0xff, 0xff, 0xff, 0xff, 0x80, 0x0,
    0xf9, 0x1, 0xf9, 0x0, 0x0, 0x3f, 0x70, 0x4f,
    0x60, 0x0, 0x5, 0xf4, 0x6, 0xf4, 0x0, 0x0,

    /* U+0024 "$" */
    0x0, 0x0, 0x2, 0x0, 0x0, 0x0, 0x0, 0x3,
    0xf0, 0x0, 0x0, 0x0, 0x0, 0x3f, 0x0, 0x0,
    0x0, 0x6, 0xdf, 0xfe, 0xb3, 0x0, 0x9, 0xff,
    0xcf, 0xdf, 0xf2, 0x0, 0xff, 0x43, 0xf0, 0x9f,
    0xa0, 0x2f, 0xf0, 0x3f, 0x2, 0xa8, 0x0, 0xff,
    0x94, 0xf0, 0x0, 0x0, 0x6, 0xff, 0xff, 0x30,
    0x0, 0x0, 0x4, 0xbf, 0xff, 0xd5, 0x0, 0x0,
    0x0, 0x4f, 0xcf, 0xf7, 0x1, 0x32, 0x3, 0xf0,
    0x7f, 0xf0, 0x3f, 0xe0, 0x3f, 0x0, 0xff, 0x10,
    0xff, 0x53, 0xf0, 0x6f, 0xf0, 0x7, 0xff, 0xdf,
    0xdf, 0xf7, 0x0, 0x5, 0xcf, 0xff, 0xc5, 0x0,
    0x0, 0x0, 0x3f, 0x0, 0x0, 0x0, 0x0, 0x3,
    0xf0, 0x0, 0x0,

    /* U+0025 "%" */
    0x0, 0x0, 0x0, 0x0, 0x0, 0x7f, 0x10, 0x0,
    0x6, 0xdf, 0xc3, 0x0, 0x0, 0xe9, 0x0, 0x0,
    0x5f, 0xc7, 0xfe, 0x0, 0x7, 0xf1, 0x0, 0x0,
    0xaf, 0x30, 0x9f, 0x40, 0x1f, 0x80, 0x0, 0x0,
    0xaf, 0x30, 0x9f, 0x50, 0x8f, 0x10, 0x0, 0x0,
    0x6f, 0x81, 0xdf, 0x11, 0xf8, 0x0, 0x0, 0x0,
    0xa, 0xff, 0xf6, 0x8, 0xf1, 0x2c, 0xfe, 0x50,
    0x0, 0x12, 0x0, 0x1f, 0x70, 0xde, 0x5c, 0xf1,
    0x0, 0x0, 0x0, 0x9e, 0x4, 0xf9, 0x5, 0xf7,
    0x0, 0x0, 0x2, 0xf7, 0x6, 0xf7, 0x4, 0xf9,
    0x0, 0x0, 0x9, 0xe0, 0x6, 0xf7, 0x4, 0xf9,
    0x0, 0x0, 0x2f, 0x60, 0x3, 0xfa, 0x6, 0xf7,
    0x0, 0x0, 0xae, 0x0, 0x0, 0xdf, 0x7e, 0xf1,
    0x0, 0x2, 0xf6, 0x0, 0x0, 0x2c, 0xfd, 0x40,

    /* U+0026 "&" */
    0x0, 0x7, 0xdf, 0xe9, 0x10, 0x0, 0x0, 0x0,
    0x7f, 0xfb, 0xef, 0xc0, 0x0, 0x0, 0x0, 0xcf,
    0x50, 0x2f, 0xf0, 0x0, 0x0, 0x0, 0x9f, 0xa0,
    0x6f, 0xd0, 0x0, 0x0, 0x0, 0x1d, 0xfc, 0xfe,
    0x20, 0x0, 0x0, 0x0, 0x1b, 0xff, 0xd0, 0x6,
    0xe9, 0x0, 0x3, 0xef, 0xaf, 0xf7, 0x9, 0xf8,
    0x0, 0xd, 0xf8, 0x3, 0xff, 0x6c, 0xf6, 0x0,
    0x3f, 0xe0, 0x0, 0x4f, 0xff, 0xf1, 0x0, 0x3f,
    0xe0, 0x0, 0x5, 0xff, 0xb0, 0x0, 0x1f, 0xf9,
    0x10, 0x2a, 0xff, 0xf3, 0x0, 0x7, 0xff, 0xff,
    0xff, 0xfb, 0xfe, 0x10, 0x0, 0x4b, 0xef, 0xe9,
    0x20, 0xcf, 0xc0,

    /* U+0027 "'" */
    0x8f, 0x97, 0xf8, 0x6f, 0x75, 0xf6, 0x3d, 0x40,

    /* U+0028 "(" */
    0x0, 0x5, 0x90, 0x0, 0x2f, 0xb0, 0x0, 0xaf,
    0x30, 0x1, 0xfd, 0x0, 0x7, 0xf7, 0x0, 0xc,
    0xf3, 0x0, 0xf, 0xf0, 0x0, 0x2f, 0xd0, 0x0,
    0x3f, 0xc0, 0x0, 0x3f, 0xc0, 0x0, 0x2f, 0xd0,
    0x0, 0x1f, 0xe0, 0x0, 0xd, 0xf2, 0x0, 0x9,
    0xf6, 0x0, 0x4, 0xfa, 0x0, 0x0, 0xdf, 0x10,
    0x0, 0x5f, 0x70, 0x0, 0xc, 0xe0,

    /* U+0029 ")" */
    0x19, 0x50, 0x0, 0xb, 0xf2, 0x0, 0x3, 0xfa,
    0x0, 0x0, 0xdf, 0x10, 0x0, 0x7f, 0x70, 0x0,
    0x3f, 0xb0, 0x0, 0xf, 0xf0, 0x0, 0xe, 0xf1,
    0x0, 0xc, 0xf3, 0x0, 0xc, 0xf3, 0x0, 0xd,
    0xf2, 0x0, 0xe, 0xf0, 0x0, 0x2f, 0xd0, 0x0,
    0x6f, 0x90, 0x0, 0xaf, 0x40, 0x1, 0xfd, 0x0,
    0x8, 0xf5, 0x0, 0x1f, 0xc0, 0x0,

    /* U+002A "*" */
    0x0, 0x3, 0xf7, 0x0, 0x0, 0x0, 0x2f, 0x60,
    0x0, 0x1a, 0x31, 0xf5, 0x18, 0x56, 0xff, 0xdf,
    0xdf, 0xfa, 0x2, 0x6d, 0xff, 0x83, 0x0, 0x2,
    0xed, 0xf6, 0x0, 0x1, 0xde, 0x1b, 0xf4, 0x0,
    0x3f, 0x50, 0x1f, 0x70, 0x0, 0x10, 0x0, 0x10,
    0x0,

    /* U+002B "+" */
    0x0, 0x0, 0x6f, 0x40, 0x0, 0x0, 0x0, 0x6f,
    0x40, 0x0, 0x0, 0x0, 0x6f, 0x40, 0x0, 0x0,
    0x0, 0x6f, 0x40, 0x0, 0x1c, 0xcc, 0xdf, 0xdc,
    0xcc, 0x1f, 0xff, 0xff, 0xff, 0xff, 0x0, 0x0,
    0x6f, 0x40, 0x0, 0x0, 0x0, 0x6f, 0x40, 0x0,
    0x0, 0x0, 0x6f, 0x40, 0x0, 0x0, 0x0, 0x6f,
    0x40, 0x0,

    /* U+002C "," */
    0x8, 0xe7, 0x0, 0xff, 0xf0, 0x9, 0xff, 0x20,
    0x5, 0xf0, 0x1, 0xd8, 0x0, 0xea, 0x0, 0x2,
    0x0, 0x0,

    /* U+002D "-" */
    0x1c, 0xcc, 0xcc, 0xcc, 0xcc, 0x1f, 0xff, 0xff,
    0xff, 0xff,

    /* U+002E "." */
    0x7e, 0x6e, 0xfd, 0x8f, 0x70,

    /* U+002F "/" */
    0x0, 0x0, 0x0, 0x28, 0x30, 0x0, 0x0, 0x9,
    0xf2, 0x0, 0x0, 0x0, 0xec, 0x0, 0x0, 0x0,
    0x5f, 0x70, 0x0, 0x0, 0xa, 0xf1, 0x0, 0x0,
    0x1, 0xfb, 0x0, 0x0, 0x0, 0x6f, 0x50, 0x0,
    0x0, 0xc, 0xf0, 0x0, 0x0, 0x1, 0xfa, 0x0,
    0x0, 0x0, 0x7f, 0x40, 0x0, 0x0, 0xd, 0xe0,
    0x0, 0x0, 0x3, 0xf9, 0x0, 0x0, 0x0, 0x8f,
    0x30, 0x0, 0x0, 0xe, 0xd0, 0x0, 0x0, 0x4,
    0xf8, 0x0, 0x0, 0x0, 0x9f, 0x20, 0x0, 0x0,
    0xf, 0xc0, 0x0, 0x0, 0x5, 0xf7, 0x0, 0x0,
    0x0,

    /* U+0030 "0" */
    0x0, 0x9, 0xef, 0xd7, 0x0, 0x0, 0xc, 0xff,
    0xef, 0xfa, 0x0, 0x7, 0xfd, 0x10, 0x3e, 0xf4,
    0x0, 0xef, 0x40, 0x0, 0x7f, 0xa0, 0x1f, 0xf0,
    0x0, 0x3, 0xfe, 0x3, 0xfd, 0x0, 0x0, 0x1f,
    0xf0, 0x4f, 0xd0, 0x0, 0x0, 0xff, 0x13, 0xfd,
    0x0, 0x0, 0x1f, 0xf0, 0x1f, 0xf0, 0x0, 0x3,
    0xfe, 0x0, 0xef, 0x40, 0x0, 0x7f, 0xa0, 0x7,
    0xfd, 0x10, 0x3e, 0xf4, 0x0, 0xc, 0xff, 0xef,
    0xf9, 0x0, 0x0, 0x9, 0xef, 0xd7, 0x0, 0x0,

    /* U+0031 "1" */
    0x0, 0x6, 0xfc, 0x3, 0xbf, 0xfc, 0x4f, 0xfd,
    0xfc, 0x4d, 0x55, 0xfc, 0x0, 0x5, 0xfc, 0x0,
    0x5, 0xfc, 0x0, 0x5, 0xfc, 0x0, 0x5, 0xfc,
    0x0, 0x5, 0xfc, 0x0, 0x5, 0xfc, 0x0, 0x5,
    0xfc, 0x0, 0x5, 0xfc, 0x0, 0x5, 0xfc,

    /* U+0032 "2" */
    0x0, 0x8, 0xdf, 0xea, 0x10, 0x0, 0xcf, 0xfe,
    0xff, 0xe2, 0x7, 0xfd, 0x20, 0xb, 0xf9, 0xd,
    0xf5, 0x0, 0x4, 0xfd, 0xd, 0xd2, 0x0, 0x5,
    0xfc, 0x0, 0x0, 0x0, 0xc, 0xf7, 0x0, 0x0,
    0x1, 0xbf, 0xc0, 0x0, 0x0, 0x3e, 0xfb, 0x10,
    0x0, 0x8, 0xff, 0x70, 0x0, 0x0, 0xaf, 0xd2,
    0x0, 0x0, 0x6, 0xfd, 0x10, 0x0, 0x0, 0xd,
    0xff, 0xff, 0xff, 0xfd, 0xf, 0xff, 0xff, 0xff,
    0xfe,

    /* U+0033 "3" */
    0x0, 0x19, 0xdf, 0xea, 0x30, 0x0, 0x2e, 0xff,
    0xef, 0xff, 0x40, 0xb, 0xfa, 0x10, 0xa, 0xfb,
    0x0, 0xbb, 0x10, 0x0, 0x5f, 0xc0, 0x0, 0x0,
    0x0, 0x2b, 0xf7, 0x0, 0x0, 0x7, 0xff, 0xf6,
    0x0, 0x0, 0x0, 0x4a, 0xdf, 0xd2, 0x0, 0x0,
    0x0, 0x0, 0x7f, 0xc0, 0x17, 0x70, 0x0, 0x1,
    0xff, 0x1, 0xff, 0x10, 0x0, 0x2f, 0xf0, 0xc,
    0xfb, 0x10, 0x1b, 0xfb, 0x0, 0x3f, 0xff, 0xef,
    0xfe, 0x20, 0x0, 0x2a, 0xef, 0xe9, 0x20, 0x0,

    /* U+0034 "4" */
    0x0, 0x0, 0x0, 0xcf, 0x80, 0x0, 0x0, 0x0,
    0x9f, 0xf8, 0x0, 0x0, 0x0, 0x5f, 0xef, 0x80,
    0x0, 0x0, 0x2f, 0xc7, 0xf8, 0x0, 0x0, 0x1d,
    0xe1, 0x7f, 0x80, 0x0, 0xb, 0xf3, 0x7, 0xf8,
    0x0, 0x8, 0xf6, 0x0, 0x7f, 0x80, 0x5, 0xfa,
    0x0, 0x7, 0xf8, 0x0, 0xaf, 0xcc, 0xcc, 0xdf,
    0xec, 0x5a, 0xff, 0xff, 0xff, 0xff, 0xf7, 0x0,
    0x0, 0x0, 0x7f, 0x80, 0x0, 0x0, 0x0, 0x7,
    0xf8, 0x0, 0x0, 0x0, 0x0, 0x7f, 0x80, 0x0,

    /* U+0035 "5" */
    0x6, 0xff, 0xff, 0xff, 0xf7, 0x0, 0x7f, 0xff,
    0xff, 0xff, 0x70, 0x9, 0xf4, 0x0, 0x0, 0x0,
    0x0, 0xbf, 0x20, 0x0, 0x0, 0x0, 0xc, 0xf4,
    0xbf, 0xfb, 0x20, 0x0, 0xef, 0xfe, 0xdf, 0xff,
    0x20, 0xf, 0xf6, 0x0, 0x1c, 0xfb, 0x0, 0x10,
    0x0, 0x0, 0x3f, 0xf0, 0x0, 0x0, 0x0, 0x1,
    0xff, 0x2, 0xec, 0x0, 0x0, 0x3f, 0xf0, 0xe,
    0xf8, 0x0, 0x2d, 0xf9, 0x0, 0x4f, 0xff, 0xef,
    0xfd, 0x10, 0x0, 0x2a, 0xef, 0xd7, 0x0, 0x0,

    /* U+0036 "6" */
    0x0, 0x7, 0xdf, 0xea, 0x30, 0x0, 0xa, 0xff,
    0xdf, 0xff, 0x20, 0x5, 0xfc, 0x10, 0x9, 0xf9,
    0x0, 0xcf, 0x30, 0x0, 0x2, 0x20, 0xf, 0xe2,
    0xbf, 0xfb, 0x30, 0x3, 0xfe, 0xef, 0xdf, 0xff,
    0x30, 0x4f, 0xfb, 0x0, 0x1b, 0xfb, 0x3, 0xff,
    0x20, 0x0, 0x2f, 0xf0, 0x2f, 0xf0, 0x0, 0x0,
    0xff, 0x10, 0xef, 0x20, 0x0, 0x3f, 0xf0, 0x8,
    0xfc, 0x10, 0x1c, 0xf9, 0x0, 0xd, 0xff, 0xdf,
    0xfd, 0x10, 0x0, 0x18, 0xef, 0xe9, 0x10, 0x0,

    /* U+0037 "7" */
    0x7f, 0xff, 0xff, 0xff, 0xf3, 0x7f, 0xff, 0xff,
    0xff, 0xf3, 0x0, 0x0, 0x0, 0x1f, 0xe0, 0x0,
    0x0, 0x0, 0x8f, 0x80, 0x0, 0x0, 0x0, 0xef,
    0x20, 0x0, 0x0, 0x5, 0xfb, 0x0, 0x0, 0x0,
    0xc, 0xf5, 0x0, 0x0, 0x0, 0x3f, 0xe0, 0x0,
    0x0, 0x0, 0x9f, 0x80, 0x0, 0x0, 0x1, 0xff,
    0x20, 0x0, 0x0, 0x7, 0xfb, 0x0, 0x0, 0x0,
    0xd, 0xf5, 0x0, 0x0, 0x0, 0x4f, 0xe0, 0x0,
    0x0,

    /* U+0038 "8" */
    0x0, 0x3b, 0xef, 0xd9, 0x20, 0x0, 0x5f, 0xfe,
    0xce, 0xff, 0x30, 0xd, 0xf6, 0x0, 0x9, 0xfa,
    0x0, 0xff, 0x0, 0x0, 0x3f, 0xc0, 0x9, 0xf9,
    0x10, 0x2b, 0xf6, 0x0, 0x9, 0xff, 0xff, 0xf7,
    0x0, 0x5, 0xff, 0xca, 0xdf, 0xe3, 0x1, 0xff,
    0x40, 0x0, 0x7f, 0xd0, 0x5f, 0xb0, 0x0, 0x0,
    0xff, 0x26, 0xfc, 0x0, 0x0, 0xf, 0xf2, 0x2f,
    0xf5, 0x0, 0x8, 0xfe, 0x0, 0x8f, 0xfe, 0xce,
    0xff, 0x50, 0x0, 0x5b, 0xff, 0xea, 0x30, 0x0,

    /* U+0039 "9" */
    0x0, 0x3b, 0xef, 0xd7, 0x0, 0x0, 0x5f, 0xff,
    0xdf, 0xfb, 0x0, 0xe, 0xf8, 0x0, 0x1c, 0xf5,
    0x3, 0xfe, 0x0, 0x0, 0x4f, 0xb0, 0x3f, 0xe0,
    0x0, 0x4, 0xff, 0x0, 0xff, 0x70, 0x1, 0xcf,
    0xf0, 0x7, 0xff, 0xed, 0xfc, 0xff, 0x10, 0x5,
    0xcf, 0xea, 0x2f, 0xf0, 0x0, 0x0, 0x0, 0x3,
    0xfd, 0x0, 0xbc, 0x10, 0x0, 0x9f, 0x80, 0xa,
    0xfa, 0x0, 0x4f, 0xf2, 0x0, 0x2f, 0xfe, 0xdf,
    0xf7, 0x0, 0x0, 0x3b, 0xef, 0xc5, 0x0, 0x0,

    /* U+003A ":" */
    0x8f, 0x7e, 0xfd, 0x7e, 0x60, 0x0, 0x0, 0x0,
    0x0, 0x0, 0x7, 0xe6, 0xef, 0xd8, 0xf7,

    /* U+003B ";" */
    0x8, 0xf7, 0x0, 0xef, 0xd0, 0x7, 0xe6, 0x0,
    0x0, 0x0, 0x0, 0x0, 0x0, 0x0, 0x0, 0x0,
    0x0, 0x0, 0x8e, 0x70, 0xf, 0xff, 0x0, 0x9f,
    0xf2, 0x0, 0x5f, 0x0, 0x1d, 0x80, 0xe, 0xa0,
    0x0, 0x20, 0x0,

    /* U+003C "<" */
    0x0, 0x0, 0x0, 0x0, 0x18, 0x0, 0x0, 0x0,
    0x2a, 0xff, 0x0, 0x0, 0x4b, 0xff, 0xd6, 0x0,
    0x5c, 0xff, 0xb4, 0x0, 0xe, 0xff, 0x92, 0x0,
    0x0, 0x1f, 0xfd, 0x50, 0x0, 0x0, 0x3, 0xaf,
    0xfe, 0x70, 0x0, 0x0, 0x1, 0x8f, 0xff, 0x92,
    0x0, 0x0, 0x0, 0x7e, 0xff, 0x0, 0x0, 0x0,
    0x0, 0x5c, 0x0, 0x0, 0x0, 0x0, 0x0,

    /* U+003D "=" */
    0x1c, 0xcc, 0xcc, 0xcc, 0xcc, 0x1f, 0xff, 0xff,
    0xff, 0xff, 0x0, 0x0, 0x0, 0x0, 0x0, 0x0,
    0x0, 0x0, 0x0, 0x0, 0x1c, 0xcc, 0xcc, 0xcc,
    0xcc, 0x1f, 0xff, 0xff, 0xff, 0xff,

    /* U+003E ">" */
    0x17, 0x10, 0x0, 0x0, 0x0, 0x1f, 0xf9, 0x20,
    0x0, 0x0, 0x7, 0xef, 0xfa, 0x30, 0x0, 0x0,
    0x5, 0xcf, 0xfc, 0x40, 0x0, 0x0, 0x3, 0xaf,
    0xfd, 0x0, 0x0, 0x0, 0x6d, 0xff, 0x0, 0x1,
    0x7e, 0xff, 0x92, 0x2, 0x9f, 0xfe, 0x81, 0x0,
    0x1f, 0xfd, 0x60, 0x0, 0x0, 0x1c, 0x50, 0x0,
    0x0, 0x0, 0x0, 0x0, 0x0, 0x0, 0x0,

    /* U+003F "?" */
    0x0, 0x3b, 0xef, 0xc6, 0x0, 0x3, 0xff, 0xfe,
    0xff, 0x80, 0xc, 0xf8, 0x0, 0x6f, 0xf0, 0xf,
    0xf0, 0x0, 0xf, 0xf1, 0x4, 0x30, 0x0, 0x3f,
    0xf0, 0x0, 0x0, 0x2, 0xef, 0x80, 0x0, 0x0,
    0x2e, 0xf8, 0x0, 0x0, 0x0, 0xcf, 0x80, 0x0,
    0x0, 0x1, 0xff, 0x0, 0x0, 0x0, 0x0, 0x54,
    0x0, 0x0, 0x0, 0x1, 0xba, 0x0, 0x0, 0x0,
    0x7, 0xff, 0x40, 0x0, 0x0, 0x2, 0xed, 0x0,
    0x0,

    /* U+0040 "@" */
    0x0, 0x0, 0x39, 0xdf, 0xfd, 0x92, 0x0, 0x0,
    0x0, 0x9f, 0xe9, 0x77, 0xae, 0xf6, 0x0, 0x0,
    0xaf, 0x81, 0x9f, 0xd5, 0xbe, 0xf4, 0x0, 0x5f,
    0x90, 0xcf, 0xdb, 0xff, 0x2c, 0xb0, 0xc, 0xf1,
    0x6f, 0xb0, 0xd, 0xe0, 0x6f, 0x0, 0xfb, 0xc,
    0xf2, 0x0, 0xfa, 0x5, 0xf0, 0x1f, 0xa0, 0xfd,
    0x0, 0x3f, 0x50, 0x7e, 0x0, 0xfb, 0xf, 0xb0,
    0x8, 0xf2, 0xe, 0x90, 0xd, 0xe0, 0xbf, 0x35,
    0xff, 0x2b, 0xe1, 0x0, 0x7f, 0x52, 0xef, 0xf8,
    0xff, 0xd3, 0x42, 0x0, 0xdf, 0x40, 0x32, 0x2,
    0x32, 0xce, 0x20, 0x1, 0xcf, 0xc8, 0x65, 0x7a,
    0xfd, 0x30, 0x0, 0x0, 0x4a, 0xdf, 0xfe, 0xb5,
    0x0, 0x0,

    /* U+0041 "A" */
    0x0, 0x0, 0x4f, 0xf7, 0x0, 0x0, 0x0, 0x0,
    0xa, 0xff, 0xd0, 0x0, 0x0, 0x0, 0x1, 0xff,
    0xcf, 0x40, 0x0, 0x0, 0x0, 0x6f, 0xa6, 0xfa,
    0x0, 0x0, 0x0, 0xc, 0xf4, 0x1f, 0xf0, 0x0,
    0x0, 0x2, 0xfe, 0x0, 0xbf, 0x60, 0x0, 0x0,
    0x8f, 0x90, 0x5, 0xfc, 0x0, 0x0, 0xe, 0xf3,
    0x0, 0xf, 0xf2, 0x0, 0x4, 0xff, 0xff, 0xff,
    0xff, 0x80, 0x0, 0xaf, 0xdc, 0xcc, 0xcd, 0xfe,
    0x0, 0x1f, 0xf2, 0x0, 0x0, 0xe, 0xf4, 0x6,
    0xfc, 0x0, 0x0, 0x0, 0x9f, 0xa0, 0xdf, 0x60,
    0x0, 0x0, 0x3, 0xff, 0x10,

    /* U+0042 "B" */
    0xbf, 0xff, 0xff, 0xfd, 0x70, 0xb, 0xfd, 0xcc,
    0xce, 0xff, 0x90, 0xbf, 0x50, 0x0, 0x5, 0xff,
    0xb, 0xf5, 0x0, 0x0, 0xf, 0xf1, 0xbf, 0x50,
    0x0, 0x5, 0xfd, 0xb, 0xfe, 0xdd, 0xde, 0xfc,
    0x20, 0xbf, 0xff, 0xff, 0xff, 0xe6, 0xb, 0xf5,
    0x0, 0x1, 0x4e, 0xf4, 0xbf, 0x50, 0x0, 0x0,
    0x8f, 0x9b, 0xf5, 0x0, 0x0, 0x7, 0xfa, 0xbf,
    0x50, 0x0, 0x2, 0xdf, 0x8b, 0xfe, 0xdd, 0xdd,
    0xff, 0xe1, 0xbf, 0xff, 0xff, 0xfd, 0x92, 0x0,

    /* U+0043 "C" */
    0x0, 0x2, 0x9d, 0xff, 0xc7, 0x0, 0x0, 0x5,
    0xff, 0xff, 0xff, 0xfd, 0x10, 0x3, 0xff, 0x92,
    0x0, 0x4d, 0xfa, 0x0, 0xbf, 0xa0, 0x0, 0x0,
    0x2f, 0xf1, 0xf, 0xf2, 0x0, 0x0, 0x0, 0x33,
    0x3, 0xff, 0x0, 0x0, 0x0, 0x0, 0x0, 0x4f,
    0xd0, 0x0, 0x0, 0x0, 0x0, 0x3, 0xff, 0x0,
    0x0, 0x0, 0x0, 0x0, 0x1f, 0xf2, 0x0, 0x0,
    0x0, 0x7a, 0x30, 0xcf, 0x90, 0x0, 0x0, 0x2f,
    0xf1, 0x4, 0xff, 0x81, 0x0, 0x4d, 0xf9, 0x0,
    0x6, 0xff, 0xff, 0xff, 0xfb, 0x0, 0x0, 0x3,
    0xae, 0xff, 0xc6, 0x0, 0x0,

    /* U+0044 "D" */
    0xbf, 0xff, 0xff, 0xd9, 0x20, 0x0, 0xbf, 0xee,
    0xef, 0xff, 0xf6, 0x0, 0xbf, 0x50, 0x0, 0x29,
    0xff, 0x30, 0xbf, 0x50, 0x0, 0x0, 0x8f, 0xb0,
    0xbf, 0x50, 0x0, 0x0, 0x1f, 0xf0, 0xbf, 0x50,
    0x0, 0x0, 0xe, 0xf2, 0xbf, 0x50, 0x0, 0x0,
    0xd, 0xf3, 0xbf, 0x50, 0x0, 0x0, 0xe, 0xf2,
    0xbf, 0x50, 0x0, 0x0, 0x1f, 0xf0, 0xbf, 0x50,
    0x0, 0x0, 0x9f, 0xb0, 0xbf, 0x50, 0x0, 0x29,
    0xff, 0x30, 0xbf, 0xee, 0xef, 0xff, 0xf6, 0x0,
    0xbf, 0xff, 0xff, 0xd9, 0x20, 0x0,

    /* U+0045 "E" */
    0xbf, 0xff, 0xff, 0xff, 0xf8, 0xbf, 0xee, 0xee,
    0xee, 0xe7, 0xbf, 0x50, 0x0, 0x0, 0x0, 0xbf,
    0x50, 0x0, 0x0, 0x0, 0xbf, 0x50, 0x0, 0x0,
    0x0, 0xbf, 0xee, 0xee, 0xee, 0xe1, 0xbf, 0xff,
    0xff, 0xff, 0xf1, 0xbf, 0x50, 0x0, 0x0, 0x0,
    0xbf, 0x50, 0x0, 0x0, 0x0, 0xbf, 0x50, 0x0,
    0x0, 0x0, 0xbf, 0x50, 0x0, 0x0, 0x0, 0xbf,
    0xee, 0xee, 0xee, 0xeb, 0xbf, 0xff, 0xff, 0xff,
    0xfd,

    /* U+0046 "F" */
    0xbf, 0xff, 0xff, 0xff, 0xf0, 0xbf, 0xee, 0xee,
    0xee, 0xe0, 0xbf, 0x50, 0x0, 0x0, 0x0, 0xbf,
    0x50, 0x0, 0x0, 0x0, 0xbf, 0x50, 0x0, 0x0,
    0x0, 0xbf, 0xee, 0xee, 0xee, 0x80, 0xbf, 0xff,
    0xff, 0xff, 0xa0, 0xbf, 0x50, 0x0, 0x0, 0x0,
    0xbf, 0x50, 0x0, 0x0, 0x0, 0xbf, 0x50, 0x0,
    0x0, 0x0, 0xbf, 0x50, 0x0, 0x0, 0x0, 0xbf,
    0x50, 0x0, 0x0, 0x0, 0xbf, 0x50, 0x0, 0x0,
    0x0,

    /* U+0047 "G" */
    0x0, 0x1, 0x9d, 0xff, 0xd9, 0x10, 0x0, 0x4,
    0xff, 0xff, 0xff, 0xff, 0x30, 0x2, 0xff, 0xa2,
    0x0, 0x3c, 0xfe, 0x0, 0xaf, 0xa0, 0x0, 0x0,
    0xe, 0xf4, 0xf, 0xf2, 0x0, 0x0, 0x0, 0x23,
    0x13, 0xfe, 0x0, 0x0, 0x0, 0x0, 0x0, 0x4f,
    0xd0, 0x0, 0xf, 0xff, 0xff, 0x83, 0xfe, 0x0,
    0x0, 0xee, 0xef, 0xf8, 0xf, 0xf2, 0x0, 0x0,
    0x0, 0x9f, 0x80, 0xbf, 0xa0, 0x0, 0x0, 0x9,
    0xf8, 0x2, 0xff, 0xa2, 0x0, 0x4, 0xdf, 0x80,
    0x4, 0xff, 0xff, 0xff, 0xff, 0xe3, 0x0, 0x1,
    0x8d, 0xff, 0xeb, 0x60, 0x0,

    /* U+0048 "H" */
    0xbf, 0x50, 0x0, 0x0, 0x2f, 0xfb, 0xf5, 0x0,
    0x0, 0x2, 0xff, 0xbf, 0x50, 0x0, 0x0, 0x2f,
    0xfb, 0xf5, 0x0, 0x0, 0x2, 0xff, 0xbf, 0x50,
    0x0, 0x0, 0x2f, 0xfb, 0xfe, 0xee, 0xee, 0xee,
    0xff, 0xbf, 0xff, 0xff, 0xff, 0xff, 0xfb, 0xf5,
    0x0, 0x0, 0x2, 0xff, 0xbf, 0x50, 0x0, 0x0,
    0x2f, 0xfb, 0xf5, 0x0, 0x0, 0x2, 0xff, 0xbf,
    0x50, 0x0, 0x0, 0x2f, 0xfb, 0xf5, 0x0, 0x0,
    0x2, 0xff, 0xbf, 0x50, 0x0, 0x0, 0x2f, 0xf0,

    /* U+0049 "I" */
    0xbf, 0x5b, 0xf5, 0xbf, 0x5b, 0xf5, 0xbf, 0x5b,
    0xf5, 0xbf, 0x5b, 0xf5, 0xbf, 0x5b, 0xf5, 0xbf,
    0x5b, 0xf5, 0xbf, 0x50,

    /* U+004A "J" */
    0x0, 0x0, 0x0, 0xbf, 0x60, 0x0, 0x0, 0xb,
    0xf6, 0x0, 0x0, 0x0, 0xbf, 0x60, 0x0, 0x0,
    0xb, 0xf6, 0x0, 0x0, 0x0, 0xbf, 0x60, 0x0,
    0x0, 0xb, 0xf6, 0x0, 0x0, 0x0, 0xbf, 0x60,
    0x0, 0x0, 0xb, 0xf6, 0x68, 0x30, 0x0, 0xbf,
    0x6b, 0xf7, 0x0, 0xd, 0xf5, 0x7f, 0xd1, 0x5,
    0xff, 0x21, 0xef, 0xff, 0xff, 0xb0, 0x2, 0xae,
    0xfd, 0x80, 0x0,

    /* U+004B "K" */
    0xbf, 0x50, 0x0, 0x3, 0xff, 0x70, 0xbf, 0x50,
    0x0, 0x3e, 0xf7, 0x0, 0xbf, 0x50, 0x2, 0xef,
    0x70, 0x0, 0xbf, 0x50, 0x2e, 0xf7, 0x0, 0x0,
    0xbf, 0x52, 0xef, 0x70, 0x0, 0x0, 0xbf, 0x7e,
    0xf9, 0x0, 0x0, 0x0, 0xbf, 0xff, 0xff, 0x30,
    0x0, 0x0, 0xbf, 0xf6, 0x9f, 0xe2, 0x0, 0x0,
    0xbf, 0x70, 0xc, 0xfd, 0x10, 0x0, 0xbf, 0x50,
    0x1, 0xdf, 0xc0, 0x0, 0xbf, 0x50, 0x0, 0x2e,
    0xfa, 0x0, 0xbf, 0x50, 0x0, 0x4, 0xff, 0x80,
    0xbf, 0x50, 0x0, 0x0, 0x6f, 0xf6,

    /* U+004C "L" */
    0xbf, 0x50, 0x0, 0x0, 0x0, 0xbf, 0x50, 0x0,
    0x0, 0x0, 0xbf, 0x50, 0x0, 0x0, 0x0, 0xbf,
    0x50, 0x0, 0x0, 0x0, 0xbf, 0x50, 0x0, 0x0,
    0x0, 0xbf, 0x50, 0x0, 0x0, 0x0, 0xbf, 0x50,
    0x0, 0x0, 0x0, 0xbf, 0x50, 0x0, 0x0, 0x0,
    0xbf, 0x50, 0x0, 0x0, 0x0, 0xbf, 0x50, 0x0,
    0x0, 0x0, 0xbf, 0x50, 0x0, 0x0, 0x0, 0xbf,
    0xee, 0xee, 0xee, 0xe4, 0xbf, 0xff, 0xff, 0xff,
    0xf4,

    /* U+004D "M" */
    0xbf, 0xe0, 0x0, 0x0, 0x0, 0xa, 0xff, 0xbf,
    0xf5, 0x0, 0x0, 0x0, 0x1f, 0xff, 0xbf, 0xfc,
    0x0, 0x0, 0x0, 0x8f, 0xff, 0xbf, 0xff, 0x30,
    0x0, 0x0, 0xef, 0xff, 0xbf, 0xbf, 0xa0, 0x0,
    0x6, 0xfb, 0xff, 0xbf, 0x6e, 0xf1, 0x0, 0xd,
    0xf4, 0xff, 0xbf, 0x58, 0xf8, 0x0, 0x3f, 0xc1,
    0xff, 0xbf, 0x51, 0xfe, 0x0, 0xaf, 0x51, 0xff,
    0xbf, 0x50, 0xaf, 0x51, 0xfe, 0x1, 0xff, 0xbf,
    0x50, 0x4f, 0xc8, 0xf8, 0x1, 0xff, 0xbf, 0x50,
    0xd, 0xff, 0xf1, 0x1, 0xff, 0xbf, 0x50, 0x6,
    0xff, 0xa0, 0x1, 0xff, 0xbf, 0x50, 0x0, 0xff,
    0x30, 0x1, 0xff,

    /* U+004E "N" */
    0xbf, 0xb0, 0x0, 0x0, 0x3f, 0xeb, 0xff, 0x60,
    0x0, 0x3, 0xfe, 0xbf, 0xff, 0x10, 0x0, 0x3f,
    0xeb, 0xfe, 0xfb, 0x0, 0x3, 0xfe, 0xbf, 0x6d,
    0xf6, 0x0, 0x3f, 0xeb, 0xf5, 0x3f, 0xf2, 0x3,
    0xfe, 0xbf, 0x50, 0x8f, 0xc0, 0x3f, 0xeb, 0xf5,
    0x0, 0xdf, 0x73, 0xfe, 0xbf, 0x50, 0x3, 0xff,
    0x5f, 0xeb, 0xf5, 0x0, 0x8, 0xfe, 0xfe, 0xbf,
    0x50, 0x0, 0xc, 0xff, 0xeb, 0xf5, 0x0, 0x0,
    0x2f, 0xfe, 0xbf, 0x50, 0x0, 0x0, 0x7f, 0xe0,

    /* U+004F "O" */
    0x0, 0x1, 0x9d, 0xff, 0xd8, 0x10, 0x0, 0x0,
    0x4f, 0xff, 0xff, 0xff, 0xf4, 0x0, 0x2, 0xff,
    0xa2, 0x0, 0x2b, 0xff, 0x20, 0xa, 0xfa, 0x0,
    0x0, 0x0, 0xbf, 0xa0, 0xf, 0xf2, 0x0, 0x0,
    0x0, 0x3f, 0xf0, 0x3f, 0xe0, 0x0, 0x0, 0x0,
    0xf, 0xf2, 0x4f, 0xd0, 0x0, 0x0, 0x0, 0xe,
    0xf3, 0x3f, 0xe0, 0x0, 0x0, 0x0, 0xf, 0xf2,
    0xf, 0xf2, 0x0, 0x0, 0x0, 0x3f, 0xf0, 0xb,
    0xfa, 0x0, 0x0, 0x0, 0xbf, 0xa0, 0x2, 0xff,
    0xa2, 0x0, 0x2b, 0xff, 0x20, 0x0, 0x4f, 0xff,
    0xff, 0xff, 0xf4, 0x0, 0x0, 0x1, 0x9d, 0xff,
    0xd8, 0x10, 0x0,

    /* U+0050 "P" */
    0xbf, 0xff, 0xff, 0xfc, 0x50, 0xb, 0xfe, 0xee,
    0xef, 0xff, 0x80, 0xbf, 0x50, 0x0, 0x8, 0xff,
    0xb, 0xf5, 0x0, 0x0, 0xf, 0xf3, 0xbf, 0x50,
    0x0, 0x0, 0xff, 0x3b, 0xf5, 0x0, 0x1, 0x9f,
    0xf0, 0xbf, 0xff, 0xff, 0xff, 0xf6, 0xb, 0xfe,
    0xee, 0xed, 0xa4, 0x0, 0xbf, 0x50, 0x0, 0x0,
    0x0, 0xb, 0xf5, 0x0, 0x0, 0x0, 0x0, 0xbf,
    0x50, 0x0, 0x0, 0x0, 0xb, 0xf5, 0x0, 0x0,
    0x0, 0x0, 0xbf, 0x50, 0x0, 0x0, 0x0, 0x0,

    /* U+0051 "Q" */
    0x0, 0x1, 0x9d, 0xff, 0xd8, 0x10, 0x0, 0x0,
    0x4f, 0xff, 0xff, 0xff, 0xf4, 0x0, 0x2, 0xff,
    0xa2, 0x0, 0x2b, 0xff, 0x20, 0xa, 0xfa, 0x0,
    0x0, 0x0, 0xbf, 0xa0, 0xf, 0xf2, 0x0, 0x0,
    0x0, 0x3f, 0xf0, 0x3f, 0xe0, 0x0, 0x0, 0x0,
    0xf, 0xf2, 0x4f, 0xd0, 0x0, 0x0, 0x0, 0xe,
    0xf3, 0x3f, 0xe0, 0x0, 0x0, 0x50, 0xf, 0xf2,
    0xf, 0xf2, 0x0, 0x7, 0xf8, 0x3f, 0xf0, 0xb,
    0xfa, 0x0, 0x0, 0xcf, 0xef, 0x90, 0x2, 0xff,
    0xa2, 0x0, 0x4f, 0xfe, 0x10, 0x0, 0x4f, 0xff,
    0xff, 0xff, 0xff, 0x20, 0x0, 0x1, 0x9d, 0xff,
    0xc7, 0x7f, 0xc0, 0x0, 0x0, 0x0, 0x0, 0x0,
    0xb, 0x80, 0x0, 0x0, 0x0, 0x0, 0x0, 0x0,
    0x0,

    /* U+0052 "R" */
    0xbf, 0xff, 0xff, 0xec, 0x60, 0xb, 0xfe, 0xee,
    0xef, 0xff, 0x90, 0xbf, 0x50, 0x0, 0x6, 0xff,
    0x1b, 0xf5, 0x0, 0x0, 0xe, 0xf4, 0xbf, 0x50,
    0x0, 0x0, 0xef, 0x3b, 0xf5, 0x0, 0x1, 0x8f,
    0xc0, 0xbf, 0xff, 0xff, 0xff, 0xb1, 0xb, 0xfe,
    0xee, 0xef, 0xff, 0x40, 0xbf, 0x50, 0x0, 0x9,
    0xfd, 0xb, 0xf5, 0x0, 0x0, 0x1f, 0xf0, 0xbf,
    0x50, 0x0, 0x0, 0xef, 0x2b, 0xf5, 0x0, 0x0,
    0xc, 0xf5, 0xbf, 0x50, 0x0, 0x0, 0x8f, 0xb0,

    /* U+0053 "S" */
    0x0, 0x29, 0xdf, 0xfd, 0x80, 0x0, 0x4, 0xff,
    0xfe, 0xff, 0xfd, 0x0, 0xe, 0xf8, 0x0, 0x4,
    0xef, 0x80, 0xf, 0xf1, 0x0, 0x0, 0x6f, 0xc0,
    0xd, 0xf9, 0x0, 0x0, 0x0, 0x0, 0x3, 0xef,
    0xfa, 0x50, 0x0, 0x0, 0x0, 0x16, 0xbf, 0xff,
    0xa3, 0x0, 0x0, 0x0, 0x1, 0x5b, 0xff, 0x60,
    0x27, 0x40, 0x0, 0x0, 0x4f, 0xf0, 0x5f, 0xe0,
    0x0, 0x0, 0xf, 0xf2, 0xf, 0xfa, 0x20, 0x2,
    0xaf, 0xf0, 0x5, 0xff, 0xff, 0xff, 0xff, 0x60,
    0x0, 0x3a, 0xef, 0xfe, 0xa3, 0x0,

    /* U+0054 "T" */
    0xbf, 0xff, 0xff, 0xff, 0xff, 0xca, 0xee, 0xef,
    0xff, 0xee, 0xeb, 0x0, 0x0, 0x8f, 0x90, 0x0,
    0x0, 0x0, 0x8, 0xf9, 0x0, 0x0, 0x0, 0x0,
    0x8f, 0x90, 0x0, 0x0, 0x0, 0x8, 0xf9, 0x0,
    0x0, 0x0, 0x0, 0x8f, 0x90, 0x0, 0x0, 0x0,
    0x8, 0xf9, 0x0, 0x0, 0x0, 0x0, 0x8f, 0x90,
    0x0, 0x0, 0x0, 0x8, 0xf9, 0x0, 0x0, 0x0,
    0x0, 0x8f, 0x90, 0x0, 0x0, 0x0, 0x8, 0xf9,
    0x0, 0x0, 0x0, 0x0, 0x8f, 0x90, 0x0, 0x0,

    /* U+0055 "U" */
    0xbf, 0x50, 0x0, 0x0, 0x2f, 0xfb, 0xf5, 0x0,
    0x0, 0x2, 0xff, 0xbf, 0x50, 0x0, 0x0, 0x2f,
    0xfb, 0xf5, 0x0, 0x0, 0x2, 0xff, 0xbf, 0x50,
    0x0, 0x0, 0x2f, 0xfb, 0xf5, 0x0, 0x0, 0x2,
    0xff, 0xbf, 0x50, 0x0, 0x0, 0x2f, 0xfb, 0xf5,
    0x0, 0x0, 0x2, 0xff, 0xbf, 0x70, 0x0, 0x0,
    0x3f, 0xe8, 0xfb, 0x0, 0x0, 0x7, 0xfc, 0x2f,
    0xf8, 0x10, 0x5, 0xff, 0x60, 0x7f, 0xff, 0xff,
    0xff, 0xa0, 0x0, 0x4b, 0xef, 0xfc, 0x60, 0x0,

    /* U+0056 "V" */
    0xbf, 0x80, 0x0, 0x0, 0xa, 0xf9, 0x6f, 0xd0,
    0x0, 0x0, 0xf, 0xf3, 0xf, 0xf3, 0x0, 0x0,
    0x5f, 0xe0, 0xa, 0xf8, 0x0, 0x0, 0xaf, 0x80,
    0x5, 0xfd, 0x0, 0x0, 0xff, 0x20, 0x0, 0xff,
    0x30, 0x5, 0xfd, 0x0, 0x0, 0xaf, 0x80, 0xa,
    0xf7, 0x0, 0x0, 0x4f, 0xd0, 0xf, 0xf2, 0x0,
    0x0, 0xe, 0xf3, 0x5f, 0xc0, 0x0, 0x0, 0x9,
    0xf8, 0xaf, 0x60, 0x0, 0x0, 0x3, 0xfe, 0xff,
    0x10, 0x0, 0x0, 0x0, 0xdf, 0xfb, 0x0, 0x0,
    0x0, 0x0, 0x8f, 0xf6, 0x0, 0x0,

    /* U+0057 "W" */
    0xcf, 0x90, 0x0, 0xa, 0xfc, 0x0, 0x0, 0x7f,
    0xe0, 0x7f, 0xd0, 0x0, 0xe, 0xff, 0x10, 0x0,
    0xaf, 0xa0, 0x3f, 0xf1, 0x0, 0x2f, 0xff, 0x40,
    0x0, 0xef, 0x50, 0xe, 0xf5, 0x0, 0x6f, 0xcf,
    0x90, 0x2, 0xff, 0x10, 0xa, 0xf9, 0x0, 0xaf,
    0x4f, 0xd0, 0x6, 0xfc, 0x0, 0x5, 0xfc, 0x0,
    0xef, 0xc, 0xf1, 0xa, 0xf7, 0x0, 0x1, 0xff,
    0x2, 0xfb, 0x8, 0xf5, 0xe, 0xf3, 0x0, 0x0,
    0xcf, 0x47, 0xf7, 0x4, 0xf9, 0x2f, 0xe0, 0x0,
    0x0, 0x7f, 0x8b, 0xf3, 0x0, 0xfd, 0x6f, 0xa0,
    0x0, 0x0, 0x3f, 0xce, 0xe0, 0x0, 0xcf, 0xbf,
    0x50, 0x0, 0x0, 0xe, 0xff, 0xa0, 0x0, 0x8f,
    0xff, 0x10, 0x0, 0x0, 0xa, 0xff, 0x60, 0x0,
    0x4f, 0xfc, 0x0, 0x0, 0x0, 0x5, 0xff, 0x20,
    0x0, 0xf, 0xf8, 0x0, 0x0,

    /* U+0058 "X" */
    0x4f, 0xf4, 0x0, 0x0, 0x5f, 0xf3, 0x9, 0xfe,
    0x0, 0x1, 0xef, 0x80, 0x0, 0xdf, 0x90, 0xa,
    0xfd, 0x0, 0x0, 0x3f, 0xf4, 0x4f, 0xf2, 0x0,
    0x0, 0x8, 0xfd, 0xef, 0x70, 0x0, 0x0, 0x0,
    0xdf, 0xfc, 0x0, 0x0, 0x0, 0x0, 0x8f, 0xf7,
    0x0, 0x0, 0x0, 0x2, 0xff, 0xff, 0x20, 0x0,
    0x0, 0xc, 0xf9, 0xaf, 0xc0, 0x0, 0x0, 0x8f,
    0xe1, 0x1e, 0xf7, 0x0, 0x3, 0xff, 0x40, 0x5,
    0xff, 0x20, 0xd, 0xfa, 0x0, 0x0, 0xbf, 0xc0,
    0x9f, 0xe1, 0x0, 0x0, 0x1f, 0xf8,

    /* U+0059 "Y" */
    0x9f, 0xe0, 0x0, 0x0, 0x7, 0xfe, 0x10, 0xef,
    0x80, 0x0, 0x2, 0xff, 0x50, 0x4, 0xff, 0x20,
    0x0, 0xbf, 0xb0, 0x0, 0xa, 0xfc, 0x0, 0x5f,
    0xf1, 0x0, 0x0, 0x1e, 0xf6, 0xe, 0xf6, 0x0,
    0x0, 0x0, 0x5f, 0xea, 0xfc, 0x0, 0x0, 0x0,
    0x0, 0xbf, 0xff, 0x20, 0x0, 0x0, 0x0, 0x1,
    0xff, 0x70, 0x0, 0x0, 0x0, 0x0, 0xd, 0xf4,
    0x0, 0x0, 0x0, 0x0, 0x0, 0xdf, 0x40, 0x0,
    0x0, 0x0, 0x0, 0xd, 0xf4, 0x0, 0x0, 0x0,
    0x0, 0x0, 0xdf, 0x40, 0x0, 0x0, 0x0, 0x0,
    0xd, 0xf4, 0x0, 0x0, 0x0,

    /* U+005A "Z" */
    0xf, 0xff, 0xff, 0xff, 0xff, 0xa0, 0xe, 0xee,
    0xee, 0xee, 0xff, 0x90, 0x0, 0x0, 0x0, 0x9,
    0xfe, 0x10, 0x0, 0x0, 0x0, 0x6f, 0xf4, 0x0,
    0x0, 0x0, 0x3, 0xff, 0x70, 0x0, 0x0, 0x0,
    0x1e, 0xfa, 0x0, 0x0, 0x0, 0x0, 0xbf, 0xd0,
    0x0, 0x0, 0x0, 0x8, 0xfe, 0x20, 0x0, 0x0,
    0x0, 0x5f, 0xf4, 0x0, 0x0, 0x0, 0x2, 0xff,
    0x70, 0x0, 0x0, 0x0, 0x1d, 0xfb, 0x0, 0x0,
    0x0, 0x0, 0x8f, 0xfe, 0xee, 0xee, 0xee, 0xe0,
    0x8f, 0xff, 0xff, 0xff, 0xff, 0xf0,

    /* U+005B "[" */
    0x4c, 0xcc, 0xc4, 0x6f, 0xff, 0xf5, 0x6f, 0x80,
    0x0, 0x6f, 0x80, 0x0, 0x6f, 0x80, 0x0, 0x6f,
    0x80, 0x0, 0x6f, 0x80, 0x0, 0x6f, 0x80, 0x0,
    0x6f, 0x80, 0x0, 0x6f, 0x80, 0x0, 0x6f, 0x80,
    0x0, 0x6f, 0x80, 0x0, 0x6f, 0x80, 0x0, 0x6f,
    0x80, 0x0, 0x6f, 0x80, 0x0, 0x6f, 0x80, 0x0,
    0x6f, 0xec, 0xc4, 0x6f, 0xff, 0xf5,

    /* U+005C "\\" */
    0x38, 0x20, 0x0, 0x0, 0x2, 0xf9, 0x0, 0x0,
    0x0, 0xc, 0xe0, 0x0, 0x0, 0x0, 0x7f, 0x50,
    0x0, 0x0, 0x1, 0xfa, 0x0, 0x0, 0x0, 0xb,
    0xf1, 0x0, 0x0, 0x0, 0x6f, 0x60, 0x0, 0x0,
    0x0, 0xfc, 0x0, 0x0, 0x0, 0xa, 0xf1, 0x0,
    0x0, 0x0, 0x4f, 0x70, 0x0, 0x0, 0x0, 0xed,
    0x0, 0x0, 0x0, 0x9, 0xf3, 0x0, 0x0, 0x0,
    0x3f, 0x80, 0x0, 0x0, 0x0, 0xde, 0x0, 0x0,
    0x0, 0x8, 0xf4, 0x0, 0x0, 0x0, 0x2f, 0x90,
    0x0, 0x0, 0x0, 0xcf, 0x0, 0x0, 0x0, 0x7,
    0xf5,

    /* U+005D "]" */
    0x4c, 0xcc, 0xc4, 0x6f, 0xff, 0xf5, 0x0, 0x8,
    0xf5, 0x0, 0x8, 0xf5, 0x0, 0x8, 0xf5, 0x0,
    0x8, 0xf5, 0x0, 0x8, 0xf5, 0x0, 0x8, 0xf5,
    0x0, 0x8, 0xf5, 0x0, 0x8, 0xf5, 0x0, 0x8,
    0xf5, 0x0, 0x8, 0xf5, 0x0, 0x8, 0xf5, 0x0,
    0x8, 0xf5, 0x0, 0x8, 0xf5, 0x0, 0x8, 0xf5,
    0x4c, 0xce, 0xf5, 0x6f, 0xff, 0xf5,

    /* U+005E "^" */
    0x0, 0x18, 0x70, 0x0, 0x0, 0x7f, 0xf4, 0x0,
    0x0, 0xed, 0xfb, 0x0, 0x5, 0xf5, 0x8f, 0x20,
    0xc, 0xd0, 0x1f, 0x90, 0x4f, 0x60, 0x9, 0xf1,
    0xbe, 0x0, 0x2, 0xf8,

    /* U+005F "_" */
    0xcc, 0xcc, 0xcc, 0xcc, 0xcf, 0xff, 0xff, 0xff,
    0xff,

    /* U+0060 "`" */
    0x8f, 0x90, 0xa, 0xf2, 0x0, 0xcb,

    /* U+0061 "a" */
    0x0, 0x4b, 0xef, 0xd8, 0x0, 0x5, 0xff, 0xdc,
    0xff, 0x90, 0xd, 0xf6, 0x0, 0x3f, 0xf0, 0x0,
    0x10, 0x0, 0xd, 0xf2, 0x0, 0x6c, 0xef, 0xff,
    0xf3, 0xb, 0xfe, 0x98, 0x8e, 0xf3, 0x2f, 0xf1,
    0x0, 0xf, 0xf3, 0x3f, 0xe0, 0x0, 0x8f, 0xf3,
    0xe, 0xfd, 0xad, 0xfe, 0xf3, 0x2, 0xbf, 0xfb,
    0x3b, 0xf3,

    /* U+0062 "b" */
    0xef, 0x20, 0x0, 0x0, 0x0, 0xef, 0x20, 0x0,
    0x0, 0x0, 0xef, 0x20, 0x0, 0x0, 0x0, 0xef,
    0x20, 0x0, 0x0, 0x0, 0xef, 0x29, 0xfe, 0xa2,
    0x0, 0xef, 0xdf, 0xcf, 0xfe, 0x10, 0xef, 0xd1,
    0x0, 0xbf, 0x90, 0xef, 0x50, 0x0, 0x3f, 0xe0,
    0xef, 0x10, 0x0, 0xf, 0xf1, 0xef, 0x10, 0x0,
    0xf, 0xf1, 0xef, 0x40, 0x0, 0x3f, 0xe0, 0xef,
    0xc1, 0x0, 0xbf, 0x90, 0xef, 0xff, 0xcf, 0xfe,
    0x10, 0xef, 0x4c, 0xfe, 0xa1, 0x0,

    /* U+0063 "c" */
    0x0, 0x2a, 0xef, 0xd7, 0x0, 0x2, 0xff, 0xec,
    0xff, 0xa0, 0xc, 0xfa, 0x0, 0x1e, 0xf3, 0x1f,
    0xf1, 0x0, 0x4, 0x83, 0x3f, 0xe0, 0x0, 0x0,
    0x0, 0x4f, 0xe0, 0x0, 0x0, 0x0, 0x1f, 0xf1,
    0x0, 0x7, 0xc5, 0xc, 0xf9, 0x0, 0x2e, 0xf2,
    0x3, 0xff, 0xec, 0xff, 0x90, 0x0, 0x2a, 0xef,
    0xd6, 0x0,

    /* U+0064 "d" */
    0x0, 0x0, 0x0, 0x4, 0xfc, 0x0, 0x0, 0x0,
    0x4, 0xfc, 0x0, 0x0, 0x0, 0x4, 0xfc, 0x0,
    0x0, 0x0, 0x4, 0xfc, 0x0, 0x3b, 0xfe, 0x85,
    0xfc, 0x3, 0xff, 0xec, 0xfd, 0xfc, 0xc, 0xf9,
    0x0, 0x2e, 0xfc, 0x1f, 0xf1, 0x0, 0x7, 0xfc,
    0x4f, 0xe0, 0x0, 0x4, 0xfc, 0x4f, 0xe0, 0x0,
    0x4, 0xfc, 0x1f, 0xf1, 0x0, 0x7, 0xfc, 0xc,
    0xf9, 0x0, 0x2e, 0xfc, 0x3, 0xff, 0xec, 0xff,
    0xfc, 0x0, 0x3b, 0xff, 0xb5, 0xfc,

    /* U+0065 "e" */
    0x0, 0x3b, 0xff, 0xc5, 0x0, 0x4, 0xff, 0xdc,
    0xff, 0x60, 0xe, 0xf6, 0x0, 0x2f, 0xf1, 0x4f,
    0xe0, 0x0, 0x9, 0xf6, 0x6f, 0xff, 0xff, 0xff,
    0xf9, 0x6f, 0xea, 0xaa, 0xaa, 0xa6, 0x4f, 0xe0,
    0x0, 0x2, 0x42, 0xe, 0xf7, 0x0, 0x2e, 0xf3,
    0x4, 0xff, 0xdc, 0xff, 0x90, 0x0, 0x3b, 0xff,
    0xc6, 0x0,

    /* U+0066 "f" */
    0x0, 0x2c, 0xff, 0xb0, 0xb, 0xfe, 0xc9, 0x0,
    0xdf, 0x40, 0xe, 0xff, 0xff, 0xf9, 0xac, 0xff,
    0xcc, 0x70, 0xd, 0xf3, 0x0, 0x0, 0xdf, 0x30,
    0x0, 0xd, 0xf3, 0x0, 0x0, 0xdf, 0x30, 0x0,
    0xd, 0xf3, 0x0, 0x0, 0xdf, 0x30, 0x0, 0xd,
    0xf3, 0x0, 0x0, 0xdf, 0x30, 0x0,

    /* U+0067 "g" */
    0x0, 0x3b, 0xfe, 0x95, 0xfc, 0x3, 0xff, 0xec,
    0xfe, 0xfc, 0xc, 0xfa, 0x0, 0x2e, 0xfc, 0x1f,
    0xf1, 0x0, 0x8, 0xfc, 0x3f, 0xe0, 0x0, 0x5,
    0xfc, 0x4f, 0xd0, 0x0, 0x5, 0xfc, 0x1f, 0xf1,
    0x0, 0x8, 0xfc, 0xc, 0xf9, 0x0, 0x2e, 0xfc,
    0x3, 0xff, 0xec, 0xfe, 0xfc, 0x0, 0x3b, 0xfe,
    0x95, 0xfb, 0x0, 0x0, 0x0, 0x6, 0xfa, 0xb,
    0xf6, 0x0, 0xc, 0xf6, 0x4, 0xff, 0xcb, 0xef,
    0xd0, 0x0, 0x4b, 0xef, 0xe9, 0x10,

    /* U+0068 "h" */
    0xef, 0x20, 0x0, 0x0, 0xe, 0xf2, 0x0, 0x0,
    0x0, 0xef, 0x20, 0x0, 0x0, 0xe, 0xf2, 0x0,
    0x0, 0x0, 0xef, 0x3a, 0xff, 0xa1, 0xe, 0xfd,
    0xed, 0xff, 0xb0, 0xef, 0xc0, 0x4, 0xff, 0x2e,
    0xf4, 0x0, 0xd, 0xf4, 0xef, 0x20, 0x0, 0xcf,
    0x5e, 0xf2, 0x0, 0xc, 0xf5, 0xef, 0x20, 0x0,
    0xcf, 0x5e, 0xf2, 0x0, 0xc, 0xf5, 0xef, 0x20,
    0x0, 0xcf, 0x5e, 0xf2, 0x0, 0xc, 0xf5,

    /* U+0069 "i" */
    0x8f, 0x7e, 0xfd, 0x6c, 0x59, 0xf7, 0x9f, 0x79,
    0xf7, 0x9f, 0x79, 0xf7, 0x9f, 0x79, 0xf7, 0x9f,
    0x79, 0xf7, 0x9f, 0x70,

    /* U+006A "j" */
    0x0, 0x7f, 0x70, 0xd, 0xfd, 0x0, 0x5c, 0x50,
    0x8, 0xf8, 0x0, 0x8f, 0x80, 0x8, 0xf8, 0x0,
    0x8f, 0x80, 0x8, 0xf8, 0x0, 0x8f, 0x80, 0x8,
    0xf8, 0x0, 0x8f, 0x80, 0x8, 0xf8, 0x0, 0x8f,
    0x80, 0x8, 0xf8, 0x0, 0xaf, 0x73, 0xcf, 0xf3,
    0x4f, 0xd6, 0x0,

    /* U+006B "k" */
    0xef, 0x20, 0x0, 0x0, 0xe, 0xf2, 0x0, 0x0,
    0x0, 0xef, 0x20, 0x0, 0x0, 0xe, 0xf2, 0x0,
    0x0, 0x0, 0xef, 0x20, 0x8, 0xfe, 0x2e, 0xf2,
    0x7, 0xfe, 0x20, 0xef, 0x27, 0xfe, 0x20, 0xe,
    0xf8, 0xfe, 0x20, 0x0, 0xef, 0xff, 0xc0, 0x0,
    0xe, 0xfe, 0xef, 0x80, 0x0, 0xef, 0x34, 0xff,
    0x40, 0xe, 0xf2, 0x8, 0xfe, 0x10, 0xef, 0x20,
    0xc, 0xfc, 0xe, 0xf2, 0x0, 0x1e, 0xf9,

    /* U+006C "l" */
    0xbf, 0x5b, 0xf5, 0xbf, 0x5b, 0xf5, 0xbf, 0x5b,
    0xf5, 0xbf, 0x5b, 0xf5, 0xbf, 0x5b, 0xf5, 0xbf,
    0x5b, 0xf5, 0xbf, 0x5b, 0xf5,

    /* U+006D "m" */
    0xef, 0x5b, 0xfe, 0x80, 0x5d, 0xfc, 0x40, 0xef,
    0xfe, 0xdf, 0xfc, 0xfd, 0xef, 0xf3, 0xef, 0xb0,
    0x8, 0xff, 0x70, 0xa, 0xfa, 0xef, 0x30, 0x2,
    0xff, 0x0, 0x4, 0xfc, 0xef, 0x20, 0x1, 0xff,
    0x0, 0x3, 0xfd, 0xef, 0x20, 0x1, 0xff, 0x0,
    0x3, 0xfd, 0xef, 0x20, 0x1, 0xff, 0x0, 0x3,
    0xfd, 0xef, 0x20, 0x1, 0xff, 0x0, 0x3, 0xfd,
    0xef, 0x20, 0x1, 0xff, 0x0, 0x3, 0xfd, 0xef,
    0x20, 0x1, 0xff, 0x0, 0x3, 0xfd,

    /* U+006E "n" */
    0xef, 0x4a, 0xfe, 0xa1, 0xe, 0xff, 0xfd, 0xff,
    0xc0, 0xef, 0xc0, 0x3, 0xff, 0x2e, 0xf4, 0x0,
    0xc, 0xf4, 0xef, 0x20, 0x0, 0xaf, 0x6e, 0xf2,
    0x0, 0xa, 0xf6, 0xef, 0x20, 0x0, 0xaf, 0x6e,
    0xf2, 0x0, 0xa, 0xf6, 0xef, 0x20, 0x0, 0xaf,
    0x6e, 0xf2, 0x0, 0xa, 0xf6,

    /* U+006F "o" */
    0x0, 0x19, 0xef, 0xd8, 0x0, 0x0, 0x2e, 0xfe,
    0xcf, 0xfc, 0x0, 0xb, 0xfa, 0x0, 0x1d, 0xf8,
    0x1, 0xff, 0x10, 0x0, 0x4f, 0xe0, 0x3f, 0xe0,
    0x0, 0x1, 0xff, 0x3, 0xfe, 0x0, 0x0, 0x1f,
    0xf0, 0x1f, 0xf1, 0x0, 0x4, 0xfe, 0x0, 0xbf,
    0xa0, 0x1, 0xdf, 0x80, 0x2, 0xef, 0xec, 0xff,
    0xc0, 0x0, 0x1, 0x9e, 0xfd, 0x80, 0x0,

    /* U+0070 "p" */
    0xef, 0x4c, 0xfe, 0xa1, 0x0, 0xef, 0xff, 0xcf,
    0xfe, 0x10, 0xef, 0xc1, 0x0, 0xbf, 0x90, 0xef,
    0x40, 0x0, 0x3f, 0xe0, 0xef, 0x10, 0x0, 0xf,
    0xf1, 0xef, 0x10, 0x0, 0xf, 0xf1, 0xef, 0x50,
    0x0, 0x3f, 0xe0, 0xef, 0xd1, 0x0, 0xbf, 0x90,
    0xef, 0xdf, 0xcf, 0xfe, 0x10, 0xef, 0x29, 0xff,
    0xa2, 0x0, 0xef, 0x20, 0x0, 0x0, 0x0, 0xef,
    0x20, 0x0, 0x0, 0x0, 0xef, 0x20, 0x0, 0x0,
    0x0, 0xef, 0x20, 0x0, 0x0, 0x0,

    /* U+0071 "q" */
    0x0, 0x3b, 0xff, 0xb5, 0xfc, 0x3, 0xff, 0xec,
    0xff, 0xfc, 0xc, 0xf9, 0x0, 0x2e, 0xfc, 0x1f,
    0xf1, 0x0, 0x7, 0xfc, 0x3f, 0xe0, 0x0, 0x4,
    0xfc, 0x4f, 0xe0, 0x0, 0x4, 0xfc, 0x1f, 0xf1,
    0x0, 0x7, 0xfc, 0xc, 0xf9, 0x0, 0x2e, 0xfc,
    0x3, 0xff, 0xec, 0xfd, 0xfc, 0x0, 0x3b, 0xfe,
    0x85, 0xfc, 0x0, 0x0, 0x0, 0x4, 0xfc, 0x0,
    0x0, 0x0, 0x4, 0xfc, 0x0, 0x0, 0x0, 0x4,
    0xfc, 0x0, 0x0, 0x0, 0x4, 0xfc,

    /* U+0072 "r" */
    0xef, 0x3b, 0xfa, 0xef, 0xef, 0xfa, 0xef, 0xf6,
    0x33, 0xef, 0x70, 0x0, 0xef, 0x20, 0x0, 0xef,
    0x10, 0x0, 0xef, 0x10, 0x0, 0xef, 0x10, 0x0,
    0xef, 0x10, 0x0, 0xef, 0x10, 0x0,

    /* U+0073 "s" */
    0x1, 0x9d, 0xfe, 0xa2, 0x0, 0xdf, 0xec, 0xef,
    0xe1, 0x3f, 0xf0, 0x0, 0xaf, 0x71, 0xff, 0x82,
    0x0, 0x0, 0x6, 0xff, 0xfd, 0x92, 0x0, 0x0,
    0x59, 0xdf, 0xf5, 0x25, 0x30, 0x0, 0x8f, 0xd3,
    0xfd, 0x0, 0x6, 0xfd, 0xc, 0xfe, 0xcd, 0xff,
    0x70, 0x18, 0xdf, 0xfc, 0x60,

    /* U+0074 "t" */
    0x0, 0x0, 0x0, 0x0, 0x7, 0xe0, 0x0, 0x1,
    0xff, 0x0, 0x0, 0x1f, 0xf0, 0x0, 0xbf, 0xff,
    0xff, 0x18, 0xcf, 0xfc, 0xc0, 0x1, 0xff, 0x0,
    0x0, 0x1f, 0xf0, 0x0, 0x1, 0xff, 0x0, 0x0,
    0x1f, 0xf0, 0x0, 0x1, 0xff, 0x0, 0x0, 0xf,
    0xf0, 0x0, 0x0, 0xef, 0xda, 0x0, 0x4, 0xdf,
    0xd0,

    /* U+0075 "u" */
    0xef, 0x20, 0x0, 0xaf, 0x6e, 0xf2, 0x0, 0xa,
    0xf6, 0xef, 0x20, 0x0, 0xaf, 0x6e, 0xf2, 0x0,
    0xa, 0xf6, 0xef, 0x20, 0x0, 0xaf, 0x6e, 0xf2,
    0x0, 0xa, 0xf6, 0xdf, 0x30, 0x0, 0xdf, 0x6b,
    0xf9, 0x0, 0x8f, 0xf6, 0x5f, 0xfe, 0xef, 0xef,
    0x60, 0x6d, 0xfc, 0x4a, 0xf6,

    /* U+0076 "v" */
    0xbf, 0x70, 0x0, 0x6f, 0xd0, 0x6f, 0xc0, 0x0,
    0xaf, 0x70, 0x1f, 0xf1, 0x0, 0xff, 0x20, 0xb,
    0xf6, 0x4, 0xfc, 0x0, 0x5, 0xfb, 0x9, 0xf7,
    0x0, 0x0, 0xff, 0xe, 0xf2, 0x0, 0x0, 0xaf,
    0x8f, 0xc0, 0x0, 0x0, 0x5f, 0xff, 0x60, 0x0,
    0x0, 0xf, 0xff, 0x10, 0x0, 0x0, 0xa, 0xfb,
    0x0, 0x0,

    /* U+0077 "w" */
    0xcf, 0x70, 0x1, 0xff, 0x10, 0x8, 0xfb, 0x7f,
    0xb0, 0x5, 0xff, 0x40, 0xc, 0xf6, 0x2f, 0xf0,
    0x9, 0xff, 0x80, 0xf, 0xf1, 0xd, 0xf3, 0xd,
    0xcc, 0xc0, 0x4f, 0xc0, 0x8, 0xf7, 0x1f, 0x88,
    0xf1, 0x8f, 0x70, 0x3, 0xfb, 0x5f, 0x44, 0xf4,
    0xcf, 0x20, 0x0, 0xef, 0x9f, 0x0, 0xf9, 0xfd,
    0x0, 0x0, 0x9f, 0xfc, 0x0, 0xcf, 0xf8, 0x0,
    0x0, 0x4f, 0xf8, 0x0, 0x8f, 0xf3, 0x0, 0x0,
    0xe, 0xf4, 0x0, 0x4f, 0xe0, 0x0,

    /* U+0078 "x" */
    0x2f, 0xf3, 0x0, 0x8f, 0xc0, 0x7, 0xfd, 0x3,
    0xff, 0x20, 0x0, 0xcf, 0x7c, 0xf7, 0x0, 0x0,
    0x2f, 0xff, 0xc0, 0x0, 0x0, 0x7, 0xff, 0x20,
    0x0, 0x0, 0xd, 0xff, 0x80, 0x0, 0x0, 0x8f,
    0xcf, 0xf3, 0x0, 0x3, 0xff, 0x26, 0xfd, 0x0,
    0xd, 0xf7, 0x0, 0xcf, 0x80, 0x9f, 0xc0, 0x0,
    0x2f, 0xf3,

    /* U+0079 "y" */
    0xbf, 0x70, 0x0, 0xf, 0xf3, 0x5f, 0xd0, 0x0,
    0x5f, 0xd0, 0xf, 0xf2, 0x0, 0xaf, 0x70, 0x9,
    0xf8, 0x0, 0xff, 0x10, 0x3, 0xfd, 0x5, 0xfc,
    0x0, 0x0, 0xdf, 0x3a, 0xf6, 0x0, 0x0, 0x7f,
    0x9f, 0xf1, 0x0, 0x0, 0x1f, 0xff, 0xa0, 0x0,
    0x0, 0xb, 0xff, 0x50, 0x0, 0x0, 0x5, 0xfe,
    0x0, 0x0, 0x0, 0x7, 0xf9, 0x0, 0x0, 0x0,
    0xd, 0xf3, 0x0, 0x0, 0x0, 0x4f, 0xe0, 0x0,
    0x0, 0x0, 0xaf, 0x80, 0x0, 0x0,

    /* U+007A "z" */
    0x6f, 0xff, 0xff, 0xff, 0x64, 0xcc, 0xcc, 0xef,
    0xf3, 0x0, 0x0, 0x1e, 0xf8, 0x0, 0x0, 0xb,
    0xfb, 0x0, 0x0, 0x7, 0xfe, 0x10, 0x0, 0x4,
    0xff, 0x40, 0x0, 0x1, 0xef, 0x70, 0x0, 0x0,
    0xbf, 0xb0, 0x0, 0x0, 0x6f, 0xfd, 0xcc, 0xcc,
    0x78, 0xff, 0xff, 0xff, 0xfa,

    /* U+007B "{" */
    0x0, 0x7, 0xa8, 0x0, 0xaf, 0xfc, 0x0, 0xfe,
    0x10, 0x1, 0xfc, 0x0, 0x2, 0xfc, 0x0, 0x2,
    0xfc, 0x0, 0x2, 0xfb, 0x0, 0x4, 0xfa, 0x0,
    0x8f, 0xe3, 0x0, 0xcf, 0xa0, 0x0, 0x18, 0xf8,
    0x0, 0x2, 0xfb, 0x0, 0x2, 0xfc, 0x0, 0x2,
    0xfc, 0x0, 0x2, 0xfc, 0x0, 0x1, 0xfc, 0x0,
    0x0, 0xdf, 0xb8, 0x0, 0x3d, 0xfc,

    /* U+007C "|" */
    0xec, 0xec, 0xec, 0xec, 0xec, 0xec, 0xec, 0xec,
    0xec, 0xec, 0xec, 0xec, 0xec, 0xec, 0xec, 0xec,
    0xec, 0xec, 0xec,

    /* U+007D "}" */
    0x8a, 0x70, 0x0, 0xcf, 0xfa, 0x0, 0x1, 0xef,
    0x0, 0x0, 0xcf, 0x10, 0x0, 0xcf, 0x20, 0x0,
    0xcf, 0x20, 0x0, 0xbf, 0x20, 0x0, 0xaf, 0x40,
    0x0, 0x3e, 0xf8, 0x0, 0xa, 0xfc, 0x0, 0x8f,
    0x81, 0x0, 0xbf, 0x20, 0x0, 0xcf, 0x20, 0x0,
    0xcf, 0x20, 0x0, 0xcf, 0x20, 0x0, 0xcf, 0x10,
    0x8b, 0xfd, 0x0, 0xcf, 0xd3, 0x0,

    /* U+007E "~" */
    0x8, 0xfd, 0x60, 0x7, 0x27, 0xfc, 0xef, 0xec,
    0xf7, 0x27, 0x0, 0x6d, 0xf8, 0x0,

    /* U+007F "" */

    /* U+4E2D "中" */
    0x0, 0x0, 0x0, 0xd, 0xf1, 0x0, 0x0, 0x0,
    0x0, 0x0, 0x0, 0xd, 0xf1, 0x0, 0x0, 0x0,
    0x0, 0x0, 0x0, 0xd, 0xf1, 0x0, 0x0, 0x0,
    0x1c, 0xcc, 0xcc, 0xcf, 0xfd, 0xcc, 0xcc, 0xc3,
    0x2f, 0xff, 0xff, 0xff, 0xff, 0xff, 0xff, 0xf4,
    0x2f, 0xc0, 0x0, 0xd, 0xf1, 0x0, 0x9, 0xf4,
    0x2f, 0xc0, 0x0, 0xd, 0xf1, 0x0, 0x9, 0xf4,
    0x2f, 0xc0, 0x0, 0xd, 0xf1, 0x0, 0x9, 0xf4,
    0x2f, 0xc0, 0x0, 0xd, 0xf1, 0x0, 0x9, 0xf4,
    0x2f, 0xfd, 0xdd, 0xdf, 0xfd, 0xdd, 0xde, 0xf4,
    0x2f, 0xff, 0xff, 0xff, 0xff, 0xff, 0xff, 0xf4,
    0x2f, 0xc0, 0x0, 0xd, 0xf1, 0x0, 0x9, 0xf4,
    0x0, 0x0, 0x0, 0xd, 0xf1, 0x0, 0x0, 0x0,
    0x0, 0x0, 0x0, 0xd, 0xf1, 0x0, 0x0, 0x0,
    0x0, 0x0, 0x0, 0xd, 0xf1, 0x0, 0x0, 0x0,
    0x0, 0x0, 0x0, 0xd, 0xf1, 0x0, 0x0, 0x0,
    0x0, 0x0, 0x0, 0xd, 0xf1, 0x0, 0x0, 0x0,

    /* U+5347 "升" */
    0x0, 0x0, 0x0, 0x0, 0x0, 0x0, 0x0, 0x0,
    0x0, 0x0, 0x0, 0x0, 0x38, 0xe8, 0xc, 0xf2,
    0x0, 0x0, 0x2, 0x58, 0xbe, 0xff, 0xfa, 0xc,
    0xf2, 0x0, 0x0, 0x7, 0xff, 0xff, 0xf7, 0x10,
    0xc, 0xf2, 0x0, 0x0, 0x2, 0x86, 0x4e, 0xf0,
    0x0, 0xc, 0xf2, 0x0, 0x0, 0x0, 0x0, 0xe,
    0xf0, 0x0, 0xc, 0xf2, 0x0, 0x0, 0x0, 0x0,
    0xe, 0xf0, 0x0, 0xc, 0xf2, 0x0, 0x0, 0x0,
    0x0, 0xe, 0xf0, 0x0, 0xc, 0xf2, 0x0, 0x0,
    0x1f, 0xff, 0xff, 0xff, 0xff, 0xff, 0xff, 0xff,
    0xf1, 0xc, 0xcc, 0xcf, 0xfc, 0xcc, 0xcf, 0xfd,
    0xcc, 0xc0, 0x0, 0x0, 0x1f, 0xd0, 0x0, 0xc,
    0xf2, 0x0, 0x0, 0x0, 0x0, 0x4f, 0xa0, 0x0,
    0xc, 0xf2, 0x0, 0x0, 0x0, 0x0, 0x8f, 0x70,
    0x0, 0xc, 0xf2, 0x0, 0x0, 0x0, 0x0, 0xef,
    0x10, 0x0, 0xc, 0xf2, 0x0, 0x0, 0x0, 0x8,
    0xfa, 0x0, 0x0, 0xc, 0xf2, 0x0, 0x0, 0x0,
    0x5f, 0xe1, 0x0, 0x0, 0xc, 0xf2, 0x0, 0x0,
    0x7, 0xff, 0x40, 0x0, 0x0, 0xc, 0xf2, 0x0,
    0x0, 0x3, 0xd3, 0x0, 0x0, 0x0, 0xc, 0xf2,
    0x0, 0x0, 0x0, 0x0, 0x0, 0x0, 0x0, 0x0,
    0x0, 0x0, 0x0,

    /* U+7EA7 "级" */
    0x0, 0x3, 0x40, 0x0, 0x0, 0x0, 0x0, 0x0,
    0x0, 0x0, 0xb, 0xf5, 0xe, 0xff, 0xff, 0xff,
    0xf5, 0x0, 0x0, 0x2f, 0xd0, 0xb, 0xdf, 0xec,
    0xce, 0xf3, 0x0, 0x0, 0x9f, 0x50, 0x0, 0x5f,
    0x70, 0xc, 0xf0, 0x0, 0x1, 0xfd, 0x8, 0xb2,
    0x6f, 0x70, 0xf, 0xd0, 0x0, 0xa, 0xf4, 0x3f,
    0xd0, 0x7f, 0x60, 0x2f, 0xa0, 0x0, 0x3f, 0xff,
    0xff, 0x40, 0x8f, 0x90, 0x6f, 0xff, 0xb0, 0xc,
    0xbc, 0xfa, 0x0, 0xaf, 0xe0, 0x59, 0xbf, 0x90,
    0x0, 0x1e, 0xe1, 0x0, 0xcf, 0xf4, 0x0, 0x7f,
    0x60, 0x0, 0xbf, 0x41, 0x40, 0xfe, 0xcb, 0x0,
    0xcf, 0x10, 0xb, 0xfe, 0xdf, 0xe3, 0xfb, 0x6f,
    0x44, 0xfc, 0x0, 0xf, 0xff, 0xd9, 0x57, 0xf7,
    0xd, 0xed, 0xf4, 0x0, 0x4, 0x31, 0x0, 0xd,
    0xf2, 0x4, 0xff, 0xb0, 0x0, 0x0, 0x3, 0x8d,
    0x8f, 0xc0, 0xa, 0xff, 0xc1, 0x0, 0x4d, 0xff,
    0xff, 0xff, 0x43, 0xcf, 0xfc, 0xfd, 0x30, 0x4f,
    0xd9, 0x47, 0xfc, 0x5f, 0xfe, 0x20, 0xbf, 0xf3,
    0x1, 0x0, 0x1, 0xc2, 0xd, 0x80, 0x0, 0x8,
    0xb0, 0x0, 0x0, 0x0, 0x0, 0x0, 0x0, 0x0,
    0x0, 0x0,

    /* U+F001 "" */
    0x0, 0x0, 0x0, 0x0, 0x0, 0x0, 0x0, 0x27,
    0xba, 0x0, 0x0, 0x0, 0x0, 0x0, 0x0, 0x48,
    0xdf, 0xff, 0xf2, 0x0, 0x0, 0x0, 0x1, 0x6a,
    0xff, 0xff, 0xff, 0xff, 0x20, 0x0, 0x0, 0x7c,
    0xff, 0xff, 0xff, 0xff, 0xff, 0xf2, 0x0, 0x0,
    0x4f, 0xff, 0xff, 0xff, 0xff, 0xff, 0xff, 0x20,
    0x0, 0x5, 0xff, 0xff, 0xff, 0xff, 0xb7, 0x3f,
    0xf2, 0x0, 0x0, 0x5f, 0xff, 0xfe, 0x95, 0x0,
    0x1, 0xff, 0x20, 0x0, 0x5, 0xff, 0x73, 0x0,
    0x0, 0x0, 0x1f, 0xf2, 0x0, 0x0, 0x5f, 0xe0,
    0x0, 0x0, 0x0, 0x1, 0xff, 0x20, 0x0, 0x5,
    0xfe, 0x0, 0x0, 0x0, 0x0, 0x1f, 0xf2, 0x0,
    0x0, 0x5f, 0xe0, 0x0, 0x0, 0x0, 0x1, 0xff,
    0x20, 0x0, 0x5, 0xfe, 0x0, 0x0, 0x0, 0x69,
    0x8f, 0xf2, 0x0, 0x0, 0x5f, 0xe0, 0x0, 0x2,
    0xef, 0xff, 0xff, 0x20, 0x3, 0x58, 0xfe, 0x0,
    0x0, 0x8f, 0xff, 0xff, 0xf2, 0x2d, 0xff, 0xff,
    0xe0, 0x0, 0x4, 0xff, 0xff, 0xfd, 0xb, 0xff,
    0xff, 0xfe, 0x0, 0x0, 0x4, 0xbd, 0xc8, 0x10,
    0xaf, 0xff, 0xff, 0xb0, 0x0, 0x0, 0x0, 0x0,
    0x0, 0x0, 0xaf, 0xff, 0xb1, 0x0, 0x0, 0x0,
    0x0, 0x0, 0x0, 0x0, 0x1, 0x0, 0x0, 0x0,
    0x0, 0x0, 0x0, 0x0, 0x0,

    /* U+F008 "" */
    0x51, 0x6, 0x88, 0x88, 0x88, 0x88, 0x88, 0x30,
    0x15, 0xf7, 0x6e, 0xff, 0xff, 0xff, 0xff, 0xff,
    0xb6, 0x8f, 0xfd, 0xcf, 0xf3, 0x33, 0x33, 0x33,
    0x6f, 0xec, 0xdf, 0xf2, 0xc, 0xe0, 0x0, 0x0,
    0x0, 0x3f, 0x70, 0x2f, 0xf2, 0xc, 0xe0, 0x0,
    0x0, 0x0, 0x3f, 0x80, 0x2f, 0xff, 0xff, 0xe0,
    0x0, 0x0, 0x0, 0x3f, 0xff, 0xff, 0xf4, 0x2d,
    0xf9, 0x99, 0x99, 0x99, 0xbf, 0x92, 0x4f, 0xf2,
    0xc, 0xff, 0xff, 0xff, 0xff, 0xff, 0x70, 0x2f,
    0xfb, 0xaf, 0xf1, 0x11, 0x11, 0x11, 0x5f, 0xda,
    0xbf, 0xf9, 0x8e, 0xe0, 0x0, 0x0, 0x0, 0x3f,
    0xc8, 0x9f, 0xf2, 0xc, 0xe0, 0x0, 0x0, 0x0,
    0x3f, 0x70, 0x2f, 0xf6, 0x4d, 0xe0, 0x0, 0x0,
    0x0, 0x3f, 0xa4, 0x6f, 0xfe, 0xef, 0xfb, 0xbb,
    0xbb, 0xbb, 0xcf, 0xfe, 0xef, 0xc2, 0xc, 0xff,
    0xff, 0xff, 0xff, 0xff, 0x80, 0x2c,

    /* U+F00B "" */
    0x58, 0x88, 0x70, 0x28, 0x88, 0x88, 0x88, 0x88,
    0x85, 0xff, 0xff, 0xf3, 0x9f, 0xff, 0xff, 0xff,
    0xff, 0xff, 0xff, 0xff, 0xf3, 0xaf, 0xff, 0xff,
    0xff, 0xff, 0xff, 0xff, 0xff, 0xf3, 0xaf, 0xff,
    0xff, 0xff, 0xff, 0xff, 0xbf, 0xff, 0xd1, 0x6f,
    0xff, 0xff, 0xff, 0xff, 0xfb, 0x0, 0x0, 0x0,
    0x0, 0x0, 0x0, 0x0, 0x0, 0x0, 0xcf, 0xff,
    0xe1, 0x7f, 0xff, 0xff, 0xff, 0xff, 0xfc, 0xff,
    0xff, 0xf3, 0xaf, 0xff, 0xff, 0xff, 0xff, 0xff,
    0xff, 0xff, 0xf3, 0xaf, 0xff, 0xff, 0xff, 0xff,
    0xff, 0xff, 0xff, 0xf3, 0x9f, 0xff, 0xff, 0xff,
    0xff, 0xff, 0x58, 0x88, 0x60, 0x27, 0x88, 0x88,
    0x88, 0x88, 0x85, 0x47, 0x77, 0x50, 0x17, 0x77,
    0x77, 0x77, 0x77, 0x74, 0xff, 0xff, 0xf3, 0x9f,
    0xff, 0xff, 0xff, 0xff, 0xff, 0xff, 0xff, 0xf3,
    0xaf, 0xff, 0xff, 0xff, 0xff, 0xff, 0xff, 0xff,
    0xf3, 0xaf, 0xff, 0xff, 0xff, 0xff, 0xff, 0xdf,
    0xff, 0xf1, 0x7f, 0xff, 0xff, 0xff, 0xff, 0xfd,
    0x0, 0x0, 0x0, 0x0, 0x0, 0x0, 0x0, 0x0,
    0x0,

    /* U+F00C "" */
    0x0, 0x0, 0x0, 0x0, 0x0, 0x0, 0x0, 0x5,
    0x20, 0x0, 0x0, 0x0, 0x0, 0x0, 0x0, 0x0,
    0x7f, 0xf3, 0x0, 0x0, 0x0, 0x0, 0x0, 0x0,
    0x7, 0xff, 0xfe, 0x0, 0x0, 0x0, 0x0, 0x0,
    0x0, 0x7f, 0xff, 0xf8, 0x0, 0x0, 0x0, 0x0,
    0x0, 0x7, 0xff, 0xff, 0x90, 0x9, 0xd1, 0x0,
    0x0, 0x0, 0x7f, 0xff, 0xf9, 0x0, 0x9f, 0xfd,
    0x10, 0x0, 0x7, 0xff, 0xff, 0x90, 0x0, 0xdf,
    0xff, 0xd1, 0x0, 0x7f, 0xff, 0xf9, 0x0, 0x0,
    0x2e, 0xff, 0xfd, 0x17, 0xff, 0xff, 0x90, 0x0,
    0x0, 0x2, 0xef, 0xff, 0xef, 0xff, 0xf9, 0x0,
    0x0, 0x0, 0x0, 0x2e, 0xff, 0xff, 0xff, 0x90,
    0x0, 0x0, 0x0, 0x0, 0x2, 0xef, 0xff, 0xf9,
    0x0, 0x0, 0x0, 0x0, 0x0, 0x0, 0x2e, 0xff,
    0x90, 0x0, 0x0, 0x0, 0x0, 0x0, 0x0, 0x2,
    0xd8, 0x0, 0x0, 0x0, 0x0, 0x0,

    /* U+F00D "" */
    0x2d, 0xb0, 0x0, 0x0, 0x6, 0xe6, 0xd, 0xff,
    0xc0, 0x0, 0x6, 0xff, 0xf3, 0xcf, 0xff, 0xc0,
    0x6, 0xff, 0xff, 0x31, 0xdf, 0xff, 0xc7, 0xff,
    0xff, 0x50, 0x1, 0xdf, 0xff, 0xff, 0xff, 0x50,
    0x0, 0x1, 0xdf, 0xff, 0xff, 0x50, 0x0, 0x0,
    0x7, 0xff, 0xff, 0xd0, 0x0, 0x0, 0x6, 0xff,
    0xff, 0xff, 0xc0, 0x0, 0x6, 0xff, 0xff, 0xdf,
    0xff, 0xc0, 0x6, 0xff, 0xff, 0x51, 0xdf, 0xff,
    0xc0, 0xff, 0xff, 0x50, 0x1, 0xdf, 0xff, 0x58,
    0xff, 0x50, 0x0, 0x1, 0xdf, 0xd0, 0x5, 0x30,
    0x0, 0x0, 0x1, 0x61, 0x0,

    /* U+F011 "" */
    0x0, 0x0, 0x0, 0x0, 0xcd, 0x50, 0x0, 0x0,
    0x0, 0x0, 0x0, 0x0, 0x0, 0x3f, 0xfa, 0x0,
    0x0, 0x0, 0x0, 0x0, 0x7, 0xe3, 0x3, 0xff,
    0xa0, 0xb, 0xc1, 0x0, 0x0, 0x8, 0xff, 0xb0,
    0x3f, 0xfa, 0x4, 0xff, 0xd1, 0x0, 0x4, 0xff,
    0xf6, 0x3, 0xff, 0xa0, 0x1e, 0xff, 0xa0, 0x0,
    0xdf, 0xf7, 0x0, 0x3f, 0xfa, 0x0, 0x2e, 0xff,
    0x40, 0x3f, 0xfc, 0x0, 0x3, 0xff, 0xa0, 0x0,
    0x6f, 0xfa, 0x8, 0xff, 0x60, 0x0, 0x3f, 0xfa,
    0x0, 0x0, 0xef, 0xf0, 0xaf, 0xf2, 0x0, 0x3,
    0xff, 0xa0, 0x0, 0xb, 0xff, 0x1b, 0xff, 0x10,
    0x0, 0x1f, 0xf8, 0x0, 0x0, 0xbf, 0xf1, 0x9f,
    0xf3, 0x0, 0x0, 0x24, 0x0, 0x0, 0xd, 0xff,
    0x6, 0xff, 0x90, 0x0, 0x0, 0x0, 0x0, 0x2,
    0xff, 0xd0, 0x1f, 0xff, 0x20, 0x0, 0x0, 0x0,
    0x0, 0xbf, 0xf8, 0x0, 0x9f, 0xfd, 0x20, 0x0,
    0x0, 0x0, 0x9f, 0xfe, 0x10, 0x0, 0xcf, 0xfe,
    0x71, 0x0, 0x4, 0xcf, 0xff, 0x50, 0x0, 0x1,
    0xdf, 0xff, 0xfe, 0xdf, 0xff, 0xff, 0x60, 0x0,
    0x0, 0x0, 0x9f, 0xff, 0xff, 0xff, 0xfd, 0x40,
    0x0, 0x0, 0x0, 0x0, 0x28, 0xce, 0xfd, 0xa5,
    0x0, 0x0, 0x0,

    /* U+F013 "" */
    0x0, 0x0, 0x0, 0x4, 0x66, 0x40, 0x0, 0x0,
    0x0, 0x0, 0x0, 0x0, 0x3f, 0xff, 0xf3, 0x0,
    0x0, 0x0, 0x0, 0x0, 0x0, 0x4f, 0xff, 0xf4,
    0x0, 0x0, 0x0, 0x0, 0x78, 0x17, 0xff, 0xff,
    0xff, 0x71, 0x87, 0x0, 0x4, 0xff, 0xff, 0xff,
    0xff, 0xff, 0xff, 0xff, 0x40, 0xd, 0xff, 0xff,
    0xff, 0xff, 0xff, 0xff, 0xff, 0xd0, 0x3f, 0xff,
    0xff, 0xfe, 0x88, 0xef, 0xff, 0xff, 0xf3, 0x8,
    0xff, 0xff, 0xd0, 0x0, 0xd, 0xff, 0xff, 0x80,
    0x0, 0xaf, 0xff, 0x50, 0x0, 0x5, 0xff, 0xfa,
    0x0, 0x0, 0xbf, 0xff, 0x30, 0x0, 0x3, 0xff,
    0xfb, 0x0, 0x1, 0xcf, 0xff, 0x80, 0x0, 0x8,
    0xff, 0xfc, 0x10, 0x3e, 0xff, 0xff, 0xf6, 0x0,
    0x6f, 0xff, 0xff, 0xe3, 0x1f, 0xff, 0xff, 0xff,
    0xff, 0xff, 0xff, 0xff, 0xf1, 0x9, 0xff, 0xff,
    0xff, 0xff, 0xff, 0xff, 0xff, 0x90, 0x0, 0xdf,
    0x8e, 0xff, 0xff, 0xff, 0xe8, 0xfd, 0x0, 0x0,
    0x11, 0x1, 0x9f, 0xff, 0xf9, 0x10, 0x11, 0x0,
    0x0, 0x0, 0x0, 0x4f, 0xff, 0xf4, 0x0, 0x0,
    0x0, 0x0, 0x0, 0x0, 0x2c, 0xee, 0xd2, 0x0,
    0x0, 0x0, 0x0, 0x0, 0x0, 0x0, 0x0, 0x0,
    0x0, 0x0, 0x0,

    /* U+F015 "" */
    0x0, 0x0, 0x0, 0x0, 0x8, 0x92, 0x0, 0x6b,
    0xb1, 0x0, 0x0, 0x0, 0x0, 0x0, 0x2d, 0xff,
    0xe4, 0xa, 0xff, 0x20, 0x0, 0x0, 0x0, 0x0,
    0x4e, 0xff, 0xff, 0xf6, 0xaf, 0xf2, 0x0, 0x0,
    0x0, 0x0, 0x6f, 0xfe, 0x31, 0xcf, 0xff, 0xff,
    0x20, 0x0, 0x0, 0x0, 0x9f, 0xfd, 0x25, 0x70,
    0xaf, 0xff, 0xf2, 0x0, 0x0, 0x1, 0xbf, 0xfa,
    0x8, 0xff, 0xb0, 0x7f, 0xff, 0x40, 0x0, 0x2,
    0xdf, 0xf8, 0xa, 0xff, 0xff, 0xd2, 0x5f, 0xff,
    0x50, 0x4, 0xff, 0xf5, 0x1d, 0xff, 0xff, 0xff,
    0xe4, 0x2e, 0xff, 0x70, 0xdf, 0xe3, 0x3e, 0xff,
    0xff, 0xff, 0xff, 0xf6, 0x1c, 0xff, 0x13, 0xb1,
    0x5f, 0xff, 0xff, 0xff, 0xff, 0xff, 0xf8, 0x9,
    0x60, 0x0, 0xa, 0xff, 0xff, 0xff, 0xff, 0xff,
    0xff, 0xe0, 0x0, 0x0, 0x0, 0xaf, 0xff, 0xfd,
    0x88, 0xbf, 0xff, 0xfe, 0x0, 0x0, 0x0, 0xa,
    0xff, 0xff, 0x70, 0x3, 0xff, 0xff, 0xe0, 0x0,
    0x0, 0x0, 0xaf, 0xff, 0xf7, 0x0, 0x3f, 0xff,
    0xfe, 0x0, 0x0, 0x0, 0xa, 0xff, 0xff, 0x70,
    0x3, 0xff, 0xff, 0xe0, 0x0, 0x0, 0x0, 0x8f,
    0xff, 0xf5, 0x0, 0x2f, 0xff, 0xfc, 0x0, 0x0,
    0x0, 0x0, 0x0, 0x0, 0x0, 0x0, 0x0, 0x0,
    0x0, 0x0, 0x0,

    /* U+F019 "" */
    0x0, 0x0, 0x0, 0x9, 0xaa, 0x90, 0x0, 0x0,
    0x0, 0x0, 0x0, 0x0, 0x3f, 0xff, 0xf3, 0x0,
    0x0, 0x0, 0x0, 0x0, 0x0, 0x4f, 0xff, 0xf4,
    0x0, 0x0, 0x0, 0x0, 0x0, 0x0, 0x4f, 0xff,
    0xf4, 0x0, 0x0, 0x0, 0x0, 0x0, 0x0, 0x4f,
    0xff, 0xf4, 0x0, 0x0, 0x0, 0x0, 0x0, 0x0,
    0x4f, 0xff, 0xf4, 0x0, 0x0, 0x0, 0x0, 0x0,
    0x0, 0x4f, 0xff, 0xf4, 0x0, 0x0, 0x0, 0x0,
    0xc, 0xee, 0xef, 0xff, 0xfe, 0xee, 0xc0, 0x0,
    0x0, 0x8, 0xff, 0xff, 0xff, 0xff, 0xff, 0x90,
    0x0, 0x0, 0x0, 0x8f, 0xff, 0xff, 0xff, 0xf8,
    0x0, 0x0, 0x0, 0x0, 0x8, 0xff, 0xff, 0xff,
    0x80, 0x0, 0x0, 0x0, 0x0, 0x0, 0x8f, 0xff,
    0xf8, 0x0, 0x0, 0x0, 0x24, 0x44, 0x44, 0x7,
    0xff, 0x70, 0x44, 0x44, 0x42, 0xff, 0xff, 0xff,
    0xc1, 0x66, 0x1d, 0xff, 0xff, 0xff, 0xff, 0xff,
    0xff, 0xfe, 0x66, 0xef, 0xff, 0xff, 0xff, 0xff,
    0xff, 0xff, 0xff, 0xff, 0xff, 0xff, 0xff, 0xff,
    0xff, 0xff, 0xff, 0xff, 0xff, 0xff, 0x66, 0xc4,
    0xff, 0xdf, 0xff, 0xff, 0xff, 0xff, 0xff, 0xff,
    0xff, 0xfd, 0x0, 0x0, 0x0, 0x0, 0x0, 0x0,
    0x0, 0x0, 0x0,

    /* U+F01C "" */
    0x0, 0x0, 0x4, 0x44, 0x44, 0x44, 0x44, 0x41,
    0x0, 0x0, 0x0, 0x0, 0x1e, 0xff, 0xff, 0xff,
    0xff, 0xff, 0xf4, 0x0, 0x0, 0x0, 0xb, 0xff,
    0xff, 0xff, 0xff, 0xff, 0xff, 0xe1, 0x0, 0x0,
    0x6, 0xff, 0x50, 0x0, 0x0, 0x0, 0x1, 0xff,
    0xa0, 0x0, 0x1, 0xff, 0x90, 0x0, 0x0, 0x0,
    0x0, 0x5, 0xff, 0x50, 0x0, 0xbf, 0xd0, 0x0,
    0x0, 0x0, 0x0, 0x0, 0xa, 0xfe, 0x10, 0x6f,
    0xf3, 0x0, 0x0, 0x0, 0x0, 0x0, 0x0, 0x1e,
    0xfa, 0xe, 0xff, 0xcc, 0xcc, 0x20, 0x0, 0x0,
    0xbc, 0xcc, 0xef, 0xf2, 0xff, 0xff, 0xff, 0xfa,
    0x0, 0x0, 0x6f, 0xff, 0xff, 0xff, 0x4f, 0xff,
    0xff, 0xff, 0xf8, 0x88, 0x8e, 0xff, 0xff, 0xff,
    0xf4, 0xff, 0xff, 0xff, 0xff, 0xff, 0xff, 0xff,
    0xff, 0xff, 0xff, 0x4f, 0xff, 0xff, 0xff, 0xff,
    0xff, 0xff, 0xff, 0xff, 0xff, 0xf4, 0xff, 0xff,
    0xff, 0xff, 0xff, 0xff, 0xff, 0xff, 0xff, 0xff,
    0x37, 0xff, 0xff, 0xff, 0xff, 0xff, 0xff, 0xff,
    0xff, 0xff, 0xa0,

    /* U+F021 "" */
    0x0, 0x0, 0x0, 0x15, 0x66, 0x40, 0x0, 0x5,
    0xcb, 0x0, 0x0, 0x3b, 0xff, 0xff, 0xff, 0x92,
    0x7, 0xff, 0x0, 0x7, 0xff, 0xff, 0xff, 0xff,
    0xff, 0x66, 0xff, 0x0, 0x8f, 0xff, 0xa4, 0x12,
    0x5b, 0xff, 0xfd, 0xff, 0x4, 0xff, 0xe4, 0x0,
    0x0, 0x0, 0x4e, 0xff, 0xff, 0xd, 0xff, 0x30,
    0x0, 0x0, 0x45, 0x46, 0xff, 0xff, 0x4f, 0xf7,
    0x0, 0x0, 0x0, 0xdf, 0xff, 0xff, 0xff, 0x8f,
    0xf1, 0x0, 0x0, 0x0, 0xdf, 0xff, 0xff, 0xff,
    0x2, 0x10, 0x0, 0x0, 0x0, 0x12, 0x22, 0x22,
    0x21, 0x0, 0x0, 0x0, 0x0, 0x0, 0x0, 0x0,
    0x0, 0x0, 0x67, 0x77, 0x77, 0x75, 0x0, 0x0,
    0x0, 0x6, 0x73, 0xff, 0xff, 0xff, 0xfe, 0x0,
    0x0, 0x0, 0x3f, 0xf6, 0xff, 0xff, 0xee, 0xfd,
    0x0, 0x0, 0x0, 0xcf, 0xf1, 0xff, 0xff, 0x70,
    0x0, 0x0, 0x0, 0x9, 0xff, 0xa0, 0xff, 0xff,
    0xfb, 0x20, 0x0, 0x2, 0xbf, 0xfe, 0x10, 0xff,
    0x8d, 0xff, 0xfc, 0xa9, 0xcf, 0xff, 0xe2, 0x0,
    0xff, 0x61, 0x9f, 0xff, 0xff, 0xff, 0xfb, 0x10,
    0x0, 0xff, 0x70, 0x1, 0x7c, 0xee, 0xd9, 0x30,
    0x0, 0x0, 0x56, 0x20, 0x0, 0x0, 0x0, 0x0,
    0x0, 0x0, 0x0,

    /* U+F026 "" */
    0x0, 0x0, 0x0, 0x2, 0x40, 0x0, 0x0, 0x2,
    0xef, 0x0, 0x0, 0x2, 0xef, 0xf0, 0x0, 0x3,
    0xef, 0xff, 0xdf, 0xff, 0xff, 0xff, 0xff, 0xff,
    0xff, 0xff, 0xff, 0xff, 0xff, 0xff, 0xff, 0xff,
    0xff, 0xff, 0xff, 0xff, 0xff, 0xff, 0xff, 0xff,
    0xff, 0xff, 0xff, 0xff, 0xff, 0x7b, 0xbb, 0xdf,
    0xff, 0xf0, 0x0, 0x0, 0xbf, 0xff, 0x0, 0x0,
    0x0, 0xbf, 0xf0, 0x0, 0x0, 0x0, 0xbe, 0x0,
    0x0, 0x0, 0x0, 0x0,

    /* U+F027 "" */
    0x0, 0x0, 0x0, 0x2, 0x40, 0x0, 0x0, 0x0,
    0x0, 0x0, 0x2e, 0xf0, 0x0, 0x0, 0x0, 0x0,
    0x2, 0xef, 0xf0, 0x0, 0x0, 0x0, 0x0, 0x3e,
    0xff, 0xf0, 0x0, 0x0, 0xdf, 0xff, 0xff, 0xff,
    0xf0, 0x7, 0x10, 0xff, 0xff, 0xff, 0xff, 0xf0,
    0x3f, 0xd0, 0xff, 0xff, 0xff, 0xff, 0xf0, 0x8,
    0xf5, 0xff, 0xff, 0xff, 0xff, 0xf0, 0x4, 0xf7,
    0xff, 0xff, 0xff, 0xff, 0xf0, 0xd, 0xf3, 0xff,
    0xff, 0xff, 0xff, 0xf0, 0x3f, 0x70, 0x8b, 0xbb,
    0xdf, 0xff, 0xf0, 0x0, 0x0, 0x0, 0x0, 0xb,
    0xff, 0xf0, 0x0, 0x0, 0x0, 0x0, 0x0, 0xbf,
    0xf0, 0x0, 0x0, 0x0, 0x0, 0x0, 0xb, 0xe0,
    0x0, 0x0, 0x0, 0x0, 0x0, 0x0, 0x0, 0x0,
    0x0,

    /* U+F028 "" */
    0x0, 0x0, 0x0, 0x0, 0x0, 0x0, 0x0, 0x1,
    0x0, 0x0, 0x0, 0x0, 0x0, 0x0, 0x0, 0x0,
    0x0, 0x7, 0xf6, 0x0, 0x0, 0x0, 0x0, 0x0,
    0x2, 0x40, 0x0, 0x0, 0x2d, 0xf8, 0x0, 0x0,
    0x0, 0x0, 0x2, 0xef, 0x0, 0x0, 0x40, 0x1c,
    0xf4, 0x0, 0x0, 0x0, 0x2, 0xef, 0xf0, 0x0,
    0x5f, 0xb0, 0x1e, 0xe1, 0x0, 0x0, 0x3, 0xef,
    0xff, 0x0, 0x0, 0xaf, 0xa0, 0x6f, 0x70, 0xdf,
    0xff, 0xff, 0xff, 0xf0, 0x7, 0x10, 0xbf, 0x30,
    0xfd, 0xf, 0xff, 0xff, 0xff, 0xff, 0x3, 0xfd,
    0x3, 0xf9, 0xa, 0xf0, 0xff, 0xff, 0xff, 0xff,
    0xf0, 0x7, 0xf5, 0xe, 0xc0, 0x8f, 0x2f, 0xff,
    0xff, 0xff, 0xff, 0x0, 0x4f, 0x70, 0xdd, 0x7,
    0xf3, 0xff, 0xff, 0xff, 0xff, 0xf0, 0x1d, 0xf3,
    0xf, 0xb0, 0x9f, 0x2f, 0xff, 0xff, 0xff, 0xff,
    0x3, 0xf7, 0x7, 0xf6, 0xc, 0xf0, 0x7b, 0xbb,
    0xdf, 0xff, 0xf0, 0x0, 0x3, 0xfe, 0x12, 0xfa,
    0x0, 0x0, 0x0, 0xbf, 0xff, 0x0, 0x3, 0xff,
    0x40, 0xaf, 0x30, 0x0, 0x0, 0x0, 0xbf, 0xf0,
    0x0, 0x3c, 0x30, 0x6f, 0xa0, 0x0, 0x0, 0x0,
    0x0, 0xbe, 0x0, 0x0, 0x0, 0x6f, 0xe1, 0x0,
    0x0, 0x0, 0x0, 0x0, 0x0, 0x0, 0x0, 0x6f,
    0xd2, 0x0, 0x0, 0x0, 0x0, 0x0, 0x0, 0x0,
    0x0, 0x3, 0x90, 0x0, 0x0,

    /* U+F03E "" */
    0x3a, 0xbb, 0xbb, 0xbb, 0xbb, 0xbb, 0xbb, 0xbb,
    0xa3, 0xef, 0xff, 0xff, 0xff, 0xff, 0xff, 0xff,
    0xff, 0xfe, 0xff, 0xd5, 0x6e, 0xff, 0xff, 0xff,
    0xff, 0xff, 0xff, 0xff, 0x20, 0x4, 0xff, 0xff,
    0xff, 0xff, 0xff, 0xff, 0xff, 0x0, 0x2, 0xff,
    0xff, 0xff, 0xbf, 0xff, 0xff, 0xff, 0x50, 0x7,
    0xff, 0xff, 0xf5, 0x9, 0xff, 0xff, 0xff, 0xfb,
    0xbf, 0xff, 0xff, 0x50, 0x0, 0x9f, 0xff, 0xff,
    0xff, 0xcb, 0xff, 0xf5, 0x0, 0x0, 0x9, 0xff,
    0xff, 0xfc, 0x0, 0xaf, 0x50, 0x0, 0x0, 0x4,
    0xff, 0xff, 0xc0, 0x0, 0x3, 0x0, 0x0, 0x0,
    0x4, 0xff, 0xff, 0x40, 0x0, 0x0, 0x0, 0x0,
    0x0, 0x4, 0xff, 0xff, 0x74, 0x44, 0x44, 0x44,
    0x44, 0x44, 0x47, 0xff, 0xff, 0xff, 0xff, 0xff,
    0xff, 0xff, 0xff, 0xff, 0xff, 0x6f, 0xff, 0xff,
    0xff, 0xff, 0xff, 0xff, 0xff, 0xf6,

    /* U+F043 "" */
    0x0, 0x0, 0x6, 0x90, 0x0, 0x0, 0x0, 0x0,
    0x1, 0xff, 0x40, 0x0, 0x0, 0x0, 0x0, 0x6f,
    0xfa, 0x0, 0x0, 0x0, 0x0, 0xd, 0xff, 0xf2,
    0x0, 0x0, 0x0, 0x5, 0xff, 0xff, 0x90, 0x0,
    0x0, 0x0, 0xef, 0xff, 0xff, 0x30, 0x0, 0x0,
    0x9f, 0xff, 0xff, 0xfd, 0x0, 0x0, 0x5f, 0xff,
    0xff, 0xff, 0xf9, 0x0, 0xe, 0xff, 0xff, 0xff,
    0xff, 0xf3, 0x7, 0xff, 0xff, 0xff, 0xff, 0xff,
    0xa0, 0xcf, 0xff, 0xff, 0xff, 0xff, 0xff, 0xf,
    0xfb, 0xff, 0xff, 0xff, 0xff, 0xf2, 0xff, 0x4a,
    0xff, 0xff, 0xff, 0xff, 0x2c, 0xf8, 0x4f, 0xff,
    0xff, 0xff, 0xf0, 0x7f, 0xf2, 0x5c, 0xff, 0xff,
    0xfb, 0x0, 0xef, 0xe5, 0x8, 0xff, 0xff, 0x30,
    0x2, 0xef, 0xff, 0xff, 0xff, 0x50, 0x0, 0x1,
    0xaf, 0xff, 0xfb, 0x30, 0x0, 0x0, 0x0, 0x3,
    0x31, 0x0, 0x0, 0x0,

    /* U+F048 "" */
    0x6b, 0x90, 0x0, 0x0, 0x3, 0xa2, 0x9f, 0xe0,
    0x0, 0x0, 0x4f, 0xf9, 0x9f, 0xe0, 0x0, 0x5,
    0xff, 0xfa, 0x9f, 0xe0, 0x0, 0x6f, 0xff, 0xfa,
    0x9f, 0xe0, 0x7, 0xff, 0xff, 0xfa, 0x9f, 0xe0,
    0x8f, 0xff, 0xff, 0xfa, 0x9f, 0xe9, 0xff, 0xff,
    0xff, 0xfa, 0x9f, 0xff, 0xff, 0xff, 0xff, 0xfa,
    0x9f, 0xff, 0xff, 0xff, 0xff, 0xfa, 0x9f, 0xfe,
    0xff, 0xff, 0xff, 0xfa, 0x9f, 0xe1, 0xdf, 0xff,
    0xff, 0xfa, 0x9f, 0xe0, 0x1c, 0xff, 0xff, 0xfa,
    0x9f, 0xe0, 0x0, 0xbf, 0xff, 0xfa, 0x9f, 0xe0,
    0x0, 0xa, 0xff, 0xfa, 0x9f, 0xe0, 0x0, 0x0,
    0x9f, 0xfa, 0x9f, 0xe0, 0x0, 0x0, 0x8, 0xf6,
    0x0, 0x0, 0x0, 0x0, 0x0, 0x0,

    /* U+F04B "" */
    0x3a, 0x70, 0x0, 0x0, 0x0, 0x0, 0x0, 0x0,
    0xef, 0xfe, 0x50, 0x0, 0x0, 0x0, 0x0, 0x0,
    0xff, 0xff, 0xfb, 0x20, 0x0, 0x0, 0x0, 0x0,
    0xff, 0xff, 0xff, 0xf8, 0x0, 0x0, 0x0, 0x0,
    0xff, 0xff, 0xff, 0xff, 0xe6, 0x0, 0x0, 0x0,
    0xff, 0xff, 0xff, 0xff, 0xff, 0xc3, 0x0, 0x0,
    0xff, 0xff, 0xff, 0xff, 0xff, 0xff, 0x91, 0x0,
    0xff, 0xff, 0xff, 0xff, 0xff, 0xff, 0xfe, 0x60,
    0xff, 0xff, 0xff, 0xff, 0xff, 0xff, 0xff, 0xf7,
    0xff, 0xff, 0xff, 0xff, 0xff, 0xff, 0xff, 0xfa,
    0xff, 0xff, 0xff, 0xff, 0xff, 0xff, 0xff, 0xe2,
    0xff, 0xff, 0xff, 0xff, 0xff, 0xff, 0xf8, 0x0,
    0xff, 0xff, 0xff, 0xff, 0xff, 0xfb, 0x20, 0x0,
    0xff, 0xff, 0xff, 0xff, 0xfd, 0x40, 0x0, 0x0,
    0xff, 0xff, 0xff, 0xff, 0x70, 0x0, 0x0, 0x0,
    0xff, 0xff, 0xff, 0xa1, 0x0, 0x0, 0x0, 0x0,
    0xff, 0xff, 0xd3, 0x0, 0x0, 0x0, 0x0, 0x0,
    0xaf, 0xe6, 0x0, 0x0, 0x0, 0x0, 0x0, 0x0,
    0x2, 0x0, 0x0, 0x0, 0x0, 0x0, 0x0, 0x0,

    /* U+F04C "" */
    0x3a, 0xbb, 0xb9, 0x10, 0x3, 0xab, 0xbb, 0x91,
    0xef, 0xff, 0xff, 0xa0, 0xe, 0xff, 0xff, 0xfa,
    0xff, 0xff, 0xff, 0xc0, 0xf, 0xff, 0xff, 0xfc,
    0xff, 0xff, 0xff, 0xc0, 0xf, 0xff, 0xff, 0xfc,
    0xff, 0xff, 0xff, 0xc0, 0xf, 0xff, 0xff, 0xfc,
    0xff, 0xff, 0xff, 0xc0, 0xf, 0xff, 0xff, 0xfc,
    0xff, 0xff, 0xff, 0xc0, 0xf, 0xff, 0xff, 0xfc,
    0xff, 0xff, 0xff, 0xc0, 0xf, 0xff, 0xff, 0xfc,
    0xff, 0xff, 0xff, 0xc0, 0xf, 0xff, 0xff, 0xfc,
    0xff, 0xff, 0xff, 0xc0, 0xf, 0xff, 0xff, 0xfc,
    0xff, 0xff, 0xff, 0xc0, 0xf, 0xff, 0xff, 0xfc,
    0xff, 0xff, 0xff, 0xc0, 0xf, 0xff, 0xff, 0xfc,
    0xff, 0xff, 0xff, 0xc0, 0xf, 0xff, 0xff, 0xfc,
    0xff, 0xff, 0xff, 0xc0, 0xf, 0xff, 0xff, 0xfc,
    0xff, 0xff, 0xff, 0xb0, 0xf, 0xff, 0xff, 0xfb,
    0x7f, 0xff, 0xfe, 0x40, 0x7, 0xff, 0xff, 0xe4,
    0x0, 0x0, 0x0, 0x0, 0x0, 0x0, 0x0, 0x0,

    /* U+F04D "" */
    0x3a, 0xbb, 0xbb, 0xbb, 0xbb, 0xbb, 0xbb, 0x91,
    0xef, 0xff, 0xff, 0xff, 0xff, 0xff, 0xff, 0xfa,
    0xff, 0xff, 0xff, 0xff, 0xff, 0xff, 0xff, 0xfc,
    0xff, 0xff, 0xff, 0xff, 0xff, 0xff, 0xff, 0xfc,
    0xff, 0xff, 0xff, 0xff, 0xff, 0xff, 0xff, 0xfc,
    0xff, 0xff, 0xff, 0xff, 0xff, 0xff, 0xff, 0xfc,
    0xff, 0xff, 0xff, 0xff, 0xff, 0xff, 0xff, 0xfc,
    0xff, 0xff, 0xff, 0xff, 0xff, 0xff, 0xff, 0xfc,
    0xff, 0xff, 0xff, 0xff, 0xff, 0xff, 0xff, 0xfc,
    0xff, 0xff, 0xff, 0xff, 0xff, 0xff, 0xff, 0xfc,
    0xff, 0xff, 0xff, 0xff, 0xff, 0xff, 0xff, 0xfc,
    0xff, 0xff, 0xff, 0xff, 0xff, 0xff, 0xff, 0xfc,
    0xff, 0xff, 0xff, 0xff, 0xff, 0xff, 0xff, 0xfc,
    0xff, 0xff, 0xff, 0xff, 0xff, 0xff, 0xff, 0xfc,
    0xff, 0xff, 0xff, 0xff, 0xff, 0xff, 0xff, 0xfb,
    0x7f, 0xff, 0xff, 0xff, 0xff, 0xff, 0xff, 0xe4,
    0x0, 0x0, 0x0, 0x0, 0x0, 0x0, 0x0, 0x0,

    /* U+F051 "" */
    0x4a, 0x20, 0x0, 0x0, 0xa, 0xb4, 0xbf, 0xe3,
    0x0, 0x0, 0xf, 0xf8, 0xcf, 0xff, 0x40, 0x0,
    0xf, 0xf8, 0xcf, 0xff, 0xf5, 0x0, 0xf, 0xf8,
    0xcf, 0xff, 0xff, 0x60, 0xf, 0xf8, 0xcf, 0xff,
    0xff, 0xf7, 0xf, 0xf8, 0xcf, 0xff, 0xff, 0xff,
    0x9f, 0xf8, 0xcf, 0xff, 0xff, 0xff, 0xff, 0xf8,
    0xcf, 0xff, 0xff, 0xff, 0xff, 0xf8, 0xcf, 0xff,
    0xff, 0xff, 0xdf, 0xf8, 0xcf, 0xff, 0xff, 0xfc,
    0x1f, 0xf8, 0xcf, 0xff, 0xff, 0xb0, 0xf, 0xf8,
    0xcf, 0xff, 0xfa, 0x0, 0xf, 0xf8, 0xcf, 0xff,
    0x80, 0x0, 0xf, 0xf8, 0xbf, 0xf7, 0x0, 0x0,
    0xf, 0xf8, 0x7f, 0x60, 0x0, 0x0, 0xf, 0xf7,
    0x0, 0x0, 0x0, 0x0, 0x0, 0x0,

    /* U+F052 "" */
    0x0, 0x0, 0x0, 0x2, 0xca, 0x10, 0x0, 0x0,
    0x0, 0x0, 0x0, 0x0, 0x2e, 0xff, 0xc0, 0x0,
    0x0, 0x0, 0x0, 0x0, 0x1, 0xef, 0xff, 0xfb,
    0x0, 0x0, 0x0, 0x0, 0x0, 0x1d, 0xff, 0xff,
    0xff, 0xa0, 0x0, 0x0, 0x0, 0x0, 0xcf, 0xff,
    0xff, 0xff, 0xf9, 0x0, 0x0, 0x0, 0xb, 0xff,
    0xff, 0xff, 0xff, 0xff, 0x70, 0x0, 0x0, 0xaf,
    0xff, 0xff, 0xff, 0xff, 0xff, 0xf6, 0x0, 0x8,
    0xff, 0xff, 0xff, 0xff, 0xff, 0xff, 0xff, 0x40,
    0xf, 0xff, 0xff, 0xff, 0xff, 0xff, 0xff, 0xff,
    0xb0, 0xa, 0xff, 0xff, 0xff, 0xff, 0xff, 0xff,
    0xff, 0x60, 0x0, 0x34, 0x44, 0x44, 0x44, 0x44,
    0x44, 0x42, 0x0, 0x3, 0x77, 0x77, 0x77, 0x77,
    0x77, 0x77, 0x77, 0x10, 0xf, 0xff, 0xff, 0xff,
    0xff, 0xff, 0xff, 0xff, 0xb0, 0xf, 0xff, 0xff,
    0xff, 0xff, 0xff, 0xff, 0xff, 0xc0, 0xf, 0xff,
    0xff, 0xff, 0xff, 0xff, 0xff, 0xff, 0xb0, 0xc,
    0xff, 0xff, 0xff, 0xff, 0xff, 0xff, 0xff, 0x70,
    0x0, 0x0, 0x0, 0x0, 0x0, 0x0, 0x0, 0x0,
    0x0,

    /* U+F053 "" */
    0x0, 0x0, 0x0, 0x0, 0x41, 0x0, 0x0, 0x0,
    0x0, 0x9f, 0xd0, 0x0, 0x0, 0x0, 0x9f, 0xff,
    0x20, 0x0, 0x0, 0x9f, 0xff, 0x50, 0x0, 0x0,
    0x9f, 0xff, 0x50, 0x0, 0x0, 0x9f, 0xff, 0x50,
    0x0, 0x0, 0x9f, 0xff, 0x50, 0x0, 0x0, 0x9f,
    0xff, 0x50, 0x0, 0x0, 0xe, 0xff, 0xd1, 0x0,
    0x0, 0x0, 0x3e, 0xff, 0xc1, 0x0, 0x0, 0x0,
    0x3e, 0xff, 0xc1, 0x0, 0x0, 0x0, 0x3e, 0xff,
    0xc1, 0x0, 0x0, 0x0, 0x3e, 0xff, 0xc1, 0x0,
    0x0, 0x0, 0x3e, 0xff, 0xc0, 0x0, 0x0, 0x0,
    0x3e, 0xff, 0x20, 0x0, 0x0, 0x0, 0x3c, 0x60,

    /* U+F054 "" */
    0x0, 0x50, 0x0, 0x0, 0x0, 0x0, 0x9f, 0xc1,
    0x0, 0x0, 0x0, 0xe, 0xff, 0xc1, 0x0, 0x0,
    0x0, 0x2e, 0xff, 0xc1, 0x0, 0x0, 0x0, 0x2e,
    0xff, 0xc1, 0x0, 0x0, 0x0, 0x2e, 0xff, 0xc1,
    0x0, 0x0, 0x0, 0x2e, 0xff, 0xc1, 0x0, 0x0,
    0x0, 0x2e, 0xff, 0xc0, 0x0, 0x0, 0x0, 0xaf,
    0xff, 0x20, 0x0, 0x0, 0x9f, 0xff, 0x50, 0x0,
    0x0, 0x9f, 0xff, 0x50, 0x0, 0x0, 0x9f, 0xff,
    0x50, 0x0, 0x0, 0x9f, 0xff, 0x60, 0x0, 0x0,
    0x9f, 0xff, 0x60, 0x0, 0x0, 0xe, 0xff, 0x60,
    0x0, 0x0, 0x0, 0x3d, 0x50, 0x0, 0x0, 0x0,

    /* U+F067 "" */
    0x0, 0x0, 0x0, 0x39, 0x91, 0x0, 0x0, 0x0,
    0x0, 0x0, 0x0, 0xcf, 0xf8, 0x0, 0x0, 0x0,
    0x0, 0x0, 0x0, 0xdf, 0xf9, 0x0, 0x0, 0x0,
    0x0, 0x0, 0x0, 0xdf, 0xf9, 0x0, 0x0, 0x0,
    0x0, 0x0, 0x0, 0xdf, 0xf9, 0x0, 0x0, 0x0,
    0x0, 0x0, 0x0, 0xdf, 0xf9, 0x0, 0x0, 0x0,
    0x36, 0x77, 0x77, 0xef, 0xfc, 0x77, 0x77, 0x61,
    0xef, 0xff, 0xff, 0xff, 0xff, 0xff, 0xff, 0xfa,
    0xff, 0xff, 0xff, 0xff, 0xff, 0xff, 0xff, 0xfb,
    0xae, 0xff, 0xff, 0xff, 0xff, 0xff, 0xff, 0xe6,
    0x0, 0x0, 0x0, 0xdf, 0xf9, 0x0, 0x0, 0x0,
    0x0, 0x0, 0x0, 0xdf, 0xf9, 0x0, 0x0, 0x0,
    0x0, 0x0, 0x0, 0xdf, 0xf9, 0x0, 0x0, 0x0,
    0x0, 0x0, 0x0, 0xdf, 0xf9, 0x0, 0x0, 0x0,
    0x0, 0x0, 0x0, 0xdf, 0xf9, 0x0, 0x0, 0x0,
    0x0, 0x0, 0x0, 0x9f, 0xf5, 0x0, 0x0, 0x0,
    0x0, 0x0, 0x0, 0x1, 0x10, 0x0, 0x0, 0x0,

    /* U+F068 "" */
    0x36, 0x66, 0x66, 0x66, 0x66, 0x66, 0x66, 0x61,
    0xef, 0xff, 0xff, 0xff, 0xff, 0xff, 0xff, 0xfa,
    0xff, 0xff, 0xff, 0xff, 0xff, 0xff, 0xff, 0xfb,
    0xaf, 0xff, 0xff, 0xff, 0xff, 0xff, 0xff, 0xf6,

    /* U+F06E "" */
    0x0, 0x0, 0x0, 0x3, 0x68, 0x87, 0x40, 0x0,
    0x0, 0x0, 0x0, 0x0, 0x0, 0x8e, 0xff, 0xff,
    0xff, 0xf9, 0x20, 0x0, 0x0, 0x0, 0x4, 0xef,
    0xfd, 0x63, 0x25, 0xbf, 0xff, 0x70, 0x0, 0x0,
    0x7, 0xff, 0xfa, 0x0, 0x0, 0x0, 0x7f, 0xff,
    0xa0, 0x0, 0x6, 0xff, 0xfd, 0x0, 0x8, 0xfc,
    0x20, 0x9f, 0xff, 0xa0, 0x2, 0xff, 0xff, 0x50,
    0x0, 0x8f, 0xfe, 0x12, 0xff, 0xff, 0x60, 0xcf,
    0xff, 0xf2, 0x16, 0x7f, 0xff, 0xf5, 0xe, 0xff,
    0xfe, 0x1e, 0xff, 0xff, 0x12, 0xff, 0xff, 0xff,
    0x70, 0xdf, 0xff, 0xf2, 0x6f, 0xff, 0xf3, 0xe,
    0xff, 0xff, 0xf3, 0xf, 0xff, 0xfb, 0x0, 0xbf,
    0xff, 0x90, 0x4f, 0xff, 0xf8, 0x5, 0xff, 0xfe,
    0x10, 0x1, 0xdf, 0xff, 0x40, 0x28, 0x84, 0x1,
    0xef, 0xff, 0x30, 0x0, 0x1, 0xbf, 0xff, 0x60,
    0x0, 0x4, 0xef, 0xfd, 0x30, 0x0, 0x0, 0x0,
    0x6e, 0xff, 0xfb, 0xbe, 0xff, 0xf9, 0x0, 0x0,
    0x0, 0x0, 0x0, 0x5, 0xad, 0xff, 0xeb, 0x71,
    0x0, 0x0, 0x0,

    /* U+F070 "" */
    0x4a, 0x10, 0x0, 0x0, 0x0, 0x0, 0x0, 0x0,
    0x0, 0x0, 0x0, 0xe, 0xfe, 0x30, 0x0, 0x0,
    0x0, 0x0, 0x0, 0x0, 0x0, 0x0, 0x0, 0x5f,
    0xff, 0x60, 0x0, 0x15, 0x78, 0x74, 0x0, 0x0,
    0x0, 0x0, 0x0, 0x2d, 0xff, 0xa6, 0xdf, 0xff,
    0xff, 0xff, 0xa2, 0x0, 0x0, 0x0, 0x0, 0xa,
    0xff, 0xff, 0xe8, 0x32, 0x5b, 0xff, 0xf8, 0x0,
    0x0, 0x0, 0x0, 0x6, 0xff, 0xf6, 0x0, 0x10,
    0x6, 0xff, 0xfb, 0x0, 0x0, 0x0, 0x0, 0x3,
    0xef, 0xf8, 0x7f, 0xd3, 0x9, 0xff, 0xfb, 0x0,
    0x0, 0x1e, 0x70, 0x1, 0xbf, 0xfe, 0xff, 0xf2,
    0x1f, 0xff, 0xf7, 0x0, 0x9, 0xff, 0xa0, 0x0,
    0x8f, 0xff, 0xff, 0x70, 0xdf, 0xff, 0xf1, 0x0,
    0xcf, 0xff, 0xd1, 0x0, 0x5f, 0xff, 0xf9, 0xc,
    0xff, 0xff, 0x30, 0x5, 0xff, 0xff, 0x60, 0x0,
    0x2d, 0xff, 0xb0, 0xef, 0xff, 0xb0, 0x0, 0xa,
    0xff, 0xfc, 0x0, 0x0, 0xa, 0xff, 0xef, 0xff,
    0xe1, 0x0, 0x0, 0xc, 0xff, 0xf6, 0x0, 0x0,
    0x6, 0xff, 0xff, 0xf3, 0x0, 0x0, 0x0, 0xa,
    0xff, 0xf8, 0x10, 0x0, 0x3, 0xef, 0xfa, 0x0,
    0x0, 0x0, 0x0, 0x5, 0xef, 0xff, 0xcb, 0x80,
    0x1, 0xbf, 0xfb, 0x10, 0x0, 0x0, 0x0, 0x0,
    0x5a, 0xdf, 0xfe, 0x70, 0x0, 0x8f, 0xfe, 0x30,
    0x0, 0x0, 0x0, 0x0, 0x0, 0x0, 0x0, 0x0,
    0x0, 0x5f, 0xff, 0x30, 0x0, 0x0, 0x0, 0x0,
    0x0, 0x0, 0x0, 0x0, 0x0, 0x2d, 0xe1, 0x0,
    0x0, 0x0, 0x0, 0x0, 0x0, 0x0, 0x0, 0x0,
    0x0, 0x1, 0x0,

    /* U+F071 "" */
    0x0, 0x0, 0x0, 0x0, 0x1, 0xcd, 0x40, 0x0,
    0x0, 0x0, 0x0, 0x0, 0x0, 0x0, 0x0, 0xa,
    0xff, 0xe0, 0x0, 0x0, 0x0, 0x0, 0x0, 0x0,
    0x0, 0x0, 0x4f, 0xff, 0xf8, 0x0, 0x0, 0x0,
    0x0, 0x0, 0x0, 0x0, 0x0, 0xdf, 0xff, 0xff,
    0x10, 0x0, 0x0, 0x0, 0x0, 0x0, 0x0, 0x6,
    0xff, 0xff, 0xff, 0xa0, 0x0, 0x0, 0x0, 0x0,
    0x0, 0x0, 0xe, 0xff, 0xff, 0xff, 0xf3, 0x0,
    0x0, 0x0, 0x0, 0x0, 0x0, 0x8f, 0xfb, 0x33,
    0x8f, 0xfc, 0x0, 0x0, 0x0, 0x0, 0x0, 0x2,
    0xff, 0xf9, 0x0, 0x6f, 0xff, 0x60, 0x0, 0x0,
    0x0, 0x0, 0xa, 0xff, 0xfa, 0x0, 0x6f, 0xff,
    0xe0, 0x0, 0x0, 0x0, 0x0, 0x4f, 0xff, 0xfb,
    0x0, 0x7f, 0xff, 0xf8, 0x0, 0x0, 0x0, 0x0,
    0xdf, 0xff, 0xfc, 0x0, 0x8f, 0xff, 0xff, 0x10,
    0x0, 0x0, 0x6, 0xff, 0xff, 0xfd, 0x0, 0x9f,
    0xff, 0xff, 0xa0, 0x0, 0x0, 0xe, 0xff, 0xff,
    0xff, 0xcb, 0xff, 0xff, 0xff, 0xf3, 0x0, 0x0,
    0x8f, 0xff, 0xff, 0xfc, 0x0, 0x8f, 0xff, 0xff,
    0xfc, 0x0, 0x2, 0xff, 0xff, 0xff, 0xf9, 0x0,
    0x4f, 0xff, 0xff, 0xff, 0x60, 0xa, 0xff, 0xff,
    0xff, 0xfe, 0x42, 0xcf, 0xff, 0xff, 0xff, 0xe0,
    0xf, 0xff, 0xff, 0xff, 0xff, 0xff, 0xff, 0xff,
    0xff, 0xff, 0xf3, 0x9, 0xff, 0xff, 0xff, 0xff,
    0xff, 0xff, 0xff, 0xff, 0xff, 0xd0, 0x0, 0x23,
    0x33, 0x33, 0x33, 0x33, 0x33, 0x33, 0x33, 0x33,
    0x0,

    /* U+F074 "" */
    0x0, 0x0, 0x0, 0x0, 0x0, 0x0, 0x1, 0x40,
    0x0, 0x0, 0x0, 0x0, 0x0, 0x0, 0x0, 0x7,
    0xf9, 0x0, 0x12, 0x22, 0x10, 0x0, 0x0, 0x1,
    0x29, 0xff, 0x90, 0xff, 0xff, 0xe2, 0x0, 0x0,
    0x6f, 0xff, 0xff, 0xf8, 0xff, 0xff, 0xfe, 0x20,
    0x5, 0xff, 0xff, 0xff, 0xfd, 0x9a, 0xad, 0xff,
    0xd0, 0x5f, 0xff, 0xbd, 0xff, 0xe2, 0x0, 0x0,
    0xcf, 0x44, 0xff, 0xf9, 0x8, 0xfe, 0x20, 0x0,
    0x0, 0x4, 0x4f, 0xff, 0x90, 0x4, 0xd2, 0x0,
    0x0, 0x0, 0x3, 0xff, 0xfa, 0x0, 0x0, 0x10,
    0x0, 0x0, 0x0, 0x3f, 0xff, 0xa1, 0x91, 0x6,
    0xf6, 0x0, 0x0, 0x2, 0xef, 0xfb, 0xc, 0xfc,
    0x8, 0xff, 0x60, 0xef, 0xff, 0xff, 0xb0, 0x1d,
    0xff, 0xff, 0xff, 0xf6, 0xff, 0xff, 0xfc, 0x0,
    0x2, 0xef, 0xff, 0xff, 0xfe, 0xdd, 0xdd, 0xb0,
    0x0, 0x0, 0x2d, 0xde, 0xff, 0xf5, 0x0, 0x0,
    0x0, 0x0, 0x0, 0x0, 0x8, 0xff, 0x50, 0x0,
    0x0, 0x0, 0x0, 0x0, 0x0, 0x6, 0xf5, 0x0,
    0x0, 0x0, 0x0, 0x0, 0x0, 0x0, 0x0, 0x0,
    0x0,

    /* U+F077 "" */
    0x0, 0x0, 0x0, 0x4, 0x20, 0x0, 0x0, 0x0,
    0x0, 0x0, 0x0, 0x5f, 0xe2, 0x0, 0x0, 0x0,
    0x0, 0x0, 0x5, 0xff, 0xfe, 0x20, 0x0, 0x0,
    0x0, 0x0, 0x5f, 0xff, 0xff, 0xe3, 0x0, 0x0,
    0x0, 0x6, 0xff, 0xfa, 0xcf, 0xfe, 0x30, 0x0,
    0x0, 0x6f, 0xff, 0x90, 0xc, 0xff, 0xe3, 0x0,
    0x6, 0xff, 0xf9, 0x0, 0x0, 0xcf, 0xfe, 0x30,
    0x5f, 0xff, 0x90, 0x0, 0x0, 0xc, 0xff, 0xe2,
    0xaf, 0xf9, 0x0, 0x0, 0x0, 0x0, 0xcf, 0xf6,
    0x1b, 0x80, 0x0, 0x0, 0x0, 0x0, 0xb, 0x90,

    /* U+F078 "" */
    0x3, 0x20, 0x0, 0x0, 0x0, 0x0, 0x3, 0x20,
    0x6f, 0xe2, 0x0, 0x0, 0x0, 0x0, 0x5f, 0xf2,
    0xaf, 0xfe, 0x30, 0x0, 0x0, 0x5, 0xff, 0xf6,
    0x1c, 0xff, 0xe3, 0x0, 0x0, 0x5f, 0xff, 0x90,
    0x1, 0xcf, 0xfe, 0x30, 0x5, 0xff, 0xf9, 0x0,
    0x0, 0x1c, 0xff, 0xe3, 0x5f, 0xff, 0x90, 0x0,
    0x0, 0x1, 0xcf, 0xff, 0xff, 0xf9, 0x0, 0x0,
    0x0, 0x0, 0x1c, 0xff, 0xff, 0x90, 0x0, 0x0,
    0x0, 0x0, 0x1, 0xcf, 0xf9, 0x0, 0x0, 0x0,
    0x0, 0x0, 0x0, 0x1b, 0x90, 0x0, 0x0, 0x0,

    /* U+F079 "" */
    0x0, 0x0, 0x26, 0x0, 0x0, 0x0, 0x0, 0x0,
    0x0, 0x0, 0x0, 0x0, 0x0, 0x2, 0xef, 0xa0,
    0x0, 0x44, 0x44, 0x44, 0x44, 0x42, 0x0, 0x0,
    0x0, 0x2e, 0xff, 0xfa, 0x4, 0xff, 0xff, 0xff,
    0xff, 0xfd, 0x0, 0x0, 0x3, 0xef, 0xff, 0xff,
    0xa0, 0xaf, 0xff, 0xff, 0xff, 0xfe, 0x0, 0x0,
    0xe, 0xfd, 0xef, 0xcf, 0xf8, 0x0, 0x0, 0x0,
    0x5, 0xfe, 0x0, 0x0, 0xb, 0xe2, 0xdf, 0x67,
    0xf5, 0x0, 0x0, 0x0, 0x5, 0xfe, 0x0, 0x0,
    0x0, 0x0, 0xdf, 0x60, 0x0, 0x0, 0x0, 0x0,
    0x5, 0xfe, 0x0, 0x0, 0x0, 0x0, 0xdf, 0x60,
    0x0, 0x0, 0x0, 0x0, 0x5, 0xfe, 0x0, 0x0,
    0x0, 0x0, 0xdf, 0x60, 0x0, 0x0, 0x0, 0x4,
    0x15, 0xfe, 0x3, 0x20, 0x0, 0x0, 0xdf, 0x60,
    0x0, 0x0, 0x0, 0x6f, 0xd6, 0xfe, 0x4f, 0xf1,
    0x0, 0x0, 0xdf, 0x94, 0x44, 0x44, 0x41, 0x3f,
    0xff, 0xff, 0xff, 0xc0, 0x0, 0x0, 0xdf, 0xff,
    0xff, 0xff, 0xff, 0x24, 0xff, 0xff, 0xfc, 0x10,
    0x0, 0x0, 0x9f, 0xff, 0xff, 0xff, 0xfe, 0x30,
    0x4f, 0xff, 0xc0, 0x0, 0x0, 0x0, 0x0, 0x0,
    0x0, 0x0, 0x0, 0x0, 0x4, 0xfc, 0x0, 0x0,
    0x0, 0x0, 0x0, 0x0, 0x0, 0x0, 0x0, 0x0,
    0x0, 0x10, 0x0, 0x0,

    /* U+F07B "" */
    0x17, 0x88, 0x88, 0x84, 0x0, 0x0, 0x0, 0x0,
    0x0, 0xcf, 0xff, 0xff, 0xff, 0x50, 0x0, 0x0,
    0x0, 0x0, 0xff, 0xff, 0xff, 0xff, 0xf6, 0x44,
    0x44, 0x44, 0x30, 0xff, 0xff, 0xff, 0xff, 0xff,
    0xff, 0xff, 0xff, 0xfa, 0xff, 0xff, 0xff, 0xff,
    0xff, 0xff, 0xff, 0xff, 0xff, 0xff, 0xff, 0xff,
    0xff, 0xff, 0xff, 0xff, 0xff, 0xff, 0xff, 0xff,
    0xff, 0xff, 0xff, 0xff, 0xff, 0xff, 0xff, 0xff,
    0xff, 0xff, 0xff, 0xff, 0xff, 0xff, 0xff, 0xff,
    0xff, 0xff, 0xff, 0xff, 0xff, 0xff, 0xff, 0xff,
    0xff, 0xff, 0xff, 0xff, 0xff, 0xff, 0xff, 0xff,
    0xff, 0xff, 0xff, 0xff, 0xff, 0xff, 0xff, 0xff,
    0xff, 0xff, 0xff, 0xff, 0xff, 0xff, 0xff, 0xff,
    0xff, 0xff, 0xff, 0xff, 0xff, 0xff, 0xff, 0xff,
    0xff, 0xff, 0xff, 0xff, 0xff, 0x7f, 0xff, 0xff,
    0xff, 0xff, 0xff, 0xff, 0xff, 0xf6,

    /* U+F093 "" */
    0x0, 0x0, 0x0, 0x0, 0x47, 0x0, 0x0, 0x0,
    0x0, 0x0, 0x0, 0x0, 0x4, 0xff, 0x90, 0x0,
    0x0, 0x0, 0x0, 0x0, 0x0, 0x4f, 0xff, 0xf9,
    0x0, 0x0, 0x0, 0x0, 0x0, 0x4, 0xff, 0xff,
    0xff, 0x90, 0x0, 0x0, 0x0, 0x0, 0x4f, 0xff,
    0xff, 0xff, 0xf9, 0x0, 0x0, 0x0, 0x4, 0xff,
    0xff, 0xff, 0xff, 0xff, 0x90, 0x0, 0x0, 0xc,
    0xff, 0xff, 0xff, 0xff, 0xff, 0xf1, 0x0, 0x0,
    0x0, 0x11, 0x2f, 0xff, 0xf7, 0x11, 0x10, 0x0,
    0x0, 0x0, 0x0, 0x1f, 0xff, 0xf6, 0x0, 0x0,
    0x0, 0x0, 0x0, 0x0, 0x1f, 0xff, 0xf6, 0x0,
    0x0, 0x0, 0x0, 0x0, 0x0, 0x1f, 0xff, 0xf6,
    0x0, 0x0, 0x0, 0x0, 0x0, 0x0, 0x1f, 0xff,
    0xf6, 0x0, 0x0, 0x0, 0x24, 0x44, 0x42, 0x1f,
    0xff, 0xf6, 0x24, 0x44, 0x42, 0xff, 0xff, 0xfc,
    0x8, 0xbb, 0xa2, 0xcf, 0xff, 0xff, 0xff, 0xff,
    0xff, 0xa5, 0x55, 0x5a, 0xff, 0xff, 0xff, 0xff,
    0xff, 0xff, 0xff, 0xff, 0xff, 0xff, 0xff, 0xff,
    0xff, 0xff, 0xff, 0xff, 0xff, 0xff, 0x66, 0xc4,
    0xff, 0xdf, 0xff, 0xff, 0xff, 0xff, 0xff, 0xff,
    0xff, 0xfd, 0x0, 0x0, 0x0, 0x0, 0x0, 0x0,
    0x0, 0x0, 0x0,

    /* U+F095 "" */
    0x0, 0x0, 0x0, 0x0, 0x0, 0x0, 0x2, 0xb8,
    0x41, 0x0, 0x0, 0x0, 0x0, 0x0, 0x0, 0x0,
    0x9f, 0xff, 0xfb, 0x0, 0x0, 0x0, 0x0, 0x0,
    0x0, 0x1f, 0xff, 0xff, 0xf0, 0x0, 0x0, 0x0,
    0x0, 0x0, 0x7, 0xff, 0xff, 0xfe, 0x0, 0x0,
    0x0, 0x0, 0x0, 0x0, 0xdf, 0xff, 0xff, 0xc0,
    0x0, 0x0, 0x0, 0x0, 0x0, 0xc, 0xff, 0xff,
    0xf9, 0x0, 0x0, 0x0, 0x0, 0x0, 0x0, 0xa,
    0xff, 0xff, 0x50, 0x0, 0x0, 0x0, 0x0, 0x0,
    0x0, 0xc, 0xff, 0xf1, 0x0, 0x0, 0x0, 0x0,
    0x0, 0x0, 0x3, 0xff, 0xfa, 0x0, 0x0, 0x0,
    0x0, 0x0, 0x0, 0x0, 0xdf, 0xff, 0x20, 0x0,
    0x0, 0x0, 0x0, 0x0, 0x0, 0xaf, 0xff, 0x90,
    0x0, 0x0, 0x4, 0xa5, 0x0, 0x0, 0xaf, 0xff,
    0xd0, 0x0, 0x0, 0x7d, 0xff, 0xf4, 0x2, 0xcf,
    0xff, 0xe2, 0x0, 0x0, 0xdf, 0xff, 0xff, 0xe9,
    0xff, 0xff, 0xf3, 0x0, 0x0, 0xd, 0xff, 0xff,
    0xff, 0xff, 0xff, 0xe2, 0x0, 0x0, 0x0, 0x9f,
    0xff, 0xff, 0xff, 0xff, 0xa1, 0x0, 0x0, 0x0,
    0x6, 0xff, 0xff, 0xff, 0xfc, 0x40, 0x0, 0x0,
    0x0, 0x0, 0x2f, 0xff, 0xfd, 0x83, 0x0, 0x0,
    0x0, 0x0, 0x0, 0x0, 0x23, 0x20, 0x0, 0x0,
    0x0, 0x0, 0x0, 0x0, 0x0,

    /* U+F0C4 "" */
    0x0, 0x35, 0x20, 0x0, 0x0, 0x0, 0x0, 0x0,
    0x1c, 0xff, 0xfa, 0x0, 0x0, 0x1, 0x9c, 0xa1,
    0xaf, 0xfe, 0xff, 0x60, 0x0, 0x2e, 0xff, 0xf9,
    0xef, 0x60, 0xaf, 0xb0, 0x3, 0xef, 0xff, 0xb0,
    0xef, 0x92, 0xcf, 0x90, 0x3e, 0xff, 0xfa, 0x0,
    0x7f, 0xff, 0xff, 0xe6, 0xff, 0xff, 0xa0, 0x0,
    0x8, 0xff, 0xff, 0xff, 0xff, 0xfa, 0x0, 0x0,
    0x0, 0x1, 0xcf, 0xff, 0xff, 0xa0, 0x0, 0x0,
    0x0, 0x0, 0x3f, 0xff, 0xff, 0x10, 0x0, 0x0,
    0x0, 0x36, 0xef, 0xff, 0xff, 0xd1, 0x0, 0x0,
    0x1c, 0xff, 0xff, 0xff, 0xff, 0xfd, 0x10, 0x0,
    0xaf, 0xfe, 0xff, 0xc2, 0xdf, 0xff, 0xd1, 0x0,
    0xef, 0x60, 0xaf, 0xa0, 0x1c, 0xff, 0xfe, 0x20,
    0xef, 0x92, 0xcf, 0xa0, 0x0, 0xcf, 0xff, 0xe2,
    0x7f, 0xff, 0xff, 0x40, 0x0, 0xb, 0xff, 0xf9,
    0x8, 0xff, 0xe5, 0x0, 0x0, 0x0, 0x58, 0x50,
    0x0, 0x1, 0x0, 0x0, 0x0, 0x0, 0x0, 0x0,

    /* U+F0C5 "" */
    0x0, 0x0, 0x6f, 0xff, 0xff, 0xf1, 0x68, 0x0,
    0x0, 0x0, 0xaf, 0xff, 0xff, 0xf1, 0x7f, 0x80,
    0x0, 0x0, 0xaf, 0xff, 0xff, 0xf1, 0x7f, 0xf8,
    0x36, 0x62, 0xaf, 0xff, 0xff, 0xf1, 0x36, 0x66,
    0xff, 0xf6, 0xaf, 0xff, 0xff, 0xf6, 0x22, 0x22,
    0xff, 0xf6, 0xaf, 0xff, 0xff, 0xff, 0xff, 0xfe,
    0xff, 0xf6, 0xaf, 0xff, 0xff, 0xff, 0xff, 0xfe,
    0xff, 0xf6, 0xaf, 0xff, 0xff, 0xff, 0xff, 0xfe,
    0xff, 0xf6, 0xaf, 0xff, 0xff, 0xff, 0xff, 0xfe,
    0xff, 0xf6, 0xaf, 0xff, 0xff, 0xff, 0xff, 0xfe,
    0xff, 0xf6, 0xaf, 0xff, 0xff, 0xff, 0xff, 0xfe,
    0xff, 0xf6, 0xaf, 0xff, 0xff, 0xff, 0xff, 0xfe,
    0xff, 0xf6, 0xaf, 0xff, 0xff, 0xff, 0xff, 0xfe,
    0xff, 0xf6, 0xaf, 0xff, 0xff, 0xff, 0xff, 0xfe,
    0xff, 0xf7, 0x6f, 0xff, 0xff, 0xff, 0xff, 0xfa,
    0xff, 0xfe, 0x30, 0x0, 0x0, 0x0, 0x0, 0x0,
    0xff, 0xff, 0xff, 0xff, 0xff, 0xf1, 0x0, 0x0,
    0xef, 0xff, 0xff, 0xff, 0xff, 0xf0, 0x0, 0x0,
    0x14, 0x44, 0x44, 0x44, 0x44, 0x20, 0x0, 0x0,

    /* U+F0C7 "" */
    0x5, 0x66, 0x66, 0x66, 0x66, 0x64, 0x0, 0x0,
    0xcf, 0xff, 0xff, 0xff, 0xff, 0xff, 0x90, 0x0,
    0xff, 0xed, 0xdd, 0xdd, 0xdd, 0xef, 0xf9, 0x0,
    0xff, 0x40, 0x0, 0x0, 0x0, 0xf, 0xff, 0x90,
    0xff, 0x40, 0x0, 0x0, 0x0, 0xe, 0xff, 0xf6,
    0xff, 0x40, 0x0, 0x0, 0x0, 0xe, 0xff, 0xf9,
    0xff, 0x40, 0x0, 0x0, 0x0, 0xf, 0xff, 0xf9,
    0xff, 0xff, 0xff, 0xff, 0xff, 0xff, 0xff, 0xf9,
    0xff, 0xff, 0xff, 0xff, 0xff, 0xff, 0xff, 0xf9,
    0xff, 0xff, 0xff, 0xc5, 0x7f, 0xff, 0xff, 0xf9,
    0xff, 0xff, 0xfe, 0x0, 0x5, 0xff, 0xff, 0xf9,
    0xff, 0xff, 0xfa, 0x0, 0x1, 0xff, 0xff, 0xf9,
    0xff, 0xff, 0xfd, 0x0, 0x4, 0xff, 0xff, 0xf9,
    0xff, 0xff, 0xff, 0x93, 0x4d, 0xff, 0xff, 0xf9,
    0xff, 0xff, 0xff, 0xff, 0xff, 0xff, 0xff, 0xf8,
    0x8f, 0xff, 0xff, 0xff, 0xff, 0xff, 0xff, 0xe3,
    0x1, 0x22, 0x22, 0x22, 0x22, 0x22, 0x21, 0x0,

    /* U+F0C9 "" */
    0x79, 0x99, 0x99, 0x99, 0x99, 0x99, 0x99, 0x95,
    0xff, 0xff, 0xff, 0xff, 0xff, 0xff, 0xff, 0xfc,
    0xdf, 0xff, 0xff, 0xff, 0xff, 0xff, 0xff, 0xfa,
    0x0, 0x0, 0x0, 0x0, 0x0, 0x0, 0x0, 0x0,
    0x0, 0x0, 0x0, 0x0, 0x0, 0x0, 0x0, 0x0,
    0x0, 0x0, 0x0, 0x0, 0x0, 0x0, 0x0, 0x0,
    0xef, 0xff, 0xff, 0xff, 0xff, 0xff, 0xff, 0xfa,
    0xff, 0xff, 0xff, 0xff, 0xff, 0xff, 0xff, 0xfb,
    0x68, 0x88, 0x88, 0x88, 0x88, 0x88, 0x88, 0x84,
    0x0, 0x0, 0x0, 0x0, 0x0, 0x0, 0x0, 0x0,
    0x0, 0x0, 0x0, 0x0, 0x0, 0x0, 0x0, 0x0,
    0x67, 0x77, 0x77, 0x77, 0x77, 0x77, 0x77, 0x74,
    0xff, 0xff, 0xff, 0xff, 0xff, 0xff, 0xff, 0xfb,
    0xef, 0xff, 0xff, 0xff, 0xff, 0xff, 0xff, 0xfa,
    0x0, 0x0, 0x0, 0x0, 0x0, 0x0, 0x0, 0x0,

    /* U+F0E0 "" */
    0x3, 0x44, 0x44, 0x44, 0x44, 0x44, 0x44, 0x44,
    0x30, 0xaf, 0xff, 0xff, 0xff, 0xff, 0xff, 0xff,
    0xff, 0xfa, 0xff, 0xff, 0xff, 0xff, 0xff, 0xff,
    0xff, 0xff, 0xff, 0xcf, 0xff, 0xff, 0xff, 0xff,
    0xff, 0xff, 0xff, 0xfc, 0xa, 0xff, 0xff, 0xff,
    0xff, 0xff, 0xff, 0xff, 0xa0, 0xa1, 0x6f, 0xff,
    0xff, 0xff, 0xff, 0xff, 0xf6, 0x3d, 0xfe, 0x42,
    0xdf, 0xff, 0xff, 0xff, 0xfd, 0x26, 0xff, 0xff,
    0xf9, 0x19, 0xff, 0xff, 0xff, 0x91, 0xbf, 0xff,
    0xff, 0xff, 0xd3, 0x5f, 0xff, 0xe5, 0x4e, 0xff,
    0xff, 0xff, 0xff, 0xff, 0x71, 0x99, 0x17, 0xff,
    0xff, 0xff, 0xff, 0xff, 0xff, 0xfd, 0x77, 0xdf,
    0xff, 0xff, 0xff, 0xff, 0xff, 0xff, 0xff, 0xff,
    0xff, 0xff, 0xff, 0xff, 0xff, 0xff, 0xff, 0xff,
    0xff, 0xff, 0xff, 0xff, 0xff, 0x7f, 0xff, 0xff,
    0xff, 0xff, 0xff, 0xff, 0xff, 0xf6,

    /* U+F0E7 "" */
    0x0, 0xaf, 0xff, 0xff, 0xa0, 0x0, 0x0, 0xf,
    0xff, 0xff, 0xfb, 0x0, 0x0, 0x1, 0xff, 0xff,
    0xff, 0x60, 0x0, 0x0, 0x3f, 0xff, 0xff, 0xf1,
    0x0, 0x0, 0x5, 0xff, 0xff, 0xfb, 0x0, 0x0,
    0x0, 0x8f, 0xff, 0xff, 0xa5, 0x55, 0x40, 0xa,
    0xff, 0xff, 0xff, 0xff, 0xff, 0x30, 0xcf, 0xff,
    0xff, 0xff, 0xff, 0xc0, 0xe, 0xff, 0xff, 0xff,
    0xff, 0xf3, 0x0, 0xef, 0xff, 0xff, 0xff, 0xfa,
    0x0, 0x1, 0x22, 0x23, 0xff, 0xff, 0x10, 0x0,
    0x0, 0x0, 0x4f, 0xff, 0x70, 0x0, 0x0, 0x0,
    0x8, 0xff, 0xe0, 0x0, 0x0, 0x0, 0x0, 0xcf,
    0xf5, 0x0, 0x0, 0x0, 0x0, 0xf, 0xfc, 0x0,
    0x0, 0x0, 0x0, 0x3, 0xff, 0x30, 0x0, 0x0,
    0x0, 0x0, 0x7f, 0x90, 0x0, 0x0, 0x0, 0x0,
    0x7, 0xe1, 0x0, 0x0, 0x0, 0x0, 0x0, 0x0,
    0x0, 0x0, 0x0, 0x0,

    /* U+F0EA "" */
    0x0, 0x0, 0x8d, 0x90, 0x0, 0x0, 0x0, 0x0,
    0x8b, 0xbc, 0xfa, 0xfd, 0xbb, 0x90, 0x0, 0x0,
    0xff, 0xff, 0xd0, 0xcf, 0xff, 0xf1, 0x0, 0x0,
    0xff, 0xff, 0xf8, 0xff, 0xff, 0xf1, 0x0, 0x0,
    0xff, 0xff, 0xff, 0xff, 0xff, 0xf1, 0x0, 0x0,
    0xff, 0xff, 0xf3, 0x0, 0x0, 0x0, 0x0, 0x0,
    0xff, 0xff, 0x95, 0xff, 0xff, 0xf1, 0x79, 0x0,
    0xff, 0xff, 0x88, 0xff, 0xff, 0xf1, 0x7f, 0xb0,
    0xff, 0xff, 0x88, 0xff, 0xff, 0xf1, 0x7f, 0xfa,
    0xff, 0xff, 0x88, 0xff, 0xff, 0xf2, 0x2, 0x21,
    0xff, 0xff, 0x88, 0xff, 0xff, 0xff, 0xdd, 0xdc,
    0xff, 0xff, 0x88, 0xff, 0xff, 0xff, 0xff, 0xfe,
    0xff, 0xff, 0x88, 0xff, 0xff, 0xff, 0xff, 0xfe,
    0xff, 0xff, 0x88, 0xff, 0xff, 0xff, 0xff, 0xfe,
    0x7a, 0xaa, 0x58, 0xff, 0xff, 0xff, 0xff, 0xfe,
    0x0, 0x0, 0x8, 0xff, 0xff, 0xff, 0xff, 0xfe,
    0x0, 0x0, 0x8, 0xff, 0xff, 0xff, 0xff, 0xfe,
    0x0, 0x0, 0x6, 0xff, 0xff, 0xff, 0xff, 0xfc,
    0x0, 0x0, 0x0, 0x0, 0x0, 0x0, 0x0, 0x0,

    /* U+F0F3 "" */
    0x0, 0x0, 0x0, 0x8, 0x60, 0x0, 0x0, 0x0,
    0x0, 0x0, 0x0, 0x3f, 0xf0, 0x0, 0x0, 0x0,
    0x0, 0x0, 0x6, 0xcf, 0xfa, 0x40, 0x0, 0x0,
    0x0, 0x1, 0xcf, 0xff, 0xff, 0xf9, 0x0, 0x0,
    0x0, 0xc, 0xff, 0xff, 0xff, 0xff, 0x80, 0x0,
    0x0, 0x5f, 0xff, 0xff, 0xff, 0xff, 0xf1, 0x0,
    0x0, 0x9f, 0xff, 0xff, 0xff, 0xff, 0xf5, 0x0,
    0x0, 0xbf, 0xff, 0xff, 0xff, 0xff, 0xf7, 0x0,
    0x0, 0xcf, 0xff, 0xff, 0xff, 0xff, 0xf8, 0x0,
    0x0, 0xef, 0xff, 0xff, 0xff, 0xff, 0xfa, 0x0,
    0x2, 0xff, 0xff, 0xff, 0xff, 0xff, 0xfe, 0x0,
    0x8, 0xff, 0xff, 0xff, 0xff, 0xff, 0xff, 0x40,
    0x3f, 0xff, 0xff, 0xff, 0xff, 0xff, 0xff, 0xd1,
    0xef, 0xff, 0xff, 0xff, 0xff, 0xff, 0xff, 0xfa,
    0xaf, 0xff, 0xff, 0xff, 0xff, 0xff, 0xff, 0xf7,
    0x0, 0x0, 0x0, 0x0, 0x0, 0x0, 0x0, 0x0,
    0x0, 0x0, 0x4, 0xff, 0xff, 0x0, 0x0, 0x0,
    0x0, 0x0, 0x0, 0xbf, 0xf7, 0x0, 0x0, 0x0,
    0x0, 0x0, 0x0, 0x2, 0x10, 0x0, 0x0, 0x0,

    /* U+F11C "" */
    0x4, 0x44, 0x44, 0x44, 0x44, 0x44, 0x44, 0x44,
    0x44, 0x41, 0xb, 0xff, 0xff, 0xff, 0xff, 0xff,
    0xff, 0xff, 0xff, 0xff, 0xe0, 0xff, 0xff, 0xff,
    0xff, 0xff, 0xff, 0xff, 0xff, 0xff, 0xff, 0x3f,
    0xf4, 0x4, 0xd0, 0x2f, 0x0, 0xf3, 0x3, 0xf0,
    0xf, 0xf4, 0xff, 0x40, 0x5d, 0x2, 0xf0, 0xf,
    0x40, 0x4f, 0x0, 0xff, 0x4f, 0xff, 0xff, 0xff,
    0xff, 0xff, 0xff, 0xff, 0xff, 0xff, 0xf4, 0xff,
    0xff, 0x22, 0xb7, 0x29, 0xa2, 0x4f, 0x42, 0xcf,
    0xff, 0x4f, 0xff, 0xf0, 0xa, 0x60, 0x79, 0x2,
    0xf2, 0xb, 0xff, 0xf4, 0xff, 0xff, 0xdd, 0xfe,
    0xdf, 0xfd, 0xef, 0xed, 0xff, 0xff, 0x4f, 0xf8,
    0x48, 0xe4, 0x44, 0x44, 0x44, 0x47, 0xf4, 0x5f,
    0xf4, 0xff, 0x40, 0x4d, 0x0, 0x0, 0x0, 0x0,
    0x3e, 0x0, 0xff, 0x4f, 0xf7, 0x48, 0xe4, 0x44,
    0x44, 0x44, 0x47, 0xf4, 0x4f, 0xf4, 0xff, 0xff,
    0xff, 0xff, 0xff, 0xff, 0xff, 0xff, 0xff, 0xff,
    0x37, 0xff, 0xff, 0xff, 0xff, 0xff, 0xff, 0xff,
    0xff, 0xff, 0xa0,

    /* U+F124 "" */
    0x0, 0x0, 0x0, 0x0, 0x0, 0x0, 0x0, 0x0,
    0x0, 0x0, 0x0, 0x0, 0x0, 0x0, 0x0, 0x0,
    0x0, 0x1, 0x8b, 0x30, 0x0, 0x0, 0x0, 0x0,
    0x0, 0x0, 0x2, 0xaf, 0xff, 0xd0, 0x0, 0x0,
    0x0, 0x0, 0x0, 0x3, 0xbf, 0xff, 0xff, 0xd0,
    0x0, 0x0, 0x0, 0x0, 0x5, 0xcf, 0xff, 0xff,
    0xff, 0x70, 0x0, 0x0, 0x0, 0x6, 0xdf, 0xff,
    0xff, 0xff, 0xfe, 0x0, 0x0, 0x0, 0x17, 0xef,
    0xff, 0xff, 0xff, 0xff, 0xf8, 0x0, 0x0, 0x29,
    0xff, 0xff, 0xff, 0xff, 0xff, 0xff, 0xf1, 0x0,
    0x7, 0xff, 0xff, 0xff, 0xff, 0xff, 0xff, 0xff,
    0x90, 0x0, 0xf, 0xff, 0xff, 0xff, 0xff, 0xff,
    0xff, 0xff, 0x20, 0x0, 0xb, 0xff, 0xff, 0xff,
    0xff, 0xff, 0xff, 0xfb, 0x0, 0x0, 0x0, 0x56,
    0x66, 0x66, 0x7f, 0xff, 0xff, 0xf3, 0x0, 0x0,
    0x0, 0x0, 0x0, 0x0, 0x2f, 0xff, 0xff, 0xc0,
    0x0, 0x0, 0x0, 0x0, 0x0, 0x0, 0x2f, 0xff,
    0xff, 0x50, 0x0, 0x0, 0x0, 0x0, 0x0, 0x0,
    0x2f, 0xff, 0xfd, 0x0, 0x0, 0x0, 0x0, 0x0,
    0x0, 0x0, 0x2f, 0xff, 0xf6, 0x0, 0x0, 0x0,
    0x0, 0x0, 0x0, 0x0, 0x2f, 0xff, 0xe0, 0x0,
    0x0, 0x0, 0x0, 0x0, 0x0, 0x0, 0x1f, 0xff,
    0x70, 0x0, 0x0, 0x0, 0x0, 0x0, 0x0, 0x0,
    0xc, 0xfd, 0x0, 0x0, 0x0, 0x0, 0x0, 0x0,
    0x0, 0x0, 0x0, 0x30, 0x0, 0x0, 0x0, 0x0,

    /* U+F15B "" */
    0x58, 0x88, 0x88, 0x87, 0x6, 0x0, 0x0, 0xff,
    0xff, 0xff, 0xfe, 0xf, 0x90, 0x0, 0xff, 0xff,
    0xff, 0xfe, 0xf, 0xf9, 0x0, 0xff, 0xff, 0xff,
    0xfe, 0xf, 0xff, 0x90, 0xff, 0xff, 0xff, 0xfe,
    0xf, 0xff, 0xf5, 0xff, 0xff, 0xff, 0xff, 0x32,
    0x22, 0x21, 0xff, 0xff, 0xff, 0xff, 0xff, 0xff,
    0xf8, 0xff, 0xff, 0xff, 0xff, 0xff, 0xff, 0xf8,
    0xff, 0xff, 0xff, 0xff, 0xff, 0xff, 0xf8, 0xff,
    0xff, 0xff, 0xff, 0xff, 0xff, 0xf8, 0xff, 0xff,
    0xff, 0xff, 0xff, 0xff, 0xf8, 0xff, 0xff, 0xff,
    0xff, 0xff, 0xff, 0xf8, 0xff, 0xff, 0xff, 0xff,
    0xff, 0xff, 0xf8, 0xff, 0xff, 0xff, 0xff, 0xff,
    0xff, 0xf8, 0xff, 0xff, 0xff, 0xff, 0xff, 0xff,
    0xf8, 0xff, 0xff, 0xff, 0xff, 0xff, 0xff, 0xf8,
    0xff, 0xff, 0xff, 0xff, 0xff, 0xff, 0xf8, 0xef,
    0xff, 0xff, 0xff, 0xff, 0xff, 0xf6, 0x14, 0x44,
    0x44, 0x44, 0x44, 0x44, 0x30,

    /* U+F1EB "" */
    0x0, 0x0, 0x0, 0x0, 0x0, 0x0, 0x0, 0x0,
    0x0, 0x0, 0x0, 0x0, 0x0, 0x0, 0x0, 0x36,
    0x89, 0xa9, 0x74, 0x10, 0x0, 0x0, 0x0, 0x0,
    0x0, 0x29, 0xef, 0xff, 0xff, 0xff, 0xff, 0xc6,
    0x0, 0x0, 0x0, 0x1, 0xaf, 0xff, 0xff, 0xff,
    0xff, 0xff, 0xff, 0xfe, 0x60, 0x0, 0x6, 0xff,
    0xff, 0xfc, 0x75, 0x43, 0x46, 0x9e, 0xff, 0xff,
    0xb1, 0x8, 0xff, 0xfe, 0x71, 0x0, 0x0, 0x0,
    0x0, 0x3, 0xcf, 0xff, 0xe2, 0xcf, 0xfa, 0x10,
    0x0, 0x0, 0x0, 0x0, 0x0, 0x0, 0x4e, 0xff,
    0x40, 0xb6, 0x0, 0x0, 0x59, 0xde, 0xfe, 0xc7,
    0x20, 0x0, 0x1b, 0x50, 0x0, 0x0, 0x5, 0xdf,
    0xff, 0xff, 0xff, 0xff, 0xa1, 0x0, 0x0, 0x0,
    0x0, 0x9, 0xff, 0xff, 0xfe, 0xde, 0xff, 0xff,
    0xe3, 0x0, 0x0, 0x0, 0x0, 0xdf, 0xfc, 0x40,
    0x0, 0x2, 0x8f, 0xff, 0x50, 0x0, 0x0, 0x0,
    0x1, 0xb6, 0x0, 0x0, 0x0, 0x0, 0x1b, 0x60,
    0x0, 0x0, 0x0, 0x0, 0x0, 0x0, 0x0, 0x35,
    0x0, 0x0, 0x0, 0x0, 0x0, 0x0, 0x0, 0x0,
    0x0, 0x0, 0x7f, 0xfe, 0x10, 0x0, 0x0, 0x0,
    0x0, 0x0, 0x0, 0x0, 0x0, 0xe, 0xff, 0xf6,
    0x0, 0x0, 0x0, 0x0, 0x0, 0x0, 0x0, 0x0,
    0x0, 0xdf, 0xff, 0x50, 0x0, 0x0, 0x0, 0x0,
    0x0, 0x0, 0x0, 0x0, 0x4, 0xff, 0xb0, 0x0,
    0x0, 0x0, 0x0, 0x0, 0x0, 0x0, 0x0, 0x0,
    0x0, 0x10, 0x0, 0x0, 0x0, 0x0, 0x0,

    /* U+F240 "" */
    0x4, 0x44, 0x44, 0x44, 0x44, 0x44, 0x44, 0x44,
    0x44, 0x44, 0x10, 0xa, 0xff, 0xff, 0xff, 0xff,
    0xff, 0xff, 0xff, 0xff, 0xff, 0xfe, 0x10, 0xff,
    0xff, 0xff, 0xff, 0xff, 0xff, 0xff, 0xff, 0xff,
    0xff, 0xf5, 0xf, 0xf4, 0x0, 0x0, 0x0, 0x0,
    0x0, 0x0, 0x0, 0x0, 0xff, 0xf3, 0xff, 0x4a,
    0xff, 0xff, 0xff, 0xff, 0xff, 0xff, 0xff, 0xf,
    0xff, 0x5f, 0xf4, 0xaf, 0xff, 0xff, 0xff, 0xff,
    0xff, 0xff, 0xf0, 0x3f, 0xf5, 0xff, 0x4a, 0xff,
    0xff, 0xff, 0xff, 0xff, 0xff, 0xff, 0x0, 0xef,
    0x5f, 0xf4, 0xaf, 0xff, 0xff, 0xff, 0xff, 0xff,
    0xff, 0xf0, 0x8f, 0xf5, 0xff, 0x45, 0x88, 0x88,
    0x88, 0x88, 0x88, 0x88, 0x88, 0xf, 0xff, 0x5f,
    0xf7, 0x44, 0x44, 0x44, 0x44, 0x44, 0x44, 0x44,
    0x45, 0xff, 0xc1, 0xff, 0xff, 0xff, 0xff, 0xff,
    0xff, 0xff, 0xff, 0xff, 0xff, 0xf5, 0x6, 0xef,
    0xff, 0xff, 0xff, 0xff, 0xff, 0xff, 0xff, 0xff,
    0xfb, 0x0,

    /* U+F241 "" */
    0x4, 0x44, 0x44, 0x44, 0x44, 0x44, 0x44, 0x44,
    0x44, 0x44, 0x10, 0xa, 0xff, 0xff, 0xff, 0xff,
    0xff, 0xff, 0xff, 0xff, 0xff, 0xfe, 0x10, 0xff,
    0xff, 0xff, 0xff, 0xff, 0xff, 0xff, 0xff, 0xff,
    0xff, 0xf5, 0xf, 0xf4, 0x0, 0x0, 0x0, 0x0,
    0x0, 0x0, 0x0, 0x0, 0xff, 0xf3, 0xff, 0x4d,
    0xff, 0xff, 0xff, 0xff, 0xff, 0x60, 0x0, 0xf,
    0xff, 0x5f, 0xf4, 0xdf, 0xff, 0xff, 0xff, 0xff,
    0xf6, 0x0, 0x0, 0x3f, 0xf5, 0xff, 0x4d, 0xff,
    0xff, 0xff, 0xff, 0xff, 0x60, 0x0, 0x0, 0xef,
    0x5f, 0xf4, 0xdf, 0xff, 0xff, 0xff, 0xff, 0xf6,
    0x0, 0x0, 0x8f, 0xf5, 0xff, 0x46, 0x88, 0x88,
    0x88, 0x88, 0x88, 0x30, 0x0, 0xf, 0xff, 0x5f,
    0xf7, 0x44, 0x44, 0x44, 0x44, 0x44, 0x44, 0x44,
    0x45, 0xff, 0xc1, 0xff, 0xff, 0xff, 0xff, 0xff,
    0xff, 0xff, 0xff, 0xff, 0xff, 0xf5, 0x6, 0xef,
    0xff, 0xff, 0xff, 0xff, 0xff, 0xff, 0xff, 0xff,
    0xfb, 0x0,

    /* U+F242 "" */
    0x4, 0x44, 0x44, 0x44, 0x44, 0x44, 0x44, 0x44,
    0x44, 0x44, 0x10, 0xa, 0xff, 0xff, 0xff, 0xff,
    0xff, 0xff, 0xff, 0xff, 0xff, 0xfe, 0x10, 0xff,
    0xff, 0xff, 0xff, 0xff, 0xff, 0xff, 0xff, 0xff,
    0xff, 0xf5, 0xf, 0xf4, 0x0, 0x0, 0x0, 0x0,
    0x0, 0x0, 0x0, 0x0, 0xff, 0xf3, 0xff, 0x4c,
    0xff, 0xff, 0xff, 0xf1, 0x0, 0x0, 0x0, 0xf,
    0xff, 0x5f, 0xf4, 0xcf, 0xff, 0xff, 0xff, 0x10,
    0x0, 0x0, 0x0, 0x3f, 0xf5, 0xff, 0x4c, 0xff,
    0xff, 0xff, 0xf1, 0x0, 0x0, 0x0, 0x0, 0xef,
    0x5f, 0xf4, 0xcf, 0xff, 0xff, 0xff, 0x10, 0x0,
    0x0, 0x0, 0x8f, 0xf5, 0xff, 0x46, 0x88, 0x88,
    0x88, 0x80, 0x0, 0x0, 0x0, 0xf, 0xff, 0x5f,
    0xf7, 0x44, 0x44, 0x44, 0x44, 0x44, 0x44, 0x44,
    0x45, 0xff, 0xc1, 0xff, 0xff, 0xff, 0xff, 0xff,
    0xff, 0xff, 0xff, 0xff, 0xff, 0xf5, 0x6, 0xef,
    0xff, 0xff, 0xff, 0xff, 0xff, 0xff, 0xff, 0xff,
    0xfb, 0x0,

    /* U+F243 "" */
    0x4, 0x44, 0x44, 0x44, 0x44, 0x44, 0x44, 0x44,
    0x44, 0x44, 0x10, 0xa, 0xff, 0xff, 0xff, 0xff,
    0xff, 0xff, 0xff, 0xff, 0xff, 0xfe, 0x10, 0xff,
    0xff, 0xff, 0xff, 0xff, 0xff, 0xff, 0xff, 0xff,
    0xff, 0xf5, 0xf, 0xf4, 0x0, 0x0, 0x0, 0x0,
    0x0, 0x0, 0x0, 0x0, 0xff, 0xf3, 0xff, 0x49,
    0xff, 0xfe, 0x0, 0x0, 0x0, 0x0, 0x0, 0xf,
    0xff, 0x5f, 0xf4, 0x9f, 0xff, 0xe0, 0x0, 0x0,
    0x0, 0x0, 0x0, 0x3f, 0xf5, 0xff, 0x49, 0xff,
    0xfe, 0x0, 0x0, 0x0, 0x0, 0x0, 0x0, 0xef,
    0x5f, 0xf4, 0x9f, 0xff, 0xe0, 0x0, 0x0, 0x0,
    0x0, 0x0, 0x8f, 0xf5, 0xff, 0x44, 0x88, 0x87,
    0x0, 0x0, 0x0, 0x0, 0x0, 0xf, 0xff, 0x5f,
    0xf7, 0x44, 0x44, 0x44, 0x44, 0x44, 0x44, 0x44,
    0x45, 0xff, 0xc1, 0xff, 0xff, 0xff, 0xff, 0xff,
    0xff, 0xff, 0xff, 0xff, 0xff, 0xf5, 0x6, 0xef,
    0xff, 0xff, 0xff, 0xff, 0xff, 0xff, 0xff, 0xff,
    0xfb, 0x0,

    /* U+F244 "" */
    0x4, 0x44, 0x44, 0x44, 0x44, 0x44, 0x44, 0x44,
    0x44, 0x44, 0x10, 0xa, 0xff, 0xff, 0xff, 0xff,
    0xff, 0xff, 0xff, 0xff, 0xff, 0xfe, 0x10, 0xff,
    0xff, 0xff, 0xff, 0xff, 0xff, 0xff, 0xff, 0xff,
    0xff, 0xf5, 0xf, 0xf4, 0x0, 0x0, 0x0, 0x0,
    0x0, 0x0, 0x0, 0x0, 0xff, 0xf3, 0xff, 0x40,
    0x0, 0x0, 0x0, 0x0, 0x0, 0x0, 0x0, 0xf,
    0xff, 0x5f, 0xf4, 0x0, 0x0, 0x0, 0x0, 0x0,
    0x0, 0x0, 0x0, 0x3f, 0xf5, 0xff, 0x40, 0x0,
    0x0, 0x0, 0x0, 0x0, 0x0, 0x0, 0x0, 0xef,
    0x5f, 0xf4, 0x0, 0x0, 0x0, 0x0, 0x0, 0x0,
    0x0, 0x0, 0x8f, 0xf5, 0xff, 0x40, 0x0, 0x0,
    0x0, 0x0, 0x0, 0x0, 0x0, 0xf, 0xff, 0x5f,
    0xf7, 0x44, 0x44, 0x44, 0x44, 0x44, 0x44, 0x44,
    0x45, 0xff, 0xc1, 0xff, 0xff, 0xff, 0xff, 0xff,
    0xff, 0xff, 0xff, 0xff, 0xff, 0xf5, 0x6, 0xef,
    0xff, 0xff, 0xff, 0xff, 0xff, 0xff, 0xff, 0xff,
    0xfb, 0x0,

    /* U+F287 "" */
    0x0, 0x0, 0x0, 0x0, 0x0, 0x0, 0x78, 0x10,
    0x0, 0x0, 0x0, 0x0, 0x0, 0x0, 0x0, 0x0,
    0x26, 0x9f, 0xfd, 0x0, 0x0, 0x0, 0x0, 0x0,
    0x0, 0x0, 0x0, 0x4f, 0xef, 0xff, 0xf0, 0x0,
    0x0, 0x0, 0x0, 0x0, 0x0, 0x0, 0xe, 0x80,
    0x2e, 0xf7, 0x0, 0x0, 0x0, 0x0, 0x0, 0x20,
    0x0, 0x6, 0xe0, 0x0, 0x0, 0x0, 0x0, 0x0,
    0x0, 0x3, 0xef, 0xe3, 0x0, 0xd7, 0x0, 0x0,
    0x0, 0x0, 0x2, 0xa1, 0x0, 0xcf, 0xff, 0xd4,
    0x9f, 0x55, 0x55, 0x55, 0x55, 0x55, 0x7f, 0xf7,
    0xf, 0xff, 0xff, 0xff, 0xff, 0xff, 0xff, 0xff,
    0xff, 0xff, 0xff, 0xf5, 0xaf, 0xff, 0xa0, 0x0,
    0xb, 0xb0, 0x0, 0x0, 0x0, 0x3f, 0xb2, 0x0,
    0x9c, 0x90, 0x0, 0x0, 0x3f, 0x30, 0x0, 0x0,
    0x1, 0x50, 0x0, 0x0, 0x0, 0x0, 0x0, 0x0,
    0xbb, 0x2, 0xbb, 0xb5, 0x0, 0x0, 0x0, 0x0,
    0x0, 0x0, 0x0, 0x2, 0xf9, 0x9f, 0xff, 0x80,
    0x0, 0x0, 0x0, 0x0, 0x0, 0x0, 0x0, 0x3,
    0xbd, 0xff, 0xf8, 0x0, 0x0, 0x0, 0x0, 0x0,
    0x0, 0x0, 0x0, 0x0, 0x3f, 0xff, 0x80, 0x0,
    0x0, 0x0, 0x0, 0x0, 0x0, 0x0, 0x0, 0x0,
    0x0, 0x0, 0x0, 0x0, 0x0,

    /* U+F293 "" */
    0x0, 0x1, 0x7b, 0xdd, 0xb8, 0x20, 0x0, 0x0,
    0x5f, 0xff, 0xdf, 0xff, 0xf6, 0x0, 0x4, 0xff,
    0xff, 0x68, 0xff, 0xff, 0x40, 0xe, 0xff, 0xff,
    0x60, 0x8f, 0xff, 0xd0, 0x4f, 0xff, 0xff, 0x60,
    0x9, 0xff, 0xf3, 0x8f, 0xf6, 0xbf, 0x61, 0xc0,
    0x9f, 0xf7, 0xbf, 0xf6, 0xb, 0x60, 0xe2, 0x5f,
    0xf9, 0xdf, 0xff, 0x50, 0x20, 0x33, 0xff, 0xfb,
    0xef, 0xff, 0xf5, 0x0, 0x2e, 0xff, 0xfc, 0xef,
    0xff, 0xfc, 0x0, 0x7f, 0xff, 0xfc, 0xdf, 0xff,
    0xd1, 0x0, 0x9, 0xff, 0xfc, 0xcf, 0xfc, 0x13,
    0x50, 0x90, 0xaf, 0xfb, 0xaf, 0xf2, 0x4f, 0x60,
    0xf3, 0x2f, 0xf9, 0x6f, 0xfd, 0xff, 0x70, 0x52,
    0xef, 0xf6, 0x1f, 0xff, 0xff, 0x70, 0x2e, 0xff,
    0xf1, 0x9, 0xff, 0xff, 0x72, 0xef, 0xff, 0x90,
    0x0, 0xbf, 0xff, 0xae, 0xff, 0xfd, 0x10, 0x0,
    0x5, 0xcf, 0xff, 0xfd, 0x80, 0x0, 0x0, 0x0,
    0x0, 0x11, 0x0, 0x0, 0x0,

    /* U+F2ED "" */
    0x0, 0x0, 0x5, 0x88, 0x88, 0x30, 0x0, 0x0,
    0x56, 0x66, 0x7f, 0xff, 0xff, 0xe6, 0x66, 0x63,
    0xff, 0xff, 0xff, 0xff, 0xff, 0xff, 0xff, 0xfb,
    0xcd, 0xdd, 0xdd, 0xdd, 0xdd, 0xdd, 0xdd, 0xd8,
    0x3, 0x44, 0x44, 0x44, 0x44, 0x44, 0x44, 0x20,
    0xe, 0xff, 0xff, 0xff, 0xff, 0xff, 0xff, 0xa0,
    0xe, 0xff, 0xff, 0xff, 0xff, 0xff, 0xff, 0xa0,
    0xe, 0xff, 0x1f, 0xf6, 0xaf, 0xc4, 0xff, 0xa0,
    0xe, 0xff, 0xf, 0xf5, 0x9f, 0xb3, 0xff, 0xa0,
    0xe, 0xff, 0xf, 0xf5, 0x9f, 0xb3, 0xff, 0xa0,
    0xe, 0xff, 0xf, 0xf5, 0x9f, 0xb3, 0xff, 0xa0,
    0xe, 0xff, 0xf, 0xf5, 0x9f, 0xb3, 0xff, 0xa0,
    0xe, 0xff, 0xf, 0xf5, 0x9f, 0xb3, 0xff, 0xa0,
    0xe, 0xff, 0xf, 0xf5, 0x9f, 0xb3, 0xff, 0xa0,
    0xe, 0xff, 0xf, 0xf5, 0x9f, 0xb3, 0xff, 0xa0,
    0xe, 0xff, 0x1f, 0xf6, 0xaf, 0xc4, 0xff, 0xa0,
    0xd, 0xff, 0xff, 0xff, 0xff, 0xff, 0xff, 0x90,
    0x8, 0xff, 0xff, 0xff, 0xff, 0xff, 0xff, 0x40,
    0x0, 0x24, 0x44, 0x44, 0x44, 0x44, 0x31, 0x0,

    /* U+F304 "" */
    0x0, 0x0, 0x0, 0x0, 0x0, 0x0, 0x0, 0x8a,
    0x30, 0x0, 0x0, 0x0, 0x0, 0x0, 0x0, 0x0,
    0xbf, 0xff, 0x30, 0x0, 0x0, 0x0, 0x0, 0x0,
    0x0, 0xbf, 0xff, 0xff, 0x30, 0x0, 0x0, 0x0,
    0x0, 0x0, 0x34, 0xff, 0xff, 0xfd, 0x0, 0x0,
    0x0, 0x0, 0x0, 0xbf, 0x44, 0xff, 0xff, 0xe0,
    0x0, 0x0, 0x0, 0x0, 0xbf, 0xff, 0x44, 0xff,
    0xf4, 0x0, 0x0, 0x0, 0x0, 0xbf, 0xff, 0xff,
    0x44, 0xf4, 0x0, 0x0, 0x0, 0x0, 0xbf, 0xff,
    0xff, 0xff, 0x41, 0x0, 0x0, 0x0, 0x0, 0xbf,
    0xff, 0xff, 0xff, 0xf4, 0x0, 0x0, 0x0, 0x0,
    0xbf, 0xff, 0xff, 0xff, 0xf4, 0x0, 0x0, 0x0,
    0x0, 0xbf, 0xff, 0xff, 0xff, 0xf4, 0x0, 0x0,
    0x0, 0x0, 0xbf, 0xff, 0xff, 0xff, 0xf4, 0x0,
    0x0, 0x0, 0x0, 0xbf, 0xff, 0xff, 0xff, 0xf4,
    0x0, 0x0, 0x0, 0x0, 0x8f, 0xff, 0xff, 0xff,
    0xf4, 0x0, 0x0, 0x0, 0x0, 0xa, 0xff, 0xff,
    0xff, 0xf4, 0x0, 0x0, 0x0, 0x0, 0x0, 0xcf,
    0xff, 0xff, 0xf4, 0x0, 0x0, 0x0, 0x0, 0x0,
    0xe, 0xff, 0xff, 0xf4, 0x0, 0x0, 0x0, 0x0,
    0x0, 0x0, 0xff, 0xff, 0xd4, 0x0, 0x0, 0x0,
    0x0, 0x0, 0x0, 0x2, 0x31, 0x0, 0x0, 0x0,
    0x0, 0x0, 0x0, 0x0, 0x0,

    /* U+F55A "" */
    0x0, 0x0, 0x0, 0x57, 0x88, 0x88, 0x88, 0x88,
    0x88, 0x88, 0x72, 0x0, 0x0, 0x0, 0xaf, 0xff,
    0xff, 0xff, 0xff, 0xff, 0xff, 0xff, 0xf2, 0x0,
    0x0, 0xbf, 0xff, 0xff, 0xff, 0xff, 0xff, 0xff,
    0xff, 0xff, 0x70, 0x0, 0xbf, 0xff, 0xff, 0xf8,
    0xaf, 0xff, 0xa8, 0xff, 0xff, 0xf8, 0x0, 0xbf,
    0xff, 0xff, 0xfa, 0x0, 0xaf, 0xa0, 0xa, 0xff,
    0xff, 0x80, 0xbf, 0xff, 0xff, 0xff, 0xf3, 0x0,
    0x60, 0x3, 0xff, 0xff, 0xf8, 0xaf, 0xff, 0xff,
    0xff, 0xff, 0xf3, 0x0, 0x3, 0xff, 0xff, 0xff,
    0x8e, 0xff, 0xff, 0xff, 0xff, 0xff, 0x90, 0x0,
    0x9f, 0xff, 0xff, 0xf8, 0x4f, 0xff, 0xff, 0xff,
    0xff, 0xa0, 0x0, 0x0, 0xaf, 0xff, 0xff, 0x80,
    0x4f, 0xff, 0xff, 0xff, 0xb0, 0x3, 0xe3, 0x0,
    0xbf, 0xff, 0xf8, 0x0, 0x4f, 0xff, 0xff, 0xfe,
    0x13, 0xff, 0xf3, 0x1e, 0xff, 0xff, 0x80, 0x0,
    0x4f, 0xff, 0xff, 0xfe, 0xff, 0xff, 0xfe, 0xff,
    0xff, 0xf7, 0x0, 0x0, 0x4f, 0xff, 0xff, 0xff,
    0xff, 0xff, 0xff, 0xff, 0xff, 0x50, 0x0, 0x0,
    0x3d, 0xff, 0xff, 0xff, 0xff, 0xff, 0xff, 0xff,
    0x90,

    /* U+F7C2 "" */
    0x0, 0x1, 0xcf, 0xff, 0xff, 0xfe, 0x60, 0x0,
    0x1c, 0xff, 0xff, 0xff, 0xff, 0xf2, 0x0, 0xcf,
    0x47, 0xf4, 0xd8, 0x4f, 0xf5, 0xc, 0xff, 0x3,
    0xe0, 0xc5, 0xe, 0xf5, 0xcf, 0xff, 0x3, 0xe0,
    0xc5, 0xe, 0xf5, 0xff, 0xff, 0x24, 0xe2, 0xc6,
    0x2e, 0xf5, 0xff, 0xff, 0xff, 0xff, 0xff, 0xff,
    0xf5, 0xff, 0xff, 0xff, 0xff, 0xff, 0xff, 0xf5,
    0xff, 0xff, 0xff, 0xff, 0xff, 0xff, 0xf5, 0xff,
    0xff, 0xff, 0xff, 0xff, 0xff, 0xf5, 0xff, 0xff,
    0xff, 0xff, 0xff, 0xff, 0xf5, 0xff, 0xff, 0xff,
    0xff, 0xff, 0xff, 0xf5, 0xff, 0xff, 0xff, 0xff,
    0xff, 0xff, 0xf5, 0xff, 0xff, 0xff, 0xff, 0xff,
    0xff, 0xf5, 0xff, 0xff, 0xff, 0xff, 0xff, 0xff,
    0xf5, 0xff, 0xff, 0xff, 0xff, 0xff, 0xff, 0xf5,
    0xef, 0xff, 0xff, 0xff, 0xff, 0xff, 0xf3, 0x5f,
    0xff, 0xff, 0xff, 0xff, 0xff, 0xa0, 0x1, 0x34,
    0x44, 0x44, 0x44, 0x42, 0x0,

    /* U+F8A2 "" */
    0x0, 0x0, 0x0, 0x0, 0x0, 0x0, 0x0, 0x0,
    0x3, 0x0, 0x0, 0x0, 0x0, 0x0, 0x0, 0x0,
    0x0, 0x5, 0xf1, 0x0, 0x0, 0x0, 0x0, 0x0,
    0x0, 0x0, 0x5, 0xff, 0x10, 0x0, 0x3e, 0x90,
    0x0, 0x0, 0x0, 0x0, 0xbf, 0xf1, 0x0, 0x4f,
    0xfb, 0x0, 0x0, 0x0, 0x0, 0xb, 0xff, 0x10,
    0x5f, 0xff, 0xb0, 0x0, 0x0, 0x0, 0x0, 0xbf,
    0xf1, 0x6f, 0xff, 0xff, 0xff, 0xff, 0xff, 0xff,
    0xff, 0xff, 0x1d, 0xff, 0xff, 0xff, 0xff, 0xff,
    0xff, 0xff, 0xff, 0xf1, 0x3e, 0xff, 0xfe, 0xcc,
    0xcc, 0xcc, 0xcc, 0xcc, 0xca, 0x0, 0x2e, 0xff,
    0xb0, 0x0, 0x0, 0x0, 0x0, 0x0, 0x0, 0x0,
    0x1d, 0xfb, 0x0, 0x0, 0x0, 0x0, 0x0, 0x0,
    0x0, 0x0, 0x1b, 0x60, 0x0, 0x0, 0x0, 0x0,
    0x0, 0x0
};


/*---------------------
 *  GLYPH DESCRIPTION
 *--------------------*/

static const lv_font_fmt_txt_glyph_dsc_t glyph_dsc[] = {
    {.bitmap_index = 0, .adv_w = 0, .box_w = 0, .box_h = 0, .ofs_x = 0, .ofs_y = 0} /* id = 0 reserved */,
    {.bitmap_index = 0, .adv_w = 96, .box_w = 0, .box_h = 0, .ofs_x = 0, .ofs_y = 0},
    {.bitmap_index = 0, .adv_w = 96, .box_w = 4, .box_h = 13, .ofs_x = 1, .ofs_y = 0},
    {.bitmap_index = 26, .adv_w = 141, .box_w = 7, .box_h = 5, .ofs_x = 1, .ofs_y = 8},
    {.bitmap_index = 44, .adv_w = 173, .box_w = 11, .box_h = 13, .ofs_x = 0, .ofs_y = 0},
    {.bitmap_index = 116, .adv_w = 173, .box_w = 11, .box_h = 18, .ofs_x = 0, .ofs_y = -2},
    {.bitmap_index = 215, .adv_w = 287, .box_w = 16, .box_h = 14, .ofs_x = 1, .ofs_y = 0},
    {.bitmap_index = 327, .adv_w = 216, .box_w = 14, .box_h = 13, .ofs_x = 0, .ofs_y = 0},
    {.bitmap_index = 418, .adv_w = 81, .box_w = 3, .box_h = 5, .ofs_x = 1, .ofs_y = 8},
    {.bitmap_index = 426, .adv_w = 96, .box_w = 6, .box_h = 18, .ofs_x = 0, .ofs_y = -2},
    {.bitmap_index = 480, .adv_w = 96, .box_w = 6, .box_h = 18, .ofs_x = 0, .ofs_y = -2},
    {.bitmap_index = 534, .adv_w = 149, .box_w = 9, .box_h = 9, .ofs_x = 0, .ofs_y = 4},
    {.bitmap_index = 575, .adv_w = 174, .box_w = 10, .box_h = 10, .ofs_x = 0, .ofs_y = 0},
    {.bitmap_index = 625, .adv_w = 79, .box_w = 5, .box_h = 7, .ofs_x = 0, .ofs_y = -4},
    {.bitmap_index = 643, .adv_w = 174, .box_w = 10, .box_h = 2, .ofs_x = 0, .ofs_y = 4},
    {.bitmap_index = 653, .adv_w = 79, .box_w = 3, .box_h = 3, .ofs_x = 1, .ofs_y = 0},
    {.bitmap_index = 658, .adv_w = 144, .box_w = 9, .box_h = 18, .ofs_x = 0, .ofs_y = -2},
    {.bitmap_index = 739, .adv_w = 173, .box_w = 11, .box_h = 13, .ofs_x = 0, .ofs_y = 0},
    {.bitmap_index = 811, .adv_w = 118, .box_w = 6, .box_h = 13, .ofs_x = 0, .ofs_y = 0},
    {.bitmap_index = 850, .adv_w = 173, .box_w = 10, .box_h = 13, .ofs_x = 0, .ofs_y = 0},
    {.bitmap_index = 915, .adv_w = 173, .box_w = 11, .box_h = 13, .ofs_x = 0, .ofs_y = 0},
    {.bitmap_index = 987, .adv_w = 173, .box_w = 11, .box_h = 13, .ofs_x = 0, .ofs_y = 0},
    {.bitmap_index = 1059, .adv_w = 173, .box_w = 11, .box_h = 13, .ofs_x = 0, .ofs_y = 0},
    {.bitmap_index = 1131, .adv_w = 173, .box_w = 11, .box_h = 13, .ofs_x = 0, .ofs_y = 0},
    {.bitmap_index = 1203, .adv_w = 159, .box_w = 10, .box_h = 13, .ofs_x = 0, .ofs_y = 0},
    {.bitmap_index = 1268, .adv_w = 173, .box_w = 11, .box_h = 13, .ofs_x = 0, .ofs_y = 0},
    {.bitmap_index = 1340, .adv_w = 173, .box_w = 11, .box_h = 13, .ofs_x = 0, .ofs_y = 0},
    {.bitmap_index = 1412, .adv_w = 79, .box_w = 3, .box_h = 10, .ofs_x = 1, .ofs_y = 0},
    {.bitmap_index = 1427, .adv_w = 79, .box_w = 5, .box_h = 14, .ofs_x = 0, .ofs_y = -4},
    {.bitmap_index = 1462, .adv_w = 174, .box_w = 10, .box_h = 11, .ofs_x = 0, .ofs_y = -1},
    {.bitmap_index = 1517, .adv_w = 174, .box_w = 10, .box_h = 6, .ofs_x = 0, .ofs_y = 2},
    {.bitmap_index = 1547, .adv_w = 174, .box_w = 10, .box_h = 11, .ofs_x = 0, .ofs_y = -1},
    {.bitmap_index = 1602, .adv_w = 161, .box_w = 10, .box_h = 13, .ofs_x = 0, .ofs_y = 0},
    {.bitmap_index = 1667, .adv_w = 249, .box_w = 15, .box_h = 13, .ofs_x = 0, .ofs_y = 0},
    {.bitmap_index = 1765, .adv_w = 196, .box_w = 13, .box_h = 13, .ofs_x = 0, .ofs_y = 0},
    {.bitmap_index = 1850, .adv_w = 199, .box_w = 11, .box_h = 13, .ofs_x = 1, .ofs_y = 0},
    {.bitmap_index = 1922, .adv_w = 211, .box_w = 13, .box_h = 13, .ofs_x = 0, .ofs_y = 0},
    {.bitmap_index = 2007, .adv_w = 207, .box_w = 12, .box_h = 13, .ofs_x = 1, .ofs_y = 0},
    {.bitmap_index = 2085, .adv_w = 185, .box_w = 10, .box_h = 13, .ofs_x = 1, .ofs_y = 0},
    {.bitmap_index = 2150, .adv_w = 168, .box_w = 10, .box_h = 13, .ofs_x = 1, .ofs_y = 0},
    {.bitmap_index = 2215, .adv_w = 218, .box_w = 13, .box_h = 13, .ofs_x = 0, .ofs_y = 0},
    {.bitmap_index = 2300, .adv_w = 212, .box_w = 11, .box_h = 13, .ofs_x = 1, .ofs_y = 0},
    {.bitmap_index = 2372, .adv_w = 74, .box_w = 3, .box_h = 13, .ofs_x = 1, .ofs_y = 0},
    {.bitmap_index = 2392, .adv_w = 155, .box_w = 9, .box_h = 13, .ofs_x = 0, .ofs_y = 0},
    {.bitmap_index = 2451, .adv_w = 206, .box_w = 12, .box_h = 13, .ofs_x = 1, .ofs_y = 0},
    {.bitmap_index = 2529, .adv_w = 170, .box_w = 10, .box_h = 13, .ofs_x = 1, .ofs_y = 0},
    {.bitmap_index = 2594, .adv_w = 260, .box_w = 14, .box_h = 13, .ofs_x = 1, .ofs_y = 0},
    {.bitmap_index = 2685, .adv_w = 211, .box_w = 11, .box_h = 13, .ofs_x = 1, .ofs_y = 0},
    {.bitmap_index = 2757, .adv_w = 223, .box_w = 14, .box_h = 13, .ofs_x = 0, .ofs_y = 0},
    {.bitmap_index = 2848, .adv_w = 189, .box_w = 11, .box_h = 13, .ofs_x = 1, .ofs_y = 0},
    {.bitmap_index = 2920, .adv_w = 223, .box_w = 14, .box_h = 15, .ofs_x = 0, .ofs_y = -2},
    {.bitmap_index = 3025, .adv_w = 201, .box_w = 11, .box_h = 13, .ofs_x = 1, .ofs_y = 0},
    {.bitmap_index = 3097, .adv_w = 187, .box_w = 12, .box_h = 13, .ofs_x = 0, .ofs_y = 0},
    {.bitmap_index = 3175, .adv_w = 177, .box_w = 11, .box_h = 13, .ofs_x = 0, .ofs_y = 0},
    {.bitmap_index = 3247, .adv_w = 211, .box_w = 11, .box_h = 13, .ofs_x = 1, .ofs_y = 0},
    {.bitmap_index = 3319, .adv_w = 190, .box_w = 12, .box_h = 13, .ofs_x = 0, .ofs_y = 0},
    {.bitmap_index = 3397, .adv_w = 274, .box_w = 18, .box_h = 13, .ofs_x = 0, .ofs_y = 0},
    {.bitmap_index = 3514, .adv_w = 191, .box_w = 12, .box_h = 13, .ofs_x = 0, .ofs_y = 0},
    {.bitmap_index = 3592, .adv_w = 199, .box_w = 13, .box_h = 13, .ofs_x = 0, .ofs_y = 0},
    {.bitmap_index = 3677, .adv_w = 184, .box_w = 12, .box_h = 13, .ofs_x = 0, .ofs_y = 0},
    {.bitmap_index = 3755, .adv_w = 96, .box_w = 6, .box_h = 18, .ofs_x = 0, .ofs_y = -2},
    {.bitmap_index = 3809, .adv_w = 144, .box_w = 9, .box_h = 18, .ofs_x = 0, .ofs_y = -2},
    {.bitmap_index = 3890, .adv_w = 96, .box_w = 6, .box_h = 18, .ofs_x = 0, .ofs_y = -2},
    {.bitmap_index = 3944, .adv_w = 157, .box_w = 8, .box_h = 7, .ofs_x = 1, .ofs_y = 7},
    {.bitmap_index = 3972, .adv_w = 144, .box_w = 9, .box_h = 2, .ofs_x = 0, .ofs_y = -3},
    {.bitmap_index = 3981, .adv_w = 96, .box_w = 4, .box_h = 3, .ofs_x = 1, .ofs_y = 11},
    {.bitmap_index = 3987, .adv_w = 165, .box_w = 10, .box_h = 10, .ofs_x = 0, .ofs_y = 0},
    {.bitmap_index = 4037, .adv_w = 173, .box_w = 10, .box_h = 14, .ofs_x = 1, .ofs_y = 0},
    {.bitmap_index = 4107, .adv_w = 162, .box_w = 10, .box_h = 10, .ofs_x = 0, .ofs_y = 0},
    {.bitmap_index = 4157, .adv_w = 173, .box_w = 10, .box_h = 14, .ofs_x = 0, .ofs_y = 0},
    {.bitmap_index = 4227, .adv_w = 163, .box_w = 10, .box_h = 10, .ofs_x = 0, .ofs_y = 0},
    {.bitmap_index = 4277, .adv_w = 109, .box_w = 7, .box_h = 13, .ofs_x = 0, .ofs_y = 0},
    {.bitmap_index = 4323, .adv_w = 173, .box_w = 10, .box_h = 14, .ofs_x = 0, .ofs_y = -4},
    {.bitmap_index = 4393, .adv_w = 166, .box_w = 9, .box_h = 14, .ofs_x = 1, .ofs_y = 0},
    {.bitmap_index = 4456, .adv_w = 79, .box_w = 3, .box_h = 13, .ofs_x = 1, .ofs_y = 0},
    {.bitmap_index = 4476, .adv_w = 79, .box_w = 5, .box_h = 17, .ofs_x = -1, .ofs_y = -4},
    {.bitmap_index = 4519, .adv_w = 159, .box_w = 9, .box_h = 14, .ofs_x = 1, .ofs_y = 0},
    {.bitmap_index = 4582, .adv_w = 73, .box_w = 3, .box_h = 14, .ofs_x = 1, .ofs_y = 0},
    {.bitmap_index = 4603, .adv_w = 255, .box_w = 14, .box_h = 10, .ofs_x = 1, .ofs_y = 0},
    {.bitmap_index = 4673, .adv_w = 167, .box_w = 9, .box_h = 10, .ofs_x = 1, .ofs_y = 0},
    {.bitmap_index = 4718, .adv_w = 173, .box_w = 11, .box_h = 10, .ofs_x = 0, .ofs_y = 0},
    {.bitmap_index = 4773, .adv_w = 173, .box_w = 10, .box_h = 14, .ofs_x = 1, .ofs_y = -4},
    {.bitmap_index = 4843, .adv_w = 173, .box_w = 10, .box_h = 14, .ofs_x = 0, .ofs_y = -4},
    {.bitmap_index = 4913, .adv_w = 108, .box_w = 6, .box_h = 10, .ofs_x = 1, .ofs_y = 0},
    {.bitmap_index = 4943, .adv_w = 151, .box_w = 9, .box_h = 10, .ofs_x = 0, .ofs_y = 0},
    {.bitmap_index = 4988, .adv_w = 104, .box_w = 7, .box_h = 14, .ofs_x = 0, .ofs_y = 0},
    {.bitmap_index = 5037, .adv_w = 168, .box_w = 9, .box_h = 10, .ofs_x = 1, .ofs_y = 0},
    {.bitmap_index = 5082, .adv_w = 146, .box_w = 10, .box_h = 10, .ofs_x = 0, .ofs_y = 0},
    {.bitmap_index = 5132, .adv_w = 224, .box_w = 14, .box_h = 10, .ofs_x = 0, .ofs_y = 0},
    {.bitmap_index = 5202, .adv_w = 155, .box_w = 10, .box_h = 10, .ofs_x = 0, .ofs_y = 0},
    {.bitmap_index = 5252, .adv_w = 151, .box_w = 10, .box_h = 14, .ofs_x = 0, .ofs_y = -4},
    {.bitmap_index = 5322, .adv_w = 146, .box_w = 9, .box_h = 10, .ofs_x = 0, .ofs_y = 0},
    {.bitmap_index = 5367, .adv_w = 96, .box_w = 6, .box_h = 18, .ofs_x = 0, .ofs_y = -2},
    {.bitmap_index = 5421, .adv_w = 62, .box_w = 2, .box_h = 19, .ofs_x = 1, .ofs_y = -3},
    {.bitmap_index = 5440, .adv_w = 96, .box_w = 6, .box_h = 18, .ofs_x = 0, .ofs_y = -2},
    {.bitmap_index = 5494, .adv_w = 144, .box_w = 9, .box_h = 3, .ofs_x = 0, .ofs_y = 5},
    {.bitmap_index = 5508, .adv_w = 0, .box_w = 0, .box_h = 0, .ofs_x = 0, .ofs_y = 0},
    {.bitmap_index = 5508, .adv_w = 288, .box_w = 16, .box_h = 17, .ofs_x = 1, .ofs_y = -2},
    {.bitmap_index = 5644, .adv_w = 288, .box_w = 18, .box_h = 19, .ofs_x = 0, .ofs_y = -3},
    {.bitmap_index = 5815, .adv_w = 288, .box_w = 18, .box_h = 18, .ofs_x = 0, .ofs_y = -3},
    {.bitmap_index = 5977, .adv_w = 288, .box_w = 19, .box_h = 19, .ofs_x = 0, .ofs_y = -3},
    {.bitmap_index = 6158, .adv_w = 288, .box_w = 18, .box_h = 14, .ofs_x = 0, .ofs_y = 0},
    {.bitmap_index = 6284, .adv_w = 288, .box_w = 18, .box_h = 17, .ofs_x = 0, .ofs_y = -2},
    {.bitmap_index = 6437, .adv_w = 288, .box_w = 18, .box_h = 14, .ofs_x = 0, .ofs_y = 0},
    {.bitmap_index = 6563, .adv_w = 198, .box_w = 13, .box_h = 13, .ofs_x = 0, .ofs_y = 0},
    {.bitmap_index = 6648, .adv_w = 288, .box_w = 19, .box_h = 18, .ofs_x = 0, .ofs_y = -2},
    {.bitmap_index = 6819, .adv_w = 288, .box_w = 18, .box_h = 19, .ofs_x = 0, .ofs_y = -3},
    {.bitmap_index = 6990, .adv_w = 324, .box_w = 21, .box_h = 17, .ofs_x = 0, .ofs_y = -2},
    {.bitmap_index = 7169, .adv_w = 288, .box_w = 18, .box_h = 19, .ofs_x = 0, .ofs_y = -3},
    {.bitmap_index = 7340, .adv_w = 324, .box_w = 21, .box_h = 14, .ofs_x = 0, .ofs_y = 0},
    {.bitmap_index = 7487, .adv_w = 288, .box_w = 18, .box_h = 19, .ofs_x = 0, .ofs_y = -3},
    {.bitmap_index = 7658, .adv_w = 144, .box_w = 9, .box_h = 15, .ofs_x = 0, .ofs_y = -1},
    {.bitmap_index = 7726, .adv_w = 216, .box_w = 14, .box_h = 15, .ofs_x = 0, .ofs_y = -1},
    {.bitmap_index = 7831, .adv_w = 324, .box_w = 21, .box_h = 18, .ofs_x = 0, .ofs_y = -2},
    {.bitmap_index = 8020, .adv_w = 288, .box_w = 18, .box_h = 14, .ofs_x = 0, .ofs_y = 0},
    {.bitmap_index = 8146, .adv_w = 198, .box_w = 13, .box_h = 19, .ofs_x = 0, .ofs_y = -3},
    {.bitmap_index = 8270, .adv_w = 252, .box_w = 12, .box_h = 17, .ofs_x = 2, .ofs_y = -2},
    {.bitmap_index = 8372, .adv_w = 252, .box_w = 16, .box_h = 19, .ofs_x = 0, .ofs_y = -3},
    {.bitmap_index = 8524, .adv_w = 252, .box_w = 16, .box_h = 17, .ofs_x = 0, .ofs_y = -2},
    {.bitmap_index = 8660, .adv_w = 252, .box_w = 16, .box_h = 17, .ofs_x = 0, .ofs_y = -2},
    {.bitmap_index = 8796, .adv_w = 252, .box_w = 12, .box_h = 17, .ofs_x = 2, .ofs_y = -2},
    {.bitmap_index = 8898, .adv_w = 252, .box_w = 18, .box_h = 17, .ofs_x = -1, .ofs_y = -2},
    {.bitmap_index = 9051, .adv_w = 180, .box_w = 11, .box_h = 16, .ofs_x = 0, .ofs_y = -1},
    {.bitmap_index = 9139, .adv_w = 180, .box_w = 11, .box_h = 16, .ofs_x = 0, .ofs_y = -1},
    {.bitmap_index = 9227, .adv_w = 252, .box_w = 16, .box_h = 17, .ofs_x = 0, .ofs_y = -2},
    {.bitmap_index = 9363, .adv_w = 252, .box_w = 16, .box_h = 4, .ofs_x = 0, .ofs_y = 5},
    {.bitmap_index = 9395, .adv_w = 324, .box_w = 21, .box_h = 14, .ofs_x = 0, .ofs_y = 0},
    {.bitmap_index = 9542, .adv_w = 360, .box_w = 23, .box_h = 19, .ofs_x = 0, .ofs_y = -3},
    {.bitmap_index = 9761, .adv_w = 324, .box_w = 22, .box_h = 19, .ofs_x = -1, .ofs_y = -3},
    {.bitmap_index = 9970, .adv_w = 288, .box_w = 18, .box_h = 17, .ofs_x = 0, .ofs_y = -2},
    {.bitmap_index = 10123, .adv_w = 252, .box_w = 16, .box_h = 10, .ofs_x = 0, .ofs_y = 2},
    {.bitmap_index = 10203, .adv_w = 252, .box_w = 16, .box_h = 10, .ofs_x = 0, .ofs_y = 2},
    {.bitmap_index = 10283, .adv_w = 360, .box_w = 24, .box_h = 15, .ofs_x = -1, .ofs_y = -1},
    {.bitmap_index = 10463, .adv_w = 288, .box_w = 18, .box_h = 14, .ofs_x = 0, .ofs_y = 0},
    {.bitmap_index = 10589, .adv_w = 288, .box_w = 18, .box_h = 19, .ofs_x = 0, .ofs_y = -3},
    {.bitmap_index = 10760, .adv_w = 288, .box_w = 19, .box_h = 19, .ofs_x = -1, .ofs_y = -3},
    {.bitmap_index = 10941, .adv_w = 252, .box_w = 16, .box_h = 17, .ofs_x = 0, .ofs_y = -2},
    {.bitmap_index = 11077, .adv_w = 252, .box_w = 16, .box_h = 19, .ofs_x = 0, .ofs_y = -3},
    {.bitmap_index = 11229, .adv_w = 252, .box_w = 16, .box_h = 17, .ofs_x = 0, .ofs_y = -2},
    {.bitmap_index = 11365, .adv_w = 252, .box_w = 16, .box_h = 15, .ofs_x = 0, .ofs_y = -1},
    {.bitmap_index = 11485, .adv_w = 288, .box_w = 18, .box_h = 14, .ofs_x = 0, .ofs_y = 0},
    {.bitmap_index = 11611, .adv_w = 180, .box_w = 13, .box_h = 19, .ofs_x = -1, .ofs_y = -3},
    {.bitmap_index = 11735, .adv_w = 252, .box_w = 16, .box_h = 19, .ofs_x = 0, .ofs_y = -3},
    {.bitmap_index = 11887, .adv_w = 252, .box_w = 16, .box_h = 19, .ofs_x = 0, .ofs_y = -3},
    {.bitmap_index = 12039, .adv_w = 324, .box_w = 21, .box_h = 14, .ofs_x = 0, .ofs_y = 0},
    {.bitmap_index = 12186, .adv_w = 288, .box_w = 20, .box_h = 20, .ofs_x = -1, .ofs_y = -3},
    {.bitmap_index = 12386, .adv_w = 216, .box_w = 14, .box_h = 19, .ofs_x = 0, .ofs_y = -3},
    {.bitmap_index = 12519, .adv_w = 360, .box_w = 23, .box_h = 18, .ofs_x = 0, .ofs_y = -2},
    {.bitmap_index = 12726, .adv_w = 360, .box_w = 23, .box_h = 12, .ofs_x = 0, .ofs_y = 1},
    {.bitmap_index = 12864, .adv_w = 360, .box_w = 23, .box_h = 12, .ofs_x = 0, .ofs_y = 1},
    {.bitmap_index = 13002, .adv_w = 360, .box_w = 23, .box_h = 12, .ofs_x = 0, .ofs_y = 1},
    {.bitmap_index = 13140, .adv_w = 360, .box_w = 23, .box_h = 12, .ofs_x = 0, .ofs_y = 1},
    {.bitmap_index = 13278, .adv_w = 360, .box_w = 23, .box_h = 12, .ofs_x = 0, .ofs_y = 1},
    {.bitmap_index = 13416, .adv_w = 360, .box_w = 23, .box_h = 15, .ofs_x = 0, .ofs_y = -1},
    {.bitmap_index = 13589, .adv_w = 252, .box_w = 14, .box_h = 19, .ofs_x = 1, .ofs_y = -3},
    {.bitmap_index = 13722, .adv_w = 252, .box_w = 16, .box_h = 19, .ofs_x = 0, .ofs_y = -3},
    {.bitmap_index = 13874, .adv_w = 288, .box_w = 19, .box_h = 19, .ofs_x = -1, .ofs_y = -3},
    {.bitmap_index = 14055, .adv_w = 360, .box_w = 23, .box_h = 14, .ofs_x = 0, .ofs_y = 0},
    {.bitmap_index = 14216, .adv_w = 216, .box_w = 14, .box_h = 19, .ofs_x = 0, .ofs_y = -3},
    {.bitmap_index = 14349, .adv_w = 290, .box_w = 19, .box_h = 12, .ofs_x = 0, .ofs_y = 1}
};

/*---------------------
 *  CHARACTER MAPPING
 *--------------------*/

static const uint16_t unicode_list_1[] = {
    0x0, 0x51a, 0x307a, 0xa1d4, 0xa1db, 0xa1de, 0xa1df, 0xa1e0,
    0xa1e4, 0xa1e6, 0xa1e8, 0xa1ec, 0xa1ef, 0xa1f4, 0xa1f9, 0xa1fa,
    0xa1fb, 0xa211, 0xa216, 0xa21b, 0xa21e, 0xa21f, 0xa220, 0xa224,
    0xa225, 0xa226, 0xa227, 0xa23a, 0xa23b, 0xa241, 0xa243, 0xa244,
    0xa247, 0xa24a, 0xa24b, 0xa24c, 0xa24e, 0xa266, 0xa268, 0xa297,
    0xa298, 0xa29a, 0xa29c, 0xa2b3, 0xa2ba, 0xa2bd, 0xa2c6, 0xa2ef,
    0xa2f7, 0xa32e, 0xa3be, 0xa413, 0xa414, 0xa415, 0xa416, 0xa417,
    0xa45a, 0xa466, 0xa4c0, 0xa4d7, 0xa72d, 0xa995, 0xaa75
};

/*Collect the unicode lists and glyph_id offsets*/
static const lv_font_fmt_txt_cmap_t cmaps[] =
{
    {
        .range_start = 32, .range_length = 96, .glyph_id_start = 1,
        .unicode_list = NULL, .glyph_id_ofs_list = NULL, .list_length = 0, .type = LV_FONT_FMT_TXT_CMAP_FORMAT0_TINY
    },
    {
        .range_start = 20013, .range_length = 43638, .glyph_id_start = 97,
        .unicode_list = unicode_list_1, .glyph_id_ofs_list = NULL, .list_length = 63, .type = LV_FONT_FMT_TXT_CMAP_SPARSE_TINY
    }
};



/*--------------------
 *  ALL CUSTOM DATA
 *--------------------*/

#if LVGL_VERSION_MAJOR == 8
/*Store all the custom data of the font*/
static  lv_font_fmt_txt_glyph_cache_t cache;
#endif

#if LVGL_VERSION_MAJOR >= 8
static const lv_font_fmt_txt_dsc_t font_dsc = {
#else
static lv_font_fmt_txt_dsc_t font_dsc = {
#endif
    .glyph_bitmap = glyph_bitmap,
    .glyph_dsc = glyph_dsc,
    .cmaps = cmaps,
    .kern_dsc = NULL,
    .kern_scale = 0,
    .cmap_num = 2,
    .bpp = 4,
    .kern_classes = 0,
    .bitmap_format = 0,
#if LVGL_VERSION_MAJOR == 8
    .cache = &cache
#endif
};



/*-----------------
 *  PUBLIC FONT
 *----------------*/

/*Initialize a public general font descriptor*/
#if LVGL_VERSION_MAJOR >= 8
const lv_font_t lv_font_pingfang_SC_18 = {
#else
lv_font_t lv_font_pingfang_SC_18 = {
#endif
    .get_glyph_dsc = lv_font_get_glyph_dsc_fmt_txt,    /*Function pointer to get glyph's data*/
    .get_glyph_bitmap = lv_font_get_bitmap_fmt_txt,    /*Function pointer to get glyph's bitmap*/
    .line_height = 21,          /*The maximum line height required by the font*/
    .base_line = 4,             /*Baseline measured from the bottom of the line*/
#if !(LVGL_VERSION_MAJOR == 6 && LVGL_VERSION_MINOR == 0)
    .subpx = LV_FONT_SUBPX_NONE,
#endif
#if LV_VERSION_CHECK(7, 4, 0) || LVGL_VERSION_MAJOR >= 8
    .underline_position = -3,
    .underline_thickness = 1,
#endif
    .dsc = &font_dsc,          /*The custom font data. Will be accessed by `get_glyph_bitmap/dsc` */
#if LV_VERSION_CHECK(8, 2, 0) || LVGL_VERSION_MAJOR >= 9
    .fallback = NULL,
#endif
    .user_data = NULL,
};



#endif /*#if LV_FONT_PINGFANG_SC_18*/

